i,t,distance
0,0,9.52788e-008
1,0.01,1.04644e-008
2,0.02,1.10968e-008
3,0.03,1.13766e-008
4,0.04,1.14491e-008
5,0.05,1.1436e-008
6,0.06,1.13974e-008
7,0.07,1.13567e-008
8,0.08,1.13215e-008
9,0.09,1.12931e-008
10,0.1,1.12706e-008
11,0.11,1.12527e-008
12,0.12,1.12379e-008
13,0.13,1.12249e-008
14,0.14,1.12128e-008
15,0.15,1.12004e-008
16,0.16,1.1187e-008
17,0.17,1.11718e-008
18,0.18,1.11537e-008
19,0.19,1.1132e-008
20,0.2,1.11055e-008
21,0.21,1.10732e-008
22,0.22,1.10337e-008
23,0.23,1.09859e-008
24,0.24,1.09283e-008
25,0.25,1.08598e-008
26,0.26,1.07793e-008
27,0.27,1.06865e-008
28,0.28,1.05816e-008
29,0.29,1.04662e-008
30,0.3,1.03431e-008
31,0.31,1.02162e-008
32,0.32,1.00904e-008
33,0.33,9.97064e-009
34,0.34,9.86028e-009
35,0.35,9.76051e-009
36,0.36,9.66988e-009
37,0.37,9.58513e-009
38,0.38,9.5029e-009
39,0.39,9.42111e-009
40,0.4,9.33964e-009
41,0.41,9.25985e-009
42,0.42,9.18386e-009
43,0.43,9.11371e-009
44,0.44,9.05095e-009
45,0.45,8.9965e-009
46,0.46,8.95075e-009
47,0.47,8.91369e-009
48,0.48,8.88514e-009
49,0.49,8.86485e-009
50,0.5,8.85265e-009
51,0.51,8.84857e-009
52,0.52,8.85292e-009
53,0.53,8.86632e-009
54,0.54,8.8898e-009
55,0.55,8.92473e-009
56,0.56,8.97261e-009
57,0.57,9.03481e-009
58,0.58,9.11193e-009
59,0.59,9.20319e-009
60,0.6,9.30587e-009
61,0.61,9.41513e-009
62,0.62,9.52465e-009
63,0.63,9.62774e-009
64,0.64,9.71872e-009
65,0.65,9.79391e-009
66,0.66,9.85196e-009
67,0.67,9.89347e-009
68,0.68,9.92032e-009
69,0.69,9.93503e-009
70,0.7,9.94021e-009
71,0.71,9.93827e-009
72,0.72,9.93126e-009
73,0.73,9.92083e-009
74,0.74,9.90829e-009
75,0.75,9.89465e-009
76,0.76,9.8807e-009
77,0.77,9.86702e-009
78,0.78,9.8541e-009
79,0.79,9.84235e-009
80,0.8,9.83215e-009
81,0.81,9.82383e-009
82,0.82,9.8178e-009
83,0.83,9.81447e-009
84,0.84,9.81432e-009
85,0.85,9.81788e-009
86,0.86,9.82573e-009
87,0.87,9.83847e-009
88,0.88,9.85665e-009
89,0.89,9.88073e-009
90,0.9,9.91095e-009
91,0.91,9.94726e-009
92,0.92,9.98919e-009
93,0.93,1.00358e-008
94,0.94,1.00856e-008
95,0.95,1.01368e-008
96,0.96,1.01873e-008
97,0.97,1.0235e-008
98,0.98,1.02779e-008
99,0.99,1.03146e-008
100,1,1.03439e-008
101,1.01,1.03654e-008
102,1.02,1.03788e-008
103,1.03,1.03844e-008
104,1.04,1.03827e-008
105,1.05,1.03744e-008
106,1.06,1.036e-008
107,1.07,1.03403e-008
108,1.08,1.03159e-008
109,1.09,1.02874e-008
110,1.1,1.02555e-008
111,1.11,1.02206e-008
112,1.12,1.01834e-008
113,1.13,1.01444e-008
114,1.14,1.01042e-008
115,1.15,1.00635e-008
116,1.16,1.00231e-008
117,1.17,9.98382e-009
118,1.18,9.94675e-009
119,1.19,9.91301e-009
120,1.2,9.88385e-009
121,1.21,9.86058e-009
122,1.22,9.84446e-009
123,1.23,9.83651e-009
124,1.24,9.83742e-009
125,1.25,9.84722e-009
126,1.26,9.86516e-009
127,1.27,9.88965e-009
128,1.28,9.91833e-009
129,1.29,9.94837e-009
130,1.3,9.97687e-009
131,1.31,1.00013e-008
132,1.32,1.00199e-008
133,1.33,1.00316e-008
134,1.34,1.00363e-008
135,1.35,1.00345e-008
136,1.36,1.0027e-008
137,1.37,1.00152e-008
138,1.38,9.99998e-009
139,1.39,9.98259e-009
140,1.4,9.96394e-009
141,1.41,9.94482e-009
142,1.42,9.92586e-009
143,1.43,9.90754e-009
144,1.44,9.89019e-009
145,1.45,9.87407e-009
146,1.46,9.85933e-009
147,1.47,9.84607e-009
148,1.48,9.83438e-009
149,1.49,9.82432e-009
150,1.5,9.81595e-009
151,1.51,9.80938e-009
152,1.52,9.80474e-009
153,1.53,9.80223e-009
154,1.54,9.80212e-009
155,1.55,9.80475e-009
156,1.56,9.81056e-009
157,1.57,9.82004e-009
158,1.58,9.83373e-009
159,1.59,9.85218e-009
160,1.6,9.8759e-009
161,1.61,9.90523e-009
162,1.62,9.94033e-009
163,1.63,9.98096e-009
164,1.64,1.00265e-008
165,1.65,1.00758e-008
166,1.66,1.01274e-008
167,1.67,1.01793e-008
168,1.68,1.02296e-008
169,1.69,1.02762e-008
170,1.7,1.03174e-008
171,1.71,1.0352e-008
172,1.72,1.03791e-008
173,1.73,1.03982e-008
174,1.74,1.04094e-008
175,1.75,1.04129e-008
176,1.76,1.04094e-008
177,1.77,1.03993e-008
178,1.78,1.03833e-008
179,1.79,1.0362e-008
180,1.8,1.03361e-008
181,1.81,1.0306e-008
182,1.82,1.02724e-008
183,1.83,1.02358e-008
184,1.84,1.01967e-008
185,1.85,1.01557e-008
186,1.86,1.01134e-008
187,1.87,1.00706e-008
188,1.88,1.00281e-008
189,1.89,9.98688e-009
190,1.9,9.94807e-009
191,1.91,9.91293e-009
192,1.92,9.88281e-009
193,1.93,9.8591e-009
194,1.94,9.84308e-009
195,1.95,9.83573e-009
196,1.96,9.83755e-009
197,1.97,9.84829e-009
198,1.98,9.86682e-009
199,1.99,9.89114e-009
200,2,9.91856e-009
201,2.01,9.94607e-009
202,2.02,9.97084e-009
203,2.03,9.9906e-009
204,2.04,1.00039e-008
205,2.05,1.00103e-008
206,2.06,1.00101e-008
207,2.07,1.00039e-008
208,2.08,9.99289e-009
209,2.09,9.97835e-009
210,2.1,9.96143e-009
211,2.11,9.94319e-009
212,2.12,9.9245e-009
213,2.13,9.90607e-009
214,2.14,9.88841e-009
215,2.15,9.87191e-009
216,2.16,9.85682e-009
217,2.17,9.84329e-009
218,2.18,9.83138e-009
219,2.19,9.82113e-009
220,2.2,9.81255e-009
221,2.21,9.80562e-009
222,2.22,9.80036e-009
223,2.23,9.79681e-009
224,2.24,9.79507e-009
225,2.25,9.79529e-009
226,2.26,9.7977e-009
227,2.27,9.80262e-009
228,2.28,9.81045e-009
229,2.29,9.82168e-009
230,2.3,9.83682e-009
231,2.31,9.85644e-009
232,2.32,9.88104e-009
233,2.33,9.91104e-009
234,2.34,9.94662e-009
235,2.35,9.98765e-009
236,2.36,1.00336e-008
237,2.37,1.00836e-008
238,2.38,1.01361e-008
239,2.39,1.01893e-008
240,2.4,1.02414e-008
241,2.41,1.02902e-008
242,2.42,1.03341e-008
243,2.43,1.03717e-008
244,2.44,1.04019e-008
245,2.45,1.04243e-008
246,2.46,1.04387e-008
247,2.47,1.04453e-008
248,2.48,1.04446e-008
249,2.49,1.04371e-008
250,2.5,1.04233e-008
251,2.51,1.04038e-008
252,2.52,1.03793e-008
253,2.53,1.03502e-008
254,2.54,1.03171e-008
255,2.55,1.02805e-008
256,2.56,1.02409e-008
257,2.57,1.01988e-008
258,2.58,1.01548e-008
259,2.59,1.01097e-008
260,2.6,1.00644e-008
261,2.61,1.00196e-008
262,2.62,9.97676e-009
263,2.63,9.937e-009
264,2.64,9.90179e-009
265,2.65,9.87263e-009
266,2.66,9.85094e-009
267,2.67,9.83791e-009
268,2.68,9.83422e-009
269,2.69,9.83985e-009
270,2.7,9.85384e-009
271,2.71,9.8743e-009
272,2.72,9.89854e-009
273,2.73,9.9235e-009
274,2.74,9.94618e-009
275,2.75,9.96419e-009
276,2.76,9.97596e-009
277,2.77,9.9809e-009
278,2.78,9.97924e-009
279,2.79,9.97182e-009
280,2.8,9.9598e-009
281,2.81,9.94446e-009
282,2.82,9.92706e-009
283,2.83,9.90869e-009
284,2.84,9.89027e-009
285,2.85,9.87251e-009
286,2.86,9.85591e-009
287,2.87,9.84086e-009
288,2.88,9.82755e-009
289,2.89,9.81609e-009
290,2.9,9.80649e-009
291,2.91,9.79872e-009
292,2.92,9.7927e-009
293,2.93,9.78835e-009
294,2.94,9.78557e-009
295,2.95,9.78434e-009
296,2.96,9.78464e-009
297,2.97,9.78655e-009
298,2.98,9.79018e-009
299,2.99,9.79578e-009
300,3,9.80365e-009
301,3.01,9.81419e-009
302,3.02,9.82788e-009
303,3.03,9.84526e-009
304,3.04,9.86689e-009
305,3.05,9.89329e-009
306,3.06,9.9249e-009
307,3.07,9.96192e-009
308,3.08,1.00043e-008
309,3.09,1.00515e-008
310,3.1,1.01026e-008
311,3.11,1.01564e-008
312,3.12,1.02111e-008
313,3.13,1.02647e-008
314,3.14,1.03154e-008
315,3.15,1.03614e-008
316,3.16,1.04012e-008
317,3.17,1.04338e-008
318,3.18,1.04587e-008
319,3.19,1.04756e-008
320,3.2,1.04848e-008
321,3.21,1.04865e-008
322,3.22,1.04811e-008
323,3.23,1.04694e-008
324,3.24,1.04516e-008
325,3.25,1.04285e-008
326,3.26,1.04004e-008
327,3.27,1.03678e-008
328,3.28,1.03312e-008
329,3.29,1.0291e-008
330,3.3,1.02477e-008
331,3.31,1.0202e-008
332,3.32,1.01545e-008
333,3.33,1.0106e-008
334,3.34,1.00575e-008
335,3.35,1.00102e-008
336,3.36,9.96539e-009
337,3.37,9.92464e-009
338,3.38,9.88956e-009
339,3.39,9.86174e-009
340,3.4,9.84256e-009
341,3.41,9.8329e-009
342,3.42,9.83292e-009
343,3.43,9.84183e-009
344,3.44,9.85777e-009
345,3.45,9.87805e-009
346,3.46,9.89949e-009
347,3.47,9.91898e-009
348,3.48,9.93399e-009
349,3.49,9.9429e-009
350,3.5,9.94513e-009
351,3.51,9.94095e-009
352,3.52,9.93128e-009
353,3.53,9.91738e-009
354,3.54,9.90063e-009
355,3.55,9.88232e-009
356,3.56,9.8636e-009
357,3.57,9.8454e-009
358,3.58,9.82843e-009
359,3.59,9.81319e-009
360,3.6,9.79999e-009
361,3.61,9.78898e-009
362,3.62,9.78021e-009
363,3.63,9.7736e-009
364,3.64,9.76904e-009
365,3.65,9.76634e-009
366,3.66,9.76531e-009
367,3.67,9.76579e-009
368,3.68,9.7676e-009
369,3.69,9.77065e-009
370,3.7,9.77489e-009
371,3.71,9.78035e-009
372,3.72,9.78715e-009
373,3.73,9.79549e-009
374,3.74,9.8057e-009
375,3.75,9.81815e-009
376,3.76,9.83335e-009
377,3.77,9.85181e-009
378,3.78,9.87414e-009
379,3.79,9.9009e-009
380,3.8,9.93256e-009
381,3.81,9.96943e-009
382,3.82,1.00116e-008
383,3.83,1.00587e-008
384,3.84,1.01101e-008
385,3.85,1.01646e-008
386,3.86,1.02207e-008
387,3.87,1.02766e-008
388,3.88,1.03304e-008
389,3.89,1.03803e-008
390,3.9,1.04248e-008
391,3.91,1.04627e-008
392,3.92,1.04932e-008
393,3.93,1.05159e-008
394,3.94,1.05309e-008
395,3.95,1.05383e-008
396,3.96,1.05385e-008
397,3.97,1.05319e-008
398,3.98,1.05189e-008
399,3.99,1.05001e-008
400,4,1.04757e-008
401,4.01,1.04463e-008
402,4.02,1.04122e-008
403,4.03,1.03737e-008
404,4.04,1.03312e-008
405,4.05,1.02853e-008
406,4.06,1.02363e-008
407,4.07,1.01852e-008
408,4.08,1.01327e-008
409,4.09,1.00798e-008
410,4.1,1.0028e-008
411,4.11,9.97865e-009
412,4.12,9.93357e-009
413,4.13,9.89455e-009
414,4.14,9.8633e-009
415,4.15,9.84126e-009
416,4.16,9.82921e-009
417,4.17,9.82704e-009
418,4.18,9.83356e-009
419,4.19,9.84645e-009
420,4.2,9.86262e-009
421,4.21,9.87872e-009
422,4.22,9.89175e-009
423,4.23,9.89953e-009
424,4.24,9.90097e-009
425,4.25,9.89601e-009
426,4.26,9.88541e-009
427,4.27,9.87042e-009
428,4.28,9.8525e-009
429,4.29,9.83309e-009
430,4.3,9.81349e-009
431,4.31,9.79475e-009
432,4.32,9.77768e-009
433,4.33,9.76286e-009
434,4.34,9.75064e-009
435,4.35,9.7412e-009
436,4.36,9.73454e-009
437,4.37,9.73054e-009
438,4.38,9.729e-009
439,4.39,9.72963e-009
440,4.4,9.73213e-009
441,4.41,9.73616e-009
442,4.42,9.74144e-009
443,4.43,9.74769e-009
444,4.44,9.75471e-009
445,4.45,9.76237e-009
446,4.46,9.77061e-009
447,4.47,9.77948e-009
448,4.48,9.78913e-009
449,4.49,9.79977e-009
450,4.5,9.81174e-009
451,4.51,9.82545e-009
452,4.52,9.84139e-009
453,4.53,9.86013e-009
454,4.54,9.88226e-009
455,4.55,9.90837e-009
456,4.56,9.939e-009
457,4.57,9.97458e-009
458,4.58,1.00153e-008
459,4.59,1.00612e-008
460,4.6,1.01117e-008
461,4.61,1.0166e-008
462,4.62,1.0223e-008
463,4.63,1.02809e-008
464,4.64,1.03382e-008
465,4.65,1.0393e-008
466,4.66,1.04436e-008
467,4.67,1.04888e-008
468,4.68,1.05274e-008
469,4.69,1.0559e-008
470,4.7,1.05831e-008
471,4.71,1.05998e-008
472,4.72,1.06092e-008
473,4.73,1.06118e-008
474,4.74,1.06077e-008
475,4.75,1.05974e-008
476,4.76,1.05812e-008
477,4.77,1.05594e-008
478,4.78,1.05322e-008
479,4.79,1.04998e-008
480,4.8,1.04625e-008
481,4.81,1.04204e-008
482,4.82,1.03739e-008
483,4.83,1.03234e-008
484,4.84,1.02694e-008
485,4.85,1.02126e-008
486,4.86,1.01542e-008
487,4.87,1.00953e-008
488,4.88,1.00375e-008
489,4.89,9.98274e-009
490,4.9,9.93291e-009
491,4.91,9.89013e-009
492,4.92,9.85622e-009
493,4.93,9.83244e-009
494,4.94,9.81912e-009
495,4.95,9.81542e-009
496,4.96,9.81922e-009
497,4.97,9.82743e-009
498,4.98,9.83653e-009
499,4.99,9.84326e-009
500,5,9.84524e-009
501,5.01,9.84125e-009
502,5.02,9.83122e-009
503,5.03,9.81598e-009
504,5.04,9.7969e-009
505,5.05,9.77559e-009
506,5.06,9.7536e-009
507,5.07,9.73229e-009
508,5.08,9.71279e-009
509,5.09,9.69594e-009
510,5.1,9.6823e-009
511,5.11,9.67219e-009
512,5.12,9.66574e-009
513,5.13,9.66288e-009
514,5.14,9.66337e-009
515,5.15,9.66687e-009
516,5.16,9.67295e-009
517,5.17,9.68113e-009
518,5.18,9.6909e-009
519,5.19,9.70176e-009
520,5.2,9.71327e-009
521,5.21,9.72504e-009
522,5.22,9.73678e-009
523,5.23,9.74828e-009
524,5.24,9.75942e-009
525,5.25,9.77019e-009
526,5.26,9.78069e-009
527,5.27,9.79104e-009
528,5.28,9.80149e-009
529,5.29,9.81235e-009
530,5.3,9.82396e-009
531,5.31,9.83675e-009
532,5.32,9.8512e-009
533,5.33,9.86784e-009
534,5.34,9.8872e-009
535,5.35,9.90985e-009
536,5.36,9.93637e-009
537,5.37,9.96726e-009
538,5.38,1.00029e-008
539,5.39,1.00435e-008
540,5.4,1.00892e-008
541,5.41,1.01395e-008
542,5.42,1.01938e-008
543,5.43,1.02512e-008
544,5.44,1.03103e-008
545,5.45,1.03696e-008
546,5.46,1.04277e-008
547,5.47,1.04829e-008
548,5.48,1.0534e-008
549,5.49,1.05799e-008
550,5.5,1.062e-008
551,5.51,1.06538e-008
552,5.52,1.06812e-008
553,5.53,1.07022e-008
554,5.54,1.07171e-008
555,5.55,1.0726e-008
556,5.56,1.07293e-008
557,5.57,1.07271e-008
558,5.58,1.07196e-008
559,5.59,1.0707e-008
560,5.6,1.06891e-008
561,5.61,1.06661e-008
562,5.62,1.06379e-008
563,5.63,1.06043e-008
564,5.64,1.05653e-008
565,5.65,1.05208e-008
566,5.66,1.04708e-008
567,5.67,1.04156e-008
568,5.68,1.03555e-008
569,5.69,1.02913e-008
570,5.7,1.02239e-008
571,5.71,1.01549e-008
572,5.72,1.00859e-008
573,5.73,1.00193e-008
574,5.74,9.9576e-009
575,5.75,9.90322e-009
576,5.76,9.85831e-009
577,5.77,9.82418e-009
578,5.78,9.80088e-009
579,5.79,9.78698e-009
580,5.8,9.77965e-009
581,5.81,9.77526e-009
582,5.82,9.7702e-009
583,5.83,9.7616e-009
584,5.84,9.74791e-009
585,5.85,9.72887e-009
586,5.86,9.70535e-009
587,5.87,9.67882e-009
588,5.88,9.65105e-009
589,5.89,9.62374e-009
590,5.9,9.59838e-009
591,5.91,9.57617e-009
592,5.92,9.55799e-009
593,5.93,9.54447e-009
594,5.94,9.53592e-009
595,5.95,9.53246e-009
596,5.96,9.53398e-009
597,5.97,9.54019e-009
598,5.98,9.55059e-009
599,5.99,9.56456e-009
600,6,9.58139e-009
601,6.01,9.60026e-009
602,6.02,9.62036e-009
603,6.03,9.64094e-009
604,6.04,9.66128e-009
605,6.05,9.68082e-009
606,6.06,9.69911e-009
607,6.07,9.71586e-009
608,6.08,9.73088e-009
609,6.09,9.74413e-009
610,6.1,9.75562e-009
611,6.11,9.76545e-009
612,6.12,9.77377e-009
613,6.13,9.78073e-009
614,6.14,9.7865e-009
615,6.15,9.79125e-009
616,6.16,9.79515e-009
617,6.17,9.79832e-009
618,6.18,9.80092e-009
619,6.19,9.80302e-009
620,6.2,9.80473e-009
621,6.21,9.80612e-009
622,6.22,9.80726e-009
623,6.23,9.80817e-009
624,6.24,9.80891e-009
625,6.25,9.80949e-009
626,6.26,9.80994e-009
627,6.27,9.81024e-009
628,6.28,9.81041e-009
629,6.29,9.81045e-009
630,6.3,9.81035e-009
631,6.31,9.81009e-009
632,6.32,9.80967e-009
633,6.33,9.80908e-009
634,6.34,9.80832e-009
635,6.35,9.80739e-009
636,6.36,9.80632e-009
637,6.37,9.80515e-009
638,6.38,9.80397e-009
639,6.39,9.80292e-009
640,6.4,9.80221e-009
641,6.41,9.80216e-009
642,6.42,9.80323e-009
643,6.43,9.80606e-009
644,6.44,9.81156e-009
645,6.45,9.82093e-009
646,6.46,9.83569e-009
647,6.47,9.85778e-009
648,6.48,9.88941e-009
649,6.49,9.93291e-009
650,6.5,9.99033e-009
651,6.51,1.00628e-008
652,6.52,1.01499e-008
653,6.53,1.02487e-008
654,6.54,1.03536e-008
655,6.55,1.04573e-008
656,6.56,1.05514e-008
657,6.57,1.06284e-008
658,6.58,1.06831e-008
659,6.59,1.07129e-008
660,6.6,1.07175e-008
661,6.61,1.06986e-008
662,6.62,1.06589e-008
663,6.63,1.06014e-008
664,6.64,1.05297e-008
665,6.65,1.04472e-008
666,6.66,1.03578e-008
667,6.67,1.02653e-008
668,6.68,1.01736e-008
669,6.69,1.00866e-008
670,6.7,1.00076e-008
671,6.71,9.93925e-009
672,6.72,9.88295e-009
673,6.73,9.83857e-009
674,6.74,9.80449e-009
675,6.75,9.77806e-009
676,6.76,9.7562e-009
677,6.77,9.73614e-009
678,6.78,9.71593e-009
679,6.79,9.69467e-009
680,6.8,9.67233e-009
681,6.81,9.64955e-009
682,6.82,9.62731e-009
683,6.83,9.60667e-009
684,6.84,9.58862e-009
685,6.85,9.57404e-009
686,6.86,9.56364e-009
687,6.87,9.55801e-009
688,6.88,9.55761e-009
689,6.89,9.56282e-009
690,6.9,9.57394e-009
691,6.91,9.59116e-009
692,6.92,9.61459e-009
693,6.93,9.64422e-009
694,6.94,9.67985e-009
695,6.95,9.72111e-009
696,6.96,9.7674e-009
697,6.97,9.81793e-009
698,6.98,9.87169e-009
699,6.99,9.92753e-009
700,7,9.98425e-009
701,7.01,1.00406e-008
702,7.02,1.00956e-008
703,7.03,1.01481e-008
704,7.04,1.01975e-008
705,7.05,1.02432e-008
706,7.06,1.0285e-008
707,7.07,1.03228e-008
708,7.08,1.03565e-008
709,7.09,1.03863e-008
710,7.1,1.04126e-008
711,7.11,1.04354e-008
712,7.12,1.04551e-008
713,7.13,1.0472e-008
714,7.14,1.04862e-008
715,7.15,1.0498e-008
716,7.16,1.05076e-008
717,7.17,1.0515e-008
718,7.18,1.05204e-008
719,7.19,1.05238e-008
720,7.2,1.05253e-008
721,7.21,1.05249e-008
722,7.22,1.05224e-008
723,7.23,1.05178e-008
724,7.24,1.05111e-008
725,7.25,1.0502e-008
726,7.26,1.04905e-008
727,7.27,1.04764e-008
728,7.28,1.04595e-008
729,7.29,1.04395e-008
730,7.3,1.04164e-008
731,7.31,1.039e-008
732,7.32,1.03601e-008
733,7.33,1.03266e-008
734,7.34,1.02894e-008
735,7.35,1.02488e-008
736,7.36,1.02049e-008
737,7.37,1.0158e-008
738,7.38,1.0109e-008
739,7.39,1.00587e-008
740,7.4,1.00085e-008
741,7.41,9.95983e-009
742,7.42,9.91481e-009
743,7.43,9.87556e-009
744,7.44,9.84423e-009
745,7.45,9.82265e-009
746,7.46,9.81182e-009
747,7.47,9.81154e-009
748,7.48,9.82005e-009
749,7.49,9.83415e-009
750,7.5,9.8497e-009
751,7.51,9.8625e-009
752,7.52,9.86918e-009
753,7.53,9.86781e-009
754,7.54,9.85805e-009
755,7.55,9.84089e-009
756,7.56,9.81819e-009
757,7.57,9.79219e-009
758,7.58,9.76514e-009
759,7.59,9.73907e-009
760,7.6,9.71568e-009
761,7.61,9.69627e-009
762,7.62,9.68178e-009
763,7.63,9.67281e-009
764,7.64,9.66963e-009
765,7.65,9.67223e-009
766,7.66,9.68034e-009
767,7.67,9.6935e-009
768,7.68,9.71108e-009
769,7.69,9.73233e-009
770,7.7,9.75649e-009
771,7.71,9.78282e-009
772,7.72,9.81067e-009
773,7.73,9.83953e-009
774,7.74,9.86903e-009
775,7.75,9.89898e-009
776,7.76,9.92933e-009
777,7.77,9.96011e-009
778,7.78,9.99147e-009
779,7.79,1.00236e-008
780,7.8,1.00565e-008
781,7.81,1.00905e-008
782,7.82,1.01255e-008
783,7.83,1.01615e-008
784,7.84,1.01984e-008
785,7.85,1.02359e-008
786,7.86,1.02737e-008
787,7.87,1.03115e-008
788,7.88,1.03488e-008
789,7.89,1.03852e-008
790,7.9,1.04204e-008
791,7.91,1.04541e-008
792,7.92,1.04859e-008
793,7.93,1.05156e-008
794,7.94,1.05431e-008
795,7.95,1.05683e-008
796,7.96,1.05912e-008
797,7.97,1.06118e-008
798,7.98,1.06301e-008
799,7.99,1.06462e-008
800,8,1.06601e-008
801,8.01,1.0672e-008
802,8.02,1.06819e-008
803,8.03,1.06898e-008
804,8.04,1.06958e-008
805,8.05,1.06998e-008
806,8.06,1.07018e-008
807,8.07,1.07018e-008
808,8.08,1.06996e-008
809,8.09,1.06951e-008
810,8.1,1.06882e-008
811,8.11,1.06786e-008
812,8.12,1.06661e-008
813,8.13,1.06505e-008
814,8.14,1.06315e-008
815,8.15,1.06086e-008
816,8.16,1.05817e-008
817,8.17,1.05505e-008
818,8.18,1.05145e-008
819,8.19,1.04737e-008
820,8.2,1.04278e-008
821,8.21,1.0377e-008
822,8.22,1.03214e-008
823,8.23,1.02617e-008
824,8.24,1.01985e-008
825,8.25,1.01333e-008
826,8.26,1.00677e-008
827,8.27,1.00039e-008
828,8.28,9.94442e-009
829,8.29,9.89181e-009
830,8.3,9.84839e-009
831,8.31,9.81568e-009
832,8.32,9.79395e-009
833,8.33,9.78184e-009
834,8.34,9.77646e-009
835,8.35,9.77393e-009
836,8.36,9.77028e-009
837,8.37,9.76238e-009
838,8.38,9.74851e-009
839,8.39,9.72848e-009
840,8.4,9.70336e-009
841,8.41,9.67495e-009
842,8.42,9.64535e-009
843,8.43,9.61657e-009
844,8.44,9.59042e-009
845,8.45,9.56828e-009
846,8.46,9.55125e-009
847,8.47,9.54003e-009
848,8.48,9.53502e-009
849,8.49,9.53634e-009
850,8.5,9.5438e-009
851,8.51,9.55694e-009
852,8.52,9.57508e-009
853,8.53,9.59734e-009
854,8.54,9.62271e-009
855,8.55,9.6501e-009
856,8.56,9.67847e-009
857,8.57,9.70688e-009
858,8.58,9.73458e-009
859,8.59,9.76098e-009
860,8.6,9.78575e-009
861,8.61,9.80876e-009
862,8.62,9.83003e-009
863,8.63,9.84974e-009
864,8.64,9.86816e-009
865,8.65,9.88562e-009
866,8.66,9.90249e-009
867,8.67,9.91912e-009
868,8.68,9.93588e-009
869,8.69,9.95309e-009
870,8.7,9.97105e-009
871,8.71,9.99001e-009
872,8.72,1.00102e-008
873,8.73,1.00317e-008
874,8.74,1.00548e-008
875,8.75,1.00794e-008
876,8.76,1.01055e-008
877,8.77,1.01331e-008
878,8.78,1.01621e-008
879,8.79,1.01923e-008
880,8.8,1.02234e-008
881,8.81,1.02553e-008
882,8.82,1.02876e-008
883,8.83,1.032e-008
884,8.84,1.03521e-008
885,8.85,1.03837e-008
886,8.86,1.04144e-008
887,8.87,1.0444e-008
888,8.88,1.04722e-008
889,8.89,1.04989e-008
890,8.9,1.05238e-008
891,8.91,1.05469e-008
892,8.92,1.0568e-008
893,8.93,1.05871e-008
894,8.94,1.0604e-008
895,8.95,1.06188e-008
896,8.96,1.06314e-008
897,8.97,1.06417e-008
898,8.98,1.06496e-008
899,8.99,1.06551e-008
900,9,1.06581e-008
901,9.01,1.06582e-008
902,9.02,1.06555e-008
903,9.03,1.06495e-008
904,9.04,1.06401e-008
905,9.05,1.06269e-008
906,9.06,1.06096e-008
907,9.07,1.05878e-008
908,9.08,1.0561e-008
909,9.09,1.0529e-008
910,9.1,1.04912e-008
911,9.11,1.04476e-008
912,9.12,1.03979e-008
913,9.13,1.03424e-008
914,9.14,1.02813e-008
915,9.15,1.02156e-008
916,9.16,1.01467e-008
917,9.17,1.00763e-008
918,9.18,1.00069e-008
919,9.19,9.94147e-009
920,9.2,9.88293e-009
921,9.21,9.83389e-009
922,9.22,9.79594e-009
923,9.23,9.76902e-009
924,9.24,9.75118e-009
925,9.25,9.73885e-009
926,9.26,9.72769e-009
927,9.27,9.71374e-009
928,9.28,9.6945e-009
929,9.29,9.66923e-009
930,9.3,9.63885e-009
931,9.31,9.60535e-009
932,9.32,9.57122e-009
933,9.33,9.53894e-009
934,9.34,9.51071e-009
935,9.35,9.48832e-009
936,9.36,9.47314e-009
937,9.37,9.46611e-009
938,9.38,9.46775e-009
939,9.39,9.47819e-009
940,9.4,9.4971e-009
941,9.41,9.52372e-009
942,9.42,9.55685e-009
943,9.43,9.59495e-009
944,9.44,9.63624e-009
945,9.45,9.67886e-009
946,9.46,9.72109e-009
947,9.47,9.76146e-009
948,9.48,9.79891e-009
949,9.49,9.83276e-009
950,9.5,9.86275e-009
951,9.51,9.88893e-009
952,9.52,9.91158e-009
953,9.53,9.93115e-009
954,9.54,9.94813e-009
955,9.55,9.96303e-009
956,9.56,9.97634e-009
957,9.57,9.98849e-009
958,9.58,9.99983e-009
959,9.59,1.00107e-008
960,9.6,1.00212e-008
961,9.61,1.00316e-008
962,9.62,1.0042e-008
963,9.63,1.00525e-008
964,9.64,1.0063e-008
965,9.65,1.00735e-008
966,9.66,1.0084e-008
967,9.67,1.00944e-008
968,9.68,1.01047e-008
969,9.69,1.01146e-008
970,9.7,1.0124e-008
971,9.71,1.01329e-008
972,9.72,1.01409e-008
973,9.73,1.0148e-008
974,9.74,1.01539e-008
975,9.75,1.01585e-008
976,9.76,1.01614e-008
977,9.77,1.01626e-008
978,9.78,1.01617e-008
979,9.79,1.01586e-008
980,9.8,1.01529e-008
981,9.81,1.01446e-008
982,9.82,1.01333e-008
983,9.83,1.01189e-008
984,9.84,1.01012e-008
985,9.85,1.00802e-008
986,9.86,1.00559e-008
987,9.87,1.00284e-008
988,9.88,9.99816e-009
989,9.89,9.96568e-009
990,9.9,9.93193e-009
991,9.91,9.89827e-009
992,9.92,9.86649e-009
993,9.93,9.8389e-009
994,9.94,9.81813e-009
995,9.95,9.80693e-009
996,9.96,9.80759e-009
997,9.97,9.82126e-009
998,9.98,9.84709e-009
999,9.99,9.88176e-009
1000,10,9.9197e-009
1001,10.01,9.9542e-009
1002,10.02,9.97906e-009
1003,10.03,9.99023e-009
1004,10.04,9.98644e-009
1005,10.05,9.9691e-009
1006,10.06,9.94148e-009
1007,10.07,9.90772e-009
1008,10.08,9.87206e-009
1009,10.09,9.83832e-009
1010,10.1,9.80962e-009
1011,10.11,9.7883e-009
1012,10.12,9.77582e-009
1013,10.13,9.77282e-009
1014,10.14,9.77918e-009
1015,10.15,9.79407e-009
1016,10.16,9.8161e-009
1017,10.17,9.84352e-009
1018,10.18,9.87444e-009
1019,10.19,9.90707e-009
1020,10.2,9.93987e-009
1021,10.21,9.97175e-009
1022,10.22,1.0002e-008
1023,10.23,1.00303e-008
1024,10.24,1.00568e-008
1025,10.25,1.00817e-008
1026,10.26,1.01053e-008
1027,10.27,1.0128e-008
1028,10.28,1.01503e-008
1029,10.29,1.01726e-008
1030,10.3,1.01949e-008
1031,10.31,1.02176e-008
1032,10.32,1.02407e-008
1033,10.33,1.02641e-008
1034,10.34,1.02879e-008
1035,10.35,1.03119e-008
1036,10.36,1.0336e-008
1037,10.37,1.036e-008
1038,10.38,1.03838e-008
1039,10.39,1.04073e-008
1040,10.4,1.04303e-008
1041,10.41,1.04527e-008
1042,10.42,1.04744e-008
1043,10.43,1.04954e-008
1044,10.44,1.05156e-008
1045,10.45,1.0535e-008
1046,10.46,1.05536e-008
1047,10.47,1.05713e-008
1048,10.48,1.05883e-008
1049,10.49,1.06044e-008
1050,10.5,1.06197e-008
1051,10.51,1.06343e-008
1052,10.52,1.06481e-008
1053,10.53,1.06612e-008
1054,10.54,1.06736e-008
1055,10.55,1.06852e-008
1056,10.56,1.06961e-008
1057,10.57,1.07063e-008
1058,10.58,1.07158e-008
1059,10.59,1.07245e-008
1060,10.6,1.07324e-008
1061,10.61,1.07394e-008
1062,10.62,1.07455e-008
1063,10.63,1.07506e-008
1064,10.64,1.07547e-008
1065,10.65,1.07576e-008
1066,10.66,1.07591e-008
1067,10.67,1.07593e-008
1068,10.68,1.07577e-008
1069,10.69,1.07544e-008
1070,10.7,1.07489e-008
1071,10.71,1.07411e-008
1072,10.72,1.07307e-008
1073,10.73,1.07173e-008
1074,10.74,1.07005e-008
1075,10.75,1.068e-008
1076,10.76,1.06553e-008
1077,10.77,1.0626e-008
1078,10.78,1.05916e-008
1079,10.79,1.05518e-008
1080,10.8,1.05063e-008
1081,10.81,1.04549e-008
1082,10.82,1.03976e-008
1083,10.83,1.03349e-008
1084,10.84,1.02674e-008
1085,10.85,1.01964e-008
1086,10.86,1.01235e-008
1087,10.87,1.0051e-008
1088,10.88,9.98158e-009
1089,10.89,9.91822e-009
1090,10.9,9.86355e-009
1091,10.91,9.81951e-009
1092,10.92,9.78665e-009
1093,10.93,9.76377e-009
1094,10.94,9.74801e-009
1095,10.95,9.73544e-009
1096,10.96,9.72207e-009
1097,10.97,9.70486e-009
1098,10.98,9.68233e-009
1099,10.99,9.65457e-009
1100,11,9.62289e-009
1101,11.01,9.58927e-009
1102,11.02,9.55588e-009
1103,11.03,9.52474e-009
1104,11.04,9.49757e-009
1105,11.05,9.47571e-009
1106,11.06,9.46015e-009
1107,11.07,9.45156e-009
1108,11.08,9.45027e-009
1109,11.09,9.45633e-009
1110,11.1,9.46951e-009
1111,11.11,9.48922e-009
1112,11.12,9.51458e-009
1113,11.13,9.54448e-009
1114,11.14,9.57756e-009
1115,11.15,9.61243e-009
1116,11.16,9.64769e-009
1117,11.17,9.68209e-009
1118,11.18,9.71463e-009
1119,11.19,9.74458e-009
1120,11.2,9.77151e-009
1121,11.21,9.79526e-009
1122,11.22,9.81586e-009
1123,11.23,9.83353e-009
1124,11.24,9.84856e-009
1125,11.25,9.86134e-009
1126,11.26,9.8722e-009
1127,11.27,9.88151e-009
1128,11.28,9.88957e-009
1129,11.29,9.89666e-009
1130,11.3,9.903e-009
1131,11.31,9.90876e-009
1132,11.32,9.91408e-009
1133,11.33,9.91904e-009
1134,11.34,9.9237e-009
1135,11.35,9.92808e-009
1136,11.36,9.93218e-009
1137,11.37,9.93596e-009
1138,11.38,9.93935e-009
1139,11.39,9.9423e-009
1140,11.4,9.9447e-009
1141,11.41,9.94642e-009
1142,11.42,9.94736e-009
1143,11.43,9.94737e-009
1144,11.44,9.94629e-009
1145,11.45,9.94396e-009
1146,11.46,9.94024e-009
1147,11.47,9.93496e-009
1148,11.48,9.92801e-009
1149,11.49,9.91927e-009
1150,11.5,9.90871e-009
1151,11.51,9.89638e-009
1152,11.52,9.88243e-009
1153,11.53,9.86721e-009
1154,11.54,9.85132e-009
1155,11.55,9.83569e-009
1156,11.56,9.82165e-009
1157,11.57,9.81106e-009
1158,11.58,9.80632e-009
1159,11.59,9.8103e-009
1160,11.6,9.82604e-009
1161,11.61,9.85619e-009
1162,11.62,9.90199e-009
1163,11.63,9.96223e-009
1164,11.64,1.00324e-008
1165,11.65,1.01047e-008
1166,11.66,1.01698e-008
1167,11.67,1.0219e-008
1168,11.68,1.02462e-008
1169,11.69,1.02497e-008
1170,11.7,1.02311e-008
1171,11.71,1.01946e-008
1172,11.72,1.0146e-008
1173,11.73,1.00909e-008
1174,11.74,1.00347e-008
1175,11.75,9.98187e-009
1176,11.76,9.936e-009
1177,11.77,9.89952e-009
1178,11.78,9.87378e-009
1179,11.79,9.85899e-009
1180,11.8,9.85436e-009
1181,11.81,9.85829e-009
1182,11.82,9.86867e-009
1183,11.83,9.88324e-009
1184,11.84,9.89988e-009
1185,11.85,9.91694e-009
1186,11.86,9.9333e-009
1187,11.87,9.94841e-009
1188,11.88,9.96219e-009
1189,11.89,9.9749e-009
1190,11.9,9.987e-009
1191,11.91,9.99905e-009
1192,11.92,1.00116e-008
1193,11.93,1.0025e-008
1194,11.94,1.00398e-008
1195,11.95,1.00562e-008
1196,11.96,1.00742e-008
1197,11.97,1.0094e-008
1198,11.98,1.01155e-008
1199,11.99,1.01385e-008
1200,12,1.01628e-008
1201,12.01,1.01881e-008
1202,12.02,1.02142e-008
1203,12.03,1.02408e-008
1204,12.04,1.02676e-008
1205,12.05,1.02944e-008
1206,12.06,1.0321e-008
1207,12.07,1.03471e-008
1208,12.08,1.03727e-008
1209,12.09,1.03975e-008
1210,12.1,1.04216e-008
1211,12.11,1.04449e-008
1212,12.12,1.04673e-008
1213,12.13,1.04889e-008
1214,12.14,1.05096e-008
1215,12.15,1.05294e-008
1216,12.16,1.05485e-008
1217,12.17,1.05667e-008
1218,12.18,1.05842e-008
1219,12.19,1.0601e-008
1220,12.2,1.06172e-008
1221,12.21,1.06326e-008
1222,12.22,1.06475e-008
1223,12.23,1.06617e-008
1224,12.24,1.06754e-008
1225,12.25,1.06885e-008
1226,12.26,1.07011e-008
1227,12.27,1.07131e-008
1228,12.28,1.07246e-008
1229,12.29,1.07356e-008
1230,12.3,1.0746e-008
1231,12.31,1.07559e-008
1232,12.32,1.07652e-008
1233,12.33,1.07739e-008
1234,12.34,1.0782e-008
1235,12.35,1.07895e-008
1236,12.36,1.07962e-008
1237,12.37,1.08022e-008
1238,12.38,1.08073e-008
1239,12.39,1.08116e-008
1240,12.4,1.08147e-008
1241,12.41,1.08168e-008
1242,12.42,1.08175e-008
1243,12.43,1.08168e-008
1244,12.44,1.08143e-008
1245,12.45,1.081e-008
1246,12.46,1.08034e-008
1247,12.47,1.07944e-008
1248,12.48,1.07825e-008
1249,12.49,1.07673e-008
1250,12.5,1.07485e-008
1251,12.51,1.07254e-008
1252,12.52,1.06977e-008
1253,12.53,1.06648e-008
1254,12.54,1.06261e-008
1255,12.55,1.05814e-008
1256,12.56,1.05302e-008
1257,12.57,1.04724e-008
1258,12.58,1.04081e-008
1259,12.59,1.0338e-008
1260,12.6,1.0263e-008
1261,12.61,1.01847e-008
1262,12.62,1.01054e-008
1263,12.63,1.00278e-008
1264,12.64,9.95498e-009
1265,12.65,9.89001e-009
1266,12.66,9.83524e-009
1267,12.67,9.79168e-009
1268,12.68,9.75861e-009
1269,12.69,9.73348e-009
1270,12.7,9.71249e-009
1271,12.71,9.69168e-009
1272,12.72,9.66792e-009
1273,12.73,9.63961e-009
1274,12.74,9.60681e-009
1275,12.75,9.57076e-009
1276,12.76,9.53341e-009
1277,12.77,9.49687e-009
1278,12.78,9.46311e-009
1279,12.79,9.43373e-009
1280,12.8,9.41004e-009
1281,12.81,9.39296e-009
1282,12.82,9.38314e-009
1283,12.83,9.38094e-009
1284,12.84,9.3865e-009
1285,12.85,9.39964e-009
1286,12.86,9.4199e-009
1287,12.87,9.4465e-009
1288,12.88,9.47833e-009
1289,12.89,9.51402e-009
1290,12.9,9.55203e-009
1291,12.91,9.59079e-009
1292,12.92,9.62879e-009
1293,12.93,9.66477e-009
1294,12.94,9.69774e-009
1295,12.95,9.72708e-009
1296,12.96,9.75247e-009
1297,12.97,9.77384e-009
1298,12.98,9.79137e-009
1299,12.99,9.80536e-009
1300,13,9.81617e-009
1301,13.01,9.8242e-009
1302,13.02,9.82984e-009
1303,13.03,9.83343e-009
1304,13.04,9.8353e-009
1305,13.05,9.83571e-009
1306,13.06,9.83489e-009
1307,13.07,9.83302e-009
1308,13.08,9.83029e-009
1309,13.09,9.82686e-009
1310,13.1,9.82289e-009
1311,13.11,9.81858e-009
1312,13.12,9.81416e-009
1313,13.13,9.80996e-009
1314,13.14,9.80639e-009
1315,13.15,9.80398e-009
1316,13.16,9.8035e-009
1317,13.17,9.80585e-009
1318,13.18,9.81223e-009
1319,13.19,9.82406e-009
1320,13.2,9.84297e-009
1321,13.21,9.87063e-009
1322,13.22,9.90857e-009
1323,13.23,9.95779e-009
1324,13.24,1.00183e-008
1325,13.25,1.00885e-008
1326,13.26,1.01654e-008
1327,13.27,1.02442e-008
1328,13.28,1.03191e-008
1329,13.29,1.03846e-008
1330,13.3,1.0436e-008
1331,13.31,1.04703e-008
1332,13.32,1.04862e-008
1333,13.33,1.04843e-008
1334,13.34,1.0466e-008
1335,13.35,1.04335e-008
1336,13.36,1.03895e-008
1337,13.37,1.03365e-008
1338,13.38,1.02771e-008
1339,13.39,1.02139e-008
1340,13.4,1.01495e-008
1341,13.41,1.00862e-008
1342,13.42,1.00265e-008
1343,13.43,9.97265e-009
1344,13.44,9.92659e-009
1345,13.45,9.88985e-009
1346,13.46,9.86336e-009
1347,13.47,9.84722e-009
1348,13.48,9.8406e-009
1349,13.49,9.84184e-009
1350,13.5,9.84864e-009
1351,13.51,9.85841e-009
1352,13.52,9.86872e-009
1353,13.53,9.87765e-009
1354,13.54,9.88394e-009
1355,13.55,9.8871e-009
1356,13.56,9.88725e-009
1357,13.57,9.88496e-009
1358,13.58,9.88103e-009
1359,13.59,9.87638e-009
1360,13.6,9.87184e-009
1361,13.61,9.86817e-009
1362,13.62,9.86597e-009
1363,13.63,9.86569e-009
1364,13.64,9.86762e-009
1365,13.65,9.87192e-009
1366,13.66,9.87863e-009
1367,13.67,9.88769e-009
1368,13.68,9.89897e-009
1369,13.69,9.91227e-009
1370,13.7,9.92735e-009
1371,13.71,9.94397e-009
1372,13.72,9.96188e-009
1373,13.73,9.98082e-009
1374,13.74,1.00006e-008
1375,13.75,1.00209e-008
1376,13.76,1.00417e-008
1377,13.77,1.00627e-008
1378,13.78,1.00838e-008
1379,13.79,1.0105e-008
1380,13.8,1.01261e-008
1381,13.81,1.01471e-008
1382,13.82,1.01678e-008
1383,13.83,1.01883e-008
1384,13.84,1.02085e-008
1385,13.85,1.02282e-008
1386,13.86,1.02475e-008
1387,13.87,1.02662e-008
1388,13.88,1.02842e-008
1389,13.89,1.03016e-008
1390,13.9,1.03181e-008
1391,13.91,1.03336e-008
1392,13.92,1.03482e-008
1393,13.93,1.03615e-008
1394,13.94,1.03736e-008
1395,13.95,1.03843e-008
1396,13.96,1.03935e-008
1397,13.97,1.04009e-008
1398,13.98,1.04065e-008
1399,13.99,1.04101e-008
1400,14,1.04115e-008
1401,14.01,1.04106e-008
1402,14.02,1.0407e-008
1403,14.03,1.04006e-008
1404,14.04,1.03912e-008
1405,14.05,1.03785e-008
1406,14.06,1.03624e-008
1407,14.07,1.03424e-008
1408,14.08,1.03185e-008
1409,14.09,1.02905e-008
1410,14.1,1.02582e-008
1411,14.11,1.02218e-008
1412,14.12,1.01812e-008
1413,14.13,1.0137e-008
1414,14.14,1.00898e-008
1415,14.15,1.00405e-008
1416,14.16,9.99065e-009
1417,14.17,9.94196e-009
1418,14.18,9.89672e-009
1419,14.19,9.85748e-009
1420,14.2,9.82674e-009
1421,14.21,9.80655e-009
1422,14.22,9.79789e-009
1423,14.23,9.80008e-009
1424,14.24,9.81055e-009
1425,14.25,9.82505e-009
1426,14.26,9.83856e-009
1427,14.27,9.84653e-009
1428,14.28,9.84591e-009
1429,14.29,9.83569e-009
1430,14.3,9.81676e-009
1431,14.31,9.79132e-009
1432,14.32,9.7623e-009
1433,14.33,9.73268e-009
1434,14.34,9.70522e-009
1435,14.35,9.68222e-009
1436,14.36,9.66541e-009
1437,14.37,9.65602e-009
1438,14.38,9.65469e-009
1439,14.39,9.66157e-009
1440,14.4,9.67629e-009
1441,14.41,9.69806e-009
1442,14.42,9.7257e-009
1443,14.43,9.75781e-009
1444,14.44,9.7929e-009
1445,14.45,9.82949e-009
1446,14.46,9.86633e-009
1447,14.47,9.90246e-009
1448,14.48,9.93724e-009
1449,14.49,9.97034e-009
1450,14.5,1.00017e-008
1451,14.51,1.00316e-008
1452,14.52,1.00602e-008
1453,14.53,1.00879e-008
1454,14.54,1.01151e-008
1455,14.55,1.01421e-008
1456,14.56,1.01692e-008
1457,14.57,1.01965e-008
1458,14.58,1.02242e-008
1459,14.59,1.02522e-008
1460,14.6,1.02806e-008
1461,14.61,1.03092e-008
1462,14.62,1.03378e-008
1463,14.63,1.03664e-008
1464,14.64,1.03946e-008
1465,14.65,1.04225e-008
1466,14.66,1.04497e-008
1467,14.67,1.04761e-008
1468,14.68,1.05017e-008
1469,14.69,1.05263e-008
1470,14.7,1.05499e-008
1471,14.71,1.05725e-008
1472,14.72,1.05939e-008
1473,14.73,1.06143e-008
1474,14.74,1.06337e-008
1475,14.75,1.06521e-008
1476,14.76,1.06695e-008
1477,14.77,1.0686e-008
1478,14.78,1.07017e-008
1479,14.79,1.07166e-008
1480,14.8,1.07307e-008
1481,14.81,1.07442e-008
1482,14.82,1.0757e-008
1483,14.83,1.07692e-008
1484,14.84,1.07808e-008
1485,14.85,1.0792e-008
1486,14.86,1.08026e-008
1487,14.87,1.08127e-008
1488,14.88,1.08224e-008
1489,14.89,1.08316e-008
1490,14.9,1.08404e-008
1491,14.91,1.08488e-008
1492,14.92,1.08567e-008
1493,14.93,1.08641e-008
1494,14.94,1.08711e-008
1495,14.95,1.08776e-008
1496,14.96,1.08835e-008
1497,14.97,1.08888e-008
1498,14.98,1.08935e-008
1499,14.99,1.08975e-008
1500,15,1.09008e-008
1501,15.01,1.09031e-008
1502,15.02,1.09043e-008
1503,15.03,1.09044e-008
1504,15.04,1.09032e-008
1505,15.05,1.09003e-008
1506,15.06,1.08957e-008
1507,15.07,1.08889e-008
1508,15.08,1.08797e-008
1509,15.09,1.08676e-008
1510,15.1,1.08522e-008
1511,15.11,1.0833e-008
1512,15.12,1.08095e-008
1513,15.13,1.07809e-008
1514,15.14,1.07468e-008
1515,15.15,1.07064e-008
1516,15.16,1.06592e-008
1517,15.17,1.06048e-008
1518,15.18,1.05428e-008
1519,15.19,1.04733e-008
1520,15.2,1.03969e-008
1521,15.21,1.03146e-008
1522,15.22,1.02281e-008
1523,15.23,1.014e-008
1524,15.24,1.00532e-008
1525,15.25,9.97127e-009
1526,15.26,9.89738e-009
1527,15.27,9.83394e-009
1528,15.28,9.78173e-009
1529,15.29,9.73962e-009
1530,15.3,9.70468e-009
1531,15.31,9.67303e-009
1532,15.32,9.64099e-009
1533,15.33,9.6061e-009
1534,15.34,9.56754e-009
1535,15.35,9.52598e-009
1536,15.36,9.48302e-009
1537,15.37,9.44063e-009
1538,15.38,9.40075e-009
1539,15.39,9.365e-009
1540,15.4,9.33462e-009
1541,15.41,9.31054e-009
1542,15.42,9.29341e-009
1543,15.43,9.28369e-009
1544,15.44,9.28165e-009
1545,15.45,9.28739e-009
1546,15.46,9.30084e-009
1547,15.47,9.32167e-009
1548,15.48,9.34924e-009
1549,15.49,9.3826e-009
1550,15.5,9.42048e-009
1551,15.51,9.46133e-009
1552,15.52,9.5035e-009
1553,15.53,9.54531e-009
1554,15.54,9.58524e-009
1555,15.55,9.62207e-009
1556,15.56,9.65493e-009
1557,15.57,9.68333e-009
1558,15.58,9.70712e-009
1559,15.59,9.72644e-009
1560,15.6,9.74162e-009
1561,15.61,9.75317e-009
1562,15.62,9.76164e-009
1563,15.63,9.76765e-009
1564,15.64,9.77183e-009
1565,15.65,9.77485e-009
1566,15.66,9.77739e-009
1567,15.67,9.78019e-009
1568,15.68,9.78403e-009
1569,15.69,9.7898e-009
1570,15.7,9.79848e-009
1571,15.71,9.81117e-009
1572,15.72,9.82901e-009
1573,15.73,9.85317e-009
1574,15.74,9.88472e-009
1575,15.75,9.9244e-009
1576,15.76,9.97245e-009
1577,15.77,1.00284e-008
1578,15.78,1.00906e-008
1579,15.79,1.01568e-008
1580,15.8,1.02237e-008
1581,15.81,1.02877e-008
1582,15.82,1.03452e-008
1583,15.83,1.03932e-008
1584,15.84,1.04298e-008
1585,15.85,1.04537e-008
1586,15.86,1.04648e-008
1587,15.87,1.04637e-008
1588,15.88,1.04515e-008
1589,15.89,1.04292e-008
1590,15.9,1.03984e-008
1591,15.91,1.03604e-008
1592,15.92,1.03165e-008
1593,15.93,1.0268e-008
1594,15.94,1.02163e-008
1595,15.95,1.01627e-008
1596,15.96,1.01086e-008
1597,15.97,1.00555e-008
1598,15.98,1.00049e-008
1599,15.99,9.95849e-009
1600,16,9.91789e-009
1601,16.01,9.88462e-009
1602,16.02,9.85996e-009
1603,16.03,9.8447e-009
1604,16.04,9.839e-009
1605,16.05,9.84219e-009
1606,16.06,9.85277e-009
1607,16.07,9.86851e-009
1608,16.08,9.88679e-009
1609,16.09,9.90497e-009
1610,16.1,9.9208e-009
1611,16.11,9.9327e-009
1612,16.12,9.9399e-009
1613,16.13,9.94231e-009
1614,16.14,9.94042e-009
1615,16.15,9.93505e-009
1616,16.16,9.92716e-009
1617,16.17,9.91774e-009
1618,16.18,9.90767e-009
1619,16.19,9.89767e-009
1620,16.2,9.88832e-009
1621,16.21,9.88e-009
1622,16.22,9.87296e-009
1623,16.23,9.86732e-009
1624,16.24,9.86308e-009
1625,16.25,9.86016e-009
1626,16.26,9.85841e-009
1627,16.27,9.85765e-009
1628,16.28,9.85766e-009
1629,16.29,9.85823e-009
1630,16.3,9.85913e-009
1631,16.31,9.86017e-009
1632,16.32,9.86116e-009
1633,16.33,9.86192e-009
1634,16.34,9.86231e-009
1635,16.35,9.86224e-009
1636,16.36,9.8616e-009
1637,16.37,9.86034e-009
1638,16.38,9.8584e-009
1639,16.39,9.85577e-009
1640,16.4,9.85246e-009
1641,16.41,9.84848e-009
1642,16.42,9.84391e-009
1643,16.43,9.83884e-009
1644,16.44,9.83343e-009
1645,16.45,9.82787e-009
1646,16.46,9.82248e-009
1647,16.47,9.81766e-009
1648,16.48,9.81395e-009
1649,16.49,9.81207e-009
1650,16.5,9.81294e-009
1651,16.51,9.81771e-009
1652,16.52,9.82774e-009
1653,16.53,9.84457e-009
1654,16.54,9.86981e-009
1655,16.55,9.90487e-009
1656,16.56,9.95066e-009
1657,16.57,1.00071e-008
1658,16.58,1.00729e-008
1659,16.59,1.0145e-008
1660,16.6,1.02191e-008
1661,16.61,1.02898e-008
1662,16.62,1.03519e-008
1663,16.63,1.0401e-008
1664,16.64,1.04342e-008
1665,16.65,1.04502e-008
1666,16.66,1.04493e-008
1667,16.67,1.04331e-008
1668,16.68,1.04034e-008
1669,16.69,1.03627e-008
1670,16.7,1.03134e-008
1671,16.71,1.02581e-008
1672,16.72,1.0199e-008
1673,16.73,1.01386e-008
1674,16.74,1.00791e-008
1675,16.75,1.00227e-008
1676,16.76,9.97149e-009
1677,16.77,9.92732e-009
1678,16.78,9.89175e-009
1679,16.79,9.86584e-009
1680,16.8,9.84997e-009
1681,16.81,9.84372e-009
1682,16.82,9.84584e-009
1683,16.83,9.85439e-009
1684,16.84,9.86701e-009
1685,16.85,9.88123e-009
1686,16.86,9.89489e-009
1687,16.87,9.9064e-009
1688,16.88,9.91483e-009
1689,16.89,9.91995e-009
1690,16.9,9.92201e-009
1691,16.91,9.92162e-009
1692,16.92,9.9196e-009
1693,16.93,9.91676e-009
1694,16.94,9.91387e-009
1695,16.95,9.91159e-009
1696,16.96,9.91044e-009
1697,16.97,9.91076e-009
1698,16.98,9.91279e-009
1699,16.99,9.91663e-009
1700,17,9.92229e-009
1701,17.01,9.92967e-009
1702,17.02,9.93864e-009
1703,17.03,9.94901e-009
1704,17.04,9.96057e-009
1705,17.05,9.9731e-009
1706,17.06,9.9864e-009
1707,17.07,1.00002e-008
1708,17.08,1.00145e-008
1709,17.09,1.00289e-008
1710,17.1,1.00434e-008
1711,17.11,1.00579e-008
1712,17.12,1.00722e-008
1713,17.13,1.00863e-008
1714,17.14,1.01001e-008
1715,17.15,1.01136e-008
1716,17.16,1.01266e-008
1717,17.17,1.01392e-008
1718,17.18,1.01512e-008
1719,17.19,1.01626e-008
1720,17.2,1.01734e-008
1721,17.21,1.01834e-008
1722,17.22,1.01925e-008
1723,17.23,1.02006e-008
1724,17.24,1.02077e-008
1725,17.25,1.02135e-008
1726,17.26,1.0218e-008
1727,17.27,1.02209e-008
1728,17.28,1.02221e-008
1729,17.29,1.02215e-008
1730,17.3,1.02188e-008
1731,17.31,1.02139e-008
1732,17.32,1.02065e-008
1733,17.33,1.01965e-008
1734,17.34,1.01837e-008
1735,17.35,1.01679e-008
1736,17.36,1.01489e-008
1737,17.37,1.01268e-008
1738,17.38,1.01014e-008
1739,17.39,1.00728e-008
1740,17.4,1.00414e-008
1741,17.41,1.00076e-008
1742,17.42,9.97207e-009
1743,17.43,9.9359e-009
1744,17.44,9.90055e-009
1745,17.45,9.8679e-009
1746,17.46,9.84022e-009
1747,17.47,9.82004e-009
1748,17.48,9.80978e-009
1749,17.49,9.81124e-009
1750,17.5,9.82496e-009
1751,17.51,9.84952e-009
1752,17.52,9.8813e-009
1753,17.53,9.91493e-009
1754,17.54,9.94436e-009
1755,17.55,9.96438e-009
1756,17.56,9.9718e-009
1757,17.57,9.96588e-009
1758,17.58,9.94807e-009
1759,17.59,9.92132e-009
1760,17.6,9.88926e-009
1761,17.61,9.85553e-009
1762,17.62,9.82345e-009
1763,17.63,9.79574e-009
1764,17.64,9.77449e-009
1765,17.65,9.76111e-009
1766,17.66,9.75632e-009
1767,17.67,9.76025e-009
1768,17.68,9.77244e-009
1769,17.69,9.79189e-009
1770,17.7,9.81725e-009
1771,17.71,9.84697e-009
1772,17.72,9.87941e-009
1773,17.73,9.91312e-009
1774,17.74,9.94686e-009
1775,17.75,9.97978e-009
1776,17.76,1.00114e-008
1777,17.77,1.00414e-008
1778,17.78,1.007e-008
1779,17.79,1.00972e-008
1780,17.8,1.01235e-008
1781,17.81,1.0149e-008
1782,17.82,1.01742e-008
1783,17.83,1.01992e-008
1784,17.84,1.02242e-008
1785,17.85,1.02492e-008
1786,17.86,1.02743e-008
1787,17.87,1.02994e-008
1788,17.88,1.03245e-008
1789,17.89,1.03493e-008
1790,17.9,1.03737e-008
1791,17.91,1.03977e-008
1792,17.92,1.0421e-008
1793,17.93,1.04436e-008
1794,17.94,1.04654e-008
1795,17.95,1.04862e-008
1796,17.96,1.05061e-008
1797,17.97,1.0525e-008
1798,17.98,1.05428e-008
1799,17.99,1.05596e-008
1800,18,1.05754e-008
1801,18.01,1.05901e-008
1802,18.02,1.06038e-008
1803,18.03,1.06165e-008
1804,18.04,1.06282e-008
1805,18.05,1.06389e-008
1806,18.06,1.06486e-008
1807,18.07,1.06572e-008
1808,18.08,1.06648e-008
1809,18.09,1.06712e-008
1810,18.1,1.06764e-008
1811,18.11,1.06804e-008
1812,18.12,1.0683e-008
1813,18.13,1.06841e-008
1814,18.14,1.06836e-008
1815,18.15,1.06813e-008
1816,18.16,1.0677e-008
1817,18.17,1.06706e-008
1818,18.18,1.06617e-008
1819,18.19,1.06501e-008
1820,18.2,1.06355e-008
1821,18.21,1.06176e-008
1822,18.22,1.0596e-008
1823,18.23,1.05704e-008
1824,18.24,1.05404e-008
1825,18.25,1.05057e-008
1826,18.26,1.04662e-008
1827,18.27,1.04215e-008
1828,18.28,1.03718e-008
1829,18.29,1.03172e-008
1830,18.3,1.02582e-008
1831,18.31,1.01956e-008
1832,18.32,1.01307e-008
1833,18.33,1.00652e-008
1834,18.34,1.00014e-008
1835,18.35,9.94166e-009
1836,18.36,9.88872e-009
1837,18.37,9.84495e-009
1838,18.38,9.81194e-009
1839,18.39,9.78997e-009
1840,18.4,9.77763e-009
1841,18.41,9.77195e-009
1842,18.42,9.76891e-009
1843,18.43,9.76445e-009
1844,18.44,9.75542e-009
1845,18.45,9.74019e-009
1846,18.46,9.7187e-009
1847,18.47,9.6922e-009
1848,18.48,9.66263e-009
1849,18.49,9.63222e-009
1850,18.5,9.60312e-009
1851,18.51,9.57715e-009
1852,18.52,9.5558e-009
1853,18.53,9.54015e-009
1854,18.54,9.53093e-009
1855,18.55,9.52852e-009
1856,18.56,9.533e-009
1857,18.57,9.54408e-009
1858,18.58,9.56121e-009
1859,18.59,9.58357e-009
1860,18.6,9.6101e-009
1861,18.61,9.63962e-009
1862,18.62,9.67092e-009
1863,18.63,9.70284e-009
1864,18.64,9.73436e-009
1865,18.65,9.76471e-009
1866,18.66,9.79335e-009
1867,18.67,9.81999e-009
1868,18.68,9.84458e-009
1869,18.69,9.86726e-009
1870,18.7,9.88826e-009
1871,18.71,9.90793e-009
1872,18.72,9.92666e-009
1873,18.73,9.94483e-009
1874,18.74,9.96283e-009
1875,18.75,9.98101e-009
1876,18.76,9.99965e-009
1877,18.77,1.0019e-008
1878,18.78,1.00393e-008
1879,18.79,1.00607e-008
1880,18.8,1.00832e-008
1881,18.81,1.01069e-008
1882,18.82,1.01318e-008
1883,18.83,1.01578e-008
1884,18.84,1.01847e-008
1885,18.85,1.02125e-008
1886,18.86,1.02408e-008
1887,18.87,1.02695e-008
1888,18.88,1.02983e-008
1889,18.89,1.0327e-008
1890,18.9,1.03552e-008
1891,18.91,1.03828e-008
1892,18.92,1.04095e-008
1893,18.93,1.0435e-008
1894,18.94,1.04592e-008
1895,18.95,1.04819e-008
1896,18.96,1.0503e-008
1897,18.97,1.05222e-008
1898,18.98,1.05396e-008
1899,18.99,1.0555e-008
1900,19,1.05682e-008
1901,19.01,1.05793e-008
1902,19.02,1.05881e-008
1903,19.03,1.05944e-008
1904,19.04,1.05982e-008
1905,19.05,1.05993e-008
1906,19.06,1.05974e-008
1907,19.07,1.05924e-008
1908,19.08,1.0584e-008
1909,19.09,1.05718e-008
1910,19.1,1.05556e-008
1911,19.11,1.05351e-008
1912,19.12,1.05098e-008
1913,19.13,1.04794e-008
1914,19.14,1.04438e-008
1915,19.15,1.04025e-008
1916,19.16,1.03557e-008
1917,19.17,1.03033e-008
1918,19.18,1.0246e-008
1919,19.19,1.01844e-008
1920,19.2,1.01198e-008
1921,19.21,1.00541e-008
1922,19.22,9.9896e-009
1923,19.23,9.929e-009
1924,19.24,9.87521e-009
1925,19.25,9.8308e-009
1926,19.26,9.79742e-009
1927,19.27,9.77521e-009
1928,19.28,9.76241e-009
1929,19.29,9.75553e-009
1930,19.3,9.75016e-009
1931,19.31,9.74208e-009
1932,19.32,9.72836e-009
1933,19.33,9.70789e-009
1934,19.34,9.68132e-009
1935,19.35,9.65057e-009
1936,19.36,9.61815e-009
1937,19.37,9.58672e-009
1938,19.38,9.55867e-009
1939,19.39,9.53597e-009
1940,19.4,9.52018e-009
1941,19.41,9.51235e-009
1942,19.42,9.51308e-009
1943,19.43,9.52254e-009
1944,19.44,9.54041e-009
1945,19.45,9.56591e-009
1946,19.46,9.59785e-009
1947,19.47,9.6347e-009
1948,19.48,9.6747e-009
1949,19.49,9.71609e-009
1950,19.5,9.75721e-009
1951,19.51,9.79672e-009
1952,19.52,9.83364e-009
1953,19.53,9.8674e-009
1954,19.54,9.89779e-009
1955,19.55,9.92493e-009
1956,19.56,9.94913e-009
1957,19.57,9.97084e-009
1958,19.58,9.99055e-009
1959,19.59,1.00088e-008
1960,19.6,1.0026e-008
1961,19.61,1.00426e-008
1962,19.62,1.0059e-008
1963,19.63,1.00754e-008
1964,19.64,1.00921e-008
1965,19.65,1.01091e-008
1966,19.66,1.01265e-008
1967,19.67,1.01444e-008
1968,19.68,1.01627e-008
1969,19.69,1.01815e-008
1970,19.7,1.02005e-008
1971,19.71,1.02196e-008
1972,19.72,1.02388e-008
1973,19.73,1.02579e-008
1974,19.74,1.02767e-008
1975,19.75,1.0295e-008
1976,19.76,1.03127e-008
1977,19.77,1.03295e-008
1978,19.78,1.03453e-008
1979,19.79,1.036e-008
1980,19.8,1.03733e-008
1981,19.81,1.03851e-008
1982,19.82,1.03951e-008
1983,19.83,1.04033e-008
1984,19.84,1.04094e-008
1985,19.85,1.04132e-008
1986,19.86,1.04146e-008
1987,19.87,1.04132e-008
1988,19.88,1.0409e-008
1989,19.89,1.04016e-008
1990,19.9,1.03908e-008
1991,19.91,1.03764e-008
1992,19.92,1.0358e-008
1993,19.93,1.03356e-008
1994,19.94,1.03088e-008
1995,19.95,1.02775e-008
1996,19.96,1.02417e-008
1997,19.97,1.02016e-008
1998,19.98,1.01574e-008
1999,19.99,1.01097e-008
2000,20,1.00595e-008
2001,20.01,1.0008e-008
2002,20.02,9.95716e-009
2003,20.03,9.90915e-009
2004,20.04,9.86655e-009
2005,20.05,9.832e-009
2006,20.06,9.80774e-009
2007,20.07,9.79502e-009
2008,20.08,9.79346e-009
2009,20.09,9.80071e-009
2010,20.1,9.81269e-009
2011,20.11,9.82438e-009
2012,20.12,9.83109e-009
2013,20.13,9.82957e-009
2014,20.14,9.81865e-009
2015,20.15,9.79912e-009
2016,20.16,9.7732e-009
2017,20.17,9.74382e-009
2018,20.18,9.71408e-009
2019,20.19,9.6868e-009
2020,20.2,9.66433e-009
2021,20.21,9.64846e-009
2022,20.22,9.64042e-009
2023,20.23,9.64084e-009
2024,20.24,9.6498e-009
2025,20.25,9.66687e-009
2026,20.26,9.69112e-009
2027,20.27,9.72124e-009
2028,20.28,9.75567e-009
2029,20.29,9.79278e-009
2030,20.3,9.83099e-009
2031,20.31,9.86899e-009
2032,20.32,9.90579e-009
2033,20.33,9.94075e-009
2034,20.34,9.9736e-009
2035,20.35,1.00044e-008
2036,20.36,1.00333e-008
2037,20.37,1.00607e-008
2038,20.38,1.0087e-008
2039,20.39,1.01127e-008
2040,20.4,1.0138e-008
2041,20.41,1.01634e-008
2042,20.42,1.0189e-008
2043,20.43,1.0215e-008
2044,20.44,1.02414e-008
2045,20.45,1.02683e-008
2046,20.46,1.02954e-008
2047,20.47,1.03228e-008
2048,20.48,1.03503e-008
2049,20.49,1.03776e-008
2050,20.5,1.04047e-008
2051,20.51,1.04314e-008
2052,20.52,1.04575e-008
2053,20.53,1.04829e-008
2054,20.54,1.05075e-008
2055,20.55,1.05312e-008
2056,20.56,1.0554e-008
2057,20.57,1.05759e-008
2058,20.58,1.05967e-008
2059,20.59,1.06166e-008
2060,20.6,1.06356e-008
2061,20.61,1.06536e-008
2062,20.62,1.06708e-008
2063,20.63,1.06872e-008
2064,20.64,1.07027e-008
2065,20.65,1.07176e-008
2066,20.66,1.07317e-008
2067,20.67,1.07453e-008
2068,20.68,1.07582e-008
2069,20.69,1.07705e-008
2070,20.7,1.07824e-008
2071,20.71,1.07937e-008
2072,20.72,1.08046e-008
2073,20.73,1.08151e-008
2074,20.74,1.08251e-008
2075,20.75,1.08347e-008
2076,20.76,1.0844e-008
2077,20.77,1.08529e-008
2078,20.78,1.08614e-008
2079,20.79,1.08695e-008
2080,20.8,1.08773e-008
2081,20.81,1.08847e-008
2082,20.82,1.08917e-008
2083,20.83,1.08983e-008
2084,20.84,1.09044e-008
2085,20.85,1.09101e-008
2086,20.86,1.09153e-008
2087,20.87,1.09199e-008
2088,20.88,1.09239e-008
2089,20.89,1.09272e-008
2090,20.9,1.09296e-008
2091,20.91,1.09311e-008
2092,20.92,1.09316e-008
2093,20.93,1.09308e-008
2094,20.94,1.09286e-008
2095,20.95,1.09247e-008
2096,20.96,1.09188e-008
2097,20.97,1.09106e-008
2098,20.98,1.08998e-008
2099,20.99,1.08858e-008
2100,21,1.08681e-008
2101,21.01,1.08463e-008
2102,21.02,1.08196e-008
2103,21.03,1.07873e-008
2104,21.04,1.07489e-008
2105,21.05,1.07037e-008
2106,21.06,1.0651e-008
2107,21.07,1.05904e-008
2108,21.08,1.0522e-008
2109,21.09,1.04458e-008
2110,21.1,1.03628e-008
2111,21.11,1.02746e-008
2112,21.12,1.01834e-008
2113,21.13,1.00922e-008
2114,21.14,1.00046e-008
2115,21.15,9.92403e-009
2116,21.16,9.85329e-009
2117,21.17,9.79374e-009
2118,21.18,9.74476e-009
2119,21.19,9.70381e-009
2120,21.2,9.66713e-009
2121,21.21,9.63096e-009
2122,21.22,9.59257e-009
2123,21.23,9.55092e-009
2124,21.24,9.50649e-009
2125,21.25,9.4608e-009
2126,21.26,9.4158e-009
2127,21.27,9.37342e-009
2128,21.28,9.33525e-009
2129,21.29,9.30256e-009
2130,21.3,9.27622e-009
2131,21.31,9.25686e-009
2132,21.32,9.24492e-009
2133,21.33,9.24069e-009
2134,21.34,9.24435e-009
2135,21.35,9.25591e-009
2136,21.36,9.27518e-009
2137,21.37,9.30171e-009
2138,21.38,9.33471e-009
2139,21.39,9.37305e-009
2140,21.4,9.41524e-009
2141,21.41,9.45961e-009
2142,21.42,9.50433e-009
2143,21.43,9.54772e-009
2144,21.44,9.58828e-009
2145,21.45,9.62493e-009
2146,21.46,9.65693e-009
2147,21.47,9.68401e-009
2148,21.48,9.70622e-009
2149,21.49,9.72387e-009
2150,21.5,9.73748e-009
2151,21.51,9.74769e-009
2152,21.52,9.75522e-009
2153,21.53,9.76084e-009
2154,21.54,9.76533e-009
2155,21.55,9.76953e-009
2156,21.56,9.77434e-009
2157,21.57,9.7807e-009
2158,21.58,9.78962e-009
2159,21.59,9.80223e-009
2160,21.6,9.81967e-009
2161,21.61,9.84307e-009
2162,21.62,9.87344e-009
2163,21.63,9.91149e-009
2164,21.64,9.95743e-009
2165,21.65,1.00108e-008
2166,21.66,1.00701e-008
2167,21.67,1.01332e-008
2168,21.68,1.01971e-008
2169,21.69,1.02584e-008
2170,21.7,1.03138e-008
2171,21.71,1.03606e-008
2172,21.72,1.03967e-008
2173,21.73,1.04211e-008
2174,21.74,1.04336e-008
2175,21.75,1.04346e-008
2176,21.76,1.04251e-008
2177,21.77,1.04062e-008
2178,21.78,1.03791e-008
2179,21.79,1.03451e-008
2180,21.8,1.03054e-008
2181,21.81,1.02613e-008
2182,21.82,1.02138e-008
2183,21.83,1.01643e-008
2184,21.84,1.01138e-008
2185,21.85,1.00637e-008
2186,21.86,1.00153e-008
2187,21.87,9.97013e-009
2188,21.88,9.92958e-009
2189,21.89,9.89515e-009
2190,21.9,9.86822e-009
2191,21.91,9.84987e-009
2192,21.92,9.84073e-009
2193,21.93,9.84079e-009
2194,21.94,9.84926e-009
2195,21.95,9.86454e-009
2196,21.96,9.88439e-009
2197,21.97,9.90622e-009
2198,21.98,9.92744e-009
2199,21.99,9.94589e-009
2200,22,9.96005e-009
2201,22.01,9.96916e-009
2202,22.02,9.97316e-009
2203,22.03,9.97252e-009
2204,22.04,9.96803e-009
2205,22.05,9.96063e-009
2206,22.06,9.95128e-009
2207,22.07,9.94083e-009
2208,22.08,9.93003e-009
2209,22.09,9.91942e-009
2210,22.1,9.90942e-009
2211,22.11,9.90029e-009
2212,22.12,9.89217e-009
2213,22.13,9.8851e-009
2214,22.14,9.87904e-009
2215,22.15,9.87388e-009
2216,22.16,9.8695e-009
2217,22.17,9.86572e-009
2218,22.18,9.86237e-009
2219,22.19,9.85929e-009
2220,22.2,9.8563e-009
2221,22.21,9.85328e-009
2222,22.22,9.85009e-009
2223,22.23,9.84668e-009
2224,22.24,9.84297e-009
2225,22.25,9.83895e-009
2226,22.26,9.83464e-009
2227,22.27,9.83014e-009
2228,22.28,9.82556e-009
2229,22.29,9.82111e-009
2230,22.3,9.81707e-009
2231,22.31,9.81382e-009
2232,22.32,9.81186e-009
2233,22.33,9.81184e-009
2234,22.34,9.81455e-009
2235,22.35,9.82096e-009
2236,22.36,9.83219e-009
2237,22.37,9.84946e-009
2238,22.38,9.874e-009
2239,22.39,9.90692e-009
2240,22.4,9.94886e-009
2241,22.41,9.99984e-009
2242,22.42,1.00589e-008
2243,22.43,1.01238e-008
2244,22.44,1.01916e-008
2245,22.45,1.02581e-008
2246,22.46,1.03193e-008
2247,22.47,1.03714e-008
2248,22.48,1.04116e-008
2249,22.49,1.04382e-008
2250,22.5,1.04508e-008
2251,22.51,1.04497e-008
2252,22.52,1.04361e-008
2253,22.53,1.04114e-008
2254,22.54,1.03774e-008
2255,22.55,1.03357e-008
2256,22.56,1.02881e-008
2257,22.57,1.02362e-008
2258,22.58,1.01816e-008
2259,22.59,1.0126e-008
2260,22.6,1.00711e-008
2261,22.61,1.00186e-008
2262,22.62,9.9703e-009
2263,22.63,9.92779e-009
2264,22.64,9.89266e-009
2265,22.65,9.86618e-009
2266,22.66,9.84912e-009
2267,22.67,9.84165e-009
2268,22.68,9.84313e-009
2269,22.69,9.85213e-009
2270,22.7,9.86654e-009
2271,22.71,9.88387e-009
2272,22.72,9.90162e-009
2273,22.73,9.91764e-009
2274,22.74,9.93038e-009
2275,22.75,9.93903e-009
2276,22.76,9.94345e-009
2277,22.77,9.944e-009
2278,22.78,9.9414e-009
2279,22.79,9.93653e-009
2280,22.8,9.93027e-009
2281,22.81,9.92343e-009
2282,22.82,9.91669e-009
2283,22.83,9.91058e-009
2284,22.84,9.90546e-009
2285,22.85,9.90157e-009
2286,22.86,9.89902e-009
2287,22.87,9.8978e-009
2288,22.88,9.89785e-009
2289,22.89,9.89903e-009
2290,22.9,9.90117e-009
2291,22.91,9.90407e-009
2292,22.92,9.90753e-009
2293,22.93,9.91134e-009
2294,22.94,9.91531e-009
2295,22.95,9.91927e-009
2296,22.96,9.92306e-009
2297,22.97,9.92655e-009
2298,22.98,9.92961e-009
2299,22.99,9.93216e-009
2300,23,9.93409e-009
2301,23.01,9.93535e-009
2302,23.02,9.93587e-009
2303,23.03,9.93559e-009
2304,23.04,9.93446e-009
2305,23.05,9.93242e-009
2306,23.06,9.92942e-009
2307,23.07,9.92542e-009
2308,23.08,9.92037e-009
2309,23.09,9.91424e-009
2310,23.1,9.90701e-009
2311,23.11,9.89869e-009
2312,23.12,9.88931e-009
2313,23.13,9.87899e-009
2314,23.14,9.86788e-009
2315,23.15,9.85627e-009
2316,23.16,9.8446e-009
2317,23.17,9.83347e-009
2318,23.18,9.82375e-009
2319,23.19,9.81659e-009
2320,23.2,9.8135e-009
2321,23.21,9.81631e-009
2322,23.22,9.82709e-009
2323,23.23,9.84801e-009
2324,23.24,9.88087e-009
2325,23.25,9.92656e-009
2326,23.26,9.98438e-009
2327,23.27,1.00515e-008
2328,23.28,1.01228e-008
2329,23.29,1.01918e-008
2330,23.3,1.02514e-008
2331,23.31,1.02958e-008
2332,23.32,1.03214e-008
2333,23.33,1.03271e-008
2334,23.34,1.03142e-008
2335,23.35,1.02852e-008
2336,23.36,1.02437e-008
2337,23.37,1.01936e-008
2338,23.38,1.01386e-008
2339,23.39,1.00822e-008
2340,23.4,1.00274e-008
2341,23.41,9.9771e-009
2342,23.42,9.93342e-009
2343,23.43,9.89815e-009
2344,23.44,9.87244e-009
2345,23.45,9.85669e-009
2346,23.46,9.85065e-009
2347,23.47,9.85327e-009
2348,23.48,9.86292e-009
2349,23.49,9.87759e-009
2350,23.5,9.89516e-009
2351,23.51,9.9137e-009
2352,23.52,9.93165e-009
2353,23.53,9.94802e-009
2354,23.54,9.9623e-009
2355,23.55,9.97446e-009
2356,23.56,9.98481e-009
2357,23.57,9.99384e-009
2358,23.58,1.00021e-008
2359,23.59,1.00102e-008
2360,23.6,1.00187e-008
2361,23.61,1.00279e-008
2362,23.62,1.0038e-008
2363,23.63,1.00494e-008
2364,23.64,1.00621e-008
2365,23.65,1.0076e-008
2366,23.66,1.00911e-008
2367,23.67,1.01072e-008
2368,23.68,1.01242e-008
2369,23.69,1.01418e-008
2370,23.7,1.01599e-008
2371,23.71,1.01782e-008
2372,23.72,1.01966e-008
2373,23.73,1.02149e-008
2374,23.74,1.0233e-008
2375,23.75,1.02506e-008
2376,23.76,1.02678e-008
2377,23.77,1.02844e-008
2378,23.78,1.03003e-008
2379,23.79,1.03155e-008
2380,23.8,1.03299e-008
2381,23.81,1.03435e-008
2382,23.82,1.03561e-008
2383,23.83,1.03678e-008
2384,23.84,1.03785e-008
2385,23.85,1.0388e-008
2386,23.86,1.03964e-008
2387,23.87,1.04036e-008
2388,23.88,1.04094e-008
2389,23.89,1.04137e-008
2390,23.9,1.04165e-008
2391,23.91,1.04176e-008
2392,23.92,1.04168e-008
2393,23.93,1.0414e-008
2394,23.94,1.04091e-008
2395,23.95,1.04018e-008
2396,23.96,1.03919e-008
2397,23.97,1.03793e-008
2398,23.98,1.03636e-008
2399,23.99,1.03448e-008
2400,24,1.03226e-008
2401,24.01,1.02969e-008
2402,24.02,1.02675e-008
2403,24.03,1.02343e-008
2404,24.04,1.01976e-008
2405,24.05,1.01574e-008
2406,24.06,1.01142e-008
2407,24.07,1.00686e-008
2408,24.08,1.00218e-008
2409,24.09,9.97491e-009
2410,24.1,9.92982e-009
2411,24.11,9.88861e-009
2412,24.12,9.85363e-009
2413,24.13,9.82718e-009
2414,24.14,9.81113e-009
2415,24.15,9.80636e-009
2416,24.16,9.81227e-009
2417,24.17,9.82643e-009
2418,24.18,9.84486e-009
2419,24.19,9.86277e-009
2420,24.2,9.87561e-009
2421,24.21,9.88015e-009
2422,24.22,9.87496e-009
2423,24.23,9.86049e-009
2424,24.24,9.8385e-009
2425,24.25,9.81158e-009
2426,24.26,9.78251e-009
2427,24.27,9.75396e-009
2428,24.28,9.72818e-009
2429,24.29,9.70702e-009
2430,24.3,9.69179e-009
2431,24.31,9.6834e-009
2432,24.32,9.68226e-009
2433,24.33,9.68838e-009
2434,24.34,9.70139e-009
2435,24.35,9.72059e-009
2436,24.36,9.74501e-009
2437,24.37,9.77353e-009
2438,24.38,9.80496e-009
2439,24.39,9.83818e-009
2440,24.4,9.87222e-009
2441,24.41,9.90634e-009
2442,24.42,9.94002e-009
2443,24.43,9.97299e-009
2444,24.44,1.00052e-008
2445,24.45,1.00367e-008
2446,24.46,1.00678e-008
2447,24.47,1.00985e-008
2448,24.48,1.01291e-008
2449,24.49,1.01599e-008
2450,24.5,1.01908e-008
2451,24.51,1.0222e-008
2452,24.52,1.02533e-008
2453,24.53,1.02847e-008
2454,24.54,1.0316e-008
2455,24.55,1.0347e-008
2456,24.56,1.03776e-008
2457,24.57,1.04074e-008
2458,24.58,1.04363e-008
2459,24.59,1.04641e-008
2460,24.6,1.04906e-008
2461,24.61,1.05159e-008
2462,24.62,1.05397e-008
2463,24.63,1.0562e-008
2464,24.64,1.05829e-008
2465,24.65,1.06023e-008
2466,24.66,1.06202e-008
2467,24.67,1.06368e-008
2468,24.68,1.0652e-008
2469,24.69,1.06659e-008
2470,24.7,1.06785e-008
2471,24.71,1.06899e-008
2472,24.72,1.07e-008
2473,24.73,1.07089e-008
2474,24.74,1.07167e-008
2475,24.75,1.07231e-008
2476,24.76,1.07283e-008
2477,24.77,1.07321e-008
2478,24.78,1.07345e-008
2479,24.79,1.07354e-008
2480,24.8,1.07345e-008
2481,24.81,1.07319e-008
2482,24.82,1.07271e-008
2483,24.83,1.07201e-008
2484,24.84,1.07106e-008
2485,24.85,1.06982e-008
2486,24.86,1.06827e-008
2487,24.87,1.06637e-008
2488,24.88,1.06408e-008
2489,24.89,1.06136e-008
2490,24.9,1.05818e-008
2491,24.91,1.0545e-008
2492,24.92,1.05029e-008
2493,24.93,1.04554e-008
2494,24.94,1.04024e-008
2495,24.95,1.03441e-008
2496,24.96,1.02811e-008
2497,24.97,1.02143e-008
2498,24.98,1.01451e-008
2499,24.99,1.00754e-008
2500,25,1.00076e-008
2501,25.01,9.9444e-009
2502,25.02,9.88847e-009
2503,25.03,9.84218e-009
2504,25.04,9.80687e-009
2505,25.05,9.78245e-009
2506,25.06,9.76707e-009
2507,25.07,9.75742e-009
2508,25.08,9.74945e-009
2509,25.09,9.73938e-009
2510,25.1,9.72456e-009
2511,25.11,9.70393e-009
2512,25.12,9.67794e-009
2513,25.13,9.64807e-009
2514,25.14,9.61636e-009
2515,25.15,9.58495e-009
2516,25.16,9.55579e-009
2517,25.17,9.53051e-009
2518,25.18,9.51039e-009
2519,25.19,9.49632e-009
2520,25.2,9.48889e-009
2521,25.21,9.48836e-009
2522,25.22,9.4947e-009
2523,25.23,9.50758e-009
2524,25.24,9.52638e-009
2525,25.25,9.55021e-009
2526,25.26,9.57799e-009
2527,25.27,9.60849e-009
2528,25.28,9.64045e-009
2529,25.29,9.67264e-009
2530,25.3,9.70404e-009
2531,25.31,9.73383e-009
2532,25.32,9.76145e-009
2533,25.33,9.78656e-009
2534,25.34,9.80909e-009
2535,25.35,9.82915e-009
2536,25.36,9.84694e-009
2537,25.37,9.86278e-009
2538,25.38,9.87701e-009
2539,25.39,9.88999e-009
2540,25.4,9.90208e-009
2541,25.41,9.91356e-009
2542,25.42,9.92474e-009
2543,25.43,9.93584e-009
2544,25.44,9.94708e-009
2545,25.45,9.95861e-009
2546,25.46,9.97055e-009
2547,25.47,9.98301e-009
2548,25.48,9.99603e-009
2549,25.49,1.00096e-008
2550,25.5,1.00238e-008
2551,25.51,1.00386e-008
2552,25.52,1.00538e-008
2553,25.53,1.00695e-008
2554,25.54,1.00854e-008
2555,25.55,1.01014e-008
2556,25.56,1.01175e-008
2557,25.57,1.01333e-008
2558,25.58,1.01486e-008
2559,25.59,1.01633e-008
2560,25.6,1.01771e-008
2561,25.61,1.01897e-008
2562,25.62,1.02008e-008
2563,25.63,1.02102e-008
2564,25.64,1.02175e-008
2565,25.65,1.02224e-008
2566,25.66,1.02247e-008
2567,25.67,1.0224e-008
2568,25.68,1.022e-008
2569,25.69,1.02124e-008
2570,25.7,1.0201e-008
2571,25.71,1.01855e-008
2572,25.72,1.01656e-008
2573,25.73,1.01413e-008
2574,25.74,1.01126e-008
2575,25.75,1.00796e-008
2576,25.76,1.00428e-008
2577,25.77,1.00028e-008
2578,25.78,9.96097e-009
2579,25.79,9.91885e-009
2580,25.8,9.87869e-009
2581,25.81,9.84319e-009
2582,25.82,9.8154e-009
2583,25.83,9.79817e-009
2584,25.84,9.79353e-009
2585,25.85,9.80177e-009
2586,25.86,9.82075e-009
2587,25.87,9.84582e-009
2588,25.88,9.87063e-009
2589,25.89,9.88884e-009
2590,25.9,9.89586e-009
2591,25.91,9.88988e-009
2592,25.92,9.87195e-009
2593,25.93,9.84522e-009
2594,25.94,9.81386e-009
2595,25.95,9.78223e-009
2596,25.96,9.75422e-009
2597,25.97,9.73291e-009
2598,25.98,9.72045e-009
2599,25.99,9.718e-009
2600,26,9.72579e-009
2601,26.01,9.74315e-009
2602,26.02,9.76868e-009
2603,26.03,9.80046e-009
2604,26.04,9.83626e-009
2605,26.05,9.87394e-009
2606,26.06,9.91157e-009
2607,26.07,9.94771e-009
2608,26.08,9.98143e-009
2609,26.09,1.00123e-008
2610,26.1,1.00403e-008
2611,26.11,1.00658e-008
2612,26.12,1.00891e-008
2613,26.13,1.01109e-008
2614,26.14,1.01317e-008
2615,26.15,1.01519e-008
2616,26.16,1.01719e-008
2617,26.17,1.01921e-008
2618,26.18,1.02127e-008
2619,26.19,1.02337e-008
2620,26.2,1.02553e-008
2621,26.21,1.02774e-008
2622,26.22,1.02998e-008
2623,26.23,1.03226e-008
2624,26.24,1.03456e-008
2625,26.25,1.03686e-008
2626,26.26,1.03915e-008
2627,26.27,1.04143e-008
2628,26.28,1.04367e-008
2629,26.29,1.04586e-008
2630,26.3,1.04801e-008
2631,26.31,1.05009e-008
2632,26.32,1.05211e-008
2633,26.33,1.05407e-008
2634,26.34,1.05595e-008
2635,26.35,1.05777e-008
2636,26.36,1.05951e-008
2637,26.37,1.06118e-008
2638,26.38,1.06279e-008
2639,26.39,1.06432e-008
2640,26.4,1.06579e-008
2641,26.41,1.06719e-008
2642,26.42,1.06852e-008
2643,26.43,1.06979e-008
2644,26.44,1.07099e-008
2645,26.45,1.07214e-008
2646,26.46,1.07321e-008
2647,26.47,1.07422e-008
2648,26.48,1.07517e-008
2649,26.49,1.07604e-008
2650,26.5,1.07684e-008
2651,26.51,1.07756e-008
2652,26.52,1.0782e-008
2653,26.53,1.07875e-008
2654,26.54,1.07919e-008
2655,26.55,1.07953e-008
2656,26.56,1.07975e-008
2657,26.57,1.07983e-008
2658,26.58,1.07975e-008
2659,26.59,1.0795e-008
2660,26.6,1.07905e-008
2661,26.61,1.07837e-008
2662,26.62,1.07744e-008
2663,26.63,1.07622e-008
2664,26.64,1.07466e-008
2665,26.65,1.07272e-008
2666,26.66,1.07036e-008
2667,26.67,1.06754e-008
2668,26.68,1.06418e-008
2669,26.69,1.06027e-008
2670,26.7,1.05574e-008
2671,26.71,1.05058e-008
2672,26.72,1.04477e-008
2673,26.73,1.03835e-008
2674,26.74,1.03137e-008
2675,26.75,1.02393e-008
2676,26.76,1.01622e-008
2677,26.77,1.00846e-008
2678,26.78,1.00093e-008
2679,26.79,9.93933e-009
2680,26.8,9.87762e-009
2681,26.81,9.82636e-009
2682,26.82,9.78632e-009
2683,26.83,9.7565e-009
2684,26.84,9.73413e-009
2685,26.85,9.71532e-009
2686,26.86,9.6961e-009
2687,26.87,9.67348e-009
2688,26.88,9.64606e-009
2689,26.89,9.61401e-009
2690,26.9,9.57871e-009
2691,26.91,9.54219e-009
2692,26.92,9.50656e-009
2693,26.93,9.47381e-009
2694,26.94,9.44558e-009
2695,26.95,9.42313e-009
2696,26.96,9.4074e-009
2697,26.97,9.39902e-009
2698,26.98,9.39835e-009
2699,26.99,9.40544e-009
2700,27,9.42007e-009
2701,27.01,9.4417e-009
2702,27.02,9.46943e-009
2703,27.03,9.5021e-009
2704,27.04,9.53828e-009
2705,27.05,9.57639e-009
2706,27.06,9.61487e-009
2707,27.07,9.6523e-009
2708,27.08,9.68748e-009
2709,27.09,9.71955e-009
2710,27.1,9.74796e-009
2711,27.11,9.77249e-009
2712,27.12,9.79316e-009
2713,27.13,9.81019e-009
2714,27.14,9.82389e-009
2715,27.15,9.83464e-009
2716,27.16,9.84284e-009
2717,27.17,9.84885e-009
2718,27.18,9.85301e-009
2719,27.19,9.8556e-009
2720,27.2,9.85685e-009
2721,27.21,9.85694e-009
2722,27.22,9.85602e-009
2723,27.23,9.85419e-009
2724,27.24,9.85155e-009
2725,27.25,9.84814e-009
2726,27.26,9.84403e-009
2727,27.27,9.83929e-009
2728,27.28,9.83403e-009
2729,27.29,9.82837e-009
2730,27.3,9.82252e-009
2731,27.31,9.81678e-009
2732,27.32,9.81157e-009
2733,27.33,9.8075e-009
2734,27.34,9.80537e-009
2735,27.35,9.80628e-009
2736,27.36,9.81157e-009
2737,27.37,9.82292e-009
2738,27.38,9.84225e-009
2739,27.39,9.87149e-009
2740,27.4,9.91234e-009
2741,27.41,9.96571e-009
2742,27.42,1.00312e-008
2743,27.43,1.01063e-008
2744,27.44,1.01868e-008
2745,27.45,1.02664e-008
2746,27.46,1.03386e-008
2747,27.47,1.03972e-008
2748,27.48,1.04378e-008
2749,27.49,1.04583e-008
2750,27.5,1.04587e-008
2751,27.51,1.04405e-008
2752,27.52,1.04066e-008
2753,27.53,1.03599e-008
2754,27.54,1.03039e-008
2755,27.55,1.02417e-008
2756,27.56,1.01766e-008
2757,27.57,1.01114e-008
2758,27.58,1.00491e-008
2759,27.59,9.99226e-009
2760,27.6,9.94297e-009
2761,27.61,9.90302e-009
2762,27.62,9.87342e-009
2763,27.63,9.85437e-009
2764,27.64,9.84519e-009
2765,27.65,9.84431e-009
2766,27.66,9.84953e-009
2767,27.67,9.85837e-009
2768,27.68,9.86844e-009
2769,27.69,9.87781e-009
2770,27.7,9.88522e-009
2771,27.71,9.89008e-009
2772,27.72,9.89242e-009
2773,27.73,9.89271e-009
2774,27.74,9.89166e-009
2775,27.75,9.89011e-009
2776,27.76,9.88885e-009
2777,27.77,9.8886e-009
2778,27.78,9.88993e-009
2779,27.79,9.89327e-009
2780,27.8,9.89893e-009
2781,27.81,9.90704e-009
2782,27.82,9.91766e-009
2783,27.83,9.93073e-009
2784,27.84,9.94609e-009
2785,27.85,9.96355e-009
2786,27.86,9.98286e-009
2787,27.87,1.00037e-008
2788,27.88,1.00259e-008
2789,27.89,1.00491e-008
2790,27.9,1.00731e-008
2791,27.91,1.00975e-008
2792,27.92,1.01223e-008
2793,27.93,1.01471e-008
2794,27.94,1.01719e-008
2795,27.95,1.01965e-008
2796,27.96,1.02208e-008
2797,27.97,1.02446e-008
2798,27.98,1.02679e-008
2799,27.99,1.02907e-008
2800,28,1.03128e-008
2801,28.01,1.03342e-008
2802,28.02,1.03548e-008
2803,28.03,1.03746e-008
2804,28.04,1.03936e-008
2805,28.05,1.04116e-008
2806,28.06,1.04286e-008
2807,28.07,1.04445e-008
2808,28.08,1.04594e-008
2809,28.09,1.04731e-008
2810,28.1,1.04855e-008
2811,28.11,1.04966e-008
2812,28.12,1.05062e-008
2813,28.13,1.05144e-008
2814,28.14,1.05209e-008
2815,28.15,1.05257e-008
2816,28.16,1.05286e-008
2817,28.17,1.05295e-008
2818,28.18,1.05281e-008
2819,28.19,1.05244e-008
2820,28.2,1.0518e-008
2821,28.21,1.05087e-008
2822,28.22,1.04963e-008
2823,28.23,1.04805e-008
2824,28.24,1.0461e-008
2825,28.25,1.04376e-008
2826,28.26,1.04099e-008
2827,28.27,1.03779e-008
2828,28.28,1.03412e-008
2829,28.29,1.02999e-008
2830,28.3,1.02542e-008
2831,28.31,1.02043e-008
2832,28.32,1.01509e-008
2833,28.33,1.00951e-008
2834,28.34,1.00381e-008
2835,28.35,9.98206e-009
2836,28.36,9.92908e-009
2837,28.37,9.88176e-009
2838,28.38,9.84263e-009
2839,28.39,9.81375e-009
2840,28.4,9.79612e-009
2841,28.41,9.78916e-009
2842,28.42,9.79051e-009
2843,28.43,9.79629e-009
2844,28.44,9.80192e-009
2845,28.45,9.80326e-009
2846,28.46,9.79754e-009
2847,28.47,9.78379e-009
2848,28.48,9.76277e-009
2849,28.49,9.7364e-009
2850,28.5,9.70722e-009
2851,28.51,9.67786e-009
2852,28.52,9.65075e-009
2853,28.53,9.62787e-009
2854,28.54,9.6108e-009
2855,28.55,9.60059e-009
2856,28.56,9.59789e-009
2857,28.57,9.60291e-009
2858,28.58,9.6154e-009
2859,28.59,9.63475e-009
2860,28.6,9.65999e-009
2861,28.61,9.68993e-009
2862,28.62,9.72319e-009
2863,28.63,9.75839e-009
2864,28.64,9.79427e-009
2865,28.65,9.82978e-009
2866,28.66,9.86416e-009
2867,28.67,9.89696e-009
2868,28.68,9.92799e-009
2869,28.69,9.95733e-009
2870,28.7,9.9852e-009
2871,28.71,1.0012e-008
2872,28.72,1.0038e-008
2873,28.73,1.00637e-008
2874,28.74,1.00894e-008
2875,28.75,1.01154e-008
2876,28.76,1.01419e-008
2877,28.77,1.01691e-008
2878,28.78,1.01971e-008
2879,28.79,1.02257e-008
2880,28.8,1.02549e-008
2881,28.81,1.02847e-008
2882,28.82,1.03147e-008
2883,28.83,1.03448e-008
2884,28.84,1.03748e-008
2885,28.85,1.04045e-008
2886,28.86,1.04336e-008
2887,28.87,1.0462e-008
2888,28.88,1.04896e-008
2889,28.89,1.05161e-008
2890,28.9,1.05415e-008
2891,28.91,1.05658e-008
2892,28.92,1.05889e-008
2893,28.93,1.06108e-008
2894,28.94,1.06315e-008
2895,28.95,1.06511e-008
2896,28.96,1.06695e-008
2897,28.97,1.06869e-008
2898,28.98,1.07033e-008
2899,28.99,1.07187e-008
2900,29,1.07333e-008
2901,29.01,1.0747e-008
2902,29.02,1.07599e-008
2903,29.03,1.07721e-008
2904,29.04,1.07835e-008
2905,29.05,1.07943e-008
2906,29.06,1.08044e-008
2907,29.07,1.08138e-008
2908,29.08,1.08226e-008
2909,29.09,1.08308e-008
2910,29.1,1.08383e-008
2911,29.11,1.08451e-008
2912,29.12,1.08511e-008
2913,29.13,1.08564e-008
2914,29.14,1.08607e-008
2915,29.15,1.08642e-008
2916,29.16,1.08665e-008
2917,29.17,1.08677e-008
2918,29.18,1.08675e-008
2919,29.19,1.08657e-008
2920,29.2,1.08621e-008
2921,29.21,1.08565e-008
2922,29.22,1.08485e-008
2923,29.23,1.08378e-008
2924,29.24,1.08239e-008
2925,29.25,1.08064e-008
2926,29.26,1.07847e-008
2927,29.27,1.07583e-008
2928,29.28,1.07267e-008
2929,29.29,1.06892e-008
2930,29.3,1.06452e-008
2931,29.31,1.05943e-008
2932,29.32,1.05363e-008
2933,29.33,1.0471e-008
2934,29.34,1.03989e-008
2935,29.35,1.03209e-008
2936,29.36,1.02383e-008
2937,29.37,1.01534e-008
2938,29.38,1.0069e-008
2939,29.39,9.98831e-009
2940,29.4,9.91468e-009
2941,29.41,9.85078e-009
2942,29.42,9.79805e-009
2943,29.43,9.75607e-009
2944,29.44,9.72252e-009
2945,29.45,9.69374e-009
2946,29.46,9.66578e-009
2947,29.47,9.63551e-009
2948,29.48,9.60137e-009
2949,29.49,9.5634e-009
2950,29.5,9.5229e-009
2951,29.51,9.4818e-009
2952,29.52,9.44215e-009
2953,29.53,9.40584e-009
2954,29.54,9.37436e-009
2955,29.55,9.34889e-009
2956,29.56,9.33028e-009
2957,29.57,9.31912e-009
2958,29.58,9.31578e-009
2959,29.59,9.32045e-009
2960,29.6,9.33305e-009
2961,29.61,9.35326e-009
2962,29.62,9.38043e-009
2963,29.63,9.41355e-009
2964,29.64,9.4513e-009
2965,29.65,9.4921e-009
2966,29.66,9.53423e-009
2967,29.67,9.57599e-009
2968,29.68,9.61584e-009
2969,29.69,9.65257e-009
2970,29.7,9.6853e-009
2971,29.71,9.71355e-009
2972,29.72,9.73716e-009
2973,29.73,9.75626e-009
2974,29.74,9.77116e-009
2975,29.75,9.7823e-009
2976,29.76,9.79017e-009
2977,29.77,9.79528e-009
2978,29.78,9.79813e-009
2979,29.79,9.79922e-009
2980,29.8,9.79899e-009
2981,29.81,9.79793e-009
2982,29.82,9.79652e-009
2983,29.83,9.79528e-009
2984,29.84,9.79479e-009
2985,29.85,9.79576e-009
2986,29.86,9.79899e-009
2987,29.87,9.80543e-009
2988,29.88,9.81622e-009
2989,29.89,9.83257e-009
2990,29.9,9.85578e-009
2991,29.91,9.88707e-009
2992,29.92,9.92734e-009
2993,29.93,9.97694e-009
2994,29.94,1.00353e-008
2995,29.95,1.01008e-008
2996,29.96,1.01706e-008
2997,29.97,1.0241e-008
2998,29.98,1.03076e-008
2999,29.99,1.03664e-008
3000,30,1.0414e-008
3001,30.01,1.04483e-008
3002,30.02,1.04682e-008
3003,30.03,1.04739e-008
3004,30.04,1.04661e-008
3005,30.05,1.04463e-008
3006,30.06,1.04161e-008
3007,30.07,1.03772e-008
3008,30.08,1.03312e-008
3009,30.09,1.02799e-008
3010,30.1,1.02249e-008
3011,30.11,1.01678e-008
3012,30.12,1.01105e-008
3013,30.13,1.00546e-008
3014,30.14,1.00019e-008
3015,30.15,9.95428e-009
3016,30.16,9.91339e-009
3017,30.17,9.88074e-009
3018,30.18,9.85739e-009
3019,30.19,9.84385e-009
3020,30.2,9.8398e-009
3021,30.21,9.84409e-009
3022,30.22,9.8548e-009
3023,30.23,9.86945e-009
3024,30.24,9.88542e-009
3025,30.25,9.90034e-009
3026,30.26,9.91239e-009
3027,30.27,9.92052e-009
3028,30.28,9.92441e-009
3029,30.29,9.92431e-009
3030,30.3,9.92091e-009
3031,30.31,9.9151e-009
3032,30.32,9.90784e-009
3033,30.33,9.9e-009
3034,30.34,9.89233e-009
3035,30.35,9.88542e-009
3036,30.36,9.8797e-009
3037,30.37,9.87546e-009
3038,30.38,9.87282e-009
3039,30.39,9.87181e-009
3040,30.4,9.87237e-009
3041,30.41,9.87434e-009
3042,30.42,9.87756e-009
3043,30.43,9.8818e-009
3044,30.44,9.88683e-009
3045,30.45,9.89244e-009
3046,30.46,9.8984e-009
3047,30.47,9.90452e-009
3048,30.48,9.91062e-009
3049,30.49,9.91655e-009
3050,30.5,9.92219e-009
3051,30.51,9.92743e-009
3052,30.52,9.93219e-009
3053,30.53,9.93639e-009
3054,30.54,9.93999e-009
3055,30.55,9.94291e-009
3056,30.56,9.94513e-009
3057,30.57,9.94658e-009
3058,30.58,9.94721e-009
3059,30.59,9.94698e-009
3060,30.6,9.94582e-009
3061,30.61,9.94366e-009
3062,30.62,9.94044e-009
3063,30.63,9.93609e-009
3064,30.64,9.93054e-009
3065,30.65,9.92374e-009
3066,30.66,9.91565e-009
3067,30.67,9.90627e-009
3068,30.68,9.89564e-009
3069,30.69,9.88386e-009
3070,30.7,9.87117e-009
3071,30.71,9.85791e-009
3072,30.72,9.84464e-009
3073,30.73,9.83215e-009
3074,30.74,9.82156e-009
3075,30.75,9.81435e-009
3076,30.76,9.81239e-009
3077,30.77,9.81791e-009
3078,30.78,9.83333e-009
3079,30.79,9.86084e-009
3080,30.8,9.90182e-009
3081,30.81,9.95609e-009
3082,30.82,1.00211e-008
3083,30.83,1.00919e-008
3084,30.84,1.01614e-008
3085,30.85,1.02219e-008
3086,30.86,1.02668e-008
3087,30.87,1.0292e-008
3088,30.88,1.02962e-008
3089,30.89,1.02809e-008
3090,30.9,1.02492e-008
3091,30.91,1.02052e-008
3092,30.92,1.01533e-008
3093,30.93,1.00976e-008
3094,30.94,1.00421e-008
3095,30.95,9.98996e-009
3096,30.96,9.94396e-009
3097,30.97,9.90618e-009
3098,30.98,9.87799e-009
3099,30.99,9.85999e-009
3100,31,9.85198e-009
3101,31.01,9.85301e-009
3102,31.02,9.86147e-009
3103,31.03,9.87536e-009
3104,31.04,9.89255e-009
3105,31.05,9.91111e-009
3106,31.06,9.92947e-009
3107,31.07,9.94659e-009
3108,31.08,9.96195e-009
3109,31.09,9.9755e-009
3110,31.1,9.9875e-009
3111,31.11,9.9984e-009
3112,31.12,1.00088e-008
3113,31.13,1.00192e-008
3114,31.14,1.003e-008
3115,31.15,1.00418e-008
3116,31.16,1.00547e-008
3117,31.17,1.0069e-008
3118,31.18,1.00846e-008
3119,31.19,1.01015e-008
3120,31.2,1.01197e-008
3121,31.21,1.01389e-008
3122,31.22,1.01591e-008
3123,31.23,1.01798e-008
3124,31.24,1.0201e-008
3125,31.25,1.02224e-008
3126,31.26,1.02438e-008
3127,31.27,1.02651e-008
3128,31.28,1.0286e-008
3129,31.29,1.03064e-008
3130,31.3,1.03263e-008
3131,31.31,1.03455e-008
3132,31.32,1.0364e-008
3133,31.33,1.03816e-008
3134,31.34,1.03985e-008
3135,31.35,1.04145e-008
3136,31.36,1.04295e-008
3137,31.37,1.04437e-008
3138,31.38,1.04569e-008
3139,31.39,1.0469e-008
3140,31.4,1.04801e-008
3141,31.41,1.04901e-008
3142,31.42,1.04989e-008
3143,31.43,1.05065e-008
3144,31.44,1.05128e-008
3145,31.45,1.05177e-008
3146,31.46,1.0521e-008
3147,31.47,1.05227e-008
3148,31.48,1.05225e-008
3149,31.49,1.05204e-008
3150,31.5,1.05162e-008
3151,31.51,1.05097e-008
3152,31.52,1.05005e-008
3153,31.53,1.04886e-008
3154,31.54,1.04737e-008
3155,31.55,1.04555e-008
3156,31.56,1.04337e-008
3157,31.57,1.04081e-008
3158,31.58,1.03785e-008
3159,31.59,1.03448e-008
3160,31.6,1.03068e-008
3161,31.61,1.02646e-008
3162,31.62,1.02185e-008
3163,31.63,1.01688e-008
3164,31.64,1.01164e-008
3165,31.65,1.00624e-008
3166,31.66,1.00082e-008
3167,31.67,9.95585e-009
3168,31.68,9.90752e-009
3169,31.69,9.8657e-009
3170,31.7,9.83274e-009
3171,31.71,9.81034e-009
3172,31.72,9.7991e-009
3173,31.73,9.79802e-009
3174,31.74,9.80439e-009
3175,31.75,9.81417e-009
3176,31.76,9.82282e-009
3177,31.77,9.82642e-009
3178,31.78,9.82245e-009
3179,31.79,9.8102e-009
3180,31.8,9.79053e-009
3181,31.81,9.76537e-009
3182,31.82,9.73721e-009
3183,31.83,9.70856e-009
3184,31.84,9.68175e-009
3185,31.85,9.6587e-009
3186,31.86,9.64088e-009
3187,31.87,9.62933e-009
3188,31.88,9.62468e-009
3189,31.89,9.62714e-009
3190,31.9,9.63657e-009
3191,31.91,9.65245e-009
3192,31.92,9.67398e-009
3193,31.93,9.70014e-009
3194,31.94,9.72979e-009
3195,31.95,9.76173e-009
3196,31.96,9.79488e-009
3197,31.97,9.8283e-009
3198,31.98,9.86131e-009
3199,31.99,9.89348e-009
3200,32,9.92461e-009
3201,32.01,9.95471e-009
3202,32.02,9.98396e-009
3203,32.03,1.00126e-008
3204,32.04,1.0041e-008
3205,32.05,1.00694e-008
3206,32.06,1.00982e-008
3207,32.07,1.01275e-008
3208,32.08,1.01575e-008
3209,32.09,1.01882e-008
3210,32.1,1.02197e-008
3211,32.11,1.02518e-008
3212,32.12,1.02843e-008
3213,32.13,1.03171e-008
3214,32.14,1.03498e-008
3215,32.15,1.03823e-008
3216,32.16,1.04143e-008
3217,32.17,1.04455e-008
3218,32.18,1.04758e-008
3219,32.19,1.05049e-008
3220,32.2,1.05327e-008
3221,32.21,1.05592e-008
3222,32.22,1.05843e-008
3223,32.23,1.06079e-008
3224,32.24,1.06302e-008
3225,32.25,1.0651e-008
3226,32.26,1.06706e-008
3227,32.27,1.06889e-008
3228,32.28,1.07061e-008
3229,32.29,1.07221e-008
3230,32.3,1.07372e-008
3231,32.31,1.07513e-008
3232,32.32,1.07646e-008
3233,32.33,1.0777e-008
3234,32.34,1.07888e-008
3235,32.35,1.07998e-008
3236,32.36,1.08101e-008
3237,32.37,1.08198e-008
3238,32.38,1.08289e-008
3239,32.39,1.08374e-008
3240,32.4,1.08454e-008
3241,32.41,1.08527e-008
3242,32.42,1.08593e-008
3243,32.43,1.08653e-008
3244,32.44,1.08706e-008
3245,32.45,1.08752e-008
3246,32.46,1.08789e-008
3247,32.47,1.08816e-008
3248,32.48,1.08834e-008
3249,32.49,1.08839e-008
3250,32.5,1.0883e-008
3251,32.51,1.08806e-008
3252,32.52,1.08764e-008
3253,32.53,1.08702e-008
3254,32.54,1.08615e-008
3255,32.55,1.08501e-008
3256,32.56,1.08355e-008
3257,32.57,1.08172e-008
3258,32.58,1.07947e-008
3259,32.59,1.07675e-008
3260,32.6,1.07349e-008
3261,32.61,1.06964e-008
3262,32.62,1.06514e-008
3263,32.63,1.05995e-008
3264,32.64,1.05404e-008
3265,32.65,1.0474e-008
3266,32.66,1.04008e-008
3267,32.67,1.03218e-008
3268,32.68,1.02383e-008
3269,32.69,1.01527e-008
3270,32.7,1.00679e-008
3271,32.71,9.98701e-009
3272,32.72,9.91339e-009
3273,32.73,9.84968e-009
3274,32.74,9.79715e-009
3275,32.75,9.7553e-009
3276,32.76,9.72171e-009
3277,32.77,9.69269e-009
3278,32.78,9.66434e-009
3279,32.79,9.63365e-009
3280,32.8,9.59914e-009
3281,32.81,9.56093e-009
3282,32.82,9.52032e-009
3283,32.83,9.4792e-009
3284,32.84,9.43959e-009
3285,32.85,9.40327e-009
3286,32.86,9.37169e-009
3287,32.87,9.34594e-009
3288,32.88,9.32684e-009
3289,32.89,9.31492e-009
3290,32.9,9.31054e-009
3291,32.91,9.31386e-009
3292,32.92,9.32482e-009
3293,32.93,9.34312e-009
3294,32.94,9.3682e-009
3295,32.95,9.39915e-009
3296,32.96,9.43475e-009
3297,32.97,9.47355e-009
3298,32.98,9.51394e-009
3299,32.99,9.55432e-009
3300,33,9.59319e-009
3301,33.01,9.62933e-009
3302,33.02,9.66184e-009
3303,33.03,9.69018e-009
3304,33.04,9.71413e-009
3305,33.05,9.73377e-009
3306,33.06,9.74935e-009
3307,33.07,9.76129e-009
3308,33.08,9.77007e-009
3309,33.09,9.77621e-009
3310,33.1,9.78025e-009
3311,33.11,9.78274e-009
3312,33.12,9.78421e-009
3313,33.13,9.78525e-009
3314,33.14,9.78648e-009
3315,33.15,9.78855e-009
3316,33.16,9.79226e-009
3317,33.17,9.79847e-009
3318,33.18,9.8082e-009
3319,33.19,9.82258e-009
3320,33.2,9.84282e-009
3321,33.21,9.87011e-009
3322,33.22,9.90548e-009
3323,33.23,9.94958e-009
3324,33.24,1.00024e-008
3325,33.25,1.00631e-008
3326,33.26,1.01297e-008
3327,33.27,1.01992e-008
3328,33.28,1.02678e-008
3329,33.29,1.03318e-008
3330,33.3,1.03874e-008
3331,33.31,1.04319e-008
3332,33.32,1.04635e-008
3333,33.33,1.04815e-008
3334,33.34,1.04861e-008
3335,33.35,1.04781e-008
3336,33.36,1.0459e-008
3337,33.37,1.04299e-008
3338,33.38,1.03926e-008
3339,33.39,1.03483e-008
3340,33.4,1.02987e-008
3341,33.41,1.02451e-008
3342,33.42,1.01891e-008
3343,33.43,1.01321e-008
3344,33.44,1.00759e-008
3345,33.45,1.0022e-008
3346,33.46,9.97224e-009
3347,33.47,9.92841e-009
3348,33.48,9.89209e-009
3349,33.49,9.8646e-009
3350,33.5,9.84677e-009
3351,33.51,9.8387e-009
3352,33.52,9.83963e-009
3353,33.53,9.84794e-009
3354,33.54,9.86131e-009
3355,33.55,9.87706e-009
3356,33.56,9.89257e-009
3357,33.57,9.90566e-009
3358,33.58,9.91491e-009
3359,33.59,9.91966e-009
3360,33.6,9.91997e-009
3361,33.61,9.91642e-009
3362,33.62,9.90989e-009
3363,33.63,9.90137e-009
3364,33.64,9.89185e-009
3365,33.65,9.88217e-009
3366,33.66,9.87304e-009
3367,33.67,9.86498e-009
3368,33.68,9.85835e-009
3369,33.69,9.85334e-009
3370,33.7,9.85004e-009
3371,33.71,9.8484e-009
3372,33.72,9.84831e-009
3373,33.73,9.8496e-009
3374,33.74,9.85204e-009
3375,33.75,9.85539e-009
3376,33.76,9.85941e-009
3377,33.77,9.86386e-009
3378,33.78,9.86853e-009
3379,33.79,9.8732e-009
3380,33.8,9.87771e-009
3381,33.81,9.88191e-009
3382,33.82,9.88568e-009
3383,33.83,9.88892e-009
3384,33.84,9.89155e-009
3385,33.85,9.89352e-009
3386,33.86,9.89478e-009
3387,33.87,9.89526e-009
3388,33.88,9.89496e-009
3389,33.89,9.89382e-009
3390,33.9,9.89183e-009
3391,33.91,9.88896e-009
3392,33.92,9.88518e-009
3393,33.93,9.88049e-009
3394,33.94,9.87489e-009
3395,33.95,9.86841e-009
3396,33.96,9.86111e-009
3397,33.97,9.85312e-009
3398,33.98,9.84464e-009
3399,33.99,9.83597e-009
3400,34,9.82757e-009
3401,34.01,9.82008e-009
3402,34.02,9.81438e-009
3403,34.03,9.81166e-009
3404,34.04,9.81342e-009
3405,34.05,9.82149e-009
3406,34.06,9.83796e-009
3407,34.07,9.86492e-009
3408,34.08,9.90408e-009
3409,34.09,9.95621e-009
3410,34.1,1.00204e-008
3411,34.11,1.00937e-008
3412,34.12,1.01707e-008
3413,34.13,1.02449e-008
3414,34.14,1.0309e-008
3415,34.15,1.03573e-008
3416,34.16,1.03861e-008
3417,34.17,1.03942e-008
3418,34.18,1.03826e-008
3419,34.19,1.03539e-008
3420,34.2,1.03115e-008
3421,34.21,1.02592e-008
3422,34.22,1.02005e-008
3423,34.23,1.01391e-008
3424,34.24,1.00781e-008
3425,34.25,1.00205e-008
3426,34.26,9.96885e-009
3427,34.27,9.92524e-009
3428,34.28,9.89114e-009
3429,34.29,9.86734e-009
3430,34.3,9.8538e-009
3431,34.31,9.84969e-009
3432,34.32,9.85339e-009
3433,34.33,9.86278e-009
3434,34.34,9.87555e-009
3435,34.35,9.88953e-009
3436,34.36,9.90299e-009
3437,34.37,9.91476e-009
3438,34.38,9.92431e-009
3439,34.39,9.93162e-009
3440,34.4,9.93708e-009
3441,34.41,9.94128e-009
3442,34.42,9.94493e-009
3443,34.43,9.9487e-009
3444,34.44,9.95322e-009
3445,34.45,9.95896e-009
3446,34.46,9.9663e-009
3447,34.47,9.97546e-009
3448,34.48,9.98657e-009
3449,34.49,9.99962e-009
3450,34.5,1.00145e-008
3451,34.51,1.00312e-008
3452,34.52,1.00493e-008
3453,34.53,1.00687e-008
3454,34.54,1.00891e-008
3455,34.55,1.01103e-008
3456,34.56,1.01321e-008
3457,34.57,1.01541e-008
3458,34.58,1.01762e-008
3459,34.59,1.01983e-008
3460,34.6,1.02201e-008
3461,34.61,1.02415e-008
3462,34.62,1.02625e-008
3463,34.63,1.02829e-008
3464,34.64,1.03027e-008
3465,34.65,1.03217e-008
3466,34.66,1.03401e-008
3467,34.67,1.03576e-008
3468,34.68,1.03742e-008
3469,34.69,1.039e-008
3470,34.7,1.04048e-008
3471,34.71,1.04186e-008
3472,34.72,1.04313e-008
3473,34.73,1.04429e-008
3474,34.74,1.04533e-008
3475,34.75,1.04623e-008
3476,34.76,1.047e-008
3477,34.77,1.04762e-008
3478,34.78,1.04808e-008
3479,34.79,1.04836e-008
3480,34.8,1.04846e-008
3481,34.81,1.04835e-008
3482,34.82,1.04801e-008
3483,34.83,1.04743e-008
3484,34.84,1.04659e-008
3485,34.85,1.04545e-008
3486,34.86,1.04401e-008
3487,34.87,1.04222e-008
3488,34.88,1.04007e-008
3489,34.89,1.03754e-008
3490,34.9,1.0346e-008
3491,34.91,1.03125e-008
3492,34.92,1.02747e-008
3493,34.93,1.02327e-008
3494,34.94,1.0187e-008
3495,34.95,1.01379e-008
3496,34.96,1.00864e-008
3497,34.97,1.00337e-008
3498,34.98,9.98136e-009
3499,34.99,9.93151e-009
3500,35,9.8865e-009
3501,35.01,9.84883e-009
3502,35.02,9.82071e-009
3503,35.03,9.80361e-009
3504,35.04,9.79763e-009
3505,35.05,9.80116e-009
3506,35.06,9.81089e-009
3507,35.07,9.82234e-009
3508,35.08,9.83093e-009
3509,35.09,9.83303e-009
3510,35.1,9.82669e-009
3511,35.11,9.81181e-009
3512,35.12,9.78979e-009
3513,35.13,9.76296e-009
3514,35.14,9.734e-009
3515,35.15,9.70553e-009
3516,35.16,9.67985e-009
3517,35.17,9.65881e-009
3518,35.18,9.64379e-009
3519,35.19,9.63572e-009
3520,35.2,9.63505e-009
3521,35.21,9.64184e-009
3522,35.22,9.65571e-009
3523,35.23,9.67595e-009
3524,35.24,9.70155e-009
3525,35.25,9.73131e-009
3526,35.26,9.76394e-009
3527,35.27,9.79821e-009
3528,35.28,9.83304e-009
3529,35.29,9.86755e-009
3530,35.3,9.90119e-009
3531,35.31,9.93363e-009
3532,35.32,9.96483e-009
3533,35.33,9.99488e-009
3534,35.34,1.00241e-008
3535,35.35,1.00527e-008
3536,35.36,1.0081e-008
3537,35.37,1.01094e-008
3538,35.38,1.01381e-008
3539,35.39,1.01673e-008
3540,35.4,1.0197e-008
3541,35.41,1.02273e-008
3542,35.42,1.02581e-008
3543,35.43,1.02892e-008
3544,35.44,1.03205e-008
3545,35.45,1.03518e-008
3546,35.46,1.03829e-008
3547,35.47,1.04134e-008
3548,35.48,1.04432e-008
3549,35.49,1.04722e-008
3550,35.5,1.05001e-008
3551,35.51,1.05269e-008
3552,35.52,1.05525e-008
3553,35.53,1.05768e-008
3554,35.54,1.05997e-008
3555,35.55,1.06214e-008
3556,35.56,1.06419e-008
3557,35.57,1.06611e-008
3558,35.58,1.06792e-008
3559,35.59,1.06962e-008
3560,35.6,1.07122e-008
3561,35.61,1.07273e-008
3562,35.62,1.07415e-008
3563,35.63,1.07549e-008
3564,35.64,1.07675e-008
3565,35.65,1.07794e-008
3566,35.66,1.07907e-008
3567,35.67,1.08013e-008
3568,35.68,1.08113e-008
3569,35.69,1.08208e-008
3570,35.7,1.08297e-008
3571,35.71,1.0838e-008
3572,35.72,1.08457e-008
3573,35.73,1.08529e-008
3574,35.74,1.08595e-008
3575,35.75,1.08654e-008
3576,35.76,1.08707e-008
3577,35.77,1.08751e-008
3578,35.78,1.08788e-008
3579,35.79,1.08815e-008
3580,35.8,1.08832e-008
3581,35.81,1.08837e-008
3582,35.82,1.08828e-008
3583,35.83,1.08804e-008
3584,35.84,1.08761e-008
3585,35.85,1.08698e-008
3586,35.86,1.08611e-008
3587,35.87,1.08496e-008
3588,35.88,1.08349e-008
3589,35.89,1.08166e-008
3590,35.9,1.0794e-008
3591,35.91,1.07667e-008
3592,35.92,1.0734e-008
3593,35.93,1.06954e-008
3594,35.94,1.06502e-008
3595,35.95,1.05981e-008
3596,35.96,1.05388e-008
3597,35.97,1.04722e-008
3598,35.98,1.03989e-008
3599,35.99,1.03196e-008
3600,36,1.02361e-008
3601,36.01,1.01505e-008
3602,36.02,1.00656e-008
3603,36.03,9.98486e-009
3604,36.04,9.91144e-009
3605,36.05,9.84796e-009
3606,36.06,9.7957e-009
3607,36.07,9.75406e-009
3608,36.08,9.7206e-009
3609,36.09,9.69158e-009
3610,36.1,9.66313e-009
3611,36.11,9.63227e-009
3612,36.12,9.59756e-009
3613,36.13,9.5592e-009
3614,36.14,9.51849e-009
3615,36.15,9.47735e-009
3616,36.16,9.43778e-009
3617,36.17,9.40156e-009
3618,36.18,9.37014e-009
3619,36.19,9.3446e-009
3620,36.2,9.32574e-009
3621,36.21,9.31409e-009
3622,36.22,9.31001e-009
3623,36.23,9.31364e-009
3624,36.24,9.32493e-009
3625,36.25,9.34358e-009
3626,36.26,9.36898e-009
3627,36.27,9.40024e-009
3628,36.28,9.43611e-009
3629,36.29,9.47513e-009
3630,36.3,9.51569e-009
3631,36.31,9.55616e-009
3632,36.32,9.59506e-009
3633,36.33,9.63118e-009
3634,36.34,9.66362e-009
3635,36.35,9.69185e-009
3636,36.36,9.71568e-009
3637,36.37,9.73518e-009
3638,36.38,9.75062e-009
3639,36.39,9.76242e-009
3640,36.4,9.77105e-009
3641,36.41,9.77707e-009
3642,36.42,9.78098e-009
3643,36.43,9.78335e-009
3644,36.44,9.78472e-009
3645,36.45,9.78566e-009
3646,36.46,9.78678e-009
3647,36.47,9.78876e-009
3648,36.48,9.79236e-009
3649,36.49,9.79848e-009
3650,36.5,9.80812e-009
3651,36.51,9.82239e-009
3652,36.52,9.84253e-009
3653,36.53,9.86973e-009
3654,36.54,9.90502e-009
3655,36.55,9.94906e-009
3656,36.56,1.00018e-008
3657,36.57,1.00625e-008
3658,36.58,1.0129e-008
3659,36.59,1.01985e-008
3660,36.6,1.02672e-008
3661,36.61,1.03311e-008
3662,36.62,1.03867e-008
3663,36.63,1.04311e-008
3664,36.64,1.04626e-008
3665,36.65,1.04804e-008
3666,36.66,1.04849e-008
3667,36.67,1.04768e-008
3668,36.68,1.04575e-008
3669,36.69,1.04284e-008
3670,36.7,1.03909e-008
3671,36.71,1.03466e-008
3672,36.72,1.02969e-008
3673,36.73,1.02433e-008
3674,36.74,1.01872e-008
3675,36.75,1.01303e-008
3676,36.76,1.00741e-008
3677,36.77,1.00204e-008
3678,36.78,9.97086e-009
3679,36.79,9.92725e-009
3680,36.8,9.89121e-009
3681,36.81,9.86403e-009
3682,36.82,9.84651e-009
3683,36.83,9.83872e-009
3684,36.84,9.83991e-009
3685,36.85,9.84842e-009
3686,36.86,9.86194e-009
3687,36.87,9.87778e-009
3688,36.88,9.89333e-009
3689,36.89,9.90644e-009
3690,36.9,9.91569e-009
3691,36.91,9.92045e-009
3692,36.92,9.92078e-009
3693,36.93,9.91727e-009
3694,36.94,9.91079e-009
3695,36.95,9.90235e-009
3696,36.96,9.8929e-009
3697,36.97,9.88332e-009
3698,36.98,9.87427e-009
3699,36.99,9.8663e-009
3700,37,9.85974e-009
3701,37.01,9.8548e-009
3702,37.02,9.85155e-009
3703,37.03,9.84996e-009
3704,37.04,9.8499e-009
3705,37.05,9.85119e-009
3706,37.06,9.85363e-009
3707,37.07,9.85697e-009
3708,37.08,9.86097e-009
3709,37.09,9.86539e-009
3710,37.1,9.87002e-009
3711,37.11,9.87465e-009
3712,37.12,9.87911e-009
3713,37.13,9.88327e-009
3714,37.14,9.88698e-009
3715,37.15,9.89017e-009
3716,37.16,9.89275e-009
3717,37.17,9.89466e-009
3718,37.18,9.89585e-009
3719,37.19,9.89628e-009
3720,37.2,9.89591e-009
3721,37.21,9.89471e-009
3722,37.22,9.89265e-009
3723,37.23,9.8897e-009
3724,37.24,9.88584e-009
3725,37.25,9.88106e-009
3726,37.26,9.87537e-009
3727,37.27,9.8688e-009
3728,37.28,9.86141e-009
3729,37.29,9.85333e-009
3730,37.3,9.84476e-009
3731,37.31,9.83602e-009
3732,37.32,9.82757e-009
3733,37.33,9.82004e-009
3734,37.34,9.81436e-009
3735,37.35,9.8117e-009
3736,37.36,9.8136e-009
3737,37.37,9.8219e-009
3738,37.38,9.83869e-009
3739,37.39,9.86605e-009
3740,37.4,9.90567e-009
3741,37.41,9.95824e-009
3742,37.42,1.00228e-008
3743,37.43,1.00962e-008
3744,37.44,1.01731e-008
3745,37.45,1.02468e-008
3746,37.46,1.03101e-008
3747,37.47,1.03574e-008
3748,37.48,1.03851e-008
3749,37.49,1.03922e-008
3750,37.5,1.03797e-008
3751,37.51,1.03503e-008
3752,37.52,1.03074e-008
3753,37.53,1.02547e-008
3754,37.54,1.0196e-008
3755,37.55,1.01346e-008
3756,37.56,1.00739e-008
3757,37.57,1.00168e-008
3758,37.58,9.96567e-009
3759,37.59,9.92269e-009
3760,37.6,9.88929e-009
3761,37.61,9.86619e-009
3762,37.62,9.85332e-009
3763,37.63,9.8498e-009
3764,37.64,9.85398e-009
3765,37.65,9.86373e-009
3766,37.66,9.87675e-009
3767,37.67,9.89089e-009
3768,37.68,9.90443e-009
3769,37.69,9.91625e-009
3770,37.7,9.92584e-009
3771,37.71,9.93321e-009
3772,37.72,9.93874e-009
3773,37.73,9.94303e-009
3774,37.74,9.9468e-009
3775,37.75,9.95071e-009
3776,37.76,9.95537e-009
3777,37.77,9.96126e-009
3778,37.78,9.96874e-009
3779,37.79,9.97803e-009
3780,37.8,9.98925e-009
3781,37.81,1.00024e-008
3782,37.82,1.00174e-008
3783,37.83,1.0034e-008
3784,37.84,1.00521e-008
3785,37.85,1.00715e-008
3786,37.86,1.00919e-008
3787,37.87,1.0113e-008
3788,37.88,1.01346e-008
3789,37.89,1.01565e-008
3790,37.9,1.01785e-008
3791,37.91,1.02004e-008
3792,37.92,1.0222e-008
3793,37.93,1.02433e-008
3794,37.94,1.0264e-008
3795,37.95,1.02842e-008
3796,37.96,1.03038e-008
3797,37.97,1.03227e-008
3798,37.98,1.03408e-008
3799,37.99,1.03581e-008
3800,38,1.03745e-008
3801,38.01,1.039e-008
3802,38.02,1.04046e-008
3803,38.03,1.04181e-008
3804,38.04,1.04306e-008
3805,38.05,1.04419e-008
3806,38.06,1.0452e-008
3807,38.07,1.04608e-008
3808,38.08,1.04681e-008
3809,38.09,1.0474e-008
3810,38.1,1.04782e-008
3811,38.11,1.04806e-008
3812,38.12,1.04812e-008
3813,38.13,1.04796e-008
3814,38.14,1.04758e-008
3815,38.15,1.04695e-008
3816,38.16,1.04604e-008
3817,38.17,1.04485e-008
3818,38.18,1.04334e-008
3819,38.19,1.04149e-008
3820,38.2,1.03927e-008
3821,38.21,1.03666e-008
3822,38.22,1.03364e-008
3823,38.23,1.03021e-008
3824,38.24,1.02636e-008
3825,38.25,1.0221e-008
3826,38.26,1.01747e-008
3827,38.27,1.01252e-008
3828,38.28,1.00736e-008
3829,38.29,1.0021e-008
3830,38.3,9.96933e-009
3831,38.31,9.92057e-009
3832,38.32,9.87719e-009
3833,38.33,9.84165e-009
3834,38.34,9.81605e-009
3835,38.35,9.80161e-009
3836,38.36,9.79812e-009
3837,38.37,9.8036e-009
3838,38.38,9.8144e-009
3839,38.39,9.82593e-009
3840,38.4,9.83373e-009
3841,38.41,9.83444e-009
3842,38.42,9.82649e-009
3843,38.43,9.81015e-009
3844,38.44,9.78703e-009
3845,38.45,9.7596e-009
3846,38.46,9.73054e-009
3847,38.47,9.70245e-009
3848,38.48,9.67754e-009
3849,38.49,9.65757e-009
3850,38.5,9.64384e-009
3851,38.51,9.63717e-009
3852,38.52,9.63796e-009
3853,38.53,9.64614e-009
3854,38.54,9.6613e-009
3855,38.55,9.68265e-009
3856,38.56,9.70913e-009
3857,38.57,9.73952e-009
3858,38.58,9.77253e-009
3859,38.59,9.80697e-009
3860,38.6,9.84177e-009
3861,38.61,9.87615e-009
3862,38.62,9.90958e-009
3863,38.63,9.94182e-009
3864,38.64,9.97283e-009
3865,38.65,1.00028e-008
3866,38.66,1.00319e-008
3867,38.67,1.00605e-008
3868,38.68,1.0089e-008
3869,38.69,1.01176e-008
3870,38.7,1.01465e-008
3871,38.71,1.01759e-008
3872,38.72,1.02058e-008
3873,38.73,1.02363e-008
3874,38.74,1.02672e-008
3875,38.75,1.02984e-008
3876,38.76,1.03297e-008
3877,38.77,1.0361e-008
3878,38.78,1.03919e-008
3879,38.79,1.04222e-008
3880,38.8,1.04518e-008
3881,38.81,1.04804e-008
3882,38.82,1.0508e-008
3883,38.83,1.05344e-008
3884,38.84,1.05595e-008
3885,38.85,1.05833e-008
3886,38.86,1.06059e-008
3887,38.87,1.06271e-008
3888,38.88,1.06472e-008
3889,38.89,1.0666e-008
3890,38.9,1.06837e-008
3891,38.91,1.07003e-008
3892,38.92,1.07159e-008
3893,38.93,1.07306e-008
3894,38.94,1.07445e-008
3895,38.95,1.07575e-008
3896,38.96,1.07698e-008
3897,38.97,1.07814e-008
3898,38.98,1.07923e-008
3899,38.99,1.08025e-008
3900,39,1.08122e-008
3901,39.01,1.08212e-008
3902,39.02,1.08297e-008
3903,39.03,1.08375e-008
3904,39.04,1.08448e-008
3905,39.05,1.08514e-008
3906,39.06,1.08573e-008
3907,39.07,1.08625e-008
3908,39.08,1.08668e-008
3909,39.09,1.08704e-008
3910,39.1,1.08729e-008
3911,39.11,1.08743e-008
3912,39.12,1.08745e-008
3913,39.13,1.08732e-008
3914,39.14,1.08703e-008
3915,39.15,1.08656e-008
3916,39.16,1.08586e-008
3917,39.17,1.08492e-008
3918,39.18,1.08368e-008
3919,39.19,1.08212e-008
3920,39.2,1.08017e-008
3921,39.21,1.07779e-008
3922,39.22,1.07492e-008
3923,39.23,1.0715e-008
3924,39.24,1.06748e-008
3925,39.25,1.0628e-008
3926,39.26,1.05743e-008
3927,39.27,1.05134e-008
3928,39.28,1.04455e-008
3929,39.29,1.03712e-008
3930,39.3,1.02914e-008
3931,39.31,1.0208e-008
3932,39.32,1.01233e-008
3933,39.33,1.00403e-008
3934,39.34,9.96229e-009
3935,39.35,9.89242e-009
3936,39.36,9.83299e-009
3937,39.37,9.7848e-009
3938,39.38,9.74679e-009
3939,39.39,9.71611e-009
3940,39.4,9.6889e-009
3941,39.41,9.66138e-009
3942,39.42,9.63087e-009
3943,39.43,9.59633e-009
3944,39.44,9.5582e-009
3945,39.45,9.518e-009
3946,39.46,9.47769e-009
3947,39.47,9.43926e-009
3948,39.48,9.40445e-009
3949,39.49,9.37463e-009
3950,39.5,9.35085e-009
3951,39.51,9.33386e-009
3952,39.52,9.32417e-009
3953,39.53,9.32207e-009
3954,39.54,9.32766e-009
3955,39.55,9.34083e-009
3956,39.56,9.36117e-009
3957,39.57,9.38799e-009
3958,39.58,9.42027e-009
3959,39.59,9.45672e-009
3960,39.6,9.49581e-009
3961,39.61,9.53595e-009
3962,39.62,9.57553e-009
3963,39.63,9.61319e-009
3964,39.64,9.64783e-009
3965,39.65,9.67867e-009
3966,39.66,9.70528e-009
3967,39.67,9.72757e-009
3968,39.68,9.74566e-009
3969,39.69,9.75986e-009
3970,39.7,9.77059e-009
3971,39.71,9.77832e-009
3972,39.72,9.78355e-009
3973,39.73,9.78679e-009
3974,39.74,9.78852e-009
3975,39.75,9.78924e-009
3976,39.76,9.78948e-009
3977,39.77,9.78976e-009
3978,39.78,9.79072e-009
3979,39.79,9.79305e-009
3980,39.8,9.79755e-009
3981,39.81,9.80517e-009
3982,39.82,9.81701e-009
3983,39.83,9.83425e-009
3984,39.84,9.85814e-009
3985,39.85,9.88987e-009
3986,39.86,9.93033e-009
3987,39.87,9.97987e-009
3988,39.88,1.00381e-008
3989,39.89,1.01033e-008
3990,39.9,1.01731e-008
3991,39.91,1.02438e-008
3992,39.92,1.03114e-008
3993,39.93,1.03718e-008
3994,39.94,1.04218e-008
3995,39.95,1.04591e-008
3996,39.96,1.04825e-008
3997,39.97,1.04918e-008
3998,39.98,1.04879e-008
3999,39.99,1.04718e-008
4000,40,1.0445e-008
4001,40.01,1.04091e-008
4002,40.02,1.03656e-008
4003,40.03,1.03161e-008
4004,40.04,1.02622e-008
4005,40.05,1.02054e-008
4006,40.06,1.01473e-008
4007,40.07,1.00896e-008
4008,40.08,1.00341e-008
4009,40.09,9.98257e-009
4010,40.1,9.9368e-009
4011,40.11,9.8985e-009
4012,40.12,9.86901e-009
4013,40.13,9.84925e-009
4014,40.14,9.83933e-009
4015,40.15,9.83856e-009
4016,40.16,9.84536e-009
4017,40.17,9.85742e-009
4018,40.18,9.87207e-009
4019,40.19,9.88668e-009
4020,40.2,9.89907e-009
4021,40.21,9.90778e-009
4022,40.22,9.91216e-009
4023,40.23,9.91224e-009
4024,40.24,9.90859e-009
4025,40.25,9.90208e-009
4026,40.26,9.89372e-009
4027,40.27,9.88447e-009
4028,40.28,9.87518e-009
4029,40.29,9.86656e-009
4030,40.3,9.85913e-009
4031,40.31,9.85324e-009
4032,40.32,9.84909e-009
4033,40.33,9.84676e-009
4034,40.34,9.8462e-009
4035,40.35,9.84729e-009
4036,40.36,9.84986e-009
4037,40.37,9.85368e-009
4038,40.38,9.8585e-009
4039,40.39,9.86408e-009
4040,40.4,9.87018e-009
4041,40.41,9.87656e-009
4042,40.42,9.88304e-009
4043,40.43,9.88943e-009
4044,40.44,9.89559e-009
4045,40.45,9.90141e-009
4046,40.46,9.90679e-009
4047,40.47,9.91165e-009
4048,40.48,9.91594e-009
4049,40.49,9.91961e-009
4050,40.5,9.92261e-009
4051,40.51,9.92491e-009
4052,40.52,9.92647e-009
4053,40.53,9.92725e-009
4054,40.54,9.9272e-009
4055,40.55,9.92626e-009
4056,40.56,9.92439e-009
4057,40.57,9.92152e-009
4058,40.58,9.9176e-009
4059,40.59,9.91255e-009
4060,40.6,9.90635e-009
4061,40.61,9.89895e-009
4062,40.62,9.89038e-009
4063,40.63,9.88067e-009
4064,40.64,9.86997e-009
4065,40.65,9.8585e-009
4066,40.66,9.84667e-009
4067,40.67,9.83505e-009
4068,40.68,9.82449e-009
4069,40.69,9.81617e-009
4070,40.7,9.81164e-009
4071,40.71,9.81285e-009
4072,40.72,9.82211e-009
4073,40.73,9.84183e-009
4074,40.74,9.87418e-009
4075,40.75,9.92035e-009
4076,40.76,9.9798e-009
4077,40.77,1.00496e-008
4078,40.78,1.0124e-008
4079,40.79,1.01958e-008
4080,40.8,1.0257e-008
4081,40.81,1.03011e-008
4082,40.82,1.03244e-008
4083,40.83,1.0326e-008
4084,40.84,1.03077e-008
4085,40.85,1.02728e-008
4086,40.86,1.02257e-008
4087,40.87,1.01707e-008
4088,40.88,1.01122e-008
4089,40.89,1.0054e-008
4090,40.9,9.99941e-009
4091,40.91,9.95129e-009
4092,40.92,9.91171e-009
4093,40.93,9.88203e-009
4094,40.94,9.86281e-009
4095,40.95,9.85373e-009
4096,40.96,9.85368e-009
4097,40.97,9.8609e-009
4098,40.98,9.87327e-009
4099,40.99,9.8886e-009
4100,41,9.90492e-009
4101,41.01,9.92076e-009
4102,41.02,9.93516e-009
4103,41.03,9.94776e-009
4104,41.04,9.9586e-009
4105,41.05,9.96807e-009
4106,41.06,9.97671e-009
4107,41.07,9.98514e-009
4108,41.08,9.99392e-009
4109,41.09,1.00036e-008
4110,41.1,1.00145e-008
4111,41.11,1.00269e-008
4112,41.12,1.00409e-008
4113,41.13,1.00567e-008
4114,41.14,1.00741e-008
4115,41.15,1.00931e-008
4116,41.16,1.01133e-008
4117,41.17,1.01347e-008
4118,41.18,1.01569e-008
4119,41.19,1.01797e-008
4120,41.2,1.02029e-008
4121,41.21,1.02262e-008
4122,41.22,1.02494e-008
4123,41.23,1.02723e-008
4124,41.24,1.02949e-008
4125,41.25,1.03168e-008
4126,41.26,1.03382e-008
4127,41.27,1.03588e-008
4128,41.28,1.03787e-008
4129,41.29,1.03977e-008
4130,41.3,1.0416e-008
4131,41.31,1.04333e-008
4132,41.32,1.04497e-008
4133,41.33,1.04652e-008
4134,41.34,1.04797e-008
4135,41.35,1.04933e-008
4136,41.36,1.05059e-008
4137,41.37,1.05174e-008
4138,41.38,1.05278e-008
4139,41.39,1.05371e-008
4140,41.4,1.05451e-008
4141,41.41,1.05518e-008
4142,41.42,1.05572e-008
4143,41.43,1.0561e-008
4144,41.44,1.05632e-008
4145,41.45,1.05636e-008
4146,41.46,1.0562e-008
4147,41.47,1.05584e-008
4148,41.48,1.05524e-008
4149,41.49,1.05438e-008
4150,41.5,1.05325e-008
4151,41.51,1.05181e-008
4152,41.52,1.05003e-008
4153,41.53,1.04788e-008
4154,41.54,1.04535e-008
4155,41.55,1.0424e-008
4156,41.56,1.03901e-008
4157,41.57,1.03517e-008
4158,41.58,1.03087e-008
4159,41.59,1.02614e-008
4160,41.6,1.02101e-008
4161,41.61,1.01555e-008
4162,41.62,1.00986e-008
4163,41.63,1.0041e-008
4164,41.64,9.98432e-009
4165,41.65,9.93105e-009
4166,41.66,9.88363e-009
4167,41.67,9.84453e-009
4168,41.68,9.81569e-009
4169,41.69,9.79801e-009
4170,41.7,9.79085e-009
4171,41.71,9.79181e-009
4172,41.72,9.79708e-009
4173,41.73,9.80223e-009
4174,41.74,9.80326e-009
4175,41.75,9.79749e-009
4176,41.76,9.78399e-009
4177,41.77,9.76342e-009
4178,41.78,9.73761e-009
4179,41.79,9.70893e-009
4180,41.8,9.67988e-009
4181,41.81,9.65273e-009
4182,41.82,9.62939e-009
4183,41.83,9.61137e-009
4184,41.84,9.59968e-009
4185,41.85,9.59498e-009
4186,41.86,9.5975e-009
4187,41.87,9.60711e-009
4188,41.88,9.6233e-009
4189,41.89,9.64528e-009
4190,41.9,9.67199e-009
4191,41.91,9.70223e-009
4192,41.92,9.73476e-009
4193,41.93,9.7684e-009
4194,41.94,9.80214e-009
4195,41.95,9.83521e-009
4196,41.96,9.86711e-009
4197,41.97,9.89761e-009
4198,41.98,9.92668e-009
4199,41.99,9.9545e-009
4200,42,9.98136e-009
4201,42.01,1.00076e-008
4202,42.02,1.00336e-008
4203,42.03,1.00598e-008
4204,42.04,1.00863e-008
4205,42.05,1.01135e-008
4206,42.06,1.01415e-008
4207,42.07,1.01705e-008
4208,42.08,1.02003e-008
4209,42.09,1.02309e-008
4210,42.1,1.02622e-008
4211,42.11,1.0294e-008
4212,42.12,1.03261e-008
4213,42.13,1.03581e-008
4214,42.14,1.03899e-008
4215,42.15,1.04212e-008
4216,42.16,1.04518e-008
4217,42.17,1.04814e-008
4218,42.18,1.051e-008
4219,42.19,1.05374e-008
4220,42.2,1.05635e-008
4221,42.21,1.05882e-008
4222,42.22,1.06117e-008
4223,42.23,1.06338e-008
4224,42.24,1.06546e-008
4225,42.25,1.06742e-008
4226,42.26,1.06926e-008
4227,42.27,1.07099e-008
4228,42.28,1.07262e-008
4229,42.29,1.07415e-008
4230,42.3,1.0756e-008
4231,42.31,1.07696e-008
4232,42.32,1.07825e-008
4233,42.33,1.07947e-008
4234,42.34,1.08063e-008
4235,42.35,1.08173e-008
4236,42.36,1.08277e-008
4237,42.37,1.08376e-008
4238,42.38,1.0847e-008
4239,42.39,1.08559e-008
4240,42.4,1.08644e-008
4241,42.41,1.08724e-008
4242,42.42,1.08799e-008
4243,42.43,1.0887e-008
4244,42.44,1.08936e-008
4245,42.45,1.08997e-008
4246,42.46,1.09052e-008
4247,42.47,1.09102e-008
4248,42.48,1.09145e-008
4249,42.49,1.0918e-008
4250,42.5,1.09207e-008
4251,42.51,1.09225e-008
4252,42.52,1.09233e-008
4253,42.53,1.09227e-008
4254,42.54,1.09208e-008
4255,42.55,1.09172e-008
4256,42.56,1.09116e-008
4257,42.57,1.09038e-008
4258,42.58,1.08933e-008
4259,42.59,1.08797e-008
4260,42.6,1.08625e-008
4261,42.61,1.08412e-008
4262,42.62,1.08152e-008
4263,42.63,1.07837e-008
4264,42.64,1.07461e-008
4265,42.65,1.07018e-008
4266,42.66,1.06502e-008
4267,42.67,1.05908e-008
4268,42.68,1.05236e-008
4269,42.69,1.04487e-008
4270,42.7,1.0367e-008
4271,42.71,1.02799e-008
4272,42.72,1.01896e-008
4273,42.73,1.00991e-008
4274,42.74,1.00117e-008
4275,42.75,9.93104e-009
4276,42.76,9.85993e-009
4277,42.77,9.79995e-009
4278,42.78,9.75073e-009
4279,42.79,9.70992e-009
4280,42.8,9.67388e-009
4281,42.81,9.63874e-009
4282,42.82,9.60159e-009
4283,42.83,9.56114e-009
4284,42.84,9.51767e-009
4285,42.85,9.4726e-009
4286,42.86,9.42787e-009
4287,42.87,9.38545e-009
4288,42.88,9.34699e-009
4289,42.89,9.31384e-009
4290,42.9,9.28696e-009
4291,42.91,9.26701e-009
4292,42.92,9.25449e-009
4293,42.93,9.24969e-009
4294,42.94,9.25283e-009
4295,42.95,9.26393e-009
4296,42.96,9.28279e-009
4297,42.97,9.30896e-009
4298,42.98,9.34167e-009
4299,42.99,9.37975e-009
4300,43,9.42175e-009
4301,43.01,9.46594e-009
4302,43.02,9.51054e-009
4303,43.03,9.55382e-009
4304,43.04,9.59432e-009
4305,43.05,9.6309e-009
4306,43.06,9.66287e-009
4307,43.07,9.68989e-009
4308,43.08,9.71203e-009
4309,43.09,9.72957e-009
4310,43.1,9.74303e-009
4311,43.11,9.75302e-009
4312,43.12,9.76021e-009
4313,43.13,9.76534e-009
4314,43.14,9.76915e-009
4315,43.15,9.77242e-009
4316,43.16,9.77599e-009
4317,43.17,9.78073e-009
4318,43.18,9.78762e-009
4319,43.19,9.7977e-009
4320,43.2,9.81208e-009
4321,43.21,9.83196e-009
4322,43.22,9.85841e-009
4323,43.23,9.89236e-009
4324,43.24,9.93432e-009
4325,43.25,9.98419e-009
4326,43.26,1.00411e-008
4327,43.27,1.01031e-008
4328,43.28,1.01677e-008
4329,43.29,1.02314e-008
4330,43.3,1.02908e-008
4331,43.31,1.03428e-008
4332,43.32,1.03848e-008
4333,43.33,1.04153e-008
4334,43.34,1.04336e-008
4335,43.35,1.04399e-008
4336,43.36,1.0435e-008
4337,43.37,1.04198e-008
4338,43.38,1.03957e-008
4339,43.39,1.0364e-008
4340,43.4,1.03259e-008
4341,43.41,1.02828e-008
4342,43.42,1.02358e-008
4343,43.43,1.01861e-008
4344,43.44,1.01351e-008
4345,43.45,1.0084e-008
4346,43.46,1.00341e-008
4347,43.47,9.98701e-009
4348,43.48,9.94411e-009
4349,43.49,9.90698e-009
4350,43.5,9.87702e-009
4351,43.51,9.85543e-009
4352,43.52,9.84299e-009
4353,43.53,9.83987e-009
4354,43.54,9.84549e-009
4355,43.55,9.85846e-009
4356,43.56,9.87666e-009
4357,43.57,9.89757e-009
4358,43.58,9.91856e-009
4359,43.59,9.93735e-009
4360,43.6,9.95225e-009
4361,43.61,9.96232e-009
4362,43.62,9.96735e-009
4363,43.63,9.96769e-009
4364,43.64,9.96408e-009
4365,43.65,9.95743e-009
4366,43.66,9.9487e-009
4367,43.67,9.93878e-009
4368,43.68,9.92841e-009
4369,43.69,9.9182e-009
4370,43.7,9.90858e-009
4371,43.71,9.89985e-009
4372,43.72,9.89216e-009
4373,43.73,9.88556e-009
4374,43.74,9.88002e-009
4375,43.75,9.87545e-009
4376,43.76,9.8717e-009
4377,43.77,9.86861e-009
4378,43.78,9.86598e-009
4379,43.79,9.86365e-009
4380,43.8,9.86144e-009
4381,43.81,9.85919e-009
4382,43.82,9.85676e-009
4383,43.83,9.85405e-009
4384,43.84,9.85099e-009
4385,43.85,9.84751e-009
4386,43.86,9.8436e-009
4387,43.87,9.83931e-009
4388,43.88,9.83468e-009
4389,43.89,9.82984e-009
4390,43.9,9.82498e-009
4391,43.91,9.82036e-009
4392,43.92,9.81632e-009
4393,43.93,9.81336e-009
4394,43.94,9.81206e-009
4395,43.95,9.81321e-009
4396,43.96,9.81775e-009
4397,43.97,9.82682e-009
4398,43.98,9.84166e-009
4399,43.99,9.86361e-009
4400,44,9.89391e-009
4401,44.01,9.93346e-009
4402,44.02,9.98253e-009
4403,44.03,1.00404e-008
4404,44.04,1.01053e-008
4405,44.05,1.0174e-008
4406,44.06,1.02426e-008
4407,44.07,1.03065e-008
4408,44.08,1.03617e-008
4409,44.09,1.04049e-008
4410,44.1,1.0434e-008
4411,44.11,1.04484e-008
4412,44.12,1.04483e-008
4413,44.13,1.0435e-008
4414,44.14,1.041e-008
4415,44.15,1.03751e-008
4416,44.16,1.03322e-008
4417,44.17,1.02831e-008
4418,44.18,1.02298e-008
4419,44.19,1.01739e-008
4420,44.2,1.01174e-008
4421,44.21,1.00619e-008
4422,44.22,1.00094e-008
4423,44.23,9.96152e-009
4424,44.24,9.92009e-009
4425,44.25,9.88657e-009
4426,44.26,9.86211e-009
4427,44.27,9.84727e-009
4428,44.28,9.84196e-009
4429,44.29,9.84525e-009
4430,44.3,9.85546e-009
4431,44.31,9.87033e-009
4432,44.32,9.88735e-009
4433,44.33,9.90414e-009
4434,44.34,9.91878e-009
4435,44.35,9.93e-009
4436,44.36,9.93723e-009
4437,44.37,9.94054e-009
4438,44.38,9.94043e-009
4439,44.39,9.93766e-009
4440,44.4,9.9331e-009
4441,44.41,9.9276e-009
4442,44.42,9.92189e-009
4443,44.43,9.9166e-009
4444,44.44,9.91217e-009
4445,44.45,9.90891e-009
4446,44.46,9.907e-009
4447,44.47,9.90651e-009
4448,44.48,9.90739e-009
4449,44.49,9.90955e-009
4450,44.5,9.91284e-009
4451,44.51,9.91707e-009
4452,44.52,9.92205e-009
4453,44.53,9.92756e-009
4454,44.54,9.93342e-009
4455,44.55,9.93944e-009
4456,44.56,9.94545e-009
4457,44.57,9.9513e-009
4458,44.58,9.95688e-009
4459,44.59,9.96208e-009
4460,44.6,9.96681e-009
4461,44.61,9.97099e-009
4462,44.62,9.97455e-009
4463,44.63,9.97743e-009
4464,44.64,9.97957e-009
4465,44.65,9.98091e-009
4466,44.66,9.98138e-009
4467,44.67,9.98092e-009
4468,44.68,9.97944e-009
4469,44.69,9.97689e-009
4470,44.7,9.97316e-009
4471,44.71,9.96819e-009
4472,44.72,9.96189e-009
4473,44.73,9.95419e-009
4474,44.74,9.94504e-009
4475,44.75,9.9344e-009
4476,44.76,9.92231e-009
4477,44.77,9.90884e-009
4478,44.78,9.89417e-009
4479,44.79,9.87864e-009
4480,44.8,9.86271e-009
4481,44.81,9.84713e-009
4482,44.82,9.83292e-009
4483,44.83,9.82147e-009
4484,44.84,9.81455e-009
4485,44.85,9.81431e-009
4486,44.86,9.82311e-009
4487,44.87,9.84322e-009
4488,44.88,9.87628e-009
4489,44.89,9.92257e-009
4490,44.9,9.98025e-009
4491,44.91,1.0045e-008
4492,44.92,1.01105e-008
4493,44.93,1.01692e-008
4494,44.94,1.02144e-008
4495,44.95,1.02416e-008
4496,44.96,1.0249e-008
4497,44.97,1.02376e-008
4498,44.98,1.021e-008
4499,44.99,1.01703e-008
4500,45,1.01226e-008
4501,45.01,1.00711e-008
4502,45.02,1.00196e-008
4503,45.03,9.97125e-009
4504,45.04,9.92874e-009
4505,45.05,9.89411e-009
4506,45.06,9.86868e-009
4507,45.07,9.85308e-009
4508,45.08,9.84721e-009
4509,45.09,9.85022e-009
4510,45.1,9.86071e-009
4511,45.11,9.87683e-009
4512,45.12,9.89661e-009
4513,45.13,9.91815e-009
4514,45.14,9.93987e-009
4515,45.15,9.96066e-009
4516,45.16,9.97985e-009
4517,45.17,9.99725e-009
4518,45.18,1.0013e-008
4519,45.19,1.00274e-008
4520,45.2,1.00409e-008
4521,45.21,1.00541e-008
4522,45.22,1.00673e-008
4523,45.23,1.00809e-008
4524,45.24,1.00953e-008
4525,45.25,1.01105e-008
4526,45.26,1.01266e-008
4527,45.27,1.01436e-008
4528,45.28,1.01614e-008
4529,45.29,1.01799e-008
4530,45.3,1.0199e-008
4531,45.31,1.02184e-008
4532,45.32,1.02379e-008
4533,45.33,1.02574e-008
4534,45.34,1.02767e-008
4535,45.35,1.02957e-008
4536,45.36,1.03142e-008
4537,45.37,1.03321e-008
4538,45.38,1.03493e-008
4539,45.39,1.03658e-008
4540,45.4,1.03815e-008
4541,45.41,1.03963e-008
4542,45.42,1.04103e-008
4543,45.43,1.04232e-008
4544,45.44,1.04353e-008
4545,45.45,1.04462e-008
4546,45.46,1.04561e-008
4547,45.47,1.04649e-008
4548,45.48,1.04725e-008
4549,45.49,1.04788e-008
4550,45.5,1.04837e-008
4551,45.51,1.04873e-008
4552,45.52,1.04892e-008
4553,45.53,1.04894e-008
4554,45.54,1.04878e-008
4555,45.55,1.04842e-008
4556,45.56,1.04784e-008
4557,45.57,1.04703e-008
4558,45.58,1.04595e-008
4559,45.59,1.0446e-008
4560,45.6,1.04294e-008
4561,45.61,1.04095e-008
4562,45.62,1.03861e-008
4563,45.63,1.03591e-008
4564,45.64,1.03281e-008
4565,45.65,1.02933e-008
4566,45.66,1.02545e-008
4567,45.67,1.02119e-008
4568,45.68,1.0166e-008
4569,45.69,1.01172e-008
4570,45.7,1.00666e-008
4571,45.71,1.00153e-008
4572,45.72,9.96512e-009
4573,45.73,9.91805e-009
4574,45.74,9.87641e-009
4575,45.75,9.84257e-009
4576,45.76,9.81856e-009
4577,45.77,9.80557e-009
4578,45.78,9.80344e-009
4579,45.79,9.81035e-009
4580,45.8,9.82283e-009
4581,45.81,9.83645e-009
4582,45.82,9.84675e-009
4583,45.83,9.8503e-009
4584,45.84,9.84528e-009
4585,45.85,9.83166e-009
4586,45.86,9.81082e-009
4587,45.87,9.78499e-009
4588,45.88,9.75674e-009
4589,45.89,9.72858e-009
4590,45.9,9.7027e-009
4591,45.91,9.6809e-009
4592,45.92,9.66452e-009
4593,45.93,9.65448e-009
4594,45.94,9.65126e-009
4595,45.95,9.65499e-009
4596,45.96,9.66541e-009
4597,45.97,9.68197e-009
4598,45.98,9.70384e-009
4599,45.99,9.73001e-009
4600,46,9.75939e-009
4601,46.01,9.79089e-009
4602,46.02,9.82354e-009
4603,46.03,9.85654e-009
4604,46.04,9.88932e-009
4605,46.05,9.92155e-009
4606,46.06,9.95311e-009
4607,46.07,9.98403e-009
4608,46.08,1.00145e-008
4609,46.09,1.00447e-008
4610,46.1,1.0075e-008
4611,46.11,1.01056e-008
4612,46.12,1.01365e-008
4613,46.13,1.01681e-008
4614,46.14,1.02002e-008
4615,46.15,1.02328e-008
4616,46.16,1.02659e-008
4617,46.17,1.02991e-008
4618,46.18,1.03324e-008
4619,46.19,1.03653e-008
4620,46.2,1.03977e-008
4621,46.21,1.04293e-008
4622,46.22,1.04598e-008
4623,46.23,1.04892e-008
4624,46.24,1.05171e-008
4625,46.25,1.05436e-008
4626,46.26,1.05686e-008
4627,46.27,1.05919e-008
4628,46.28,1.06137e-008
4629,46.29,1.0634e-008
4630,46.3,1.06528e-008
4631,46.31,1.06702e-008
4632,46.32,1.06862e-008
4633,46.33,1.07009e-008
4634,46.34,1.07144e-008
4635,46.35,1.07267e-008
4636,46.36,1.07379e-008
4637,46.37,1.0748e-008
4638,46.38,1.0757e-008
4639,46.39,1.07649e-008
4640,46.4,1.07717e-008
4641,46.41,1.07773e-008
4642,46.42,1.07818e-008
4643,46.43,1.0785e-008
4644,46.44,1.07869e-008
4645,46.45,1.07872e-008
4646,46.46,1.07859e-008
4647,46.47,1.07827e-008
4648,46.48,1.07775e-008
4649,46.49,1.077e-008
4650,46.5,1.07598e-008
4651,46.51,1.07467e-008
4652,46.52,1.07303e-008
4653,46.53,1.07102e-008
4654,46.54,1.06859e-008
4655,46.55,1.0657e-008
4656,46.56,1.0623e-008
4657,46.57,1.05836e-008
4658,46.58,1.05384e-008
4659,46.59,1.04872e-008
4660,46.6,1.04299e-008
4661,46.61,1.03669e-008
4662,46.62,1.02988e-008
4663,46.63,1.02266e-008
4664,46.64,1.0152e-008
4665,46.65,1.00772e-008
4666,46.66,1.00049e-008
4667,46.67,9.93793e-009
4668,46.68,9.87916e-009
4669,46.69,9.83071e-009
4670,46.7,9.79348e-009
4671,46.71,9.76661e-009
4672,46.72,9.74756e-009
4673,46.73,9.73257e-009
4674,46.74,9.71765e-009
4675,46.75,9.69957e-009
4676,46.76,9.67659e-009
4677,46.77,9.64853e-009
4678,46.78,9.6165e-009
4679,46.79,9.58234e-009
4680,46.8,9.54816e-009
4681,46.81,9.51594e-009
4682,46.82,9.48738e-009
4683,46.83,9.46383e-009
4684,46.84,9.4463e-009
4685,46.85,9.43547e-009
4686,46.86,9.43173e-009
4687,46.87,9.43521e-009
4688,46.88,9.44574e-009
4689,46.89,9.46286e-009
4690,46.9,9.48584e-009
4691,46.91,9.51366e-009
4692,46.92,9.54509e-009
4693,46.93,9.57878e-009
4694,46.94,9.61333e-009
4695,46.95,9.64747e-009
4696,46.96,9.68008e-009
4697,46.97,9.71033e-009
4698,46.98,9.73765e-009
4699,46.99,9.76174e-009
4700,47,9.78255e-009
4701,47.01,9.80019e-009
4702,47.02,9.81489e-009
4703,47.03,9.82698e-009
4704,47.04,9.83679e-009
4705,47.05,9.84464e-009
4706,47.06,9.85083e-009
4707,47.07,9.85565e-009
4708,47.08,9.8593e-009
4709,47.09,9.86197e-009
4710,47.1,9.86379e-009
4711,47.11,9.86485e-009
4712,47.12,9.86522e-009
4713,47.13,9.86493e-009
4714,47.14,9.86399e-009
4715,47.15,9.86239e-009
4716,47.16,9.86012e-009
4717,47.17,9.85713e-009
4718,47.18,9.85342e-009
4719,47.19,9.84899e-009
4720,47.2,9.84383e-009
4721,47.21,9.83803e-009
4722,47.22,9.83169e-009
4723,47.23,9.82506e-009
4724,47.24,9.81846e-009
4725,47.25,9.81244e-009
4726,47.26,9.80773e-009
4727,47.27,9.80542e-009
4728,47.28,9.80691e-009
4729,47.29,9.81398e-009
4730,47.3,9.82881e-009
4731,47.31,9.85377e-009
4732,47.32,9.89111e-009
4733,47.33,9.9424e-009
4734,47.34,1.00078e-008
4735,47.35,1.00851e-008
4736,47.36,1.01695e-008
4737,47.37,1.02541e-008
4738,47.38,1.03307e-008
4739,47.39,1.03918e-008
4740,47.4,1.0432e-008
4741,47.41,1.0449e-008
4742,47.42,1.04431e-008
4743,47.43,1.04167e-008
4744,47.44,1.03736e-008
4745,47.45,1.03178e-008
4746,47.46,1.02538e-008
4747,47.47,1.01856e-008
4748,47.48,1.01171e-008
4749,47.49,1.00519e-008
4750,47.5,9.9928e-009
4751,47.51,9.9424e-009
4752,47.52,9.90231e-009
4753,47.53,9.87326e-009
4754,47.54,9.85503e-009
4755,47.55,9.84639e-009
4756,47.56,9.84535e-009
4757,47.57,9.84945e-009
4758,47.58,9.85624e-009
4759,47.59,9.86361e-009
4760,47.6,9.87006e-009
4761,47.61,9.87478e-009
4762,47.62,9.87762e-009
4763,47.63,9.87888e-009
4764,47.64,9.87921e-009
4765,47.65,9.87936e-009
4766,47.66,9.88013e-009
4767,47.67,9.88223e-009
4768,47.68,9.88624e-009
4769,47.69,9.89265e-009
4770,47.7,9.90175e-009
4771,47.71,9.91374e-009
4772,47.72,9.92866e-009
4773,47.73,9.94645e-009
4774,47.74,9.96695e-009
4775,47.75,9.98993e-009
4776,47.76,1.00151e-008
4777,47.77,1.00421e-008
4778,47.78,1.00705e-008
4779,47.79,1.01001e-008
4780,47.8,1.01303e-008
4781,47.81,1.0161e-008
4782,47.82,1.01917e-008
4783,47.83,1.02223e-008
4784,47.84,1.02525e-008
4785,47.85,1.02821e-008
4786,47.86,1.03109e-008
4787,47.87,1.03389e-008
4788,47.88,1.0366e-008
4789,47.89,1.03921e-008
4790,47.9,1.04172e-008
4791,47.91,1.04412e-008
4792,47.92,1.04643e-008
4793,47.93,1.04864e-008
4794,47.94,1.05075e-008
4795,47.95,1.05275e-008
4796,47.96,1.05467e-008
4797,47.97,1.05649e-008
4798,47.98,1.05822e-008
4799,47.99,1.05987e-008
4800,48,1.06142e-008
4801,48.01,1.06289e-008
4802,48.02,1.06428e-008
4803,48.03,1.06558e-008
4804,48.04,1.0668e-008
4805,48.05,1.06793e-008
4806,48.06,1.06897e-008
4807,48.07,1.06992e-008
4808,48.08,1.07078e-008
4809,48.09,1.07154e-008
4810,48.1,1.07219e-008
4811,48.11,1.07272e-008
4812,48.12,1.07314e-008
4813,48.13,1.07341e-008
4814,48.14,1.07354e-008
4815,48.15,1.0735e-008
4816,48.16,1.07327e-008
4817,48.17,1.07283e-008
4818,48.18,1.07216e-008
4819,48.19,1.07122e-008
4820,48.2,1.06999e-008
4821,48.21,1.06842e-008
4822,48.22,1.06648e-008
4823,48.23,1.06412e-008
4824,48.24,1.06131e-008
4825,48.25,1.058e-008
4826,48.26,1.05415e-008
4827,48.27,1.04973e-008
4828,48.28,1.04472e-008
4829,48.29,1.03913e-008
4830,48.3,1.03299e-008
4831,48.31,1.02636e-008
4832,48.32,1.01937e-008
4833,48.33,1.01217e-008
4834,48.34,1.00499e-008
4835,48.35,9.98105e-009
4836,48.36,9.91796e-009
4837,48.37,9.86339e-009
4838,48.38,9.81935e-009
4839,48.39,9.78652e-009
4840,48.4,9.76381e-009
4841,48.41,9.74842e-009
4842,48.42,9.73641e-009
4843,48.43,9.7237e-009
4844,48.44,9.70713e-009
4845,48.45,9.6851e-009
4846,48.46,9.65766e-009
4847,48.47,9.62611e-009
4848,48.48,9.59249e-009
4849,48.49,9.55906e-009
4850,48.5,9.52792e-009
4851,48.51,9.50086e-009
4852,48.52,9.47932e-009
4853,48.53,9.46434e-009
4854,48.54,9.4566e-009
4855,48.55,9.4565e-009
4856,48.56,9.46406e-009
4857,48.57,9.47899e-009
4858,48.58,9.50068e-009
4859,48.59,9.52814e-009
4860,48.6,9.56016e-009
4861,48.61,9.5953e-009
4862,48.62,9.63204e-009
4863,48.63,9.66895e-009
4864,48.64,9.70474e-009
4865,48.65,9.73839e-009
4866,48.66,9.76924e-009
4867,48.67,9.79689e-009
4868,48.68,9.82125e-009
4869,48.69,9.84243e-009
4870,48.7,9.86071e-009
4871,48.71,9.87643e-009
4872,48.72,9.89002e-009
4873,48.73,9.90185e-009
4874,48.74,9.91232e-009
4875,48.75,9.92173e-009
4876,48.76,9.93038e-009
4877,48.77,9.9385e-009
4878,48.78,9.94626e-009
4879,48.79,9.9538e-009
4880,48.8,9.9612e-009
4881,48.81,9.9685e-009
4882,48.82,9.97574e-009
4883,48.83,9.98289e-009
4884,48.84,9.98991e-009
4885,48.85,9.99674e-009
4886,48.86,1.00033e-008
4887,48.87,1.00094e-008
4888,48.88,1.00151e-008
4889,48.89,1.002e-008
4890,48.9,1.00242e-008
4891,48.91,1.00273e-008
4892,48.92,1.00292e-008
4893,48.93,1.00297e-008
4894,48.94,1.00285e-008
4895,48.95,1.00255e-008
4896,48.96,1.00204e-008
4897,48.97,1.00131e-008
4898,48.98,1.00033e-008
4899,48.99,9.99097e-009
4900,49,9.97595e-009
4901,49.01,9.9583e-009
4902,49.02,9.9382e-009
4903,49.03,9.91601e-009
4904,49.04,9.8924e-009
4905,49.05,9.86838e-009
4906,49.06,9.84543e-009
4907,49.07,9.82555e-009
4908,49.08,9.8113e-009
4909,49.09,9.80563e-009
4910,49.1,9.81157e-009
4911,49.11,9.8315e-009
4912,49.12,9.86619e-009
4913,49.13,9.91382e-009
4914,49.14,9.96938e-009
4915,49.15,1.00252e-008
4916,49.16,1.00728e-008
4917,49.17,1.01049e-008
4918,49.18,1.01174e-008
4919,49.19,1.01101e-008
4920,49.2,1.00858e-008
4921,49.21,1.00491e-008
4922,49.22,1.00055e-008
4923,49.23,9.96019e-009
4924,49.24,9.91777e-009
4925,49.25,9.88175e-009
4926,49.26,9.85457e-009
4927,49.27,9.83758e-009
4928,49.28,9.83107e-009
4929,49.29,9.83438e-009
4930,49.3,9.84606e-009
4931,49.31,9.86415e-009
4932,49.32,9.8865e-009
4933,49.33,9.91107e-009
4934,49.34,9.93613e-009
4935,49.35,9.96046e-009
4936,49.36,9.98334e-009
4937,49.37,1.00045e-008
4938,49.38,1.00241e-008
4939,49.39,1.00424e-008
4940,49.4,1.006e-008
4941,49.41,1.00772e-008
4942,49.42,1.00946e-008
4943,49.43,1.01124e-008
4944,49.44,1.01311e-008
4945,49.45,1.01507e-008
4946,49.46,1.01713e-008
4947,49.47,1.01929e-008
4948,49.48,1.02154e-008
4949,49.49,1.02388e-008
4950,49.5,1.02627e-008
4951,49.51,1.0287e-008
4952,49.52,1.03115e-008
4953,49.53,1.0336e-008
4954,49.54,1.03603e-008
4955,49.55,1.03843e-008
4956,49.56,1.04079e-008
4957,49.57,1.04308e-008
4958,49.58,1.04532e-008
4959,49.59,1.04748e-008
4960,49.6,1.04957e-008
4961,49.61,1.05158e-008
4962,49.62,1.05352e-008
4963,49.63,1.05538e-008
4964,49.64,1.05717e-008
4965,49.65,1.05889e-008
4966,49.66,1.06055e-008
4967,49.67,1.06213e-008
4968,49.68,1.06366e-008
4969,49.69,1.06512e-008
4970,49.7,1.06652e-008
4971,49.71,1.06787e-008
4972,49.72,1.06916e-008
4973,49.73,1.0704e-008
4974,49.74,1.07159e-008
4975,49.75,1.07272e-008
4976,49.76,1.0738e-008
4977,49.77,1.07483e-008
4978,49.78,1.0758e-008
4979,49.79,1.07672e-008
4980,49.8,1.07758e-008
4981,49.81,1.07838e-008
4982,49.82,1.07911e-008
4983,49.83,1.07978e-008
4984,49.84,1.08036e-008
4985,49.85,1.08087e-008
4986,49.86,1.08128e-008
4987,49.87,1.08159e-008
4988,49.88,1.08178e-008
4989,49.89,1.08184e-008
4990,49.9,1.08176e-008
4991,49.91,1.08151e-008
4992,49.92,1.08106e-008
4993,49.93,1.0804e-008
4994,49.94,1.07948e-008
4995,49.95,1.07828e-008
4996,49.96,1.07675e-008
4997,49.97,1.07485e-008
4998,49.98,1.07254e-008
4999,49.99,1.06975e-008
5000,50,1.06645e-008
5001,50.01,1.06257e-008
5002,50.02,1.05808e-008
5003,50.03,1.05295e-008
5004,50.04,1.04716e-008
5005,50.05,1.04074e-008
5006,50.06,1.03372e-008
5007,50.07,1.02622e-008
5008,50.08,1.01839e-008
5009,50.09,1.01047e-008
5010,50.1,1.00272e-008
5011,50.11,9.95453e-009
5012,50.12,9.88974e-009
5013,50.13,9.83514e-009
5014,50.14,9.79178e-009
5015,50.15,9.75889e-009
5016,50.16,9.73392e-009
5017,50.17,9.71309e-009
5018,50.18,9.69242e-009
5019,50.19,9.6688e-009
5020,50.2,9.64064e-009
5021,50.21,9.60797e-009
5022,50.22,9.57204e-009
5023,50.23,9.53479e-009
5024,50.24,9.49833e-009
5025,50.25,9.4646e-009
5026,50.26,9.43524e-009
5027,50.27,9.41151e-009
5028,50.28,9.39435e-009
5029,50.29,9.3844e-009
5030,50.3,9.38204e-009
5031,50.31,9.38738e-009
5032,50.32,9.40027e-009
5033,50.33,9.42024e-009
5034,50.34,9.44652e-009
5035,50.35,9.478e-009
5036,50.36,9.51336e-009
5037,50.37,9.55104e-009
5038,50.38,9.58951e-009
5039,50.39,9.62725e-009
5040,50.4,9.66303e-009
5041,50.41,9.69586e-009
5042,50.42,9.7251e-009
5043,50.43,9.75042e-009
5044,50.44,9.77177e-009
5045,50.45,9.78932e-009
5046,50.46,9.80333e-009
5047,50.47,9.81417e-009
5048,50.48,9.82225e-009
5049,50.49,9.82795e-009
5050,50.5,9.8316e-009
5051,50.51,9.83353e-009
5052,50.52,9.834e-009
5053,50.53,9.83325e-009
5054,50.54,9.83146e-009
5055,50.55,9.82881e-009
5056,50.56,9.82547e-009
5057,50.57,9.8216e-009
5058,50.58,9.81742e-009
5059,50.59,9.81315e-009
5060,50.6,9.80912e-009
5061,50.61,9.80576e-009
5062,50.62,9.80361e-009
5063,50.63,9.80343e-009
5064,50.64,9.80616e-009
5065,50.65,9.81299e-009
5066,50.66,9.82535e-009
5067,50.67,9.84486e-009
5068,50.68,9.8732e-009
5069,50.69,9.91187e-009
5070,50.7,9.96182e-009
5071,50.71,1.0023e-008
5072,50.72,1.00938e-008
5073,50.73,1.0171e-008
5074,50.74,1.02499e-008
5075,50.75,1.03247e-008
5076,50.76,1.03899e-008
5077,50.77,1.04408e-008
5078,50.78,1.04746e-008
5079,50.79,1.04901e-008
5080,50.8,1.04877e-008
5081,50.81,1.04691e-008
5082,50.82,1.04364e-008
5083,50.83,1.03921e-008
5084,50.84,1.03389e-008
5085,50.85,1.02793e-008
5086,50.86,1.0216e-008
5087,50.87,1.01513e-008
5088,50.88,1.00878e-008
5089,50.89,1.00279e-008
5090,50.9,9.97371e-009
5091,50.91,9.92733e-009
5092,50.92,9.8903e-009
5093,50.93,9.86351e-009
5094,50.94,9.84708e-009
5095,50.95,9.8402e-009
5096,50.96,9.8412e-009
5097,50.97,9.84776e-009
5098,50.98,9.85729e-009
5099,50.99,9.86735e-009
5100,51,9.876e-009
5101,51.01,9.88198e-009
5102,51.02,9.88483e-009
5103,51.03,9.88465e-009
5104,51.04,9.88203e-009
5105,51.05,9.87779e-009
5106,51.06,9.87284e-009
5107,51.07,9.86802e-009
5108,51.08,9.8641e-009
5109,51.09,9.86169e-009
5110,51.1,9.86123e-009
5111,51.11,9.86301e-009
5112,51.12,9.8672e-009
5113,51.13,9.87383e-009
5114,51.14,9.88285e-009
5115,51.15,9.89411e-009
5116,51.16,9.90743e-009
5117,51.17,9.92257e-009
5118,51.18,9.93928e-009
5119,51.19,9.9573e-009
5120,51.2,9.97637e-009
5121,51.21,9.99628e-009
5122,51.22,1.00168e-008
5123,51.23,1.00377e-008
5124,51.24,1.0059e-008
5125,51.25,1.00804e-008
5126,51.26,1.01018e-008
5127,51.27,1.01232e-008
5128,51.28,1.01445e-008
5129,51.29,1.01655e-008
5130,51.3,1.01864e-008
5131,51.31,1.02069e-008
5132,51.32,1.0227e-008
5133,51.33,1.02466e-008
5134,51.34,1.02657e-008
5135,51.35,1.02842e-008
5136,51.36,1.0302e-008
5137,51.37,1.0319e-008
5138,51.38,1.0335e-008
5139,51.39,1.035e-008
5140,51.4,1.03639e-008
5141,51.41,1.03765e-008
5142,51.42,1.03878e-008
5143,51.43,1.03975e-008
5144,51.44,1.04056e-008
5145,51.45,1.04118e-008
5146,51.46,1.04161e-008
5147,51.47,1.04182e-008
5148,51.48,1.0418e-008
5149,51.49,1.04153e-008
5150,51.5,1.04098e-008
5151,51.51,1.04013e-008
5152,51.52,1.03895e-008
5153,51.53,1.03744e-008
5154,51.54,1.03555e-008
5155,51.55,1.03326e-008
5156,51.56,1.03057e-008
5157,51.57,1.02745e-008
5158,51.58,1.02391e-008
5159,51.59,1.01994e-008
5160,51.6,1.01559e-008
5161,51.61,1.01091e-008
5162,51.62,1.00599e-008
5163,51.63,1.00095e-008
5164,51.64,9.95961e-009
5165,51.65,9.91244e-009
5166,51.66,9.87044e-009
5167,51.67,9.83617e-009
5168,51.68,9.8119e-009
5169,51.69,9.79898e-009
5170,51.7,9.79732e-009
5171,51.71,9.80492e-009
5172,51.72,9.81799e-009
5173,51.73,9.83165e-009
5174,51.74,9.8411e-009
5175,51.75,9.84279e-009
5176,51.76,9.83508e-009
5177,51.77,9.81833e-009
5178,51.78,9.79442e-009
5179,51.79,9.7661e-009
5180,51.8,9.73638e-009
5181,51.81,9.70809e-009
5182,51.82,9.68366e-009
5183,51.83,9.66498e-009
5184,51.84,9.65342e-009
5185,51.85,9.6498e-009
5186,51.86,9.6544e-009
5187,51.87,9.667e-009
5188,51.88,9.68692e-009
5189,51.89,9.7131e-009
5190,51.9,9.74418e-009
5191,51.91,9.77866e-009
5192,51.92,9.81506e-009
5193,51.93,9.85205e-009
5194,51.94,9.88855e-009
5195,51.95,9.92383e-009
5196,51.96,9.95746e-009
5197,51.97,9.98935e-009
5198,51.98,1.00196e-008
5199,51.99,1.00485e-008
5200,52,1.00763e-008
5201,52.01,1.01035e-008
5202,52.02,1.01304e-008
5203,52.03,1.01573e-008
5204,52.04,1.01844e-008
5205,52.05,1.02118e-008
5206,52.06,1.02397e-008
5207,52.07,1.02679e-008
5208,52.08,1.02964e-008
5209,52.09,1.0325e-008
5210,52.1,1.03536e-008
5211,52.11,1.03821e-008
5212,52.12,1.04102e-008
5213,52.13,1.04377e-008
5214,52.14,1.04646e-008
5215,52.15,1.04906e-008
5216,52.16,1.05158e-008
5217,52.17,1.05399e-008
5218,52.18,1.0563e-008
5219,52.19,1.0585e-008
5220,52.2,1.0606e-008
5221,52.21,1.06259e-008
5222,52.22,1.06448e-008
5223,52.23,1.06627e-008
5224,52.24,1.06797e-008
5225,52.25,1.06959e-008
5226,52.26,1.07112e-008
5227,52.27,1.07258e-008
5228,52.28,1.07397e-008
5229,52.29,1.0753e-008
5230,52.3,1.07656e-008
5231,52.31,1.07776e-008
5232,52.32,1.07892e-008
5233,52.33,1.08002e-008
5234,52.34,1.08108e-008
5235,52.35,1.0821e-008
5236,52.36,1.08307e-008
5237,52.37,1.08401e-008
5238,52.38,1.0849e-008
5239,52.39,1.08576e-008
5240,52.4,1.08658e-008
5241,52.41,1.08736e-008
5242,52.42,1.0881e-008
5243,52.43,1.08881e-008
5244,52.44,1.08947e-008
5245,52.45,1.09009e-008
5246,52.46,1.09066e-008
5247,52.47,1.09118e-008
5248,52.48,1.09164e-008
5249,52.49,1.09204e-008
5250,52.5,1.09237e-008
5251,52.51,1.09261e-008
5252,52.52,1.09277e-008
5253,52.53,1.09281e-008
5254,52.54,1.09274e-008
5255,52.55,1.09252e-008
5256,52.56,1.09213e-008
5257,52.57,1.09155e-008
5258,52.58,1.09074e-008
5259,52.59,1.08967e-008
5260,52.6,1.08828e-008
5261,52.61,1.08654e-008
5262,52.62,1.08437e-008
5263,52.63,1.08174e-008
5264,52.64,1.07856e-008
5265,52.65,1.07477e-008
5266,52.66,1.0703e-008
5267,52.67,1.0651e-008
5268,52.68,1.05914e-008
5269,52.69,1.05238e-008
5270,52.7,1.04487e-008
5271,52.71,1.03667e-008
5272,52.72,1.02795e-008
5273,52.73,1.01891e-008
5274,52.74,1.00986e-008
5275,52.75,1.00113e-008
5276,52.76,9.93078e-009
5277,52.77,9.8599e-009
5278,52.78,9.80015e-009
5279,52.79,9.75116e-009
5280,52.8,9.71055e-009
5281,52.81,9.67468e-009
5282,52.82,9.6397e-009
5283,52.83,9.60272e-009
5284,52.84,9.56244e-009
5285,52.85,9.51915e-009
5286,52.86,9.47426e-009
5287,52.87,9.42967e-009
5288,52.88,9.38732e-009
5289,52.89,9.34888e-009
5290,52.9,9.31564e-009
5291,52.91,9.28857e-009
5292,52.92,9.26831e-009
5293,52.93,9.25533e-009
5294,52.94,9.24994e-009
5295,52.95,9.25232e-009
5296,52.96,9.26251e-009
5297,52.97,9.28031e-009
5298,52.98,9.30532e-009
5299,52.99,9.33678e-009
5300,53,9.37361e-009
5301,53.01,9.4144e-009
5302,53.02,9.45752e-009
5303,53.03,9.50123e-009
5304,53.04,9.54385e-009
5305,53.05,9.58392e-009
5306,53.06,9.62033e-009
5307,53.07,9.65234e-009
5308,53.08,9.67961e-009
5309,53.09,9.70214e-009
5310,53.1,9.72022e-009
5311,53.11,9.7343e-009
5312,53.12,9.74501e-009
5313,53.13,9.75304e-009
5314,53.14,9.75911e-009
5315,53.15,9.764e-009
5316,53.16,9.76853e-009
5317,53.17,9.77357e-009
5318,53.18,9.78004e-009
5319,53.19,9.78897e-009
5320,53.2,9.80144e-009
5321,53.21,9.81859e-009
5322,53.22,9.84158e-009
5323,53.23,9.87143e-009
5324,53.24,9.90891e-009
5325,53.25,9.95432e-009
5326,53.26,1.00073e-008
5327,53.27,1.00665e-008
5328,53.28,1.01299e-008
5329,53.29,1.01945e-008
5330,53.3,1.02569e-008
5331,53.31,1.03139e-008
5332,53.32,1.03625e-008
5333,53.33,1.04007e-008
5334,53.34,1.04271e-008
5335,53.35,1.04416e-008
5336,53.36,1.04444e-008
5337,53.37,1.04363e-008
5338,53.38,1.04186e-008
5339,53.39,1.03925e-008
5340,53.4,1.03591e-008
5341,53.41,1.03198e-008
5342,53.42,1.02758e-008
5343,53.43,1.02282e-008
5344,53.44,1.01782e-008
5345,53.45,1.0127e-008
5346,53.46,1.00759e-008
5347,53.47,1.00264e-008
5348,53.48,9.97974e-009
5349,53.49,9.93758e-009
5350,53.5,9.90141e-009
5351,53.51,9.87264e-009
5352,53.52,9.85241e-009
5353,53.53,9.84143e-009
5354,53.54,9.83977e-009
5355,53.55,9.84669e-009
5356,53.56,9.86065e-009
5357,53.57,9.87942e-009
5358,53.58,9.90039e-009
5359,53.59,9.92095e-009
5360,53.6,9.93886e-009
5361,53.61,9.95256e-009
5362,53.62,9.96126e-009
5363,53.63,9.96487e-009
5364,53.64,9.96385e-009
5365,53.65,9.959e-009
5366,53.66,9.95129e-009
5367,53.67,9.94168e-009
5368,53.68,9.93106e-009
5369,53.69,9.92016e-009
5370,53.7,9.90957e-009
5371,53.71,9.89969e-009
5372,53.72,9.89079e-009
5373,53.73,9.88301e-009
5374,53.74,9.87638e-009
5375,53.75,9.87086e-009
5376,53.76,9.86633e-009
5377,53.77,9.86264e-009
5378,53.78,9.85962e-009
5379,53.79,9.85707e-009
5380,53.8,9.85481e-009
5381,53.81,9.85268e-009
5382,53.82,9.85051e-009
5383,53.83,9.84816e-009
5384,53.84,9.84556e-009
5385,53.85,9.84261e-009
5386,53.86,9.8393e-009
5387,53.87,9.83563e-009
5388,53.88,9.83163e-009
5389,53.89,9.82741e-009
5390,53.9,9.82313e-009
5391,53.91,9.81901e-009
5392,53.92,9.81537e-009
5393,53.93,9.81261e-009
5394,53.94,9.81131e-009
5395,53.95,9.81212e-009
5396,53.96,9.81592e-009
5397,53.97,9.82374e-009
5398,53.98,9.83674e-009
5399,53.99,9.85622e-009
5400,54,9.8834e-009
5401,54.01,9.91934e-009
5402,54.02,9.96456e-009
5403,54.03,1.00188e-008
5404,54.04,1.00809e-008
5405,54.05,1.01482e-008
5406,54.06,1.02172e-008
5407,54.07,1.02837e-008
5408,54.08,1.03435e-008
5409,54.09,1.0393e-008
5410,54.1,1.04297e-008
5411,54.11,1.04521e-008
5412,54.12,1.04602e-008
5413,54.13,1.04546e-008
5414,54.14,1.04366e-008
5415,54.15,1.04079e-008
5416,54.16,1.03701e-008
5417,54.17,1.03251e-008
5418,54.18,1.02747e-008
5419,54.19,1.02204e-008
5420,54.2,1.01641e-008
5421,54.21,1.01075e-008
5422,54.22,1.00522e-008
5423,54.23,1.00003e-008
5424,54.24,9.95328e-009
5425,54.25,9.91299e-009
5426,54.26,9.88085e-009
5427,54.27,9.85793e-009
5428,54.28,9.84472e-009
5429,54.29,9.84096e-009
5430,54.3,9.84554e-009
5431,54.31,9.85666e-009
5432,54.32,9.8719e-009
5433,54.33,9.8887e-009
5434,54.34,9.90472e-009
5435,54.35,9.91811e-009
5436,54.36,9.92776e-009
5437,54.37,9.93326e-009
5438,54.38,9.93479e-009
5439,54.39,9.93296e-009
5440,54.4,9.92863e-009
5441,54.41,9.92267e-009
5442,54.42,9.91597e-009
5443,54.43,9.90925e-009
5444,54.44,9.90311e-009
5445,54.45,9.89799e-009
5446,54.46,9.89417e-009
5447,54.47,9.89179e-009
5448,54.48,9.8909e-009
5449,54.49,9.89146e-009
5450,54.5,9.89332e-009
5451,54.51,9.89633e-009
5452,54.52,9.9003e-009
5453,54.53,9.905e-009
5454,54.54,9.91022e-009
5455,54.55,9.91577e-009
5456,54.56,9.92145e-009
5457,54.57,9.9271e-009
5458,54.58,9.93256e-009
5459,54.59,9.93772e-009
5460,54.6,9.94247e-009
5461,54.61,9.94672e-009
5462,54.62,9.9504e-009
5463,54.63,9.95344e-009
5464,54.64,9.95579e-009
5465,54.65,9.95738e-009
5466,54.66,9.95817e-009
5467,54.67,9.95809e-009
5468,54.68,9.95709e-009
5469,54.69,9.95509e-009
5470,54.7,9.95204e-009
5471,54.71,9.94785e-009
5472,54.72,9.94247e-009
5473,54.73,9.93582e-009
5474,54.74,9.92788e-009
5475,54.75,9.9186e-009
5476,54.76,9.90802e-009
5477,54.77,9.8962e-009
5478,54.78,9.88331e-009
5479,54.79,9.86963e-009
5480,54.8,9.85561e-009
5481,54.81,9.84189e-009
5482,54.82,9.82943e-009
5483,54.83,9.81948e-009
5484,54.84,9.8137e-009
5485,54.85,9.81412e-009
5486,54.86,9.82303e-009
5487,54.87,9.84276e-009
5488,54.88,9.87516e-009
5489,54.89,9.92095e-009
5490,54.9,9.97895e-009
5491,54.91,1.00455e-008
5492,54.92,1.01148e-008
5493,54.93,1.01794e-008
5494,54.94,1.02321e-008
5495,54.95,1.02676e-008
5496,54.96,1.0283e-008
5497,54.97,1.02784e-008
5498,54.98,1.0256e-008
5499,54.99,1.02193e-008
5500,55,1.01726e-008
5501,55.01,1.012e-008
5502,55.02,1.00654e-008
5503,55.03,1.00125e-008
5504,55.04,9.96403e-009
5505,55.05,9.92253e-009
5506,55.06,9.88971e-009
5507,55.07,9.86663e-009
5508,55.08,9.85359e-009
5509,55.09,9.85013e-009
5510,55.1,9.8551e-009
5511,55.11,9.86679e-009
5512,55.12,9.88317e-009
5513,55.13,9.90221e-009
5514,55.14,9.92209e-009
5515,55.15,9.94142e-009
5516,55.16,9.95931e-009
5517,55.17,9.97536e-009
5518,55.18,9.9896e-009
5519,55.19,1.00023e-008
5520,55.2,1.0014e-008
5521,55.21,1.00252e-008
5522,55.22,1.00363e-008
5523,55.23,1.0048e-008
5524,55.24,1.00604e-008
5525,55.25,1.00738e-008
5526,55.26,1.00883e-008
5527,55.27,1.0104e-008
5528,55.28,1.01209e-008
5529,55.29,1.01387e-008
5530,55.3,1.01574e-008
5531,55.31,1.01768e-008
5532,55.32,1.01966e-008
5533,55.33,1.02166e-008
5534,55.34,1.02367e-008
5535,55.35,1.02567e-008
5536,55.36,1.02764e-008
5537,55.37,1.02956e-008
5538,55.38,1.03143e-008
5539,55.39,1.03324e-008
5540,55.4,1.03498e-008
5541,55.41,1.03664e-008
5542,55.42,1.03822e-008
5543,55.43,1.03971e-008
5544,55.44,1.04111e-008
5545,55.45,1.04242e-008
5546,55.46,1.04362e-008
5547,55.47,1.04472e-008
5548,55.48,1.04571e-008
5549,55.49,1.04659e-008
5550,55.5,1.04735e-008
5551,55.51,1.04797e-008
5552,55.52,1.04845e-008
5553,55.53,1.04878e-008
5554,55.54,1.04895e-008
5555,55.55,1.04895e-008
5556,55.56,1.04875e-008
5557,55.57,1.04834e-008
5558,55.58,1.0477e-008
5559,55.59,1.04681e-008
5560,55.6,1.04566e-008
5561,55.61,1.04421e-008
5562,55.62,1.04244e-008
5563,55.63,1.04033e-008
5564,55.64,1.03786e-008
5565,55.65,1.035e-008
5566,55.66,1.03175e-008
5567,55.67,1.0281e-008
5568,55.68,1.02406e-008
5569,55.69,1.01964e-008
5570,55.7,1.01489e-008
5571,55.71,1.00989e-008
5572,55.72,1.00474e-008
5573,55.73,9.99591e-009
5574,55.74,9.94624e-009
5575,55.75,9.90062e-009
5576,55.76,9.86143e-009
5577,55.77,9.83098e-009
5578,55.78,9.81103e-009
5579,55.79,9.80225e-009
5580,55.8,9.80378e-009
5581,55.81,9.81302e-009
5582,55.82,9.82596e-009
5583,55.83,9.838e-009
5584,55.84,9.84502e-009
5585,55.85,9.84426e-009
5586,55.86,9.83474e-009
5587,55.87,9.81716e-009
5588,55.88,9.79338e-009
5589,55.89,9.76586e-009
5590,55.9,9.73724e-009
5591,55.91,9.7099e-009
5592,55.92,9.68585e-009
5593,55.93,9.66672e-009
5594,55.94,9.65361e-009
5595,55.95,9.64727e-009
5596,55.96,9.64799e-009
5597,55.97,9.65567e-009
5598,55.98,9.6699e-009
5599,55.99,9.68993e-009
5600,56,9.71481e-009
5601,56.01,9.74343e-009
5602,56.02,9.77465e-009
5603,56.03,9.80739e-009
5604,56.04,9.84073e-009
5605,56.05,9.87397e-009
5606,56.06,9.90666e-009
5607,56.07,9.93856e-009
5608,56.08,9.96966e-009
5609,56.09,1.00001e-008
5610,56.1,1.00301e-008
5611,56.11,1.00599e-008
5612,56.12,1.00898e-008
5613,56.13,1.012e-008
5614,56.14,1.01506e-008
5615,56.15,1.01819e-008
5616,56.16,1.02137e-008
5617,56.17,1.02461e-008
5618,56.18,1.02788e-008
5619,56.19,1.03116e-008
5620,56.2,1.03444e-008
5621,56.21,1.03768e-008
5622,56.22,1.04087e-008
5623,56.23,1.04397e-008
5624,56.24,1.04697e-008
5625,56.25,1.04985e-008
5626,56.26,1.05259e-008
5627,56.27,1.0552e-008
5628,56.28,1.05765e-008
5629,56.29,1.05995e-008
5630,56.3,1.06211e-008
5631,56.31,1.06411e-008
5632,56.32,1.06598e-008
5633,56.33,1.06772e-008
5634,56.34,1.06933e-008
5635,56.35,1.07082e-008
5636,56.36,1.07219e-008
5637,56.37,1.07346e-008
5638,56.38,1.07462e-008
5639,56.39,1.07569e-008
5640,56.4,1.07665e-008
5641,56.41,1.07753e-008
5642,56.42,1.0783e-008
5643,56.43,1.07897e-008
5644,56.44,1.07955e-008
5645,56.45,1.08001e-008
5646,56.46,1.08036e-008
5647,56.47,1.08058e-008
5648,56.48,1.08067e-008
5649,56.49,1.0806e-008
5650,56.5,1.08036e-008
5651,56.51,1.07993e-008
5652,56.52,1.07927e-008
5653,56.53,1.07837e-008
5654,56.54,1.07719e-008
5655,56.55,1.07569e-008
5656,56.56,1.07383e-008
5657,56.57,1.07157e-008
5658,56.58,1.06886e-008
5659,56.59,1.06565e-008
5660,56.6,1.06189e-008
5661,56.61,1.05756e-008
5662,56.62,1.0526e-008
5663,56.63,1.04702e-008
5664,56.64,1.04082e-008
5665,56.65,1.03405e-008
5666,56.66,1.0268e-008
5667,56.67,1.01922e-008
5668,56.68,1.0115e-008
5669,56.69,1.00392e-008
5670,56.7,9.96753e-009
5671,56.71,9.90307e-009
5672,56.72,9.8483e-009
5673,56.73,9.80463e-009
5674,56.74,9.77183e-009
5675,56.75,9.74786e-009
5676,56.76,9.72927e-009
5677,56.77,9.71203e-009
5678,56.78,9.69262e-009
5679,56.79,9.66886e-009
5680,56.8,9.64017e-009
5681,56.81,9.60736e-009
5682,56.82,9.57217e-009
5683,56.83,9.53664e-009
5684,56.84,9.50278e-009
5685,56.85,9.47237e-009
5686,56.86,9.44682e-009
5687,56.87,9.42719e-009
5688,56.88,9.41422e-009
5689,56.89,9.40839e-009
5690,56.9,9.40992e-009
5691,56.91,9.41871e-009
5692,56.92,9.43443e-009
5693,56.93,9.45643e-009
5694,56.94,9.48377e-009
5695,56.95,9.51527e-009
5696,56.96,9.54958e-009
5697,56.97,9.58522e-009
5698,56.98,9.62083e-009
5699,56.99,9.65515e-009
5700,57,9.68719e-009
5701,57.01,9.71623e-009
5702,57.02,9.74188e-009
5703,57.03,9.76397e-009
5704,57.04,9.78256e-009
5705,57.05,9.79785e-009
5706,57.06,9.81015e-009
5707,57.07,9.8198e-009
5708,57.08,9.82714e-009
5709,57.09,9.8325e-009
5710,57.1,9.83617e-009
5711,57.11,9.8384e-009
5712,57.12,9.83941e-009
5713,57.13,9.83936e-009
5714,57.14,9.83838e-009
5715,57.15,9.83658e-009
5716,57.16,9.83407e-009
5717,57.17,9.83091e-009
5718,57.18,9.82721e-009
5719,57.19,9.82307e-009
5720,57.2,9.81868e-009
5721,57.21,9.81422e-009
5722,57.22,9.81001e-009
5723,57.23,9.8065e-009
5724,57.24,9.80427e-009
5725,57.25,9.80411e-009
5726,57.26,9.80709e-009
5727,57.27,9.81453e-009
5728,57.28,9.82803e-009
5729,57.29,9.84942e-009
5730,57.3,9.88058e-009
5731,57.31,9.92312e-009
5732,57.32,9.97797e-009
5733,57.33,1.00447e-008
5734,57.34,1.01213e-008
5735,57.35,1.02034e-008
5736,57.36,1.02854e-008
5737,57.37,1.03608e-008
5738,57.38,1.04235e-008
5739,57.39,1.0469e-008
5740,57.4,1.04949e-008
5741,57.41,1.05007e-008
5742,57.42,1.04878e-008
5743,57.43,1.04582e-008
5744,57.44,1.04149e-008
5745,57.45,1.03609e-008
5746,57.46,1.02993e-008
5747,57.47,1.0233e-008
5748,57.48,1.01651e-008
5749,57.49,1.00982e-008
5750,57.5,1.00352e-008
5751,57.51,9.97849e-009
5752,57.52,9.93016e-009
5753,57.53,9.89175e-009
5754,57.54,9.86404e-009
5755,57.55,9.84686e-009
5756,57.56,9.83909e-009
5757,57.57,9.83878e-009
5758,57.58,9.84342e-009
5759,57.59,9.85043e-009
5760,57.6,9.8575e-009
5761,57.61,9.86297e-009
5762,57.62,9.86591e-009
5763,57.63,9.86612e-009
5764,57.64,9.86395e-009
5765,57.65,9.86009e-009
5766,57.66,9.85542e-009
5767,57.67,9.85084e-009
5768,57.68,9.84716e-009
5769,57.69,9.84508e-009
5770,57.7,9.84513e-009
5771,57.71,9.84771e-009
5772,57.72,9.85306e-009
5773,57.73,9.86128e-009
5774,57.74,9.87237e-009
5775,57.75,9.88624e-009
5776,57.76,9.9027e-009
5777,57.77,9.92154e-009
5778,57.78,9.94245e-009
5779,57.79,9.96517e-009
5780,57.8,9.98937e-009
5781,57.81,1.00148e-008
5782,57.82,1.00411e-008
5783,57.83,1.0068e-008
5784,57.84,1.00954e-008
5785,57.85,1.0123e-008
5786,57.86,1.01507e-008
5787,57.87,1.01782e-008
5788,57.88,1.02055e-008
5789,57.89,1.02324e-008
5790,57.9,1.02589e-008
5791,57.91,1.02849e-008
5792,57.92,1.03102e-008
5793,57.93,1.03349e-008
5794,57.94,1.03588e-008
5795,57.95,1.03819e-008
5796,57.96,1.04041e-008
5797,57.97,1.04254e-008
5798,57.98,1.04457e-008
5799,57.99,1.0465e-008
5800,58,1.04833e-008
5801,58.01,1.05004e-008
5802,58.02,1.05163e-008
5803,58.03,1.05311e-008
5804,58.04,1.05446e-008
5805,58.05,1.05567e-008
5806,58.06,1.05675e-008
5807,58.07,1.05768e-008
5808,58.08,1.05846e-008
5809,58.09,1.05907e-008
5810,58.1,1.0595e-008
5811,58.11,1.05975e-008
5812,58.12,1.05979e-008
5813,58.13,1.0596e-008
5814,58.14,1.05917e-008
5815,58.15,1.05847e-008
5816,58.16,1.05748e-008
5817,58.17,1.05616e-008
5818,58.18,1.05449e-008
5819,58.19,1.05243e-008
5820,58.2,1.04996e-008
5821,58.21,1.04703e-008
5822,58.22,1.04362e-008
5823,58.23,1.03972e-008
5824,58.24,1.03531e-008
5825,58.25,1.03041e-008
5826,58.26,1.02504e-008
5827,58.27,1.01927e-008
5828,58.28,1.01321e-008
5829,58.29,1.007e-008
5830,58.3,1.00083e-008
5831,58.31,9.9496e-009
5832,58.32,9.8964e-009
5833,58.33,9.85139e-009
5834,58.34,9.81662e-009
5835,58.35,9.79308e-009
5836,58.36,9.78011e-009
5837,58.37,9.77526e-009
5838,58.38,9.77464e-009
5839,58.39,9.77385e-009
5840,58.4,9.76901e-009
5841,58.41,9.75771e-009
5842,58.42,9.73928e-009
5843,58.43,9.71466e-009
5844,58.44,9.68583e-009
5845,58.45,9.65525e-009
5846,58.46,9.62541e-009
5847,58.47,9.59854e-009
5848,58.48,9.57642e-009
5849,58.49,9.5605e-009
5850,58.5,9.5517e-009
5851,58.51,9.55056e-009
5852,58.52,9.55718e-009
5853,58.53,9.57131e-009
5854,58.54,9.59227e-009
5855,58.55,9.61908e-009
5856,58.56,9.65045e-009
5857,58.57,9.68496e-009
5858,58.58,9.72116e-009
5859,58.59,9.75772e-009
5860,58.6,9.79352e-009
5861,58.61,9.82772e-009
5862,58.62,9.85984e-009
5863,58.63,9.88965e-009
5864,58.64,9.91721e-009
5865,58.65,9.94276e-009
5866,58.66,9.96666e-009
5867,58.67,9.98934e-009
5868,58.68,1.00112e-008
5869,58.69,1.00327e-008
5870,58.7,1.00543e-008
5871,58.71,1.00761e-008
5872,58.72,1.00984e-008
5873,58.73,1.01215e-008
5874,58.74,1.01454e-008
5875,58.75,1.017e-008
5876,58.76,1.01955e-008
5877,58.77,1.02217e-008
5878,58.78,1.02485e-008
5879,58.79,1.02757e-008
5880,58.8,1.03031e-008
5881,58.81,1.03305e-008
5882,58.82,1.03578e-008
5883,58.83,1.03846e-008
5884,58.84,1.04109e-008
5885,58.85,1.04364e-008
5886,58.86,1.04609e-008
5887,58.87,1.04844e-008
5888,58.88,1.05067e-008
5889,58.89,1.05278e-008
5890,58.9,1.05474e-008
5891,58.91,1.05657e-008
5892,58.92,1.05824e-008
5893,58.93,1.05977e-008
5894,58.94,1.06114e-008
5895,58.95,1.06235e-008
5896,58.96,1.06339e-008
5897,58.97,1.06426e-008
5898,58.98,1.06495e-008
5899,58.99,1.06544e-008
5900,59,1.06573e-008
5901,59.01,1.06581e-008
5902,59.02,1.06564e-008
5903,59.03,1.06522e-008
5904,59.04,1.06451e-008
5905,59.05,1.06349e-008
5906,59.06,1.06212e-008
5907,59.07,1.06038e-008
5908,59.08,1.05821e-008
5909,59.09,1.0556e-008
5910,59.1,1.05249e-008
5911,59.11,1.04885e-008
5912,59.12,1.04467e-008
5913,59.13,1.03991e-008
5914,59.14,1.03461e-008
5915,59.15,1.02878e-008
5916,59.16,1.02249e-008
5917,59.17,1.01587e-008
5918,59.18,1.00908e-008
5919,59.19,1.00233e-008
5920,59.2,9.95888e-009
5921,59.21,9.90044e-009
5922,59.22,9.85065e-009
5923,59.23,9.81149e-009
5924,59.24,9.78356e-009
5925,59.25,9.76571e-009
5926,59.26,9.75503e-009
5927,59.27,9.7474e-009
5928,59.28,9.73859e-009
5929,59.29,9.72531e-009
5930,59.3,9.7059e-009
5931,59.31,9.68045e-009
5932,59.32,9.65038e-009
5933,59.33,9.61792e-009
5934,59.34,9.58551e-009
5935,59.35,9.55547e-009
5936,59.36,9.52977e-009
5937,59.37,9.50997e-009
5938,59.38,9.49722e-009
5939,59.39,9.49226e-009
5940,59.4,9.49544e-009
5941,59.41,9.50672e-009
5942,59.42,9.52565e-009
5943,59.43,9.5514e-009
5944,59.44,9.58278e-009
5945,59.45,9.61834e-009
5946,59.46,9.65646e-009
5947,59.47,9.69555e-009
5948,59.48,9.73414e-009
5949,59.49,9.77105e-009
5950,59.5,9.80544e-009
5951,59.51,9.83681e-009
5952,59.52,9.865e-009
5953,59.53,9.89011e-009
5954,59.54,9.91242e-009
5955,59.55,9.93234e-009
5956,59.56,9.95033e-009
5957,59.57,9.96684e-009
5958,59.58,9.98233e-009
5959,59.59,9.99717e-009
5960,59.6,1.00117e-008
5961,59.61,1.00262e-008
5962,59.62,1.00408e-008
5963,59.63,1.00557e-008
5964,59.64,1.00711e-008
5965,59.65,1.00869e-008
5966,59.66,1.01031e-008
5967,59.67,1.01198e-008
5968,59.68,1.01369e-008
5969,59.69,1.01542e-008
5970,59.7,1.01716e-008
5971,59.71,1.0189e-008
5972,59.72,1.02062e-008
5973,59.73,1.02231e-008
5974,59.74,1.02394e-008
5975,59.75,1.0255e-008
5976,59.76,1.02697e-008
5977,59.77,1.02831e-008
5978,59.78,1.02952e-008
5979,59.79,1.03057e-008
5980,59.8,1.03144e-008
5981,59.81,1.03211e-008
5982,59.82,1.03254e-008
5983,59.83,1.03273e-008
5984,59.84,1.03264e-008
5985,59.85,1.03225e-008
5986,59.86,1.03153e-008
5987,59.87,1.03046e-008
5988,59.88,1.02902e-008
5989,59.89,1.02718e-008
5990,59.9,1.02492e-008
5991,59.91,1.02223e-008
5992,59.92,1.0191e-008
5993,59.93,1.01555e-008
5994,59.94,1.0116e-008
5995,59.95,1.00731e-008
5996,59.96,1.00276e-008
5997,59.97,9.98092e-009
5998,59.98,9.93472e-009
5999,59.99,9.89125e-009
6000,60,9.85312e-009
6001,60.01,9.82306e-009
6002,60.02,9.80348e-009
6003,60.03,9.79578e-009
6004,60.04,9.79974e-009
6005,60.05,9.81301e-009
6006,60.06,9.83121e-009
6007,60.07,9.84887e-009
6008,60.08,9.86075e-009
6009,60.09,9.86318e-009
6010,60.1,9.85479e-009
6011,60.11,9.83645e-009
6012,60.12,9.81067e-009
6013,60.13,9.78079e-009
6014,60.14,9.75035e-009
6015,60.15,9.72252e-009
6016,60.16,9.69997e-009
6017,60.17,9.68468e-009
6018,60.18,9.67791e-009
6019,60.19,9.68027e-009
6020,60.2,9.69169e-009
6021,60.21,9.71146e-009
6022,60.22,9.73836e-009
6023,60.23,9.7708e-009
6024,60.24,9.80694e-009
6025,60.25,9.84501e-009
6026,60.26,9.88338e-009
6027,60.27,9.9208e-009
6028,60.28,9.95639e-009
6029,60.29,9.98973e-009
6030,60.3,1.00207e-008
6031,60.31,1.00495e-008
6032,60.32,1.00765e-008
6033,60.33,1.01021e-008
6034,60.34,1.01268e-008
6035,60.35,1.0151e-008
6036,60.36,1.0175e-008
6037,60.37,1.0199e-008
6038,60.38,1.02234e-008
6039,60.39,1.02481e-008
6040,60.4,1.02732e-008
6041,60.41,1.02986e-008
6042,60.42,1.03242e-008
6043,60.43,1.03499e-008
6044,60.44,1.03756e-008
6045,60.45,1.0401e-008
6046,60.46,1.04262e-008
6047,60.47,1.04509e-008
6048,60.48,1.0475e-008
6049,60.49,1.04984e-008
6050,60.5,1.05211e-008
6051,60.51,1.05429e-008
6052,60.52,1.0564e-008
6053,60.53,1.05842e-008
6054,60.54,1.06036e-008
6055,60.55,1.06221e-008
6056,60.56,1.06398e-008
6057,60.57,1.06568e-008
6058,60.58,1.0673e-008
6059,60.59,1.06886e-008
6060,60.6,1.07035e-008
6061,60.61,1.07177e-008
6062,60.62,1.07314e-008
6063,60.63,1.07446e-008
6064,60.64,1.07572e-008
6065,60.65,1.07694e-008
6066,60.66,1.07811e-008
6067,60.67,1.07924e-008
6068,60.68,1.08034e-008
6069,60.69,1.08139e-008
6070,60.7,1.08242e-008
6071,60.71,1.08341e-008
6072,60.72,1.08437e-008
6073,60.73,1.0853e-008
6074,60.74,1.0862e-008
6075,60.75,1.08707e-008
6076,60.76,1.08792e-008
6077,60.77,1.08875e-008
6078,60.78,1.08955e-008
6079,60.79,1.09033e-008
6080,60.8,1.09109e-008
6081,60.81,1.09182e-008
6082,60.82,1.09253e-008
6083,60.83,1.09322e-008
6084,60.84,1.09389e-008
6085,60.85,1.09453e-008
6086,60.86,1.09515e-008
6087,60.87,1.09575e-008
6088,60.88,1.09632e-008
6089,60.89,1.09687e-008
6090,60.9,1.09739e-008
6091,60.91,1.09787e-008
6092,60.92,1.09833e-008
6093,60.93,1.09874e-008
6094,60.94,1.09912e-008
6095,60.95,1.09945e-008
6096,60.96,1.09972e-008
6097,60.97,1.09993e-008
6098,60.98,1.10007e-008
6099,60.99,1.10012e-008
6100,61,1.10007e-008
6101,61.01,1.09991e-008
6102,61.02,1.09961e-008
6103,61.03,1.09914e-008
6104,61.04,1.09847e-008
6105,61.05,1.09757e-008
6106,61.06,1.0964e-008
6107,61.07,1.0949e-008
6108,61.08,1.09301e-008
6109,61.09,1.09068e-008
6110,61.1,1.08782e-008
6111,61.11,1.08437e-008
6112,61.12,1.08023e-008
6113,61.13,1.07534e-008
6114,61.14,1.06962e-008
6115,61.15,1.06302e-008
6116,61.16,1.05554e-008
6117,61.17,1.04721e-008
6118,61.18,1.03812e-008
6119,61.19,1.02848e-008
6120,61.2,1.01855e-008
6121,61.21,1.00869e-008
6122,61.22,9.99271e-009
6123,61.23,9.90663e-009
6124,61.24,9.83107e-009
6125,61.25,9.76663e-009
6126,61.26,9.71175e-009
6127,61.27,9.66315e-009
6128,61.28,9.61701e-009
6129,61.29,9.57019e-009
6130,61.3,9.5211e-009
6131,61.31,9.46982e-009
6132,61.32,9.41765e-009
6133,61.33,9.36644e-009
6134,61.34,9.31809e-009
6135,61.35,9.27414e-009
6136,61.36,9.23577e-009
6137,61.37,9.20372e-009
6138,61.38,9.17847e-009
6139,61.39,9.16032e-009
6140,61.4,9.14949e-009
6141,61.41,9.14614e-009
6142,61.42,9.15044e-009
6143,61.43,9.16249e-009
6144,61.44,9.18225e-009
6145,61.45,9.20951e-009
6146,61.46,9.24374e-009
6147,61.47,9.28404e-009
6148,61.48,9.32909e-009
6149,61.49,9.37725e-009
6150,61.5,9.42663e-009
6151,61.51,9.47532e-009
6152,61.52,9.52155e-009
6153,61.53,9.56392e-009
6154,61.54,9.60145e-009
6155,61.55,9.63366e-009
6156,61.56,9.66052e-009
6157,61.57,9.68236e-009
6158,61.58,9.69984e-009
6159,61.59,9.71376e-009
6160,61.6,9.72511e-009
6161,61.61,9.73493e-009
6162,61.62,9.74433e-009
6163,61.63,9.75446e-009
6164,61.64,9.76652e-009
6165,61.65,9.78172e-009
6166,61.66,9.80124e-009
6167,61.67,9.82615e-009
6168,61.68,9.85733e-009
6169,61.69,9.89531e-009
6170,61.7,9.94009e-009
6171,61.71,9.99097e-009
6172,61.72,1.00465e-008
6173,61.73,1.01046e-008
6174,61.74,1.01626e-008
6175,61.75,1.02176e-008
6176,61.76,1.0267e-008
6177,61.77,1.03084e-008
6178,61.78,1.03405e-008
6179,61.79,1.03625e-008
6180,61.8,1.03742e-008
6181,61.81,1.03762e-008
6182,61.82,1.03692e-008
6183,61.83,1.03543e-008
6184,61.84,1.03323e-008
6185,61.85,1.03045e-008
6186,61.86,1.02718e-008
6187,61.87,1.02351e-008
6188,61.88,1.01955e-008
6189,61.89,1.01536e-008
6190,61.9,1.01105e-008
6191,61.91,1.00671e-008
6192,61.92,1.00243e-008
6193,61.93,9.98324e-009
6194,61.94,9.94502e-009
6195,61.95,9.91085e-009
6196,61.96,9.88202e-009
6197,61.97,9.85973e-009
6198,61.98,9.84508e-009
6199,61.99,9.83888e-009
6200,62,9.84143e-009
6201,62.01,9.85245e-009
6202,62.02,9.87088e-009
6203,62.03,9.89498e-009
6204,62.04,9.9224e-009
6205,62.05,9.95055e-009
6206,62.06,9.97694e-009
6207,62.07,9.99952e-009
6208,62.08,1.00169e-008
6209,62.09,1.00284e-008
6210,62.1,1.0034e-008
6211,62.11,1.00342e-008
6212,62.12,1.00297e-008
6213,62.13,1.00216e-008
6214,62.14,1.00108e-008
6215,62.15,9.99805e-009
6216,62.16,9.98417e-009
6217,62.17,9.96976e-009
6218,62.18,9.95527e-009
6219,62.19,9.94104e-009
6220,62.2,9.92728e-009
6221,62.21,9.91413e-009
6222,62.22,9.90167e-009
6223,62.23,9.8899e-009
6224,62.24,9.87882e-009
6225,62.25,9.86839e-009
6226,62.26,9.8586e-009
6227,62.27,9.84942e-009
6228,62.28,9.84088e-009
6229,62.29,9.83304e-009
6230,62.3,9.826e-009
6231,62.31,9.81995e-009
6232,62.32,9.81515e-009
6233,62.33,9.81195e-009
6234,62.34,9.81082e-009
6235,62.35,9.81234e-009
6236,62.36,9.81718e-009
6237,62.37,9.82616e-009
6238,62.38,9.84014e-009
6239,62.39,9.85997e-009
6240,62.4,9.88641e-009
6241,62.41,9.91997e-009
6242,62.42,9.96074e-009
6243,62.43,1.00082e-008
6244,62.44,1.00612e-008
6245,62.45,1.01178e-008
6246,62.46,1.01754e-008
6247,62.47,1.02311e-008
6248,62.48,1.02821e-008
6249,62.49,1.0326e-008
6250,62.5,1.03609e-008
6251,62.51,1.03857e-008
6252,62.52,1.04e-008
6253,62.53,1.04041e-008
6254,62.54,1.03987e-008
6255,62.55,1.03846e-008
6256,62.56,1.03629e-008
6257,62.57,1.03347e-008
6258,62.58,1.0301e-008
6259,62.59,1.02629e-008
6260,62.6,1.02213e-008
6261,62.61,1.01771e-008
6262,62.62,1.01314e-008
6263,62.63,1.00852e-008
6264,62.64,1.00396e-008
6265,62.65,9.99564e-009
6266,62.66,9.95467e-009
6267,62.67,9.91801e-009
6268,62.68,9.88699e-009
6269,62.69,9.86289e-009
6270,62.7,9.84681e-009
6271,62.71,9.83949e-009
6272,62.72,9.84114e-009
6273,62.73,9.85125e-009
6274,62.74,9.86857e-009
6275,62.75,9.89113e-009
6276,62.76,9.91645e-009
6277,62.77,9.94193e-009
6278,62.78,9.96517e-009
6279,62.79,9.98432e-009
6280,62.8,9.99825e-009
6281,62.81,1.00065e-008
6282,62.82,1.00094e-008
6283,62.83,1.00074e-008
6284,62.84,1.00015e-008
6285,62.85,9.99268e-009
6286,62.86,9.98174e-009
6287,62.87,9.96956e-009
6288,62.88,9.95681e-009
6289,62.89,9.944e-009
6290,62.9,9.93152e-009
6291,62.91,9.91961e-009
6292,62.92,9.90842e-009
6293,62.93,9.89801e-009
6294,62.94,9.88838e-009
6295,62.95,9.87946e-009
6296,62.96,9.87119e-009
6297,62.97,9.86346e-009
6298,62.98,9.85619e-009
6299,62.99,9.84929e-009
6300,63,9.8427e-009
6301,63.01,9.83641e-009
6302,63.02,9.83044e-009
6303,63.03,9.82485e-009
6304,63.04,9.81979e-009
6305,63.05,9.81548e-009
6306,63.06,9.81224e-009
6307,63.07,9.81047e-009
6308,63.08,9.81071e-009
6309,63.09,9.81363e-009
6310,63.1,9.82001e-009
6311,63.11,9.83075e-009
6312,63.12,9.84684e-009
6313,63.13,9.86924e-009
6314,63.14,9.89878e-009
6315,63.15,9.93601e-009
6316,63.16,9.98095e-009
6317,63.17,1.00329e-008
6318,63.18,1.00904e-008
6319,63.19,1.01511e-008
6320,63.2,1.0212e-008
6321,63.21,1.02699e-008
6322,63.22,1.03216e-008
6323,63.23,1.03646e-008
6324,63.24,1.03972e-008
6325,63.25,1.04183e-008
6326,63.26,1.04279e-008
6327,63.27,1.04265e-008
6328,63.28,1.0415e-008
6329,63.29,1.03946e-008
6330,63.3,1.03663e-008
6331,63.31,1.03315e-008
6332,63.32,1.02914e-008
6333,63.33,1.02471e-008
6334,63.34,1.01998e-008
6335,63.35,1.01507e-008
6336,63.36,1.01009e-008
6337,63.37,1.00517e-008
6338,63.38,1.00045e-008
6339,63.39,9.96067e-009
6340,63.4,9.92169e-009
6341,63.41,9.889e-009
6342,63.42,9.8639e-009
6343,63.43,9.84743e-009
6344,63.44,9.84013e-009
6345,63.45,9.84191e-009
6346,63.46,9.85188e-009
6347,63.47,9.86843e-009
6348,63.48,9.88928e-009
6349,63.49,9.91185e-009
6350,63.5,9.9336e-009
6351,63.51,9.95243e-009
6352,63.52,9.96689e-009
6353,63.53,9.97628e-009
6354,63.54,9.98055e-009
6355,63.55,9.98019e-009
6356,63.56,9.97598e-009
6357,63.57,9.96886e-009
6358,63.58,9.95975e-009
6359,63.59,9.94951e-009
6360,63.6,9.93883e-009
6361,63.61,9.92826e-009
6362,63.62,9.91822e-009
6363,63.63,9.90895e-009
6364,63.64,9.90059e-009
6365,63.65,9.89319e-009
6366,63.66,9.88671e-009
6367,63.67,9.88106e-009
6368,63.68,9.87611e-009
6369,63.69,9.8717e-009
6370,63.7,9.86768e-009
6371,63.71,9.86388e-009
6372,63.72,9.86017e-009
6373,63.73,9.85641e-009
6374,63.74,9.8525e-009
6375,63.75,9.84837e-009
6376,63.76,9.84399e-009
6377,63.77,9.83935e-009
6378,63.78,9.8345e-009
6379,63.79,9.82955e-009
6380,63.8,9.82466e-009
6381,63.81,9.82006e-009
6382,63.82,9.8161e-009
6383,63.83,9.81321e-009
6384,63.84,9.81196e-009
6385,63.85,9.81308e-009
6386,63.86,9.81744e-009
6387,63.87,9.8261e-009
6388,63.88,9.84021e-009
6389,63.89,9.86101e-009
6390,63.9,9.88966e-009
6391,63.91,9.92701e-009
6392,63.92,9.97339e-009
6393,63.93,1.00283e-008
6394,63.94,1.00901e-008
6395,63.95,1.01561e-008
6396,63.96,1.02228e-008
6397,63.97,1.0286e-008
6398,63.98,1.03418e-008
6399,63.99,1.03871e-008
6400,64,1.04196e-008
6401,64.01,1.04383e-008
6402,64.02,1.04434e-008
6403,64.03,1.04356e-008
6404,64.04,1.04162e-008
6405,64.05,1.03869e-008
6406,64.06,1.03493e-008
6407,64.07,1.03051e-008
6408,64.08,1.02558e-008
6409,64.09,1.02033e-008
6410,64.1,1.01489e-008
6411,64.11,1.00945e-008
6412,64.12,1.00415e-008
6413,64.13,9.99176e-009
6414,64.14,9.94689e-009
6415,64.15,9.90849e-009
6416,64.16,9.87799e-009
6417,64.17,9.85644e-009
6418,64.18,9.84439e-009
6419,64.19,9.84167e-009
6420,64.2,9.84734e-009
6421,64.21,9.85971e-009
6422,64.22,9.8765e-009
6423,64.23,9.8952e-009
6424,64.24,9.91341e-009
6425,64.25,9.92919e-009
6426,64.26,9.94127e-009
6427,64.27,9.94908e-009
6428,64.28,9.95266e-009
6429,64.29,9.95253e-009
6430,64.3,9.94945e-009
6431,64.31,9.94431e-009
6432,64.32,9.93795e-009
6433,64.33,9.93114e-009
6434,64.34,9.92449e-009
6435,64.35,9.91848e-009
6436,64.36,9.91343e-009
6437,64.37,9.90953e-009
6438,64.38,9.90684e-009
6439,64.39,9.90536e-009
6440,64.4,9.90499e-009
6441,64.41,9.90558e-009
6442,64.42,9.90698e-009
6443,64.43,9.90899e-009
6444,64.44,9.9114e-009
6445,64.45,9.91404e-009
6446,64.46,9.91671e-009
6447,64.47,9.91926e-009
6448,64.48,9.92154e-009
6449,64.49,9.92343e-009
6450,64.5,9.9248e-009
6451,64.51,9.92559e-009
6452,64.52,9.92569e-009
6453,64.53,9.92505e-009
6454,64.54,9.92361e-009
6455,64.55,9.9213e-009
6456,64.56,9.9181e-009
6457,64.57,9.91394e-009
6458,64.58,9.90882e-009
6459,64.59,9.90271e-009
6460,64.6,9.8956e-009
6461,64.61,9.88754e-009
6462,64.62,9.87858e-009
6463,64.63,9.86884e-009
6464,64.64,9.85853e-009
6465,64.65,9.84795e-009
6466,64.66,9.83756e-009
6467,64.67,9.82798e-009
6468,64.68,9.82008e-009
6469,64.69,9.81501e-009
6470,64.7,9.81423e-009
6471,64.71,9.8195e-009
6472,64.72,9.83278e-009
6473,64.73,9.85607e-009
6474,64.74,9.89098e-009
6475,64.75,9.93824e-009
6476,64.76,9.99706e-009
6477,64.77,1.00647e-008
6478,64.78,1.01362e-008
6479,64.79,1.02055e-008
6480,64.8,1.02659e-008
6481,64.81,1.0312e-008
6482,64.82,1.03401e-008
6483,64.83,1.0349e-008
6484,64.84,1.03395e-008
6485,64.85,1.0314e-008
6486,64.86,1.02756e-008
6487,64.87,1.02278e-008
6488,64.88,1.01739e-008
6489,64.89,1.01173e-008
6490,64.9,1.0061e-008
6491,64.91,1.00078e-008
6492,64.92,9.95981e-009
6493,64.93,9.91918e-009
6494,64.94,9.88733e-009
6495,64.95,9.86514e-009
6496,64.96,9.85283e-009
6497,64.97,9.84988e-009
6498,64.98,9.85506e-009
6499,64.99,9.86659e-009
6500,65,9.88239e-009
6501,65.01,9.90031e-009
6502,65.02,9.91849e-009
6503,65.03,9.93551e-009
6504,65.04,9.9505e-009
6505,65.05,9.96312e-009
6506,65.06,9.97345e-009
6507,65.07,9.98189e-009
6508,65.08,9.98901e-009
6509,65.09,9.9954e-009
6510,65.1,1.00017e-008
6511,65.11,1.00083e-008
6512,65.12,1.00156e-008
6513,65.13,1.00241e-008
6514,65.14,1.00337e-008
6515,65.15,1.00445e-008
6516,65.16,1.00566e-008
6517,65.17,1.00698e-008
6518,65.18,1.00841e-008
6519,65.19,1.00991e-008
6520,65.2,1.01149e-008
6521,65.21,1.0131e-008
6522,65.22,1.01474e-008
6523,65.23,1.0164e-008
6524,65.24,1.01804e-008
6525,65.25,1.01966e-008
6526,65.26,1.02125e-008
6527,65.27,1.02279e-008
6528,65.28,1.02428e-008
6529,65.29,1.02571e-008
6530,65.3,1.02707e-008
6531,65.31,1.02835e-008
6532,65.32,1.02955e-008
6533,65.33,1.03066e-008
6534,65.34,1.03167e-008
6535,65.35,1.03258e-008
6536,65.36,1.03338e-008
6537,65.37,1.03406e-008
6538,65.38,1.0346e-008
6539,65.39,1.03501e-008
6540,65.4,1.03526e-008
6541,65.41,1.03534e-008
6542,65.42,1.03524e-008
6543,65.43,1.03494e-008
6544,65.44,1.03442e-008
6545,65.45,1.03368e-008
6546,65.46,1.03268e-008
6547,65.47,1.03141e-008
6548,65.48,1.02985e-008
6549,65.49,1.02798e-008
6550,65.5,1.02579e-008
6551,65.51,1.02326e-008
6552,65.52,1.02038e-008
6553,65.53,1.01717e-008
6554,65.54,1.01363e-008
6555,65.55,1.0098e-008
6556,65.56,1.00572e-008
6557,65.57,1.00148e-008
6558,65.58,9.97196e-009
6559,65.59,9.93015e-009
6560,65.6,9.89127e-009
6561,65.61,9.85756e-009
6562,65.62,9.83135e-009
6563,65.63,9.81482e-009
6564,65.64,9.80942e-009
6565,65.65,9.81538e-009
6566,65.66,9.83118e-009
6567,65.67,9.85349e-009
6568,65.68,9.87759e-009
6569,65.69,9.8984e-009
6570,65.7,9.91162e-009
6571,65.71,9.91467e-009
6572,65.72,9.90695e-009
6573,65.73,9.88965e-009
6574,65.74,9.86513e-009
6575,65.75,9.8363e-009
6576,65.76,9.80611e-009
6577,65.77,9.77725e-009
6578,65.78,9.75195e-009
6579,65.79,9.73196e-009
6580,65.8,9.7185e-009
6581,65.81,9.71234e-009
6582,65.82,9.71374e-009
6583,65.83,9.72253e-009
6584,65.84,9.73819e-009
6585,65.85,9.75984e-009
6586,65.86,9.78637e-009
6587,65.87,9.81656e-009
6588,65.88,9.8492e-009
6589,65.89,9.88318e-009
6590,65.9,9.91758e-009
6591,65.91,9.95175e-009
6592,65.92,9.98527e-009
6593,65.93,1.0018e-008
6594,65.94,1.00498e-008
6595,65.95,1.0081e-008
6596,65.96,1.01116e-008
6597,65.97,1.01418e-008
6598,65.98,1.01719e-008
6599,65.99,1.02019e-008
6600,66,1.02318e-008
6601,66.01,1.02616e-008
6602,66.02,1.02913e-008
6603,66.03,1.03208e-008
6604,66.04,1.03498e-008
6605,66.05,1.03781e-008
6606,66.06,1.04057e-008
6607,66.07,1.04323e-008
6608,66.08,1.04577e-008
6609,66.09,1.0482e-008
6610,66.1,1.05049e-008
6611,66.11,1.05265e-008
6612,66.12,1.05466e-008
6613,66.13,1.05653e-008
6614,66.14,1.05826e-008
6615,66.15,1.05985e-008
6616,66.16,1.0613e-008
6617,66.17,1.06262e-008
6618,66.18,1.0638e-008
6619,66.19,1.06486e-008
6620,66.2,1.06578e-008
6621,66.21,1.06657e-008
6622,66.22,1.06722e-008
6623,66.23,1.06774e-008
6624,66.24,1.06811e-008
6625,66.25,1.06833e-008
6626,66.26,1.06838e-008
6627,66.27,1.06826e-008
6628,66.28,1.06795e-008
6629,66.29,1.06742e-008
6630,66.3,1.06667e-008
6631,66.31,1.06566e-008
6632,66.32,1.06437e-008
6633,66.33,1.06276e-008
6634,66.34,1.06081e-008
6635,66.35,1.05849e-008
6636,66.36,1.05576e-008
6637,66.37,1.05259e-008
6638,66.38,1.04894e-008
6639,66.39,1.04481e-008
6640,66.4,1.04018e-008
6641,66.41,1.03506e-008
6642,66.42,1.02947e-008
6643,66.43,1.02348e-008
6644,66.44,1.01719e-008
6645,66.45,1.01072e-008
6646,66.46,1.00428e-008
6647,66.47,9.98076e-009
6648,66.48,9.92375e-009
6649,66.49,9.87431e-009
6650,66.5,9.83462e-009
6651,66.51,9.80588e-009
6652,66.52,9.78793e-009
6653,66.53,9.7789e-009
6654,66.54,9.77547e-009
6655,66.55,9.77354e-009
6656,66.56,9.76925e-009
6657,66.57,9.75979e-009
6658,66.58,9.74395e-009
6659,66.59,9.72198e-009
6660,66.6,9.69533e-009
6661,66.61,9.66601e-009
6662,66.62,9.63622e-009
6663,66.63,9.60799e-009
6664,66.64,9.58307e-009
6665,66.65,9.56282e-009
6666,66.66,9.54823e-009
6667,66.67,9.53994e-009
6668,66.68,9.53826e-009
6669,66.69,9.54317e-009
6670,66.7,9.55438e-009
6671,66.71,9.57129e-009
6672,66.72,9.59308e-009
6673,66.73,9.61872e-009
6674,66.74,9.6471e-009
6675,66.75,9.67706e-009
6676,66.76,9.70754e-009
6677,66.77,9.73762e-009
6678,66.78,9.76661e-009
6679,66.79,9.79405e-009
6680,66.8,9.81968e-009
6681,66.81,9.84351e-009
6682,66.82,9.86567e-009
6683,66.83,9.88641e-009
6684,66.84,9.90607e-009
6685,66.85,9.92504e-009
6686,66.86,9.94371e-009
6687,66.87,9.96243e-009
6688,66.88,9.98154e-009
6689,66.89,1.00014e-008
6690,66.9,1.00221e-008
6691,66.91,1.0044e-008
6692,66.92,1.00672e-008
6693,66.93,1.00917e-008
6694,66.94,1.01176e-008
6695,66.95,1.01448e-008
6696,66.96,1.01733e-008
6697,66.97,1.02028e-008
6698,66.98,1.02331e-008
6699,66.99,1.02641e-008
6700,67,1.02954e-008
6701,67.01,1.03268e-008
6702,67.02,1.03579e-008
6703,67.03,1.03885e-008
6704,67.04,1.04183e-008
6705,67.05,1.04471e-008
6706,67.06,1.04746e-008
6707,67.07,1.05007e-008
6708,67.08,1.05252e-008
6709,67.09,1.0548e-008
6710,67.1,1.05691e-008
6711,67.11,1.05883e-008
6712,67.12,1.06056e-008
6713,67.13,1.0621e-008
6714,67.14,1.06345e-008
6715,67.15,1.0646e-008
6716,67.16,1.06553e-008
6717,67.17,1.06626e-008
6718,67.18,1.06676e-008
6719,67.19,1.06703e-008
6720,67.2,1.06704e-008
6721,67.21,1.06678e-008
6722,67.22,1.06622e-008
6723,67.23,1.06535e-008
6724,67.24,1.06412e-008
6725,67.25,1.0625e-008
6726,67.26,1.06045e-008
6727,67.27,1.05793e-008
6728,67.28,1.05491e-008
6729,67.29,1.05134e-008
6730,67.3,1.0472e-008
6731,67.31,1.04246e-008
6732,67.32,1.03713e-008
6733,67.33,1.03124e-008
6734,67.34,1.02485e-008
6735,67.35,1.01806e-008
6736,67.36,1.01105e-008
6737,67.37,1.00403e-008
6738,67.38,9.97265e-009
6739,67.39,9.91061e-009
6740,67.4,9.85694e-009
6741,67.41,9.81378e-009
6742,67.42,9.7819e-009
6743,67.43,9.76024e-009
6744,67.44,9.74595e-009
6745,67.45,9.73493e-009
6746,67.46,9.72296e-009
6747,67.47,9.70675e-009
6748,67.48,9.68469e-009
6749,67.49,9.65692e-009
6750,67.5,9.62493e-009
6751,67.51,9.591e-009
6752,67.52,9.5576e-009
6753,67.53,9.52703e-009
6754,67.54,9.50126e-009
6755,67.55,9.48185e-009
6756,67.56,9.46992e-009
6757,67.57,9.46621e-009
6758,67.58,9.47103e-009
6759,67.59,9.48434e-009
6760,67.6,9.50563e-009
6761,67.61,9.53401e-009
6762,67.62,9.56818e-009
6763,67.63,9.60654e-009
6764,67.64,9.64736e-009
6765,67.65,9.68887e-009
6766,67.66,9.7295e-009
6767,67.67,9.76797e-009
6768,67.68,9.80338e-009
6769,67.69,9.83522e-009
6770,67.7,9.86335e-009
6771,67.71,9.8879e-009
6772,67.72,9.90919e-009
6773,67.73,9.92765e-009
6774,67.74,9.94379e-009
6775,67.75,9.95809e-009
6776,67.76,9.97099e-009
6777,67.77,9.9829e-009
6778,67.78,9.99414e-009
6779,67.79,1.0005e-008
6780,67.8,1.00156e-008
6781,67.81,1.00262e-008
6782,67.82,1.00368e-008
6783,67.83,1.00475e-008
6784,67.84,1.00583e-008
6785,67.85,1.00691e-008
6786,67.86,1.008e-008
6787,67.87,1.00907e-008
6788,67.88,1.01013e-008
6789,67.89,1.01116e-008
6790,67.9,1.01214e-008
6791,67.91,1.01306e-008
6792,67.92,1.0139e-008
6793,67.93,1.01464e-008
6794,67.94,1.01527e-008
6795,67.95,1.01575e-008
6796,67.96,1.01607e-008
6797,67.97,1.0162e-008
6798,67.98,1.01613e-008
6799,67.99,1.01582e-008
6800,68,1.01526e-008
6801,68.01,1.01442e-008
6802,68.02,1.01328e-008
6803,68.03,1.01182e-008
6804,68.04,1.01002e-008
6805,68.05,1.00788e-008
6806,68.06,1.00541e-008
6807,68.07,1.00262e-008
6808,68.08,9.99539e-009
6809,68.09,9.96245e-009
6810,68.1,9.92833e-009
6811,68.11,9.89445e-009
6812,68.12,9.86272e-009
6813,68.13,9.8355e-009
6814,68.14,9.81552e-009
6815,68.15,9.80553e-009
6816,68.16,9.80774e-009
6817,68.17,9.82304e-009
6818,68.18,9.85022e-009
6819,68.19,9.8855e-009
6820,68.2,9.92299e-009
6821,68.21,9.95587e-009
6822,68.22,9.9782e-009
6823,68.23,9.98634e-009
6824,68.24,9.97959e-009
6825,68.25,9.9598e-009
6826,68.26,9.93054e-009
6827,68.27,9.89607e-009
6828,68.28,9.86065e-009
6829,68.29,9.82802e-009
6830,68.3,9.80114e-009
6831,68.31,9.78218e-009
6832,68.32,9.77242e-009
6833,68.33,9.77226e-009
6834,68.34,9.7814e-009
6835,68.35,9.79876e-009
6836,68.36,9.82283e-009
6837,68.37,9.85173e-009
6838,68.38,9.88356e-009
6839,68.39,9.91654e-009
6840,68.4,9.94926e-009
6841,68.41,9.98072e-009
6842,68.42,1.00104e-008
6843,68.43,1.0038e-008
6844,68.44,1.00638e-008
6845,68.45,1.0088e-008
6846,68.46,1.0111e-008
6847,68.47,1.01334e-008
6848,68.48,1.01554e-008
6849,68.49,1.01774e-008
6850,68.5,1.01996e-008
6851,68.51,1.02222e-008
6852,68.52,1.02452e-008
6853,68.53,1.02686e-008
6854,68.54,1.02924e-008
6855,68.55,1.03164e-008
6856,68.56,1.03405e-008
6857,68.57,1.03646e-008
6858,68.58,1.03884e-008
6859,68.59,1.04119e-008
6860,68.6,1.04349e-008
6861,68.61,1.04574e-008
6862,68.62,1.04792e-008
6863,68.63,1.05002e-008
6864,68.64,1.05205e-008
6865,68.65,1.054e-008
6866,68.66,1.05587e-008
6867,68.67,1.05766e-008
6868,68.68,1.05937e-008
6869,68.69,1.06101e-008
6870,68.7,1.06257e-008
6871,68.71,1.06405e-008
6872,68.72,1.06547e-008
6873,68.73,1.06682e-008
6874,68.74,1.0681e-008
6875,68.75,1.06931e-008
6876,68.76,1.07046e-008
6877,68.77,1.07154e-008
6878,68.78,1.07255e-008
6879,68.79,1.0735e-008
6880,68.8,1.07438e-008
6881,68.81,1.07519e-008
6882,68.82,1.07592e-008
6883,68.83,1.07656e-008
6884,68.84,1.07712e-008
6885,68.85,1.07758e-008
6886,68.86,1.07793e-008
6887,68.87,1.07817e-008
6888,68.88,1.07827e-008
6889,68.89,1.07822e-008
6890,68.9,1.07801e-008
6891,68.91,1.07761e-008
6892,68.92,1.07699e-008
6893,68.93,1.07613e-008
6894,68.94,1.07499e-008
6895,68.95,1.07354e-008
6896,68.96,1.07173e-008
6897,68.97,1.06953e-008
6898,68.98,1.06689e-008
6899,68.99,1.06376e-008
6900,69,1.0601e-008
6901,69.01,1.05586e-008
6902,69.02,1.05103e-008
6903,69.03,1.04558e-008
6904,69.04,1.03952e-008
6905,69.05,1.03291e-008
6906,69.06,1.02584e-008
6907,69.07,1.01843e-008
6908,69.08,1.01089e-008
6909,69.09,1.00347e-008
6910,69.1,9.96457e-009
6911,69.11,9.90149e-009
6912,69.12,9.84796e-009
6913,69.13,9.80548e-009
6914,69.14,9.77394e-009
6915,69.15,9.75141e-009
6916,69.16,9.7345e-009
6917,69.17,9.71914e-009
6918,69.18,9.70168e-009
6919,69.19,9.67977e-009
6920,69.2,9.65268e-009
6921,69.21,9.62115e-009
6922,69.22,9.58686e-009
6923,69.23,9.5519e-009
6924,69.24,9.51838e-009
6925,69.25,9.48815e-009
6926,69.26,9.46272e-009
6927,69.27,9.44322e-009
6928,69.28,9.43048e-009
6929,69.29,9.42499e-009
6930,69.3,9.42699e-009
6931,69.31,9.43639e-009
6932,69.32,9.45283e-009
6933,69.33,9.47563e-009
6934,69.34,9.50378e-009
6935,69.35,9.53606e-009
6936,69.36,9.57105e-009
6937,69.37,9.60728e-009
6938,69.38,9.64334e-009
6939,69.39,9.678e-009
6940,69.4,9.71029e-009
6941,69.41,9.73956e-009
6942,69.42,9.76543e-009
6943,69.43,9.78781e-009
6944,69.44,9.8068e-009
6945,69.45,9.82263e-009
6946,69.46,9.83564e-009
6947,69.47,9.84619e-009
6948,69.48,9.85463e-009
6949,69.49,9.8613e-009
6950,69.5,9.86649e-009
6951,69.51,9.87044e-009
6952,69.52,9.87336e-009
6953,69.53,9.87537e-009
6954,69.54,9.8766e-009
6955,69.55,9.8771e-009
6956,69.56,9.87691e-009
6957,69.57,9.87605e-009
6958,69.58,9.87449e-009
6959,69.59,9.87221e-009
6960,69.6,9.86919e-009
6961,69.61,9.86537e-009
6962,69.62,9.86074e-009
6963,69.63,9.8553e-009
6964,69.64,9.84908e-009
6965,69.65,9.84215e-009
6966,69.66,9.8347e-009
6967,69.67,9.827e-009
6968,69.68,9.8195e-009
6969,69.69,9.81283e-009
6970,69.7,9.80794e-009
6971,69.71,9.80609e-009
6972,69.72,9.80891e-009
6973,69.73,9.81843e-009
6974,69.74,9.83701e-009
6975,69.75,9.86701e-009
6976,69.76,9.9104e-009
6977,69.77,9.96802e-009
6978,69.78,1.00387e-008
6979,69.79,1.01188e-008
6980,69.8,1.02021e-008
6981,69.81,1.02806e-008
6982,69.82,1.03463e-008
6983,69.83,1.03931e-008
6984,69.84,1.04174e-008
6985,69.85,1.04187e-008
6986,69.86,1.03987e-008
6987,69.87,1.0361e-008
6988,69.88,1.03097e-008
6989,69.89,1.02492e-008
6990,69.9,1.01837e-008
6991,69.91,1.01173e-008
6992,69.92,1.00535e-008
6993,69.93,9.99539e-009
6994,69.94,9.94547e-009
6995,69.95,9.90551e-009
6996,69.96,9.87641e-009
6997,69.97,9.85813e-009
6998,69.98,9.84965e-009
6999,69.99,9.84917e-009
7000,70,9.85439e-009
7001,70.01,9.86286e-009
7002,70.02,9.87244e-009
7003,70.03,9.88146e-009
7004,70.04,9.88894e-009
7005,70.05,9.89455e-009
7006,70.06,9.89845e-009
7007,70.07,9.90115e-009
7008,70.08,9.90336e-009
7009,70.09,9.90581e-009
7010,70.1,9.90921e-009
7011,70.11,9.91418e-009
7012,70.12,9.92117e-009
7013,70.13,9.93052e-009
7014,70.14,9.94244e-009
7015,70.15,9.95699e-009
7016,70.16,9.97414e-009
7017,70.17,9.99374e-009
7018,70.18,1.00156e-008
7019,70.19,1.00394e-008
7020,70.2,1.00649e-008
7021,70.21,1.00916e-008
7022,70.22,1.01194e-008
7023,70.23,1.01478e-008
7024,70.24,1.01765e-008
7025,70.25,1.02053e-008
7026,70.26,1.02339e-008
7027,70.27,1.02621e-008
7028,70.28,1.02897e-008
7029,70.29,1.03167e-008
7030,70.3,1.03429e-008
7031,70.31,1.03682e-008
7032,70.32,1.03926e-008
7033,70.33,1.04161e-008
7034,70.34,1.04387e-008
7035,70.35,1.04603e-008
7036,70.36,1.04809e-008
7037,70.37,1.05006e-008
7038,70.38,1.05194e-008
7039,70.39,1.05372e-008
7040,70.4,1.05541e-008
7041,70.41,1.05701e-008
7042,70.42,1.05852e-008
7043,70.43,1.05994e-008
7044,70.44,1.06126e-008
7045,70.45,1.06249e-008
7046,70.46,1.06362e-008
7047,70.47,1.06466e-008
7048,70.48,1.06559e-008
7049,70.49,1.06641e-008
7050,70.5,1.06711e-008
7051,70.51,1.06769e-008
7052,70.52,1.06814e-008
7053,70.53,1.06844e-008
7054,70.54,1.06858e-008
7055,70.55,1.06855e-008
7056,70.56,1.06832e-008
7057,70.57,1.06788e-008
7058,70.58,1.06719e-008
7059,70.59,1.06624e-008
7060,70.6,1.06498e-008
7061,70.61,1.06339e-008
7062,70.62,1.06143e-008
7063,70.63,1.05907e-008
7064,70.64,1.05625e-008
7065,70.65,1.05296e-008
7066,70.66,1.04915e-008
7067,70.67,1.0448e-008
7068,70.68,1.03991e-008
7069,70.69,1.03448e-008
7070,70.7,1.02855e-008
7071,70.71,1.0222e-008
7072,70.72,1.01555e-008
7073,70.73,1.00876e-008
7074,70.74,1.00206e-008
7075,70.75,9.95703e-009
7076,70.76,9.89968e-009
7077,70.77,9.85115e-009
7078,70.78,9.81328e-009
7079,70.79,9.78658e-009
7080,70.8,9.76982e-009
7081,70.81,9.7601e-009
7082,70.82,9.75338e-009
7083,70.83,9.74553e-009
7084,70.84,9.73331e-009
7085,70.85,9.71508e-009
7086,70.86,9.69083e-009
7087,70.87,9.66189e-009
7088,70.88,9.63032e-009
7089,70.89,9.59844e-009
7090,70.9,9.56846e-009
7091,70.91,9.54228e-009
7092,70.92,9.52139e-009
7093,70.93,9.5069e-009
7094,70.94,9.49955e-009
7095,70.95,9.4997e-009
7096,70.96,9.50738e-009
7097,70.97,9.52227e-009
7098,70.98,9.54368e-009
7099,70.99,9.57064e-009
7100,71,9.60188e-009
7101,71.01,9.63604e-009
7102,71.02,9.67165e-009
7103,71.03,9.7074e-009
7104,71.04,9.74212e-009
7105,71.05,9.77495e-009
7106,71.06,9.80535e-009
7107,71.07,9.83302e-009
7108,71.08,9.85797e-009
7109,71.09,9.88037e-009
7110,71.1,9.90054e-009
7111,71.11,9.91887e-009
7112,71.12,9.93579e-009
7113,71.13,9.9517e-009
7114,71.14,9.967e-009
7115,71.15,9.98201e-009
7116,71.16,9.99702e-009
7117,71.17,1.00123e-008
7118,71.18,1.0028e-008
7119,71.19,1.00442e-008
7120,71.2,1.00611e-008
7121,71.21,1.00787e-008
7122,71.22,1.00969e-008
7123,71.23,1.01158e-008
7124,71.24,1.01352e-008
7125,71.25,1.01551e-008
7126,71.26,1.01753e-008
7127,71.27,1.01956e-008
7128,71.28,1.02158e-008
7129,71.29,1.02358e-008
7130,71.3,1.02554e-008
7131,71.31,1.02743e-008
7132,71.32,1.02922e-008
7133,71.33,1.03091e-008
7134,71.34,1.03246e-008
7135,71.35,1.03385e-008
7136,71.36,1.03505e-008
7137,71.37,1.03605e-008
7138,71.38,1.03683e-008
7139,71.39,1.03735e-008
7140,71.4,1.0376e-008
7141,71.41,1.03755e-008
7142,71.42,1.03717e-008
7143,71.43,1.03645e-008
7144,71.44,1.03534e-008
7145,71.45,1.03383e-008
7146,71.46,1.03189e-008
7147,71.47,1.0295e-008
7148,71.48,1.02664e-008
7149,71.49,1.02331e-008
7150,71.5,1.01951e-008
7151,71.51,1.01528e-008
7152,71.52,1.01066e-008
7153,71.53,1.00574e-008
7154,71.54,1.00065e-008
7155,71.55,9.95585e-009
7156,71.56,9.90761e-009
7157,71.57,9.86449e-009
7158,71.58,9.82927e-009
7159,71.59,9.80437e-009
7160,71.6,9.79121e-009
7161,71.61,9.78955e-009
7162,71.62,9.79702e-009
7163,71.63,9.80936e-009
7164,71.64,9.82128e-009
7165,71.65,9.82784e-009
7166,71.66,9.82569e-009
7167,71.67,9.8137e-009
7168,71.68,9.79291e-009
7169,71.69,9.76584e-009
7170,71.7,9.73575e-009
7171,71.71,9.706e-009
7172,71.72,9.67962e-009
7173,71.73,9.65908e-009
7174,71.74,9.6462e-009
7175,71.75,9.64214e-009
7176,71.76,9.64736e-009
7177,71.77,9.6617e-009
7178,71.78,9.68437e-009
7179,71.79,9.71406e-009
7180,71.8,9.74908e-009
7181,71.81,9.78755e-009
7182,71.82,9.8276e-009
7183,71.83,9.86759e-009
7184,71.84,9.90623e-009
7185,71.85,9.94265e-009
7186,71.86,9.97643e-009
7187,71.87,1.00075e-008
7188,71.88,1.00361e-008
7189,71.89,1.00626e-008
7190,71.9,1.00875e-008
7191,71.91,1.01113e-008
7192,71.92,1.01345e-008
7193,71.93,1.01573e-008
7194,71.94,1.01803e-008
7195,71.95,1.02034e-008
7196,71.96,1.0227e-008
7197,71.97,1.02509e-008
7198,71.98,1.02753e-008
7199,71.99,1.03001e-008
7200,72,1.03251e-008
7201,72.01,1.03502e-008
7202,72.02,1.03753e-008
7203,72.03,1.04001e-008
7204,72.04,1.04247e-008
7205,72.05,1.04488e-008
7206,72.06,1.04724e-008
7207,72.07,1.04953e-008
7208,72.08,1.05175e-008
7209,72.09,1.05388e-008
7210,72.1,1.05594e-008
7211,72.11,1.0579e-008
7212,72.12,1.05978e-008
7213,72.13,1.06158e-008
7214,72.14,1.06329e-008
7215,72.15,1.06492e-008
7216,72.16,1.06646e-008
7217,72.17,1.06792e-008
7218,72.18,1.06931e-008
7219,72.19,1.07062e-008
7220,72.2,1.07185e-008
7221,72.21,1.07301e-008
7222,72.22,1.0741e-008
7223,72.23,1.07511e-008
7224,72.24,1.07605e-008
7225,72.25,1.0769e-008
7226,72.26,1.07768e-008
7227,72.27,1.07836e-008
7228,72.28,1.07896e-008
7229,72.29,1.07945e-008
7230,72.3,1.07984e-008
7231,72.31,1.0801e-008
7232,72.32,1.08023e-008
7233,72.33,1.08021e-008
7234,72.34,1.08002e-008
7235,72.35,1.07963e-008
7236,72.36,1.07902e-008
7237,72.37,1.07816e-008
7238,72.38,1.07702e-008
7239,72.39,1.07555e-008
7240,72.4,1.07371e-008
7241,72.41,1.07145e-008
7242,72.42,1.06873e-008
7243,72.43,1.0655e-008
7244,72.44,1.0617e-008
7245,72.45,1.0573e-008
7246,72.46,1.05226e-008
7247,72.47,1.04656e-008
7248,72.48,1.04023e-008
7249,72.49,1.03331e-008
7250,72.5,1.0259e-008
7251,72.51,1.01817e-008
7252,72.52,1.01033e-008
7253,72.53,1.00264e-008
7254,72.54,9.9543e-009
7255,72.55,9.88989e-009
7256,72.56,9.83557e-009
7257,72.57,9.79248e-009
7258,72.58,9.75994e-009
7259,72.59,9.73548e-009
7260,72.6,9.71532e-009
7261,72.61,9.69545e-009
7262,72.62,9.67264e-009
7263,72.63,9.64522e-009
7264,72.64,9.61314e-009
7265,72.65,9.57762e-009
7266,72.66,9.54062e-009
7267,72.67,9.5043e-009
7268,72.68,9.47065e-009
7269,72.69,9.44138e-009
7270,72.7,9.4178e-009
7271,72.71,9.40091e-009
7272,72.72,9.39137e-009
7273,72.73,9.38959e-009
7274,72.74,9.39568e-009
7275,72.75,9.40947e-009
7276,72.76,9.43047e-009
7277,72.77,9.45785e-009
7278,72.78,9.49046e-009
7279,72.79,9.52688e-009
7280,72.8,9.56553e-009
7281,72.81,9.6048e-009
7282,72.82,9.64318e-009
7283,72.83,9.67941e-009
7284,72.84,9.71254e-009
7285,72.85,9.74196e-009
7286,72.86,9.76739e-009
7287,72.87,9.78881e-009
7288,72.88,9.80642e-009
7289,72.89,9.82054e-009
7290,72.9,9.83154e-009
7291,72.91,9.83985e-009
7292,72.92,9.84583e-009
7293,72.93,9.84985e-009
7294,72.94,9.85219e-009
7295,72.95,9.85312e-009
7296,72.96,9.85283e-009
7297,72.97,9.85148e-009
7298,72.98,9.84919e-009
7299,72.99,9.84607e-009
7300,73,9.84222e-009
7301,73.01,9.83771e-009
7302,73.02,9.83267e-009
7303,73.03,9.82724e-009
7304,73.04,9.82163e-009
7305,73.05,9.81613e-009
7306,73.06,9.81114e-009
7307,73.07,9.80722e-009
7308,73.08,9.80514e-009
7309,73.09,9.80589e-009
7310,73.1,9.81076e-009
7311,73.11,9.8213e-009
7312,73.12,9.8393e-009
7313,73.13,9.86663e-009
7314,73.14,9.90497e-009
7315,73.15,9.95536e-009
7316,73.16,1.00177e-008
7317,73.17,1.009e-008
7318,73.18,1.01686e-008
7319,73.19,1.0248e-008
7320,73.2,1.03218e-008
7321,73.21,1.0384e-008
7322,73.22,1.04298e-008
7323,73.23,1.04566e-008
7324,73.24,1.04639e-008
7325,73.25,1.04526e-008
7326,73.26,1.0425e-008
7327,73.27,1.03839e-008
7328,73.28,1.03323e-008
7329,73.29,1.02735e-008
7330,73.3,1.02102e-008
7331,73.31,1.01455e-008
7332,73.32,1.00821e-008
7333,73.33,1.00226e-008
7334,73.34,9.96925e-009
7335,73.35,9.92411e-009
7336,73.36,9.88863e-009
7337,73.37,9.86356e-009
7338,73.38,9.84882e-009
7339,73.39,9.84343e-009
7340,73.4,9.84561e-009
7341,73.41,9.85302e-009
7342,73.42,9.86318e-009
7343,73.43,9.87377e-009
7344,73.44,9.88306e-009
7345,73.45,9.88997e-009
7346,73.46,9.8941e-009
7347,73.47,9.89564e-009
7348,73.48,9.89516e-009
7349,73.49,9.89342e-009
7350,73.5,9.89128e-009
7351,73.51,9.8895e-009
7352,73.52,9.8888e-009
7353,73.53,9.8897e-009
7354,73.54,9.89259e-009
7355,73.55,9.89774e-009
7356,73.56,9.90528e-009
7357,73.57,9.9152e-009
7358,73.58,9.92743e-009
7359,73.59,9.94182e-009
7360,73.6,9.95816e-009
7361,73.61,9.97621e-009
7362,73.62,9.9957e-009
7363,73.63,1.00164e-008
7364,73.64,1.0038e-008
7365,73.65,1.00602e-008
7366,73.66,1.0083e-008
7367,73.67,1.01059e-008
7368,73.68,1.0129e-008
7369,73.69,1.01521e-008
7370,73.7,1.0175e-008
7371,73.71,1.01976e-008
7372,73.72,1.02199e-008
7373,73.73,1.02417e-008
7374,73.74,1.0263e-008
7375,73.75,1.02838e-008
7376,73.76,1.03039e-008
7377,73.77,1.03233e-008
7378,73.78,1.03419e-008
7379,73.79,1.03597e-008
7380,73.8,1.03766e-008
7381,73.81,1.03925e-008
7382,73.82,1.04073e-008
7383,73.83,1.04209e-008
7384,73.84,1.04333e-008
7385,73.85,1.04443e-008
7386,73.86,1.04539e-008
7387,73.87,1.04619e-008
7388,73.88,1.04683e-008
7389,73.89,1.04728e-008
7390,73.9,1.04753e-008
7391,73.91,1.04757e-008
7392,73.92,1.04737e-008
7393,73.93,1.04692e-008
7394,73.94,1.0462e-008
7395,73.95,1.04518e-008
7396,73.96,1.04383e-008
7397,73.97,1.04213e-008
7398,73.98,1.04006e-008
7399,73.99,1.03759e-008
7400,74,1.0347e-008
7401,74.01,1.03138e-008
7402,74.02,1.02762e-008
7403,74.03,1.02342e-008
7404,74.04,1.01883e-008
7405,74.05,1.01389e-008
7406,74.06,1.00869e-008
7407,74.07,1.00335e-008
7408,74.08,9.98053e-009
7409,74.09,9.92999e-009
7410,74.1,9.88438e-009
7411,74.11,9.84623e-009
7412,74.12,9.81781e-009
7413,74.13,9.80053e-009
7414,74.14,9.7944e-009
7415,74.15,9.79763e-009
7416,74.16,9.8067e-009
7417,74.17,9.817e-009
7418,74.18,9.82394e-009
7419,74.19,9.82402e-009
7420,74.2,9.81552e-009
7421,74.21,9.7986e-009
7422,74.22,9.77492e-009
7423,74.23,9.74698e-009
7424,74.24,9.71755e-009
7425,74.25,9.68929e-009
7426,74.26,9.66452e-009
7427,74.27,9.64504e-009
7428,74.28,9.63219e-009
7429,74.29,9.6268e-009
7430,74.3,9.62923e-009
7431,74.31,9.6394e-009
7432,74.32,9.65678e-009
7433,74.33,9.68048e-009
7434,74.34,9.70932e-009
7435,74.35,9.74194e-009
7436,74.36,9.77694e-009
7437,74.37,9.81299e-009
7438,74.38,9.84901e-009
7439,74.39,9.88416e-009
7440,74.4,9.91793e-009
7441,74.41,9.95011e-009
7442,74.42,9.9807e-009
7443,74.43,1.00099e-008
7444,74.44,1.00381e-008
7445,74.45,1.00655e-008
7446,74.46,1.00926e-008
7447,74.47,1.01198e-008
7448,74.48,1.01471e-008
7449,74.49,1.01749e-008
7450,74.5,1.02032e-008
7451,74.51,1.0232e-008
7452,74.52,1.02614e-008
7453,74.53,1.02911e-008
7454,74.54,1.0321e-008
7455,74.55,1.0351e-008
7456,74.56,1.03807e-008
7457,74.57,1.04101e-008
7458,74.58,1.04389e-008
7459,74.59,1.0467e-008
7460,74.6,1.04942e-008
7461,74.61,1.05204e-008
7462,74.62,1.05455e-008
7463,74.63,1.05694e-008
7464,74.64,1.05922e-008
7465,74.65,1.06139e-008
7466,74.66,1.06344e-008
7467,74.67,1.06538e-008
7468,74.68,1.06722e-008
7469,74.69,1.06896e-008
7470,74.7,1.0706e-008
7471,74.71,1.07216e-008
7472,74.72,1.07364e-008
7473,74.73,1.07505e-008
7474,74.74,1.07639e-008
7475,74.75,1.07767e-008
7476,74.76,1.07889e-008
7477,74.77,1.08005e-008
7478,74.78,1.08117e-008
7479,74.79,1.08225e-008
7480,74.8,1.08328e-008
7481,74.81,1.08428e-008
7482,74.82,1.08524e-008
7483,74.83,1.08617e-008
7484,74.84,1.08707e-008
7485,74.85,1.08794e-008
7486,74.86,1.08878e-008
7487,74.87,1.0896e-008
7488,74.88,1.09039e-008
7489,74.89,1.09117e-008
7490,74.9,1.09191e-008
7491,74.91,1.09264e-008
7492,74.92,1.09334e-008
7493,74.93,1.09403e-008
7494,74.94,1.09469e-008
7495,74.95,1.09534e-008
7496,74.96,1.09596e-008
7497,74.97,1.09657e-008
7498,74.98,1.09715e-008
7499,74.99,1.09771e-008
7500,75,1.09826e-008
7501,75.01,1.09877e-008
7502,75.02,1.09927e-008
7503,75.03,1.09974e-008
7504,75.04,1.10018e-008
7505,75.05,1.10058e-008
7506,75.06,1.10095e-008
7507,75.07,1.10129e-008
7508,75.08,1.10157e-008
7509,75.09,1.10181e-008
7510,75.1,1.10198e-008
7511,75.11,1.10208e-008
7512,75.12,1.1021e-008
7513,75.13,1.10201e-008
7514,75.14,1.10181e-008
7515,75.15,1.10147e-008
7516,75.16,1.10096e-008
7517,75.17,1.10026e-008
7518,75.18,1.09931e-008
7519,75.19,1.09809e-008
7520,75.2,1.09652e-008
7521,75.21,1.09457e-008
7522,75.22,1.09215e-008
7523,75.23,1.08919e-008
7524,75.24,1.08561e-008
7525,75.25,1.08132e-008
7526,75.26,1.07625e-008
7527,75.27,1.07032e-008
7528,75.28,1.06349e-008
7529,75.29,1.05574e-008
7530,75.3,1.04712e-008
7531,75.31,1.03775e-008
7532,75.32,1.02783e-008
7533,75.33,1.01766e-008
7534,75.34,1.00761e-008
7535,75.35,9.98066e-009
7536,75.36,9.89384e-009
7537,75.37,9.81782e-009
7538,75.38,9.75274e-009
7539,75.39,9.6966e-009
7540,75.4,9.6459e-009
7541,75.41,9.5969e-009
7542,75.42,9.54684e-009
7543,75.43,9.49461e-009
7544,75.44,9.44072e-009
7545,75.45,9.38668e-009
7546,75.46,9.33442e-009
7547,75.47,9.28571e-009
7548,75.48,9.24197e-009
7549,75.49,9.20414e-009
7550,75.5,9.17286e-009
7551,75.51,9.14844e-009
7552,75.52,9.13111e-009
7553,75.53,9.121e-009
7554,75.54,9.11827e-009
7555,75.55,9.12306e-009
7556,75.56,9.13552e-009
7557,75.57,9.15567e-009
7558,75.58,9.18337e-009
7559,75.59,9.21817e-009
7560,75.6,9.25923e-009
7561,75.61,9.30533e-009
7562,75.62,9.35481e-009
7563,75.63,9.40577e-009
7564,75.64,9.45625e-009
7565,75.65,9.50437e-009
7566,75.66,9.54863e-009
7567,75.67,9.58796e-009
7568,75.68,9.62182e-009
7569,75.69,9.65013e-009
7570,75.7,9.67323e-009
7571,75.71,9.6918e-009
7572,75.72,9.7067e-009
7573,75.73,9.71896e-009
7574,75.74,9.72969e-009
7575,75.75,9.74005e-009
7576,75.76,9.75127e-009
7577,75.77,9.76457e-009
7578,75.78,9.78117e-009
7579,75.79,9.80225e-009
7580,75.8,9.82883e-009
7581,75.81,9.86168e-009
7582,75.82,9.90115e-009
7583,75.83,9.94704e-009
7584,75.84,9.99846e-009
7585,75.85,1.00538e-008
7586,75.86,1.01108e-008
7587,75.87,1.01668e-008
7588,75.88,1.02191e-008
7589,75.89,1.02652e-008
7590,75.9,1.03032e-008
7591,75.91,1.0332e-008
7592,75.92,1.03508e-008
7593,75.93,1.036e-008
7594,75.94,1.036e-008
7595,75.95,1.03515e-008
7596,75.96,1.03357e-008
7597,75.97,1.03135e-008
7598,75.98,1.02858e-008
7599,75.99,1.02537e-008
7600,76,1.0218e-008
7601,76.01,1.01796e-008
7602,76.02,1.01392e-008
7603,76.03,1.00978e-008
7604,76.04,1.00562e-008
7605,76.05,1.00152e-008
7606,76.06,9.97586e-009
7607,76.07,9.93929e-009
7608,76.08,9.90663e-009
7609,76.09,9.87906e-009
7610,76.1,9.85779e-009
7611,76.11,9.84391e-009
7612,76.12,9.83824e-009
7613,76.13,9.84119e-009
7614,76.14,9.8526e-009
7615,76.15,9.87156e-009
7616,76.16,9.89646e-009
7617,76.17,9.92507e-009
7618,76.18,9.95483e-009
7619,76.19,9.98319e-009
7620,76.2,1.0008e-008
7621,76.21,1.00276e-008
7622,76.22,1.00412e-008
7623,76.23,1.00487e-008
7624,76.24,1.00503e-008
7625,76.25,1.0047e-008
7626,76.26,1.00394e-008
7627,76.27,1.00287e-008
7628,76.28,1.00157e-008
7629,76.29,1.00011e-008
7630,76.3,9.98571e-009
7631,76.31,9.96996e-009
7632,76.32,9.95426e-009
7633,76.33,9.93889e-009
7634,76.34,9.92402e-009
7635,76.35,9.90978e-009
7636,76.36,9.89624e-009
7637,76.37,9.88343e-009
7638,76.38,9.87137e-009
7639,76.39,9.86008e-009
7640,76.4,9.84961e-009
7641,76.41,9.84001e-009
7642,76.42,9.83141e-009
7643,76.43,9.82398e-009
7644,76.44,9.81796e-009
7645,76.45,9.8137e-009
7646,76.46,9.81164e-009
7647,76.47,9.81231e-009
7648,76.48,9.81638e-009
7649,76.49,9.82457e-009
7650,76.5,9.8377e-009
7651,76.51,9.85656e-009
7652,76.52,9.88184e-009
7653,76.53,9.91401e-009
7654,76.54,9.95311e-009
7655,76.55,9.99867e-009
7656,76.56,1.00495e-008
7657,76.57,1.01039e-008
7658,76.58,1.01594e-008
7659,76.59,1.02134e-008
7660,76.6,1.02631e-008
7661,76.61,1.03063e-008
7662,76.62,1.03411e-008
7663,76.63,1.03665e-008
7664,76.64,1.03821e-008
7665,76.65,1.03879e-008
7666,76.66,1.03847e-008
7667,76.67,1.03732e-008
7668,76.68,1.03543e-008
7669,76.69,1.03291e-008
7670,76.7,1.02986e-008
7671,76.71,1.02635e-008
7672,76.72,1.0225e-008
7673,76.73,1.01838e-008
7674,76.74,1.01407e-008
7675,76.75,1.00968e-008
7676,76.76,1.00529e-008
7677,76.77,1.001e-008
7678,76.78,9.96937e-009
7679,76.79,9.93206e-009
7680,76.8,9.89939e-009
7681,76.81,9.87263e-009
7682,76.82,9.85298e-009
7683,76.83,9.84144e-009
7684,76.84,9.83861e-009
7685,76.85,9.84457e-009
7686,76.86,9.85865e-009
7687,76.87,9.87944e-009
7688,76.88,9.90486e-009
7689,76.89,9.93239e-009
7690,76.9,9.95939e-009
7691,76.91,9.98356e-009
7692,76.92,1.00031e-008
7693,76.93,1.00171e-008
7694,76.94,1.00251e-008
7695,76.95,1.00274e-008
7696,76.96,1.00248e-008
7697,76.97,1.0018e-008
7698,76.98,1.00082e-008
7699,76.99,9.99614e-009
7700,77,9.9827e-009
7701,77.01,9.96854e-009
7702,77.02,9.9542e-009
7703,77.03,9.94007e-009
7704,77.04,9.92639e-009
7705,77.05,9.91336e-009
7706,77.06,9.90104e-009
7707,77.07,9.88948e-009
7708,77.08,9.87865e-009
7709,77.09,9.86852e-009
7710,77.1,9.85905e-009
7711,77.11,9.8502e-009
7712,77.12,9.84196e-009
7713,77.13,9.83434e-009
7714,77.14,9.82741e-009
7715,77.15,9.82129e-009
7716,77.16,9.81619e-009
7717,77.17,9.81238e-009
7718,77.18,9.81025e-009
7719,77.19,9.81028e-009
7720,77.2,9.81309e-009
7721,77.21,9.8194e-009
7722,77.22,9.83002e-009
7723,77.23,9.84584e-009
7724,77.24,9.86769e-009
7725,77.25,9.89631e-009
7726,77.26,9.93213e-009
7727,77.27,9.97511e-009
7728,77.28,1.00246e-008
7729,77.29,1.00792e-008
7730,77.3,1.01368e-008
7731,77.31,1.01948e-008
7732,77.32,1.02502e-008
7733,77.33,1.03003e-008
7734,77.34,1.03427e-008
7735,77.35,1.03757e-008
7736,77.36,1.03983e-008
7737,77.37,1.04104e-008
7738,77.38,1.04124e-008
7739,77.39,1.04049e-008
7740,77.4,1.03889e-008
7741,77.41,1.03654e-008
7742,77.42,1.03356e-008
7743,77.43,1.03004e-008
7744,77.44,1.02609e-008
7745,77.45,1.02181e-008
7746,77.46,1.01728e-008
7747,77.47,1.01262e-008
7748,77.48,1.00793e-008
7749,77.49,1.00331e-008
7750,77.5,9.98897e-009
7751,77.51,9.94813e-009
7752,77.52,9.91195e-009
7753,77.53,9.88182e-009
7754,77.54,9.859e-009
7755,77.55,9.84453e-009
7756,77.56,9.83901e-009
7757,77.57,9.84247e-009
7758,77.58,9.85417e-009
7759,77.59,9.87259e-009
7760,77.6,9.89555e-009
7761,77.61,9.92046e-009
7762,77.62,9.94471e-009
7763,77.63,9.96606e-009
7764,77.64,9.98287e-009
7765,77.65,9.99426e-009
7766,77.66,1.00001e-008
7767,77.67,1.00006e-008
7768,77.68,9.99677e-009
7769,77.69,9.98938e-009
7770,77.7,9.97945e-009
7771,77.71,9.96786e-009
7772,77.72,9.9554e-009
7773,77.73,9.94267e-009
7774,77.74,9.93017e-009
7775,77.75,9.91819e-009
7776,77.76,9.90697e-009
7777,77.77,9.89657e-009
7778,77.78,9.88705e-009
7779,77.79,9.87834e-009
7780,77.8,9.87038e-009
7781,77.81,9.86307e-009
7782,77.82,9.85628e-009
7783,77.83,9.84991e-009
7784,77.84,9.84388e-009
7785,77.85,9.83811e-009
7786,77.86,9.83258e-009
7787,77.87,9.8273e-009
7788,77.88,9.82235e-009
7789,77.89,9.81785e-009
7790,77.9,9.81403e-009
7791,77.91,9.81119e-009
7792,77.92,9.80974e-009
7793,77.93,9.81021e-009
7794,77.94,9.81326e-009
7795,77.95,9.81966e-009
7796,77.96,9.83033e-009
7797,77.97,9.84626e-009
7798,77.98,9.86842e-009
7799,77.99,9.89771e-009
7800,78,9.93471e-009
7801,78.01,9.97953e-009
7802,78.02,1.00316e-008
7803,78.03,1.00894e-008
7804,78.04,1.01508e-008
7805,78.05,1.02127e-008
7806,78.06,1.02719e-008
7807,78.07,1.03251e-008
7808,78.08,1.03697e-008
7809,78.09,1.04038e-008
7810,78.1,1.04264e-008
7811,78.11,1.04373e-008
7812,78.12,1.04369e-008
7813,78.13,1.04261e-008
7814,78.14,1.04061e-008
7815,78.15,1.0378e-008
7816,78.16,1.03432e-008
7817,78.17,1.03027e-008
7818,78.18,1.02579e-008
7819,78.19,1.02099e-008
7820,78.2,1.01599e-008
7821,78.21,1.01091e-008
7822,78.22,1.00588e-008
7823,78.23,1.00104e-008
7824,78.24,9.96546e-009
7825,78.25,9.92535e-009
7826,78.26,9.8916e-009
7827,78.27,9.86555e-009
7828,78.28,9.84822e-009
7829,78.29,9.84017e-009
7830,78.3,9.84126e-009
7831,78.31,9.85058e-009
7832,78.32,9.86642e-009
7833,78.33,9.88646e-009
7834,78.34,9.90807e-009
7835,78.35,9.92875e-009
7836,78.36,9.94639e-009
7837,78.37,9.95963e-009
7838,78.38,9.96781e-009
7839,78.39,9.97099e-009
7840,78.4,9.96968e-009
7841,78.41,9.96473e-009
7842,78.42,9.95707e-009
7843,78.43,9.94764e-009
7844,78.44,9.9373e-009
7845,78.45,9.92673e-009
7846,78.46,9.91646e-009
7847,78.47,9.90688e-009
7848,78.48,9.89823e-009
7849,78.49,9.89062e-009
7850,78.5,9.88407e-009
7851,78.51,9.87853e-009
7852,78.52,9.87388e-009
7853,78.53,9.86999e-009
7854,78.54,9.86666e-009
7855,78.55,9.86373e-009
7856,78.56,9.86102e-009
7857,78.57,9.85838e-009
7858,78.58,9.85566e-009
7859,78.59,9.85274e-009
7860,78.6,9.84954e-009
7861,78.61,9.84599e-009
7862,78.62,9.84207e-009
7863,78.63,9.83782e-009
7864,78.64,9.83327e-009
7865,78.65,9.82856e-009
7866,78.66,9.82386e-009
7867,78.67,9.81943e-009
7868,78.68,9.81562e-009
7869,78.69,9.81289e-009
7870,78.7,9.81184e-009
7871,78.71,9.81323e-009
7872,78.72,9.81797e-009
7873,78.73,9.82718e-009
7874,78.74,9.84206e-009
7875,78.75,9.86393e-009
7876,78.76,9.89395e-009
7877,78.77,9.93302e-009
7878,78.78,9.9814e-009
7879,78.79,1.00385e-008
7880,78.8,1.01024e-008
7881,78.81,1.01703e-008
7882,78.82,1.02383e-008
7883,78.83,1.0302e-008
7884,78.84,1.03575e-008
7885,78.85,1.04015e-008
7886,78.86,1.04319e-008
7887,78.87,1.0448e-008
7888,78.88,1.04499e-008
7889,78.89,1.04387e-008
7890,78.9,1.04158e-008
7891,78.91,1.0383e-008
7892,78.92,1.03421e-008
7893,78.93,1.02948e-008
7894,78.94,1.02428e-008
7895,78.95,1.0188e-008
7896,78.96,1.0132e-008
7897,78.97,1.00766e-008
7898,78.98,1.00235e-008
7899,78.99,9.97442e-009
7900,79,9.93119e-009
7901,79.01,9.89534e-009
7902,79.02,9.86813e-009
7903,79.03,9.85038e-009
7904,79.04,9.84224e-009
7905,79.05,9.8431e-009
7906,79.06,9.85154e-009
7907,79.07,9.86547e-009
7908,79.08,9.88243e-009
7909,79.09,9.89992e-009
7910,79.1,9.9158e-009
7911,79.11,9.92853e-009
7912,79.12,9.9373e-009
7913,79.13,9.94193e-009
7914,79.14,9.94279e-009
7915,79.15,9.94059e-009
7916,79.16,9.93618e-009
7917,79.17,9.93044e-009
7918,79.18,9.92416e-009
7919,79.19,9.91801e-009
7920,79.2,9.91253e-009
7921,79.21,9.90807e-009
7922,79.22,9.90486e-009
7923,79.23,9.90301e-009
7924,79.24,9.90253e-009
7925,79.25,9.90333e-009
7926,79.26,9.90529e-009
7927,79.27,9.90823e-009
7928,79.28,9.91196e-009
7929,79.29,9.91627e-009
7930,79.3,9.92095e-009
7931,79.31,9.92583e-009
7932,79.32,9.93072e-009
7933,79.33,9.93548e-009
7934,79.34,9.93996e-009
7935,79.35,9.94406e-009
7936,79.36,9.94767e-009
7937,79.37,9.95072e-009
7938,79.38,9.95311e-009
7939,79.39,9.95481e-009
7940,79.4,9.95574e-009
7941,79.41,9.95584e-009
7942,79.42,9.95506e-009
7943,79.43,9.95333e-009
7944,79.44,9.9506e-009
7945,79.45,9.94679e-009
7946,79.46,9.94186e-009
7947,79.47,9.93574e-009
7948,79.48,9.92838e-009
7949,79.49,9.91977e-009
7950,79.5,9.90992e-009
7951,79.51,9.89886e-009
7952,79.52,9.88673e-009
7953,79.53,9.87374e-009
7954,79.54,9.86026e-009
7955,79.55,9.84682e-009
7956,79.56,9.83418e-009
7957,79.57,9.82343e-009
7958,79.58,9.81596e-009
7959,79.59,9.81356e-009
7960,79.6,9.81833e-009
7961,79.61,9.83254e-009
7962,79.62,9.85829e-009
7963,79.63,9.89697e-009
7964,79.64,9.94852e-009
7965,79.65,1.00108e-008
7966,79.66,1.00793e-008
7967,79.67,1.01476e-008
7968,79.68,1.02084e-008
7969,79.69,1.02553e-008
7970,79.7,1.02838e-008
7971,79.71,1.02924e-008
7972,79.72,1.02818e-008
7973,79.73,1.02547e-008
7974,79.74,1.02149e-008
7975,79.75,1.01663e-008
7976,79.76,1.01129e-008
7977,79.77,1.00584e-008
7978,79.78,1.0006e-008
7979,79.79,9.95851e-009
7980,79.8,9.91814e-009
7981,79.81,9.88652e-009
7982,79.82,9.8646e-009
7983,79.83,9.85262e-009
7984,79.84,9.85007e-009
7985,79.85,9.85578e-009
7986,79.86,9.86803e-009
7987,79.87,9.88481e-009
7988,79.88,9.90408e-009
7989,79.89,9.92404e-009
7990,79.9,9.94332e-009
7991,79.91,9.96104e-009
7992,79.92,9.97684e-009
7993,79.93,9.99073e-009
7994,79.94,1.0003e-008
7995,79.95,1.00142e-008
7996,79.96,1.00248e-008
7997,79.97,1.00354e-008
7998,79.98,1.00463e-008
7999,79.99,1.00579e-008
