i,t,distance
0,0,9.52797e-008
1,0.01,9.97096e-008
2,0.02,1.10656e-007
3,0.03,1.25903e-007
4,0.04,1.44164e-007
5,0.05,1.64885e-007
6,0.06,1.87947e-007
7,0.07,2.13471e-007
8,0.08,2.4171e-007
9,0.09,2.72998e-007
10,0.1,3.07721e-007
11,0.11,3.46307e-007
12,0.12,3.89216e-007
13,0.13,4.36932e-007
14,0.14,4.89959e-007
15,0.15,5.48804e-007
16,0.16,6.13964e-007
17,0.17,6.85895e-007
18,0.18,7.64975e-007
19,0.19,8.51451e-007
20,0.2,9.45366e-007
21,0.21,1.04647e-006
22,0.22,1.1541e-006
23,0.23,1.26706e-006
24,0.24,1.38351e-006
25,0.25,1.50081e-006
26,0.26,1.61553e-006
27,0.27,1.7235e-006
28,0.28,1.82004e-006
29,0.29,1.90044e-006
30,0.3,1.96059e-006
31,0.31,1.99767e-006
32,0.32,2.01074e-006
33,0.33,2.00086e-006
34,0.34,1.97072e-006
35,0.35,1.92374e-006
36,0.36,1.86316e-006
37,0.37,1.79144e-006
38,0.38,1.71025e-006
39,0.39,1.62089e-006
40,0.4,1.52474e-006
41,0.41,1.42356e-006
42,0.42,1.31946e-006
43,0.43,1.21466e-006
44,0.44,1.11131e-006
45,0.45,1.01125e-006
46,0.46,9.15923e-007
47,0.47,8.26337e-007
48,0.48,7.43118e-007
49,0.49,6.66562e-007
50,0.5,5.96705e-007
51,0.51,5.33395e-007
52,0.52,4.7635e-007
53,0.53,4.25201e-007
54,0.54,3.79534e-007
55,0.55,3.38914e-007
56,0.56,3.02905e-007
57,0.57,2.71081e-007
58,0.58,2.43043e-007
59,0.59,2.18418e-007
60,0.6,1.9687e-007
61,0.61,1.781e-007
62,0.62,1.61851e-007
63,0.63,1.47905e-007
64,0.64,1.36083e-007
65,0.65,1.26241e-007
66,0.66,1.18259e-007
67,0.67,1.12032e-007
68,0.68,1.07459e-007
69,0.69,1.04424e-007
70,0.7,1.02793e-007
71,0.71,1.02407e-007
72,0.72,1.03086e-007
73,0.73,1.04638e-007
74,0.74,1.06866e-007
75,0.75,1.09577e-007
76,0.76,1.1259e-007
77,0.77,1.15737e-007
78,0.78,1.18865e-007
79,0.79,1.21839e-007
80,0.8,1.24542e-007
81,0.81,1.26872e-007
82,0.82,1.28746e-007
83,0.83,1.30102e-007
84,0.84,1.30897e-007
85,0.85,1.31111e-007
86,0.86,1.30748e-007
87,0.87,1.29834e-007
88,0.88,1.28425e-007
89,0.89,1.26598e-007
90,0.9,1.24456e-007
91,0.91,1.2212e-007
92,0.92,1.19726e-007
93,0.93,1.17418e-007
94,0.94,1.15336e-007
95,0.95,1.13606e-007
96,0.96,1.12326e-007
97,0.97,1.1156e-007
98,0.98,1.11326e-007
99,0.99,1.11603e-007
100,1,1.12329e-007
101,1.01,1.13412e-007
102,1.02,1.14744e-007
103,1.03,1.16209e-007
104,1.04,1.17694e-007
105,1.05,1.19098e-007
106,1.06,1.20332e-007
107,1.07,1.21326e-007
108,1.08,1.22027e-007
109,1.09,1.22398e-007
110,1.1,1.22418e-007
111,1.11,1.22078e-007
112,1.12,1.21383e-007
113,1.13,1.20344e-007
114,1.14,1.18986e-007
115,1.15,1.17336e-007
116,1.16,1.15429e-007
117,1.17,1.13308e-007
118,1.18,1.11018e-007
119,1.19,1.08612e-007
120,1.2,1.06147e-007
121,1.21,1.03686e-007
122,1.22,1.013e-007
123,1.23,9.90616e-008
124,1.24,9.70504e-008
125,1.25,9.53472e-008
126,1.26,9.40324e-008
127,1.27,9.31808e-008
128,1.28,9.28571e-008
129,1.29,9.31096e-008
130,1.3,9.39655e-008
131,1.31,9.54273e-008
132,1.32,9.74719e-008
133,1.33,1.00051e-007
134,1.34,1.03096e-007
135,1.35,1.06521e-007
136,1.36,1.10225e-007
137,1.37,1.14102e-007
138,1.38,1.18042e-007
139,1.39,1.21933e-007
140,1.4,1.25667e-007
141,1.41,1.29139e-007
142,1.42,1.32252e-007
143,1.43,1.34922e-007
144,1.44,1.37073e-007
145,1.45,1.38648e-007
146,1.46,1.39607e-007
147,1.47,1.39931e-007
148,1.48,1.39623e-007
149,1.49,1.38714e-007
150,1.5,1.3726e-007
151,1.51,1.35342e-007
152,1.52,1.33069e-007
153,1.53,1.3057e-007
154,1.54,1.27991e-007
155,1.55,1.25485e-007
156,1.56,1.23204e-007
157,1.57,1.21285e-007
158,1.58,1.19835e-007
159,1.59,1.18926e-007
160,1.6,1.18579e-007
161,1.61,1.18774e-007
162,1.62,1.19446e-007
163,1.63,1.20499e-007
164,1.64,1.21817e-007
165,1.65,1.23276e-007
166,1.66,1.24759e-007
167,1.67,1.26155e-007
168,1.68,1.27374e-007
169,1.69,1.2834e-007
170,1.7,1.28998e-007
171,1.71,1.2931e-007
172,1.72,1.29256e-007
173,1.73,1.28828e-007
174,1.74,1.28031e-007
175,1.75,1.2688e-007
176,1.76,1.25399e-007
177,1.77,1.23619e-007
178,1.78,1.21577e-007
179,1.79,1.19315e-007
180,1.8,1.16882e-007
181,1.81,1.14331e-007
182,1.82,1.1172e-007
183,1.83,1.09115e-007
184,1.84,1.06585e-007
185,1.85,1.04206e-007
186,1.86,1.0206e-007
187,1.87,1.0023e-007
188,1.88,9.87982e-008
189,1.89,9.78454e-008
190,1.9,9.74407e-008
191,1.91,9.76383e-008
192,1.92,9.8471e-008
193,1.93,9.99472e-008
194,1.94,1.02048e-007
195,1.95,1.04728e-007
196,1.96,1.0792e-007
197,1.97,1.11537e-007
198,1.98,1.15476e-007
199,1.99,1.19626e-007
200,2,1.23872e-007
201,2.01,1.28095e-007
202,2.02,1.32177e-007
203,2.03,1.36007e-007
204,2.04,1.39479e-007
205,2.05,1.42496e-007
206,2.06,1.44976e-007
207,2.07,1.4685e-007
208,2.08,1.4807e-007
209,2.09,1.4861e-007
210,2.1,1.48467e-007
211,2.11,1.47667e-007
212,2.12,1.46263e-007
213,2.13,1.44338e-007
214,2.14,1.42003e-007
215,2.15,1.39395e-007
216,2.16,1.36666e-007
217,2.17,1.33982e-007
218,2.18,1.31507e-007
219,2.19,1.2939e-007
220,2.2,1.27753e-007
221,2.21,1.26675e-007
222,2.22,1.26188e-007
223,2.23,1.26275e-007
224,2.24,1.2687e-007
225,2.25,1.27874e-007
226,2.26,1.29166e-007
227,2.27,1.30615e-007
228,2.28,1.32094e-007
229,2.29,1.33487e-007
230,2.3,1.34696e-007
231,2.31,1.35643e-007
232,2.32,1.36268e-007
233,2.33,1.36534e-007
234,2.34,1.36417e-007
235,2.35,1.35911e-007
236,2.36,1.35023e-007
237,2.37,1.33768e-007
238,2.38,1.32172e-007
239,2.39,1.30268e-007
240,2.4,1.28094e-007
241,2.41,1.25694e-007
242,2.42,1.23117e-007
243,2.43,1.20418e-007
244,2.44,1.17656e-007
245,2.45,1.14896e-007
246,2.46,1.12209e-007
247,2.47,1.09671e-007
248,2.48,1.07365e-007
249,2.49,1.05377e-007
250,2.5,1.03792e-007
251,2.51,1.02696e-007
252,2.52,1.02163e-007
253,2.53,1.02255e-007
254,2.54,1.03012e-007
255,2.55,1.0445e-007
256,2.56,1.06559e-007
257,2.57,1.09298e-007
258,2.58,1.12603e-007
259,2.59,1.16387e-007
260,2.6,1.20549e-007
261,2.61,1.24973e-007
262,2.62,1.29539e-007
263,2.63,1.3412e-007
264,2.64,1.38592e-007
265,2.65,1.42832e-007
266,2.66,1.46724e-007
267,2.67,1.50162e-007
268,2.68,1.5305e-007
269,2.69,1.5531e-007
270,2.7,1.5688e-007
271,2.71,1.57725e-007
272,2.72,1.57832e-007
273,2.73,1.57218e-007
274,2.74,1.55934e-007
275,2.75,1.54058e-007
276,2.76,1.51703e-007
277,2.77,1.49008e-007
278,2.78,1.46136e-007
279,2.79,1.43262e-007
280,2.8,1.40564e-007
281,2.81,1.38206e-007
282,2.82,1.36326e-007
283,2.83,1.3502e-007
284,2.84,1.34333e-007
285,2.85,1.34253e-007
286,2.86,1.3472e-007
287,2.87,1.35634e-007
288,2.88,1.36868e-007
289,2.89,1.38284e-007
290,2.9,1.39747e-007
291,2.91,1.41132e-007
292,2.92,1.42334e-007
293,2.93,1.43267e-007
294,2.94,1.43869e-007
295,2.95,1.44098e-007
296,2.96,1.4393e-007
297,2.97,1.43358e-007
298,2.98,1.42389e-007
299,2.99,1.4104e-007
300,3,1.39337e-007
301,3.01,1.37316e-007
302,3.02,1.35015e-007
303,3.03,1.32481e-007
304,3.04,1.29761e-007
305,3.05,1.26912e-007
306,3.06,1.23993e-007
307,3.07,1.21068e-007
308,3.08,1.18208e-007
309,3.09,1.15491e-007
310,3.1,1.12998e-007
311,3.11,1.10818e-007
312,3.12,1.09038e-007
313,3.13,1.07748e-007
314,3.14,1.07029e-007
315,3.15,1.06952e-007
316,3.16,1.07566e-007
317,3.17,1.08898e-007
318,3.18,1.10946e-007
319,3.19,1.13682e-007
320,3.2,1.17046e-007
321,3.21,1.20956e-007
322,3.22,1.25312e-007
323,3.23,1.29996e-007
324,3.24,1.34883e-007
325,3.25,1.39842e-007
326,3.26,1.44739e-007
327,3.27,1.49442e-007
328,3.28,1.53823e-007
329,3.29,1.57764e-007
330,3.3,1.61155e-007
331,3.31,1.63903e-007
332,3.32,1.65934e-007
333,3.33,1.67196e-007
334,3.34,1.67664e-007
335,3.35,1.67345e-007
336,3.36,1.66277e-007
337,3.37,1.64534e-007
338,3.38,1.62225e-007
339,3.39,1.5949e-007
340,3.4,1.56497e-007
341,3.41,1.53431e-007
342,3.42,1.50485e-007
343,3.43,1.47842e-007
344,3.44,1.4566e-007
345,3.45,1.44054e-007
346,3.46,1.43088e-007
347,3.47,1.42767e-007
348,3.48,1.43039e-007
349,3.49,1.43806e-007
350,3.5,1.44938e-007
351,3.51,1.46291e-007
352,3.52,1.47719e-007
353,3.53,1.49089e-007
354,3.54,1.50285e-007
355,3.55,1.51213e-007
356,3.56,1.51804e-007
357,3.57,1.5201e-007
358,3.58,1.51807e-007
359,3.59,1.51185e-007
360,3.6,1.5015e-007
361,3.61,1.48721e-007
362,3.62,1.46925e-007
363,3.63,1.44797e-007
364,3.64,1.42378e-007
365,3.65,1.39714e-007
366,3.66,1.36855e-007
367,3.67,1.33856e-007
368,3.68,1.30775e-007
369,3.69,1.27676e-007
370,3.7,1.2463e-007
371,3.71,1.21712e-007
372,3.72,1.19004e-007
373,3.73,1.16594e-007
374,3.74,1.14573e-007
375,3.75,1.13032e-007
376,3.76,1.12061e-007
377,3.77,1.11737e-007
378,3.78,1.12123e-007
379,3.79,1.13259e-007
380,3.8,1.15158e-007
381,3.81,1.17802e-007
382,3.82,1.21145e-007
383,3.83,1.25112e-007
384,3.84,1.29606e-007
385,3.85,1.34512e-007
386,3.86,1.39703e-007
387,3.87,1.45042e-007
388,3.88,1.50388e-007
389,3.89,1.556e-007
390,3.9,1.60538e-007
391,3.91,1.65068e-007
392,3.92,1.69067e-007
393,3.93,1.72425e-007
394,3.94,1.7505e-007
395,3.95,1.7687e-007
396,3.96,1.77846e-007
397,3.97,1.77963e-007
398,3.98,1.77248e-007
399,3.99,1.7576e-007
400,4,1.736e-007
401,4.01,1.70905e-007
402,4.02,1.67843e-007
403,4.03,1.64608e-007
404,4.04,1.61405e-007
405,4.05,1.58438e-007
406,4.06,1.55889e-007
407,4.07,1.53901e-007
408,4.08,1.52565e-007
409,4.09,1.51907e-007
410,4.1,1.51893e-007
411,4.11,1.52434e-007
412,4.12,1.53402e-007
413,4.13,1.54646e-007
414,4.14,1.56012e-007
415,4.15,1.57353e-007
416,4.16,1.58541e-007
417,4.17,1.59472e-007
418,4.18,1.60067e-007
419,4.19,1.60272e-007
420,4.2,1.60054e-007
421,4.21,1.59404e-007
422,4.22,1.58325e-007
423,4.23,1.56835e-007
424,4.24,1.54963e-007
425,4.25,1.52743e-007
426,4.26,1.50219e-007
427,4.27,1.47435e-007
428,4.28,1.44442e-007
429,4.29,1.41295e-007
430,4.3,1.38051e-007
431,4.31,1.34773e-007
432,4.32,1.31528e-007
433,4.33,1.28391e-007
434,4.34,1.25441e-007
435,4.35,1.22764e-007
436,4.36,1.20453e-007
437,4.37,1.186e-007
438,4.38,1.17301e-007
439,4.39,1.16643e-007
440,4.4,1.167e-007
441,4.41,1.17529e-007
442,4.42,1.1916e-007
443,4.43,1.21593e-007
444,4.44,1.24798e-007
445,4.45,1.28714e-007
446,4.46,1.33254e-007
447,4.47,1.38308e-007
448,4.48,1.43751e-007
449,4.49,1.49443e-007
450,4.5,1.55238e-007
451,4.51,1.60986e-007
452,4.52,1.66535e-007
453,4.53,1.71739e-007
454,4.54,1.76456e-007
455,4.55,1.80557e-007
456,4.56,1.8393e-007
457,4.57,1.86482e-007
458,4.58,1.88146e-007
459,4.59,1.88889e-007
460,4.6,1.88711e-007
461,4.61,1.87654e-007
462,4.62,1.85801e-007
463,4.63,1.83278e-007
464,4.64,1.80248e-007
465,4.65,1.76906e-007
466,4.66,1.7347e-007
467,4.67,1.70162e-007
468,4.68,1.67191e-007
469,4.69,1.64735e-007
470,4.7,1.6292e-007
471,4.71,1.61806e-007
472,4.72,1.61387e-007
473,4.73,1.61594e-007
474,4.74,1.62306e-007
475,4.75,1.63372e-007
476,4.76,1.64628e-007
477,4.77,1.65915e-007
478,4.78,1.67088e-007
479,4.79,1.68028e-007
480,4.8,1.68644e-007
481,4.81,1.68869e-007
482,4.82,1.68666e-007
483,4.83,1.68016e-007
484,4.84,1.66921e-007
485,4.85,1.65398e-007
486,4.86,1.63473e-007
487,4.87,1.61183e-007
488,4.88,1.5857e-007
489,4.89,1.5568e-007
490,4.9,1.52565e-007
491,4.91,1.49277e-007
492,4.92,1.45874e-007
493,4.93,1.42414e-007
494,4.94,1.38964e-007
495,4.95,1.35594e-007
496,4.96,1.32379e-007
497,4.97,1.29403e-007
498,4.98,1.26756e-007
499,4.99,1.24531e-007
500,5,1.22827e-007
501,5.01,1.21738e-007
502,5.02,1.21352e-007
503,5.03,1.21741e-007
504,5.04,1.22956e-007
505,5.05,1.25022e-007
506,5.06,1.27929e-007
507,5.07,1.31639e-007
508,5.08,1.3608e-007
509,5.09,1.41154e-007
510,5.1,1.46744e-007
511,5.11,1.52713e-007
512,5.12,1.58911e-007
513,5.13,1.65184e-007
514,5.14,1.7137e-007
515,5.15,1.77309e-007
516,5.16,1.82843e-007
517,5.17,1.87822e-007
518,5.18,1.92111e-007
519,5.19,1.9559e-007
520,5.2,1.98164e-007
521,5.21,1.99769e-007
522,5.22,2.00375e-007
523,5.23,1.99993e-007
524,5.24,1.9868e-007
525,5.25,1.96539e-007
526,5.26,1.93717e-007
527,5.27,1.90403e-007
528,5.28,1.86818e-007
529,5.29,1.83199e-007
530,5.3,1.79783e-007
531,5.31,1.76786e-007
532,5.32,1.74377e-007
533,5.33,1.72667e-007
534,5.34,1.71692e-007
535,5.35,1.71416e-007
536,5.36,1.71739e-007
537,5.37,1.72518e-007
538,5.38,1.73585e-007
539,5.39,1.74766e-007
540,5.4,1.759e-007
541,5.41,1.76847e-007
542,5.42,1.77498e-007
543,5.43,1.77772e-007
544,5.44,1.77615e-007
545,5.45,1.77003e-007
546,5.46,1.7593e-007
547,5.47,1.74409e-007
548,5.48,1.72465e-007
549,5.49,1.70134e-007
550,5.5,1.67458e-007
551,5.51,1.64485e-007
552,5.52,1.61264e-007
553,5.53,1.5785e-007
554,5.54,1.54296e-007
555,5.55,1.5066e-007
556,5.56,1.47005e-007
557,5.57,1.43395e-007
558,5.58,1.39902e-007
559,5.59,1.36603e-007
560,5.6,1.33584e-007
561,5.61,1.30936e-007
562,5.62,1.28755e-007
563,5.63,1.27141e-007
564,5.64,1.26191e-007
565,5.65,1.25994e-007
566,5.66,1.26623e-007
567,5.67,1.28128e-007
568,5.68,1.3053e-007
569,5.69,1.33817e-007
570,5.7,1.37946e-007
571,5.71,1.42839e-007
572,5.72,1.48394e-007
573,5.73,1.54485e-007
574,5.74,1.60968e-007
575,5.75,1.67686e-007
576,5.76,1.74472e-007
577,5.77,1.81157e-007
578,5.78,1.87567e-007
579,5.79,1.93534e-007
580,5.8,1.98897e-007
581,5.81,2.03509e-007
582,5.82,2.0724e-007
583,5.83,2.0999e-007
584,5.84,2.11688e-007
585,5.85,2.12307e-007
586,5.86,2.11861e-007
587,5.87,2.10418e-007
588,5.88,2.08093e-007
589,5.89,2.05054e-007
590,5.9,2.0151e-007
591,5.91,1.97705e-007
592,5.92,1.93896e-007
593,5.93,1.90334e-007
594,5.94,1.87243e-007
595,5.95,1.84791e-007
596,5.96,1.83078e-007
597,5.97,1.82123e-007
598,5.98,1.81867e-007
599,5.99,1.82192e-007
600,6,1.82934e-007
601,6.01,1.83914e-007
602,6.02,1.8495e-007
603,6.03,1.85881e-007
604,6.04,1.86571e-007
605,6.05,1.86915e-007
606,6.06,1.86844e-007
607,6.07,1.86315e-007
608,6.08,1.85312e-007
609,6.09,1.83841e-007
610,6.1,1.81924e-007
611,6.11,1.79593e-007
612,6.12,1.76891e-007
613,6.13,1.73865e-007
614,6.14,1.70566e-007
615,6.15,1.67047e-007
616,6.16,1.63361e-007
617,6.17,1.59564e-007
618,6.18,1.55713e-007
619,6.19,1.51869e-007
620,6.2,1.48098e-007
621,6.21,1.44468e-007
622,6.22,1.41058e-007
623,6.23,1.37952e-007
624,6.24,1.35242e-007
625,6.25,1.33026e-007
626,6.26,1.31405e-007
627,6.27,1.3048e-007
628,6.28,1.30342e-007
629,6.29,1.31068e-007
630,6.3,1.32712e-007
631,6.31,1.35301e-007
632,6.32,1.38824e-007
633,6.33,1.43241e-007
634,6.34,1.48476e-007
635,6.35,1.54425e-007
636,6.36,1.60958e-007
637,6.37,1.67928e-007
638,6.38,1.75171e-007
639,6.39,1.82513e-007
640,6.4,1.89771e-007
641,6.41,1.96763e-007
642,6.42,2.03305e-007
643,6.43,2.09221e-007
644,6.44,2.14349e-007
645,6.45,2.18546e-007
646,6.46,2.21695e-007
647,6.47,2.23716e-007
648,6.48,2.24571e-007
649,6.49,2.24272e-007
650,6.5,2.22884e-007
651,6.51,2.2053e-007
652,6.52,2.17389e-007
653,6.53,2.13687e-007
654,6.54,2.09684e-007
655,6.55,2.05658e-007
656,6.56,2.01879e-007
657,6.57,1.98586e-007
658,6.58,1.95955e-007
659,6.59,1.94087e-007
660,6.6,1.92997e-007
661,6.61,1.92617e-007
662,6.62,1.92816e-007
663,6.63,1.93418e-007
664,6.64,1.94232e-007
665,6.65,1.95072e-007
666,6.66,1.95771e-007
667,6.67,1.96194e-007
668,6.68,1.96241e-007
669,6.69,1.95846e-007
670,6.7,1.94975e-007
671,6.71,1.93618e-007
672,6.72,1.91789e-007
673,6.73,1.89517e-007
674,6.74,1.86841e-007
675,6.75,1.83809e-007
676,6.76,1.80471e-007
677,6.77,1.7688e-007
678,6.78,1.73091e-007
679,6.79,1.69158e-007
680,6.8,1.65134e-007
681,6.81,1.61077e-007
682,6.82,1.57043e-007
683,6.83,1.53096e-007
684,6.84,1.49301e-007
685,6.85,1.45733e-007
686,6.86,1.42475e-007
687,6.87,1.39615e-007
688,6.88,1.37251e-007
689,6.89,1.35486e-007
690,6.9,1.34422e-007
691,6.91,1.34159e-007
692,6.92,1.34779e-007
693,6.93,1.36349e-007
694,6.94,1.38905e-007
695,6.95,1.42451e-007
696,6.96,1.46955e-007
697,6.97,1.52352e-007
698,6.98,1.58544e-007
699,6.99,1.65406e-007
700,7,1.72791e-007
701,7.01,1.80531e-007
702,7.02,1.88447e-007
703,7.03,1.96348e-007
704,7.04,2.0404e-007
705,7.05,2.11323e-007
706,7.06,2.18006e-007
707,7.07,2.23904e-007
708,7.08,2.28853e-007
709,7.09,2.32714e-007
710,7.1,2.35383e-007
711,7.11,2.36801e-007
712,7.12,2.36961e-007
713,7.13,2.35914e-007
714,7.14,2.33776e-007
715,7.15,2.30722e-007
716,7.16,2.26985e-007
717,7.17,2.22837e-007
718,7.18,2.18577e-007
719,7.19,2.14498e-007
720,7.2,2.10864e-007
721,7.21,2.07877e-007
722,7.22,2.05659e-007
723,7.23,2.04238e-007
724,7.24,2.03554e-007
725,7.25,2.03476e-007
726,7.26,2.03823e-007
727,7.27,2.04395e-007
728,7.28,2.04996e-007
729,7.29,2.05453e-007
730,7.3,2.05623e-007
731,7.31,2.05405e-007
732,7.32,2.0473e-007
733,7.33,2.03568e-007
734,7.34,2.01912e-007
735,7.35,1.99781e-007
736,7.36,1.97208e-007
737,7.37,1.94237e-007
738,7.38,1.9092e-007
739,7.39,1.8731e-007
740,7.4,1.83463e-007
741,7.41,1.79433e-007
742,7.42,1.75274e-007
743,7.43,1.71038e-007
744,7.44,1.66778e-007
745,7.45,1.62547e-007
746,7.46,1.58403e-007
747,7.47,1.54407e-007
748,7.48,1.50626e-007
749,7.49,1.47136e-007
750,7.5,1.44021e-007
751,7.51,1.41375e-007
752,7.52,1.39297e-007
753,7.53,1.37893e-007
754,7.54,1.37268e-007
755,7.55,1.37516e-007
756,7.56,1.3872e-007
757,7.57,1.40935e-007
758,7.58,1.44188e-007
759,7.59,1.48471e-007
760,7.6,1.53739e-007
761,7.61,1.59912e-007
762,7.62,1.66879e-007
763,7.63,1.74502e-007
764,7.64,1.8262e-007
765,7.65,1.91053e-007
766,7.66,1.99608e-007
767,7.67,2.08079e-007
768,7.68,2.16256e-007
769,7.69,2.23927e-007
770,7.7,2.30885e-007
771,7.71,2.36938e-007
772,7.72,2.41913e-007
773,7.73,2.45671e-007
774,7.74,2.48114e-007
775,7.75,2.49197e-007
776,7.76,2.48936e-007
777,7.77,2.47414e-007
778,7.78,2.44785e-007
779,7.79,2.41268e-007
780,7.8,2.37135e-007
781,7.81,2.32697e-007
782,7.82,2.28275e-007
783,7.83,2.24169e-007
784,7.84,2.20628e-007
785,7.85,2.17821e-007
786,7.86,2.1582e-007
787,7.87,2.14597e-007
788,7.88,2.14042e-007
789,7.89,2.13982e-007
790,7.9,2.14212e-007
791,7.91,2.14525e-007
792,7.92,2.14732e-007
793,7.93,2.14677e-007
794,7.94,2.14245e-007
795,7.95,2.13359e-007
796,7.96,2.11981e-007
797,7.97,2.10105e-007
798,7.98,2.07746e-007
799,7.99,2.04942e-007
800,8,2.01739e-007
801,8.01,1.98192e-007
802,8.02,1.94357e-007
803,8.03,1.90292e-007
804,8.04,1.86052e-007
805,8.05,1.8169e-007
806,8.06,1.77256e-007
807,8.07,1.728e-007
808,8.08,1.68369e-007
809,8.09,1.64013e-007
810,8.1,1.59784e-007
811,8.11,1.55742e-007
812,8.12,1.51949e-007
813,8.13,1.4848e-007
814,8.14,1.45419e-007
815,8.15,1.42857e-007
816,8.16,1.40897e-007
817,8.17,1.39644e-007
818,8.18,1.39205e-007
819,8.19,1.39679e-007
820,8.2,1.41147e-007
821,8.21,1.4367e-007
822,8.22,1.47275e-007
823,8.23,1.51954e-007
824,8.24,1.57663e-007
825,8.25,1.6432e-007
826,8.26,1.71812e-007
827,8.27,1.79998e-007
828,8.28,1.8871e-007
829,8.29,1.97762e-007
830,8.3,2.06949e-007
831,8.31,2.16056e-007
832,8.32,2.24855e-007
833,8.33,2.33121e-007
834,8.34,2.40629e-007
835,8.35,2.47168e-007
836,8.36,2.52551e-007
837,8.37,2.56625e-007
838,8.38,2.59283e-007
839,8.39,2.60478e-007
840,8.4,2.60229e-007
841,8.41,2.58632e-007
842,8.42,2.55858e-007
843,8.43,2.52151e-007
844,8.44,2.47809e-007
845,8.45,2.43171e-007
846,8.46,2.38576e-007
847,8.47,2.34336e-007
848,8.48,2.30697e-007
849,8.49,2.27815e-007
850,8.5,2.25738e-007
851,8.51,2.24413e-007
852,8.52,2.23703e-007
853,8.53,2.23415e-007
854,8.54,2.23336e-007
855,8.55,2.23257e-007
856,8.56,2.22995e-007
857,8.57,2.2241e-007
858,8.58,2.21401e-007
859,8.59,2.19912e-007
860,8.6,2.17923e-007
861,8.61,2.15443e-007
862,8.62,2.12505e-007
863,8.63,2.09157e-007
864,8.64,2.05453e-007
865,8.65,2.01455e-007
866,8.66,1.97222e-007
867,8.67,1.92811e-007
868,8.68,1.88277e-007
869,8.69,1.83669e-007
870,8.7,1.79033e-007
871,8.71,1.74411e-007
872,8.72,1.69846e-007
873,8.73,1.6538e-007
874,8.74,1.61057e-007
875,8.75,1.56928e-007
876,8.76,1.5305e-007
877,8.77,1.49488e-007
878,8.78,1.46319e-007
879,8.79,1.4363e-007
880,8.8,1.41519e-007
881,8.81,1.40092e-007
882,8.82,1.39456e-007
883,8.83,1.39717e-007
884,8.84,1.4097e-007
885,8.85,1.43287e-007
886,8.86,1.46714e-007
887,8.87,1.51262e-007
888,8.88,1.56904e-007
889,8.89,1.63577e-007
890,8.9,1.71181e-007
891,8.91,1.79585e-007
892,8.92,1.88629e-007
893,8.93,1.9813e-007
894,8.94,2.07882e-007
895,8.95,2.17662e-007
896,8.96,2.27236e-007
897,8.97,2.3636e-007
898,8.98,2.44791e-007
899,8.99,2.52292e-007
900,9,2.58646e-007
901,9.01,2.6367e-007
902,9.02,2.67222e-007
903,9.03,2.69221e-007
904,9.04,2.6966e-007
905,9.05,2.68608e-007
906,9.06,2.66221e-007
907,9.07,2.62737e-007
908,9.08,2.58459e-007
909,9.09,2.53738e-007
910,9.1,2.48936e-007
911,9.11,2.44392e-007
912,9.12,2.40383e-007
913,9.13,2.37088e-007
914,9.14,2.34578e-007
915,9.15,2.32814e-007
916,9.16,2.31664e-007
917,9.17,2.30936e-007
918,9.18,2.30415e-007
919,9.19,2.29888e-007
920,9.2,2.29172e-007
921,9.21,2.28124e-007
922,9.22,2.26649e-007
923,9.23,2.24695e-007
924,9.24,2.22248e-007
925,9.25,2.19325e-007
926,9.26,2.15965e-007
927,9.27,2.12223e-007
928,9.28,2.08159e-007
929,9.29,2.03837e-007
930,9.3,1.9932e-007
931,9.31,1.94665e-007
932,9.32,1.89925e-007
933,9.33,1.85145e-007
934,9.34,1.80366e-007
935,9.35,1.75625e-007
936,9.36,1.70953e-007
937,9.37,1.66385e-007
938,9.38,1.61952e-007
939,9.39,1.57693e-007
940,9.4,1.53649e-007
941,9.41,1.49872e-007
942,9.42,1.46421e-007
943,9.43,1.4337e-007
944,9.44,1.40803e-007
945,9.45,1.38816e-007
946,9.46,1.37514e-007
947,9.47,1.37007e-007
948,9.48,1.37402e-007
949,9.49,1.38798e-007
950,9.5,1.41274e-007
951,9.51,1.44881e-007
952,9.52,1.49636e-007
953,9.53,1.55518e-007
954,9.54,1.62469e-007
955,9.55,1.70392e-007
956,9.56,1.79159e-007
957,9.57,1.88609e-007
958,9.58,1.98556e-007
959,9.59,2.08789e-007
960,9.6,2.19076e-007
961,9.61,2.29169e-007
962,9.62,2.38812e-007
963,9.63,2.47743e-007
964,9.64,2.55708e-007
965,9.65,2.62473e-007
966,9.66,2.67835e-007
967,9.67,2.71644e-007
968,9.68,2.73812e-007
969,9.69,2.74332e-007
970,9.7,2.73285e-007
971,9.71,2.70844e-007
972,9.72,2.67269e-007
973,9.73,2.6289e-007
974,9.74,2.58077e-007
975,9.75,2.53207e-007
976,9.76,2.4862e-007
977,9.77,2.44577e-007
978,9.78,2.41235e-007
979,9.79,2.38632e-007
980,9.8,2.36696e-007
981,9.81,2.35274e-007
982,9.82,2.34162e-007
983,9.83,2.33145e-007
984,9.84,2.32027e-007
985,9.85,2.30644e-007
986,9.86,2.28882e-007
987,9.87,2.26673e-007
988,9.88,2.23992e-007
989,9.89,2.20849e-007
990,9.9,2.17279e-007
991,9.91,2.13338e-007
992,9.92,2.09087e-007
993,9.93,2.04595e-007
994,9.94,1.99925e-007
995,9.95,1.95139e-007
996,9.96,1.90289e-007
997,9.97,1.8542e-007
998,9.98,1.8057e-007
999,9.99,1.75771e-007
1000,10,1.71047e-007
1001,10.01,1.6642e-007
1002,10.02,1.61911e-007
1003,10.03,1.57539e-007
1004,10.04,1.53327e-007
1005,10.05,1.49304e-007
1006,10.06,1.45505e-007
1007,10.07,1.41973e-007
1008,10.08,1.38766e-007
1009,10.09,1.3595e-007
1010,10.1,1.33608e-007
1011,10.11,1.31835e-007
1012,10.12,1.30733e-007
1013,10.13,1.30415e-007
1014,10.14,1.3099e-007
1015,10.15,1.3256e-007
1016,10.16,1.35205e-007
1017,10.17,1.38982e-007
1018,10.18,1.4391e-007
1019,10.19,1.49973e-007
1020,10.2,1.57113e-007
1021,10.21,1.65237e-007
1022,10.22,1.74215e-007
1023,10.23,1.83884e-007
1024,10.24,1.94053e-007
1025,10.25,2.04505e-007
1026,10.26,2.14999e-007
1027,10.27,2.25275e-007
1028,10.28,2.35063e-007
1029,10.29,2.44087e-007
1030,10.3,2.52081e-007
1031,10.31,2.58802e-007
1032,10.32,2.64044e-007
1033,10.33,2.67661e-007
1034,10.34,2.69579e-007
1035,10.35,2.69815e-007
1036,10.36,2.68482e-007
1037,10.37,2.65789e-007
1038,10.38,2.62034e-007
1039,10.39,2.57572e-007
1040,10.4,2.52788e-007
1041,10.41,2.48049e-007
1042,10.42,2.4366e-007
1043,10.43,2.3983e-007
1044,10.44,2.36652e-007
1045,10.45,2.34102e-007
1046,10.46,2.32063e-007
1047,10.47,2.30357e-007
1048,10.48,2.28783e-007
1049,10.49,2.27148e-007
1050,10.5,2.25293e-007
1051,10.51,2.23102e-007
1052,10.52,2.20505e-007
1053,10.53,2.17479e-007
1054,10.54,2.14035e-007
1055,10.55,2.10209e-007
1056,10.56,2.06058e-007
1057,10.57,2.01647e-007
1058,10.58,1.97043e-007
1059,10.59,1.92312e-007
1060,10.6,1.87514e-007
1061,10.61,1.82697e-007
1062,10.62,1.77906e-007
1063,10.63,1.73171e-007
1064,10.64,1.68518e-007
1065,10.65,1.63962e-007
1066,10.66,1.59516e-007
1067,10.67,1.55185e-007
1068,10.68,1.50976e-007
1069,10.69,1.46892e-007
1070,10.7,1.42941e-007
1071,10.71,1.39133e-007
1072,10.72,1.35483e-007
1073,10.73,1.32014e-007
1074,10.74,1.28759e-007
1075,10.75,1.25761e-007
1076,10.76,1.23076e-007
1077,10.77,1.20774e-007
1078,10.78,1.1894e-007
1079,10.79,1.1767e-007
1080,10.8,1.1707e-007
1081,10.81,1.17254e-007
1082,10.82,1.18329e-007
1083,10.83,1.20391e-007
1084,10.84,1.23514e-007
1085,10.85,1.2774e-007
1086,10.86,1.33074e-007
1087,10.87,1.3948e-007
1088,10.88,1.46884e-007
1089,10.89,1.5517e-007
1090,10.9,1.64189e-007
1091,10.91,1.73759e-007
1092,10.92,1.83666e-007
1093,10.93,1.93673e-007
1094,10.94,2.0352e-007
1095,10.95,2.12931e-007
1096,10.96,2.2163e-007
1097,10.97,2.29343e-007
1098,10.98,2.35824e-007
1099,10.99,2.40869e-007
1100,11,2.44332e-007
1101,11.01,2.4615e-007
1102,11.02,2.46352e-007
1103,11.03,2.45066e-007
1104,11.04,2.42515e-007
1105,11.05,2.39002e-007
1106,11.06,2.34879e-007
1107,11.07,2.30505e-007
1108,11.08,2.26207e-007
1109,11.09,2.22234e-007
1110,11.1,2.18736e-007
1111,11.11,2.15749e-007
1112,11.12,2.13216e-007
1113,11.13,2.11006e-007
1114,11.14,2.08956e-007
1115,11.15,2.06899e-007
1116,11.16,2.04692e-007
1117,11.17,2.02228e-007
1118,11.18,1.99444e-007
1119,11.19,1.96313e-007
1120,11.2,1.92847e-007
1121,11.21,1.89081e-007
1122,11.22,1.85067e-007
1123,11.23,1.80864e-007
1124,11.24,1.76538e-007
1125,11.25,1.72148e-007
1126,11.26,1.67748e-007
1127,11.27,1.63385e-007
1128,11.28,1.59094e-007
1129,11.29,1.54903e-007
1130,11.3,1.50829e-007
1131,11.31,1.46882e-007
1132,11.32,1.43065e-007
1133,11.33,1.39376e-007
1134,11.34,1.35808e-007
1135,11.35,1.32353e-007
1136,11.36,1.29001e-007
1137,11.37,1.25741e-007
1138,11.38,1.22563e-007
1139,11.39,1.1946e-007
1140,11.4,1.16426e-007
1141,11.41,1.13459e-007
1142,11.42,1.10564e-007
1143,11.43,1.07748e-007
1144,11.44,1.05028e-007
1145,11.45,1.02429e-007
1146,11.46,9.99857e-008
1147,11.47,9.77471e-008
1148,11.48,9.57747e-008
1149,11.49,9.41452e-008
1150,11.5,9.295e-008
1151,11.51,9.22927e-008
1152,11.52,9.22839e-008
1153,11.53,9.30331e-008
1154,11.54,9.46376e-008
1155,11.55,9.71702e-008
1156,11.56,1.00668e-007
1157,11.57,1.05126e-007
1158,11.58,1.10491e-007
1159,11.59,1.16665e-007
1160,11.6,1.23504e-007
1161,11.61,1.30831e-007
1162,11.62,1.38432e-007
1163,11.63,1.46073e-007
1164,11.64,1.535e-007
1165,11.65,1.60456e-007
1166,11.66,1.66689e-007
1167,11.67,1.71973e-007
1168,11.68,1.76123e-007
1169,11.69,1.79012e-007
1170,11.7,1.80589e-007
1171,11.71,1.80886e-007
1172,11.72,1.80022e-007
1173,11.73,1.7819e-007
1174,11.74,1.75641e-007
1175,11.75,1.72652e-007
1176,11.76,1.6949e-007
1177,11.77,1.66379e-007
1178,11.78,1.63477e-007
1179,11.79,1.60859e-007
1180,11.8,1.58528e-007
1181,11.81,1.56428e-007
1182,11.82,1.5447e-007
1183,11.83,1.52554e-007
1184,11.84,1.5059e-007
1185,11.85,1.48509e-007
1186,11.86,1.46271e-007
1187,11.87,1.43861e-007
1188,11.88,1.41285e-007
1189,11.89,1.3857e-007
1190,11.9,1.35753e-007
1191,11.91,1.32876e-007
1192,11.92,1.29985e-007
1193,11.93,1.27123e-007
1194,11.94,1.2433e-007
1195,11.95,1.21638e-007
1196,11.96,1.19076e-007
1197,11.97,1.16663e-007
1198,11.98,1.14415e-007
1199,11.99,1.12341e-007
1200,12,1.10446e-007
1201,12.01,1.08732e-007
1202,12.02,1.07195e-007
1203,12.03,1.05834e-007
1204,12.04,1.04642e-007
1205,12.05,1.03615e-007
1206,12.06,1.02746e-007
1207,12.07,1.02029e-007
1208,12.08,1.01458e-007
1209,12.09,1.01029e-007
1210,12.1,1.00734e-007
1211,12.11,1.00568e-007
1212,12.12,1.00525e-007
1213,12.13,1.00598e-007
1214,12.14,1.0078e-007
1215,12.15,1.01062e-007
1216,12.16,1.01434e-007
1217,12.17,1.01883e-007
1218,12.18,1.02394e-007
1219,12.19,1.02951e-007
1220,12.2,1.03531e-007
1221,12.21,1.04111e-007
1222,12.22,1.04663e-007
1223,12.23,1.05155e-007
1224,12.24,1.05552e-007
1225,12.25,1.05814e-007
1226,12.26,1.05902e-007
1227,12.27,1.05773e-007
1228,12.28,1.0539e-007
1229,12.29,1.04717e-007
1230,12.3,1.03729e-007
1231,12.31,1.02417e-007
1232,12.32,1.00793e-007
1233,12.33,9.88931e-008
1234,12.34,9.67903e-008
1235,12.35,9.45904e-008
1236,12.36,9.24314e-008
1237,12.37,9.04716e-008
1238,12.38,8.88671e-008
1239,12.39,8.77424e-008
1240,12.4,8.71589e-008
1241,12.41,8.70933e-008
1242,12.42,8.7436e-008
1243,12.43,8.80113e-008
1244,12.44,8.86134e-008
1245,12.45,8.90458e-008
1246,12.46,8.91529e-008
1247,12.47,8.88397e-008
1248,12.48,8.80773e-008
1249,12.49,8.68973e-008
1250,12.5,8.5379e-008
1251,12.51,8.36322e-008
1252,12.52,8.17808e-008
1253,12.53,7.99465e-008
1254,12.54,7.82373e-008
1255,12.55,7.67396e-008
1256,12.56,7.55143e-008
1257,12.57,7.45973e-008
1258,12.58,7.40029e-008
1259,12.59,7.37287e-008
1260,12.6,7.37617e-008
1261,12.61,7.40842e-008
1262,12.62,7.46778e-008
1263,12.63,7.55271e-008
1264,12.64,7.66217e-008
1265,12.65,7.7957e-008
1266,12.66,7.95343e-008
1267,12.67,8.13607e-008
1268,12.68,8.34479e-008
1269,12.69,8.58123e-008
1270,12.7,8.84734e-008
1271,12.71,9.14538e-008
1272,12.72,9.47787e-008
1273,12.73,9.84755e-008
1274,12.74,1.02574e-007
1275,12.75,1.07104e-007
1276,12.76,1.12102e-007
1277,12.77,1.17603e-007
1278,12.78,1.23645e-007
1279,12.79,1.30271e-007
1280,12.8,1.37526e-007
1281,12.81,1.45459e-007
1282,12.82,1.54121e-007
1283,12.83,1.6357e-007
1284,12.84,1.73867e-007
1285,12.85,1.85076e-007
1286,12.86,1.97266e-007
1287,12.87,2.10512e-007
1288,12.88,2.24889e-007
1289,12.89,2.40479e-007
1290,12.9,2.57363e-007
1291,12.91,2.75623e-007
1292,12.92,2.95343e-007
1293,12.93,3.16599e-007
1294,12.94,3.39463e-007
1295,12.95,3.63996e-007
1296,12.96,3.90239e-007
1297,12.97,4.18213e-007
1298,12.98,4.47906e-007
1299,12.99,4.79264e-007
1300,13,5.12182e-007
1301,13.01,5.46486e-007
1302,13.02,5.81923e-007
1303,13.03,6.18146e-007
1304,13.04,6.54699e-007
1305,13.05,6.91008e-007
1306,13.06,7.26381e-007
1307,13.07,7.60007e-007
1308,13.08,7.90986e-007
1309,13.09,8.18363e-007
1310,13.1,8.41191e-007
1311,13.11,8.58621e-007
1312,13.12,8.69998e-007
1313,13.13,8.74974e-007
1314,13.14,8.73602e-007
1315,13.15,8.66391e-007
1316,13.16,8.54286e-007
1317,13.17,8.38568e-007
1318,13.18,8.20655e-007
1319,13.19,8.01859e-007
1320,13.2,7.83143e-007
1321,13.21,7.64976e-007
1322,13.22,7.47321e-007
1323,13.23,7.29754e-007
1324,13.24,7.11666e-007
1325,13.25,6.92473e-007
1326,13.26,6.71762e-007
1327,13.27,6.49367e-007
1328,13.28,6.25372e-007
1329,13.29,6.00066e-007
1330,13.3,5.73879e-007
1331,13.31,5.47312e-007
1332,13.32,5.20883e-007
1333,13.33,4.95076e-007
1334,13.34,4.70317e-007
1335,13.35,4.46951e-007
1336,13.36,4.25239e-007
1337,13.37,4.05352e-007
1338,13.38,3.87387e-007
1339,13.39,3.71367e-007
1340,13.4,3.57261e-007
1341,13.41,3.44995e-007
1342,13.42,3.3447e-007
1343,13.43,3.25572e-007
1344,13.44,3.18187e-007
1345,13.45,3.12209e-007
1346,13.46,3.07551e-007
1347,13.47,3.04143e-007
1348,13.48,3.01942e-007
1349,13.49,3.0093e-007
1350,13.5,3.01111e-007
1351,13.51,3.02517e-007
1352,13.52,3.05198e-007
1353,13.53,3.09224e-007
1354,13.54,3.14684e-007
1355,13.55,3.21682e-007
1356,13.56,3.30334e-007
1357,13.57,3.40771e-007
1358,13.58,3.53133e-007
1359,13.59,3.67574e-007
1360,13.6,3.84259e-007
1361,13.61,4.03367e-007
1362,13.62,4.25091e-007
1363,13.63,4.49643e-007
1364,13.64,4.77253e-007
1365,13.65,5.08178e-007
1366,13.66,5.42699e-007
1367,13.67,5.81127e-007
1368,13.68,6.23811e-007
1369,13.69,6.71136e-007
1370,13.7,7.23533e-007
1371,13.71,7.8148e-007
1372,13.72,8.4551e-007
1373,13.73,9.16214e-007
1374,13.74,9.94249e-007
1375,13.75,1.08034e-006
1376,13.76,1.17531e-006
1377,13.77,1.28003e-006
1378,13.78,1.3955e-006
1379,13.79,1.5228e-006
1380,13.8,1.66312e-006
1381,13.81,1.81778e-006
1382,13.82,1.9882e-006
1383,13.83,2.17593e-006
1384,13.84,2.38266e-006
1385,13.85,2.61018e-006
1386,13.86,2.86044e-006
1387,13.87,3.13545e-006
1388,13.88,3.43733e-006
1389,13.89,3.76824e-006
1390,13.9,4.13032e-006
1391,13.91,4.52563e-006
1392,13.92,4.95602e-006
1393,13.93,5.42298e-006
1394,13.94,5.92747e-006
1395,13.95,6.46964e-006
1396,13.96,7.04853e-006
1397,13.97,7.66169e-006
1398,13.98,8.30474e-006
1399,13.99,8.97092e-006
1400,14,9.65064e-006
1401,14.01,1.03311e-005
1402,14.02,1.09963e-005
1403,14.03,1.1627e-005
1404,14.04,1.22017e-005
1405,14.05,1.26979e-005
1406,14.06,1.30947e-005
1407,14.07,1.33749e-005
1408,14.08,1.35285e-005
1409,14.09,1.35547e-005
1410,14.1,1.34628e-005
1411,14.11,1.32704e-005
1412,14.12,1.30004e-005
1413,14.13,1.26753e-005
1414,14.14,1.23127e-005
1415,14.15,1.1923e-005
1416,14.16,1.15095e-005
1417,14.17,1.10712e-005
1418,14.18,1.06062e-005
1419,14.19,1.01144e-005
1420,14.2,9.5989e-006
1421,14.21,9.06558e-006
1422,14.22,8.52259e-006
1423,14.23,7.97896e-006
1424,14.24,7.44362e-006
1425,14.25,6.92466e-006
1426,14.26,6.42881e-006
1427,14.27,5.96133e-006
1428,14.28,5.52591e-006
1429,14.29,5.12481e-006
1430,14.3,4.75901e-006
1431,14.31,4.42837e-006
1432,14.32,4.13182e-006
1433,14.33,3.86756e-006
1434,14.34,3.63325e-006
1435,14.35,3.42614e-006
1436,14.36,3.2433e-006
1437,14.37,3.08172e-006
1438,14.38,2.93848e-006
1439,14.39,2.81083e-006
1440,14.4,2.69624e-006
1441,14.41,2.59251e-006
1442,14.42,2.49775e-006
1443,14.43,2.41038e-006
1444,14.44,2.32916e-006
1445,14.45,2.25316e-006
1446,14.46,2.18174e-006
1447,14.47,2.11456e-006
1448,14.48,2.05158e-006
1449,14.49,1.99304e-006
1450,14.5,1.9395e-006
1451,14.51,1.89186e-006
1452,14.52,1.85131e-006
1453,14.53,1.81938e-006
1454,14.54,1.79786e-006
1455,14.55,1.78871e-006
1456,14.56,1.79392e-006
1457,14.57,1.81531e-006
1458,14.58,1.85429e-006
1459,14.59,1.91167e-006
1460,14.6,1.98747e-006
1461,14.61,2.08087e-006
1462,14.62,2.19019e-006
1463,14.63,2.31298e-006
1464,14.64,2.44607e-006
1465,14.65,2.58574e-006
1466,14.66,2.7278e-006
1467,14.67,2.86774e-006
1468,14.68,3.00088e-006
1469,14.69,3.12263e-006
1470,14.7,3.22867e-006
1471,14.71,3.31531e-006
1472,14.72,3.37972e-006
1473,14.73,3.42029e-006
1474,14.74,3.43681e-006
1475,14.75,3.43062e-006
1476,14.76,3.40452e-006
1477,14.77,3.36258e-006
1478,14.78,3.30969e-006
1479,14.79,3.25101e-006
1480,14.8,3.19135e-006
1481,14.81,3.13458e-006
1482,14.82,3.0832e-006
1483,14.83,3.03825e-006
1484,14.84,2.9994e-006
1485,14.85,2.96532e-006
1486,14.86,2.93413e-006
1487,14.87,2.9038e-006
1488,14.88,2.87253e-006
1489,14.89,2.83897e-006
1490,14.9,2.80225e-006
1491,14.91,2.76201e-006
1492,14.92,2.71833e-006
1493,14.93,2.67162e-006
1494,14.94,2.62251e-006
1495,14.95,2.57174e-006
1496,14.96,2.5201e-006
1497,14.97,2.46837e-006
1498,14.98,2.41723e-006
1499,14.99,2.36727e-006
1500,15,2.31897e-006
1501,15.01,2.2727e-006
1502,15.02,2.22869e-006
1503,15.03,2.18709e-006
1504,15.04,2.14795e-006
1505,15.05,2.11126e-006
1506,15.06,2.07693e-006
1507,15.07,2.04485e-006
1508,15.08,2.01486e-006
1509,15.09,1.98679e-006
1510,15.1,1.96044e-006
1511,15.11,1.93562e-006
1512,15.12,1.91212e-006
1513,15.13,1.88972e-006
1514,15.14,1.8682e-006
1515,15.15,1.84734e-006
1516,15.16,1.8269e-006
1517,15.17,1.80665e-006
1518,15.18,1.78631e-006
1519,15.19,1.76565e-006
1520,15.2,1.74437e-006
1521,15.21,1.72221e-006
1522,15.22,1.6989e-006
1523,15.23,1.67418e-006
1524,15.24,1.64781e-006
1525,15.25,1.61962e-006
1526,15.26,1.58953e-006
1527,15.27,1.55757e-006
1528,15.28,1.52396e-006
1529,15.29,1.48915e-006
1530,15.3,1.45388e-006
1531,15.31,1.4193e-006
1532,15.32,1.38691e-006
1533,15.33,1.35865e-006
1534,15.34,1.33672e-006
1535,15.35,1.32343e-006
1536,15.36,1.32078e-006
1537,15.37,1.33008e-006
1538,15.38,1.35152e-006
1539,15.39,1.38398e-006
1540,15.4,1.425e-006
1541,15.41,1.47113e-006
1542,15.42,1.51839e-006
1543,15.43,1.56278e-006
1544,15.44,1.60076e-006
1545,15.45,1.6296e-006
1546,15.46,1.64766e-006
1547,15.47,1.6544e-006
1548,15.48,1.65045e-006
1549,15.49,1.63731e-006
1550,15.5,1.61717e-006
1551,15.51,1.59254e-006
1552,15.52,1.56596e-006
1553,15.53,1.53967e-006
1554,15.54,1.51545e-006
1555,15.55,1.49452e-006
1556,15.56,1.4775e-006
1557,15.57,1.46456e-006
1558,15.58,1.4555e-006
1559,15.59,1.44994e-006
1560,15.6,1.44743e-006
1561,15.61,1.44754e-006
1562,15.62,1.44997e-006
1563,15.63,1.45451e-006
1564,15.64,1.46111e-006
1565,15.65,1.46983e-006
1566,15.66,1.48086e-006
1567,15.67,1.49443e-006
1568,15.68,1.51085e-006
1569,15.69,1.53046e-006
1570,15.7,1.55363e-006
1571,15.71,1.58072e-006
1572,15.72,1.61211e-006
1573,15.73,1.64816e-006
1574,15.74,1.68924e-006
1575,15.75,1.73572e-006
1576,15.76,1.78797e-006
1577,15.77,1.84634e-006
1578,15.78,1.91122e-006
1579,15.79,1.983e-006
1580,15.8,2.06209e-006
1581,15.81,2.14892e-006
1582,15.82,2.24392e-006
1583,15.83,2.34757e-006
1584,15.84,2.46034e-006
1585,15.85,2.58275e-006
1586,15.86,2.7153e-006
1587,15.87,2.8585e-006
1588,15.88,3.01285e-006
1589,15.89,3.17884e-006
1590,15.9,3.35689e-006
1591,15.91,3.54737e-006
1592,15.92,3.75054e-006
1593,15.93,3.96652e-006
1594,15.94,4.19526e-006
1595,15.95,4.43644e-006
1596,15.96,4.68946e-006
1597,15.97,4.95332e-006
1598,15.98,5.22658e-006
1599,15.99,5.50723e-006
1600,16,5.79262e-006
1601,16.01,6.07939e-006
1602,16.02,6.3634e-006
1603,16.03,6.63968e-006
1604,16.04,6.90252e-006
1605,16.05,7.1455e-006
1606,16.06,7.36179e-006
1607,16.07,7.54446e-006
1608,16.08,7.68698e-006
1609,16.09,7.78388e-006
1610,16.1,7.83149e-006
1611,16.11,7.8287e-006
1612,16.12,7.77758e-006
1613,16.13,7.68373e-006
1614,16.14,7.55606e-006
1615,16.15,7.40594e-006
1616,16.16,7.24566e-006
1617,16.17,7.0864e-006
1618,16.18,6.93627e-006
1619,16.19,6.7989e-006
1620,16.2,6.67316e-006
1621,16.21,6.55413e-006
1622,16.22,6.43479e-006
1623,16.23,6.30801e-006
1624,16.24,6.16808e-006
1625,16.25,6.01162e-006
1626,16.26,5.83786e-006
1627,16.27,5.64831e-006
1628,16.28,5.44627e-006
1629,16.29,5.23619e-006
1630,16.3,5.023e-006
1631,16.31,4.81167e-006
1632,16.32,4.6068e-006
1633,16.33,4.41238e-006
1634,16.34,4.23165e-006
1635,16.35,4.06702e-006
1636,16.36,3.92014e-006
1637,16.37,3.79196e-006
1638,16.38,3.68283e-006
1639,16.39,3.59266e-006
1640,16.4,3.52109e-006
1641,16.41,3.46756e-006
1642,16.42,3.43155e-006
1643,16.43,3.41256e-006
1644,16.44,3.41029e-006
1645,16.45,3.42463e-006
1646,16.46,3.45572e-006
1647,16.47,3.50394e-006
1648,16.48,3.56987e-006
1649,16.49,3.65436e-006
1650,16.5,3.75841e-006
1651,16.51,3.88322e-006
1652,16.52,4.03016e-006
1653,16.53,4.20072e-006
1654,16.54,4.39657e-006
1655,16.55,4.61952e-006
1656,16.56,4.87153e-006
1657,16.57,5.15476e-006
1658,16.58,5.47156e-006
1659,16.59,5.82449e-006
1660,16.6,6.21639e-006
1661,16.61,6.65034e-006
1662,16.62,7.12973e-006
1663,16.63,7.6583e-006
1664,16.64,8.24009e-006
1665,16.65,8.87953e-006
1666,16.66,9.58141e-006
1667,16.67,1.03509e-005
1668,16.68,1.11936e-005
1669,16.69,1.21152e-005
1670,16.7,1.31221e-005
1671,16.71,1.42206e-005
1672,16.72,1.54173e-005
1673,16.73,1.67185e-005
1674,16.74,1.81307e-005
1675,16.75,1.96596e-005
1676,16.76,2.131e-005
1677,16.77,2.30854e-005
1678,16.78,2.49874e-005
1679,16.79,2.70148e-005
1680,16.8,2.91629e-005
1681,16.81,3.14223e-005
1682,16.82,3.37776e-005
1683,16.83,3.62067e-005
1684,16.84,3.86789e-005
1685,16.85,4.11546e-005
1686,16.86,4.35844e-005
1687,16.87,4.59098e-005
1688,16.88,4.80643e-005
1689,16.89,4.99773e-005
1690,16.9,5.15788e-005
1691,16.91,5.28063e-005
1692,16.92,5.36133e-005
1693,16.93,5.39774e-005
1694,16.94,5.39069e-005
1695,16.95,5.34425e-005
1696,16.96,5.26539e-005
1697,16.97,5.1628e-005
1698,16.98,5.04537e-005
1699,16.99,4.92039e-005
1700,17,4.79243e-005
1701,17.01,4.66288e-005
1702,17.02,4.53065e-005
1703,17.03,4.39326e-005
1704,17.04,4.24819e-005
1705,17.05,4.09379e-005
1706,17.06,3.9298e-005
1707,17.07,3.7573e-005
1708,17.08,3.57847e-005
1709,17.09,3.39618e-005
1710,17.1,3.21355e-005
1711,17.11,3.03369e-005
1712,17.12,2.85937e-005
1713,17.13,2.69295e-005
1714,17.14,2.53624e-005
1715,17.15,2.39056e-005
1716,17.16,2.25667e-005
1717,17.17,2.13487e-005
1718,17.18,2.02506e-005
1719,17.19,1.92681e-005
1720,17.2,1.83942e-005
1721,17.21,1.76204e-005
1722,17.22,1.6937e-005
1723,17.23,1.63342e-005
1724,17.24,1.58022e-005
1725,17.25,1.53319e-005
1726,17.26,1.49153e-005
1727,17.27,1.45452e-005
1728,17.28,1.42155e-005
1729,17.29,1.39214e-005
1730,17.3,1.3659e-005
1731,17.31,1.34251e-005
1732,17.32,1.32177e-005
1733,17.33,1.30352e-005
1734,17.34,1.28766e-005
1735,17.35,1.27416e-005
1736,17.36,1.26299e-005
1737,17.37,1.25418e-005
1738,17.38,1.24777e-005
1739,17.39,1.24382e-005
1740,17.4,1.24238e-005
1741,17.41,1.24353e-005
1742,17.42,1.24733e-005
1743,17.43,1.25384e-005
1744,17.44,1.26309e-005
1745,17.45,1.2751e-005
1746,17.46,1.28985e-005
1747,17.47,1.3073e-005
1748,17.48,1.32734e-005
1749,17.49,1.34981e-005
1750,17.5,1.37448e-005
1751,17.51,1.40106e-005
1752,17.52,1.42913e-005
1753,17.53,1.45821e-005
1754,17.54,1.48768e-005
1755,17.55,1.51681e-005
1756,17.56,1.54475e-005
1757,17.57,1.57052e-005
1758,17.58,1.59305e-005
1759,17.59,1.61124e-005
1760,17.6,1.62393e-005
1761,17.61,1.6301e-005
1762,17.62,1.62889e-005
1763,17.63,1.61981e-005
1764,17.64,1.60284e-005
1765,17.65,1.57859e-005
1766,17.66,1.5484e-005
1767,17.67,1.51429e-005
1768,17.68,1.4788e-005
1769,17.69,1.44459e-005
1770,17.7,1.41393e-005
1771,17.71,1.38816e-005
1772,17.72,1.36735e-005
1773,17.73,1.3503e-005
1774,17.74,1.33489e-005
1775,17.75,1.31874e-005
1776,17.76,1.29974e-005
1777,17.77,1.27653e-005
1778,17.78,1.24864e-005
1779,17.79,1.21647e-005
1780,17.8,1.18109e-005
1781,17.81,1.14398e-005
1782,17.82,1.10681e-005
1783,17.83,1.0712e-005
1784,17.84,1.03854e-005
1785,17.85,1.00996e-005
1786,17.86,9.86199e-006
1787,17.87,9.67686e-006
1788,17.88,9.54543e-006
1789,17.89,9.46665e-006
1790,17.9,9.43798e-006
1791,17.91,9.45615e-006
1792,17.92,9.51779e-006
1793,17.93,9.61992e-006
1794,17.94,9.76026e-006
1795,17.95,9.9374e-006
1796,17.96,1.01508e-005
1797,17.97,1.0401e-005
1798,17.98,1.0689e-005
1799,17.99,1.10168e-005
1800,18,1.1387e-005
1801,18.01,1.18027e-005
1802,18.02,1.22676e-005
1803,18.03,1.27856e-005
1804,18.04,1.33615e-005
1805,18.05,1.40001e-005
1806,18.06,1.47069e-005
1807,18.07,1.5488e-005
1808,18.08,1.63499e-005
1809,18.09,1.72997e-005
1810,18.1,1.83456e-005
1811,18.11,1.9496e-005
1812,18.12,2.07608e-005
1813,18.13,2.21504e-005
1814,18.14,2.36768e-005
1815,18.15,2.53529e-005
1816,18.16,2.71931e-005
1817,18.17,2.92134e-005
1818,18.18,3.14315e-005
1819,18.19,3.38671e-005
1820,18.2,3.6542e-005
1821,18.21,3.948e-005
1822,18.22,4.27081e-005
1823,18.23,4.62557e-005
1824,18.24,5.01555e-005
1825,18.25,5.44437e-005
1826,18.26,5.91605e-005
1827,18.27,6.435e-005
1828,18.28,7.00612e-005
1829,18.29,7.63481e-005
1830,18.3,8.32701e-005
1831,18.31,9.08929e-005
1832,18.32,9.92884e-005
1833,18.33,0.000108536
1834,18.34,0.000118721
1835,18.35,0.000129939
1836,18.36,0.000142291
1837,18.37,0.000155888
1838,18.38,0.000170849
1839,18.39,0.000187299
1840,18.4,0.000205371
1841,18.41,0.000225203
1842,18.42,0.000246934
1843,18.43,0.000270703
1844,18.44,0.00029664
1845,18.45,0.000324863
1846,18.46,0.000355464
1847,18.47,0.000388497
1848,18.48,0.000423961
1849,18.49,0.000461782
1850,18.5,0.000501783
1851,18.51,0.00054366
1852,18.52,0.00058695
1853,18.53,0.000631005
1854,18.54,0.000674967
1855,18.55,0.000717769
1856,18.56,0.000758146
1857,18.57,0.000794697
1858,18.58,0.000825981
1859,18.59,0.000850664
1860,18.6,0.000867704
1861,18.61,0.000876528
1862,18.62,0.000877175
1863,18.63,0.000870324
1864,18.64,0.000857187
1865,18.65,0.000839251
1866,18.66,0.00081795
1867,18.67,0.000794373
1868,18.68,0.000769126
1869,18.69,0.000742377
1870,18.7,0.000714037
1871,18.71,0.000683981
1872,18.72,0.000652213
1873,18.73,0.000618939
1874,18.74,0.000584552
1875,18.75,0.000549578
1876,18.76,0.000514597
1877,18.77,0.00048018
1878,18.78,0.000446837
1879,18.79,0.000414998
1880,18.8,0.000384991
1881,18.81,0.000357049
1882,18.82,0.000331311
1883,18.83,0.000307836
1884,18.84,0.000286611
1885,18.85,0.000267566
1886,18.86,0.000250582
1887,18.87,0.000235508
1888,18.88,0.000222167
1889,18.89,0.000210372
1890,18.9,0.000199932
1891,18.91,0.00019066
1892,18.92,0.000182382
1893,18.93,0.000174939
1894,18.94,0.000168191
1895,18.95,0.000162022
1896,18.96,0.000156331
1897,18.97,0.000151044
1898,18.98,0.000146102
1899,18.99,0.00014147
1900,19,0.000137128
1901,19.01,0.000133079
1902,19.02,0.000129345
1903,19.03,0.000125965
1904,19.04,0.000123004
1905,19.05,0.000120546
1906,19.06,0.000118693
1907,19.07,0.000117566
1908,19.08,0.000117293
1909,19.09,0.000118
1910,19.1,0.000119801
1911,19.11,0.000122779
1912,19.12,0.000126974
1913,19.13,0.000132378
1914,19.14,0.000138926
1915,19.15,0.000146502
1916,19.16,0.000154938
1917,19.17,0.000164027
1918,19.18,0.00017352
1919,19.19,0.000183143
1920,19.2,0.000192597
1921,19.21,0.000201575
1922,19.22,0.000209771
1923,19.23,0.0002169
1924,19.24,0.000222715
1925,19.25,0.000227029
1926,19.26,0.000229734
1927,19.27,0.000230819
1928,19.28,0.000230374
1929,19.29,0.00022859
1930,19.3,0.000225743
1931,19.31,0.000222163
1932,19.32,0.000218198
1933,19.33,0.00021417
1934,19.34,0.000210336
1935,19.35,0.00020686
1936,19.36,0.000203804
1937,19.37,0.000201139
1938,19.38,0.000198772
1939,19.39,0.000196572
1940,19.4,0.000194403
1941,19.41,0.000192146
1942,19.42,0.000189713
1943,19.43,0.00018705
1944,19.44,0.000184139
1945,19.45,0.000180989
1946,19.46,0.000177633
1947,19.47,0.000174117
1948,19.48,0.000170493
1949,19.49,0.000166819
1950,19.5,0.000163145
1951,19.51,0.00015952
1952,19.52,0.000155985
1953,19.53,0.00015257
1954,19.54,0.000149299
1955,19.55,0.000146188
1956,19.56,0.000143246
1957,19.57,0.000140476
1958,19.58,0.000137874
1959,19.59,0.000135436
1960,19.6,0.000133152
1961,19.61,0.000131011
1962,19.62,0.000129001
1963,19.63,0.000127109
1964,19.64,0.000125322
1965,19.65,0.000123625
1966,19.66,0.000122004
1967,19.67,0.000120445
1968,19.68,0.000118934
1969,19.69,0.000117456
1970,19.7,0.000115995
1971,19.71,0.000114537
1972,19.72,0.000113064
1973,19.73,0.000111561
1974,19.74,0.00011001
1975,19.75,0.000108396
1976,19.76,0.000106703
1977,19.77,0.000104918
1978,19.78,0.00010303
1979,19.79,0.000101036
1980,19.8,9.89373e-005
1981,19.81,9.67495e-005
1982,19.82,9.45014e-005
1983,19.83,9.22412e-005
1984,19.84,9.004e-005
1985,19.85,8.79945e-005
1986,19.86,8.62267e-005
1987,19.87,8.48775e-005
1988,19.88,8.40936e-005
1989,19.89,8.40053e-005
1990,19.9,8.46988e-005
1991,19.91,8.61903e-005
1992,19.92,8.84105e-005
1993,19.93,9.12057e-005
1994,19.94,9.43554e-005
1995,19.95,9.76017e-005
1996,19.96,0.000100682
1997,19.97,0.00010336
1998,19.98,0.000105448
1999,19.99,0.00010683
2000,20,0.00010746
2001,20.01,0.000107368
2002,20.02,0.000106647
2003,20.03,0.000105436
2004,20.04,0.000103898
2005,20.05,0.000102202
2006,20.06,0.000100497
2007,20.07,9.89023e-005
2008,20.08,9.75006e-005
2009,20.09,9.63356e-005
2010,20.1,9.54187e-005
2011,20.11,9.4738e-005
2012,20.12,9.42683e-005
2013,20.13,9.39802e-005
2014,20.14,9.38466e-005
2015,20.15,9.38472e-005
2016,20.16,9.39704e-005
2017,20.17,9.42135e-005
2018,20.18,9.4582e-005
2019,20.19,9.50881e-005
2020,20.2,9.57492e-005
2021,20.21,9.65864e-005
2022,20.22,9.76227e-005
2023,20.23,9.88827e-005
2024,20.24,0.000100391
2025,20.25,0.000102172
2026,20.26,0.000104251
2027,20.27,0.000106652
2028,20.28,0.000109398
2029,20.29,0.000112512
2030,20.3,0.00011602
2031,20.31,0.000119945
2032,20.32,0.000124313
2033,20.33,0.00012915
2034,20.34,0.000134486
2035,20.35,0.000140348
2036,20.36,0.00014677
2037,20.37,0.000153783
2038,20.38,0.000161423
2039,20.39,0.000169725
2040,20.4,0.000178728
2041,20.41,0.000188469
2042,20.42,0.000198986
2043,20.43,0.000210316
2044,20.44,0.000222492
2045,20.45,0.000235545
2046,20.46,0.000249499
2047,20.47,0.00026437
2048,20.48,0.00028016
2049,20.49,0.000296858
2050,20.5,0.000314431
2051,20.51,0.000332822
2052,20.52,0.000351942
2053,20.53,0.000371663
2054,20.54,0.000391816
2055,20.55,0.000412177
2056,20.56,0.000432471
2057,20.57,0.000452359
2058,20.58,0.000471448
2059,20.59,0.00048929
2060,20.6,0.000505399
2061,20.61,0.000519273
2062,20.62,0.000530427
2063,20.63,0.00053844
2064,20.64,0.000543003
2065,20.65,0.000543982
2066,20.66,0.000541457
2067,20.67,0.000535763
2068,20.68,0.000527474
2069,20.69,0.000517358
2070,20.7,0.000506273
2071,20.71,0.000495026
2072,20.72,0.000484233
2073,20.73,0.000474208
2074,20.74,0.000464935
2075,20.75,0.000456119
2076,20.76,0.000447304
2077,20.77,0.00043801
2078,20.78,0.000427843
2079,20.79,0.000416564
2080,20.8,0.000404112
2081,20.81,0.000390588
2082,20.82,0.000376215
2083,20.83,0.000361297
2084,20.84,0.000346173
2085,20.85,0.000331186
2086,20.86,0.000316652
2087,20.87,0.000302846
2088,20.88,0.000289989
2089,20.89,0.000278246
2090,20.9,0.00026773
2091,20.91,0.000258501
2092,20.92,0.00025058
2093,20.93,0.000243956
2094,20.94,0.000238598
2095,20.95,0.000234462
2096,20.96,0.000231503
2097,20.97,0.000229681
2098,20.98,0.000228965
2099,20.99,0.000229342
2100,21,0.000230812
2101,21.01,0.000233394
2102,21.02,0.000237123
2103,21.03,0.000242049
2104,21.04,0.000248236
2105,21.05,0.000255761
2106,21.06,0.000264715
2107,21.07,0.000275195
2108,21.08,0.000287312
2109,21.09,0.000301186
2110,21.1,0.000316947
2111,21.11,0.000334739
2112,21.12,0.000354718
2113,21.13,0.000377056
2114,21.14,0.000401942
2115,21.15,0.000429584
2116,21.16,0.000460212
2117,21.17,0.00049408
2118,21.18,0.000531467
2119,21.19,0.000572682
2120,21.2,0.000618063
2121,21.21,0.000667982
2122,21.22,0.000722843
2123,21.23,0.00078309
2124,21.24,0.000849198
2125,21.25,0.000921684
2126,21.26,0.00100109
2127,21.27,0.00108801
2128,21.28,0.00118305
2129,21.29,0.00128683
2130,21.3,0.00139999
2131,21.31,0.00152315
2132,21.32,0.00165692
2133,21.33,0.00180181
2134,21.34,0.00195826
2135,21.35,0.00212653
2136,21.36,0.00230665
2137,21.37,0.00249837
2138,21.38,0.002701
2139,21.39,0.00291335
2140,21.4,0.00313358
2141,21.41,0.00335911
2142,21.42,0.00358645
2143,21.43,0.00381122
2144,21.44,0.00402809
2145,21.45,0.00423092
2146,21.46,0.00441305
2147,21.47,0.00456774
2148,21.48,0.00468886
2149,21.49,0.00477161
2150,21.5,0.00481342
2151,21.51,0.00481455
2152,21.52,0.00477834
2153,21.53,0.00471088
2154,21.54,0.00461997
2155,21.55,0.00451362
2156,21.56,0.00439845
2157,21.57,0.0042786
2158,21.58,0.00415544
2159,21.59,0.00402819
2160,21.6,0.00389501
2161,21.61,0.00375411
2162,21.62,0.00360461
2163,21.63,0.00344681
2164,21.64,0.00328216
2165,21.65,0.00311298
2166,21.66,0.00294202
2167,21.67,0.00277218
2168,21.68,0.00260617
2169,21.69,0.00244639
2170,21.7,0.00229478
2171,21.71,0.00215279
2172,21.72,0.0020214
2173,21.73,0.00190111
2174,21.74,0.00179203
2175,21.75,0.00169393
2176,21.76,0.00160629
2177,21.77,0.00152838
2178,21.78,0.00145935
2179,21.79,0.00139825
2180,21.8,0.00134414
2181,21.81,0.00129609
2182,21.82,0.00125321
2183,21.83,0.00121473
2184,21.84,0.00117995
2185,21.85,0.00114825
2186,21.86,0.00111914
2187,21.87,0.00109218
2188,21.88,0.00106701
2189,21.89,0.00104335
2190,21.9,0.00102095
2191,21.91,0.000999605
2192,21.92,0.000979152
2193,21.93,0.000959442
2194,21.94,0.000940344
2195,21.95,0.00092174
2196,21.96,0.000903519
2197,21.97,0.000885573
2198,21.98,0.000867799
2199,21.99,0.000850098
2200,22,0.000832377
2201,22.01,0.000814549
2202,22.02,0.00079655
2203,22.03,0.000778337
2204,22.04,0.00075991
2205,22.05,0.000741328
2206,22.06,0.000722733
2207,22.07,0.00070438
2208,22.08,0.000686666
2209,22.09,0.000670168
2210,22.1,0.000655663
2211,22.11,0.000644126
2212,22.12,0.000636691
2213,22.13,0.000634543
2214,22.14,0.00063874
2215,22.15,0.000649994
2216,22.16,0.000668453
2217,22.17,0.000693568
2218,22.18,0.000724084
2219,22.19,0.000758158
2220,22.2,0.000793565
2221,22.21,0.000827947
2222,22.22,0.000859061
2223,22.23,0.000885011
2224,22.24,0.000904437
2225,22.25,0.000916634
2226,22.26,0.000921598
2227,22.27,0.000919972
2228,22.28,0.000912906
2229,22.29,0.000901856
2230,22.3,0.000888347
2231,22.31,0.000873765
2232,22.32,0.000859199
2233,22.33,0.000845369
2234,22.34,0.000832636
2235,22.35,0.000821069
2236,22.36,0.000810556
2237,22.37,0.000800897
2238,22.38,0.000791893
2239,22.39,0.000783401
2240,22.4,0.000775358
2241,22.41,0.000767789
2242,22.42,0.0007608
2243,22.43,0.000754558
2244,22.44,0.000749279
2245,22.45,0.000745207
2246,22.46,0.000742601
2247,22.47,0.000741723
2248,22.48,0.000742829
2249,22.49,0.000746168
2250,22.5,0.000751972
2251,22.51,0.000760463
2252,22.52,0.000771851
2253,22.53,0.00078634
2254,22.54,0.000804127
2255,22.55,0.000825413
2256,22.56,0.000850404
2257,22.57,0.00087932
2258,22.58,0.000912396
2259,22.59,0.000949889
2260,22.6,0.000992086
2261,22.61,0.0010393
2262,22.62,0.00109189
2263,22.63,0.00115025
2264,22.64,0.00121482
2265,22.65,0.0012861
2266,22.66,0.00136462
2267,22.67,0.00145099
2268,22.68,0.00154588
2269,22.69,0.00165004
2270,22.7,0.00176427
2271,22.71,0.00188948
2272,22.72,0.00202663
2273,22.73,0.00217681
2274,22.74,0.00234119
2275,22.75,0.00252101
2276,22.76,0.00271767
2277,22.77,0.00293261
2278,22.78,0.00316742
2279,22.79,0.00342376
2280,22.8,0.00370337
2281,22.81,0.00400806
2282,22.82,0.00433968
2283,22.83,0.00470008
2284,22.84,0.00509103
2285,22.85,0.00551419
2286,22.86,0.00597095
2287,22.87,0.00646237
2288,22.88,0.00698893
2289,22.89,0.00755042
2290,22.9,0.00814558
2291,22.91,0.00877189
2292,22.92,0.0094252
2293,22.93,0.0100994
2294,22.94,0.010786
2295,22.95,0.0114739
2296,22.96,0.0121493
2297,22.97,0.0127958
2298,22.98,0.0133946
2299,22.99,0.0139257
2300,23,0.0143693
2301,23.01,0.0147075
2302,23.02,0.0149273
2303,23.03,0.0150222
2304,23.04,0.0149949
2305,23.05,0.0148572
2306,23.06,0.0146289
2307,23.07,0.0143345
2308,23.08,0.0139986
2309,23.09,0.0136411
2310,23.1,0.0132737
2311,23.11,0.0128994
2312,23.12,0.0125145
2313,23.13,0.0121123
2314,23.14,0.0116865
2315,23.15,0.0112336
2316,23.16,0.0107543
2317,23.17,0.010253
2318,23.18,0.0097369
2319,23.19,0.00921466
2320,23.2,0.0086955
2321,23.21,0.00818815
2322,23.22,0.00770031
2323,23.23,0.00723827
2324,23.24,0.00680675
2325,23.25,0.00640892
2326,23.26,0.00604647
2327,23.27,0.00571977
2328,23.28,0.00542808
2329,23.29,0.00516975
2330,23.3,0.00494248
2331,23.31,0.00474354
2332,23.32,0.00456998
2333,23.33,0.00441884
2334,23.34,0.00428727
2335,23.35,0.00417265
2336,23.36,0.00407267
2337,23.37,0.00398532
2338,23.38,0.00390896
2339,23.39,0.00384223
2340,23.4,0.00378409
2341,23.41,0.00373373
2342,23.42,0.00369057
2343,23.43,0.0036542
2344,23.44,0.00362435
2345,23.45,0.00360086
2346,23.46,0.00358367
2347,23.47,0.00357275
2348,23.48,0.00356811
2349,23.49,0.00356976
2350,23.5,0.00357772
2351,23.51,0.00359196
2352,23.52,0.0036124
2353,23.53,0.00363891
2354,23.54,0.00367124
2355,23.55,0.00370904
2356,23.56,0.00375183
2357,23.57,0.00379897
2358,23.58,0.00384962
2359,23.59,0.00390276
2360,23.6,0.00395711
2361,23.61,0.00401118
2362,23.62,0.00406321
2363,23.63,0.00411121
2364,23.64,0.00415295
2365,23.65,0.00418606
2366,23.66,0.00420812
2367,23.67,0.00421677
2368,23.68,0.00420997
2369,23.69,0.00418621
2370,23.7,0.00414488
2371,23.71,0.00408658
2372,23.72,0.00401343
2373,23.73,0.00392923
2374,23.74,0.00383939
2375,23.75,0.00375045
2376,23.76,0.00366909
2377,23.77,0.00360091
2378,23.78,0.00354899
2379,23.79,0.00351305
2380,23.8,0.00348939
2381,23.81,0.00347186
2382,23.82,0.00345336
2383,23.83,0.00342752
2384,23.84,0.00338983
2385,23.85,0.00333823
2386,23.86,0.0032731
2387,23.87,0.00319687
2388,23.88,0.00311329
2389,23.89,0.00302683
2390,23.9,0.002942
2391,23.91,0.00286286
2392,23.92,0.00279275
2393,23.93,0.00273405
2394,23.94,0.00268823
2395,23.95,0.0026559
2396,23.96,0.00263702
2397,23.97,0.00263109
2398,23.98,0.00263737
2399,23.99,0.00265508
2400,24,0.00268349
2401,24.01,0.00272208
2402,24.02,0.00277052
2403,24.03,0.00282875
2404,24.04,0.00289691
2405,24.05,0.00297538
2406,24.06,0.00306473
2407,24.07,0.00316568
2408,24.08,0.0032791
2409,24.09,0.00340601
2410,24.1,0.00354752
2411,24.11,0.00370487
2412,24.12,0.00387944
2413,24.13,0.00407269
2414,24.14,0.00428624
2415,24.15,0.00452187
2416,24.16,0.00478151
2417,24.17,0.00506729
2418,24.18,0.00538156
2419,24.19,0.00572689
2420,24.2,0.00610613
2421,24.21,0.00652244
2422,24.22,0.00697931
2423,24.23,0.00748059
2424,24.24,0.00803055
2425,24.25,0.00863391
2426,24.26,0.0092959
2427,24.27,0.0100223
2428,24.28,0.0108195
2429,24.29,0.0116945
2430,24.3,0.0126551
2431,24.31,0.0137099
2432,24.32,0.0148683
2433,24.33,0.0161408
2434,24.34,0.0175388
2435,24.35,0.0190748
2436,24.36,0.0207625
2437,24.37,0.0226168
2438,24.38,0.0246541
2439,24.39,0.0268919
2440,24.4,0.0293492
2441,24.41,0.0320464
2442,24.42,0.0350049
2443,24.43,0.0382473
2444,24.44,0.0417971
2445,24.45,0.045678
2446,24.46,0.0499134
2447,24.47,0.0545255
2448,24.48,0.0595343
2449,24.49,0.0649556
2450,24.5,0.0707989
2451,24.51,0.0770653
2452,24.52,0.0837433
2453,24.53,0.0908054
2454,24.54,0.0982036
2455,24.55,0.105864
2456,24.56,0.113683
2457,24.57,0.121523
2458,24.58,0.12921
2459,24.59,0.136535
2460,24.6,0.143266
2461,24.61,0.149153
2462,24.62,0.153959
2463,24.63,0.157481
2464,24.64,0.159587
2465,24.65,0.160241
2466,24.66,0.159516
2467,24.67,0.157593
2468,24.68,0.154724
2469,24.69,0.151182
2470,24.7,0.147201
2471,24.71,0.14294
2472,24.72,0.138464
2473,24.73,0.133769
2474,24.74,0.128815
2475,24.75,0.123568
2476,24.76,0.118024
2477,24.77,0.112216
2478,24.78,0.106215
2479,24.79,0.100111
2480,24.8,0.0940055
2481,24.81,0.0879993
2482,24.82,0.0821821
2483,24.83,0.0766292
2484,24.84,0.0713992
2485,24.85,0.0665332
2486,24.86,0.0620562
2487,24.87,0.0579783
2488,24.88,0.0542968
2489,24.89,0.0509983
2490,24.9,0.0480608
2491,24.91,0.0454564
2492,24.92,0.043153
2493,24.93,0.0411165
2494,24.94,0.0393125
2495,24.95,0.0377077
2496,24.96,0.0362713
2497,24.97,0.0349753
2498,24.98,0.0337948
2499,24.99,0.0327087
2500,25,0.0316991
2501,25.01,0.0307512
2502,25.02,0.0298532
2503,25.03,0.0289958
2504,25.04,0.0281722
2505,25.05,0.027378
2506,25.06,0.0266108
2507,25.07,0.0258708
2508,25.08,0.0251604
2509,25.09,0.0244849
2510,25.1,0.0238527
2511,25.11,0.0232759
2512,25.12,0.0227705
2513,25.13,0.0223567
2514,25.14,0.0220587
2515,25.15,0.021904
2516,25.16,0.0219214
2517,25.17,0.022139
2518,25.18,0.02258
2519,25.19,0.0232601
2520,25.2,0.0241836
2521,25.21,0.0253425
2522,25.22,0.0267154
2523,25.23,0.0282685
2524,25.24,0.0299572
2525,25.25,0.0317278
2526,25.26,0.0335196
2527,25.27,0.0352677
2528,25.28,0.0369061
2529,25.29,0.0383713
2530,25.3,0.0396065
2531,25.31,0.0405668
2532,25.32,0.0412231
2533,25.33,0.041566
2534,25.34,0.0416075
2535,25.35,0.0413805
2536,25.36,0.0409354
2537,25.37,0.040334
2538,25.38,0.0396414
2539,25.39,0.0389176
2540,25.4,0.0382098
2541,25.41,0.0375483
2542,25.42,0.0369449
2543,25.43,0.036396
2544,25.44,0.035887
2545,25.45,0.0353982
2546,25.46,0.03491
2547,25.47,0.0344061
2548,25.48,0.0338756
2549,25.49,0.0333137
2550,25.5,0.0327208
2551,25.51,0.0321018
2552,25.52,0.0314647
2553,25.53,0.0308193
2554,25.54,0.0301764
2555,25.55,0.0295464
2556,25.56,0.0289393
2557,25.57,0.0283637
2558,25.58,0.0278272
2559,25.59,0.0273359
2560,25.6,0.0268945
2561,25.61,0.0265067
2562,25.62,0.026175
2563,25.63,0.0259012
2564,25.64,0.0256867
2565,25.65,0.0255321
2566,25.66,0.0254382
2567,25.67,0.0254056
2568,25.68,0.0254349
2569,25.69,0.0255269
2570,25.7,0.0256826
2571,25.71,0.025903
2572,25.72,0.0261896
2573,25.73,0.0265439
2574,25.74,0.0269676
2575,25.75,0.0274623
2576,25.76,0.0280299
2577,25.77,0.0286718
2578,25.78,0.0293894
2579,25.79,0.0301836
2580,25.8,0.0310549
2581,25.81,0.0320029
2582,25.82,0.0330265
2583,25.83,0.0341232
2584,25.84,0.035289
2585,25.85,0.0365182
2586,25.86,0.037803
2587,25.87,0.0391329
2588,25.88,0.0404944
2589,25.89,0.0418707
2590,25.9,0.0432415
2591,25.91,0.0445821
2592,25.92,0.0458644
2593,25.93,0.0470563
2594,25.94,0.0481227
2595,25.95,0.049027
2596,25.96,0.0497328
2597,25.97,0.0502068
2598,25.98,0.0504226
2599,25.99,0.0503645
2600,26,0.050032
2601,26.01,0.049444
2602,26.02,0.04864
2603,26.03,0.0476798
2604,26.04,0.0466377
2605,26.05,0.0455926
2606,26.06,0.0446141
2607,26.07,0.0437492
2608,26.08,0.0430119
2609,26.09,0.0423821
2610,26.1,0.0418125
2611,26.11,0.0412427
2612,26.12,0.0406139
2613,26.13,0.0398811
2614,26.14,0.0390193
2615,26.15,0.0380253
2616,26.16,0.036915
2617,26.17,0.0357181
2618,26.18,0.0344731
2619,26.19,0.0332218
2620,26.2,0.0320054
2621,26.21,0.0308606
2622,26.22,0.029818
2623,26.23,0.0289012
2624,26.24,0.0281259
2625,26.25,0.027501
2626,26.26,0.0270293
2627,26.27,0.0267093
2628,26.28,0.0265362
2629,26.29,0.026504
2630,26.3,0.0266064
2631,26.31,0.0268381
2632,26.32,0.0271951
2633,26.33,0.0276758
2634,26.34,0.0282802
2635,26.35,0.029011
2636,26.36,0.0298725
2637,26.37,0.0308709
2638,26.38,0.0320143
2639,26.39,0.0333121
2640,26.4,0.0347753
2641,26.41,0.0364161
2642,26.42,0.0382481
2643,26.43,0.0402863
2644,26.44,0.0425473
2645,26.45,0.045049
2646,26.46,0.0478115
2647,26.47,0.0508565
2648,26.48,0.054208
2649,26.49,0.0578922
2650,26.5,0.061938
2651,26.51,0.0663771
2652,26.52,0.0712441
2653,26.53,0.0765768
2654,26.54,0.0824165
2655,26.55,0.0888081
2656,26.56,0.0957998
2657,26.57,0.103444
2658,26.58,0.111797
2659,26.59,0.120917
2660,26.6,0.130867
2661,26.61,0.141713
2662,26.62,0.153521
2663,26.63,0.166358
2664,26.64,0.18029
2665,26.65,0.195379
2666,26.66,0.211679
2667,26.67,0.229234
2668,26.68,0.248069
2669,26.69,0.268187
2670,26.7,0.289557
2671,26.71,0.312106
2672,26.72,0.335708
2673,26.73,0.36017
2674,26.74,0.38522
2675,26.75,0.410497
2676,26.76,0.435541
2677,26.77,0.459798
2678,26.78,0.482621
2679,26.79,0.503303
2680,26.8,0.521117
2681,26.81,0.535379
2682,26.82,0.545528
2683,26.83,0.551213
2684,26.84,0.552371
2685,26.85,0.549272
2686,26.86,0.542506
2687,26.87,0.532904
2688,26.88,0.521389
2689,26.89,0.508798
2690,26.9,0.495731
2691,26.91,0.482468
2692,26.92,0.468991
2693,26.93,0.455091
2694,26.94,0.440495
2695,26.95,0.424991
2696,26.96,0.408493
2697,26.97,0.39106
2698,26.98,0.37288
2699,26.99,0.354228
2700,27,0.335423
2701,27.01,0.316791
2702,27.02,0.298636
2703,27.03,0.281222
2704,27.04,0.264758
2705,27.05,0.249401
2706,27.06,0.235251
2707,27.07,0.222356
2708,27.08,0.210721
2709,27.09,0.200312
2710,27.1,0.191066
2711,27.11,0.182897
2712,27.12,0.175709
2713,27.13,0.169399
2714,27.14,0.163864
2715,27.15,0.159007
2716,27.16,0.15474
2717,27.17,0.150986
2718,27.18,0.147678
2719,27.19,0.144764
2720,27.2,0.142198
2721,27.21,0.13995
2722,27.22,0.137994
2723,27.23,0.136314
2724,27.24,0.134901
2725,27.25,0.133749
2726,27.26,0.132858
2727,27.27,0.132231
2728,27.28,0.131873
2729,27.29,0.131791
2730,27.3,0.131994
2731,27.31,0.132488
2732,27.32,0.133282
2733,27.33,0.134383
2734,27.34,0.135795
2735,27.35,0.137521
2736,27.36,0.13956
2737,27.37,0.141906
2738,27.38,0.144549
2739,27.39,0.147472
2740,27.4,0.150649
2741,27.41,0.154047
2742,27.42,0.157623
2743,27.43,0.16132
2744,27.44,0.16507
2745,27.45,0.168792
2746,27.46,0.172387
2747,27.47,0.175746
2748,27.48,0.178747
2749,27.49,0.181259
2750,27.5,0.183151
2751,27.51,0.184296
2752,27.52,0.184592
2753,27.53,0.183968
2754,27.54,0.18241
2755,27.55,0.179969
2756,27.56,0.176781
2757,27.57,0.173058
2758,27.58,0.169077
2759,27.59,0.165137
2760,27.6,0.161509
2761,27.61,0.15837
2762,27.62,0.155764
2763,27.63,0.153592
2764,27.64,0.151645
2765,27.65,0.149667
2766,27.66,0.147419
2767,27.67,0.144734
2768,27.68,0.141538
2769,27.69,0.137854
2770,27.7,0.133782
2771,27.71,0.129474
2772,27.72,0.12511
2773,27.73,0.120868
2774,27.74,0.116912
2775,27.75,0.113374
2776,27.76,0.110353
2777,27.77,0.107909
2778,27.78,0.106067
2779,27.79,0.104828
2780,27.8,0.104169
2781,27.81,0.104058
2782,27.82,0.104458
2783,27.83,0.105334
2784,27.84,0.106656
2785,27.85,0.108406
2786,27.86,0.110572
2787,27.87,0.113154
2788,27.88,0.116162
2789,27.89,0.119613
2790,27.9,0.123531
2791,27.91,0.12795
2792,27.92,0.132907
2793,27.93,0.138446
2794,27.94,0.144615
2795,27.95,0.151468
2796,27.96,0.159064
2797,27.97,0.167468
2798,27.98,0.176751
2799,27.99,0.186992
2800,28,0.198277
2801,28.01,0.2107
2802,28.02,0.224366
2803,28.03,0.239391
2804,28.04,0.255902
2805,28.05,0.274043
2806,28.06,0.293969
2807,28.07,0.315856
2808,28.08,0.339897
2809,28.09,0.366306
2810,28.1,0.395323
2811,28.11,0.427211
2812,28.12,0.462265
2813,28.13,0.500809
2814,28.14,0.543207
2815,28.15,0.589859
2816,28.16,0.641212
2817,28.17,0.697761
2818,28.18,0.760055
2819,28.19,0.828704
2820,28.2,0.904386
2821,28.21,0.987852
2822,28.22,1.07994
2823,28.23,1.18157
2824,28.24,1.29376
2825,28.25,1.41767
2826,28.26,1.55454
2827,28.27,1.70578
2828,28.28,1.87292
2829,28.29,2.05766
2830,28.3,2.26188
2831,28.31,2.48764
2832,28.32,2.7372
2833,28.33,3.01303
2834,28.34,3.31783
2835,28.35,3.65449
2836,28.36,4.02614
2837,28.37,4.4361
2838,28.38,4.88787
2839,28.39,5.38507
2840,28.4,5.93136
2841,28.41,6.53033
2842,28.42,7.18533
2843,28.43,7.89929
2844,28.44,8.67435
2845,28.45,9.51153
2846,28.46,10.4103
2847,28.47,11.3677
2848,28.48,12.3782
2849,28.49,13.4325
2850,28.5,14.5169
2851,28.51,15.613
2852,28.52,16.6969
2853,28.53,17.7401
2854,28.54,18.71
2855,28.55,19.5721
2856,28.56,20.2931
2857,28.57,20.8448
2858,28.58,21.2082
2859,28.59,21.377
2860,28.6,21.3602
2861,28.61,21.1808
2862,28.62,20.8722
2863,28.63,20.4719
2864,28.64,20.0135
2865,28.65,19.5204
2866,28.66,19.0021
2867,28.67,18.456
2868,28.68,17.872
2869,28.69,17.2385
2870,28.7,16.5476
2871,28.71,15.7986
2872,28.72,14.9976
2873,28.73,14.1567
2874,28.74,13.2918
2875,28.75,12.4199
2876,28.76,11.5573
2877,28.77,10.7187
2878,28.78,9.91598
2879,28.79,9.15822
2880,28.8,8.45174
2881,28.81,7.80029
2882,28.82,7.20539
2883,28.83,6.66672
2884,28.84,6.18248
2885,28.85,5.74971
2886,28.86,5.36465
2887,28.87,5.02301
2888,28.88,4.72026
2889,28.89,4.45186
2890,28.9,4.21348
2891,28.91,4.00114
2892,28.92,3.81135
2893,28.93,3.64121
2894,28.94,3.48845
2895,28.95,3.35147
2896,28.96,3.22936
2897,28.97,3.12188
2898,28.98,3.02945
2899,28.99,2.95313
2900,29,2.89447
2901,29.01,2.85544
2902,29.02,2.83822
2903,29.03,2.84489
2904,29.04,2.87724
2905,29.05,2.93639
2906,29.06,3.0226
2907,29.07,3.13513
2908,29.08,3.27222
2909,29.09,3.43112
2910,29.1,3.60819
2911,29.11,3.79908
2912,29.12,3.9988
2913,29.13,4.2019
2914,29.14,4.40261
2915,29.15,4.59496
2916,29.16,4.77304
2917,29.17,4.93122
2918,29.18,5.06447
2919,29.19,5.16864
2920,29.2,5.24083
2921,29.21,5.2797
2922,29.22,5.28564
2923,29.23,5.26099
2924,29.24,5.20989
2925,29.25,5.13809
2926,29.26,5.05249
2927,29.27,4.96049
2928,29.28,4.86922
2929,29.29,4.78475
2930,29.3,4.71146
2931,29.31,4.65161
2932,29.32,4.6053
2933,29.33,4.57077
2934,29.34,4.54496
2935,29.35,4.52417
2936,29.36,4.50461
2937,29.37,4.48295
2938,29.38,4.45653
2939,29.39,4.42352
2940,29.4,4.38292
2941,29.41,4.33443
2942,29.42,4.27831
2943,29.43,4.21527
2944,29.44,4.14625
2945,29.45,4.07236
2946,29.46,3.99471
2947,29.47,3.91437
2948,29.48,3.8323
2949,29.49,3.74933
2950,29.5,3.66611
2951,29.51,3.58314
2952,29.52,3.50079
2953,29.53,3.41928
2954,29.54,3.33876
2955,29.55,3.25927
2956,29.56,3.18082
2957,29.57,3.10341
2958,29.58,3.02704
2959,29.59,2.95176
2960,29.6,2.8777
2961,29.61,2.8051
2962,29.62,2.73434
2963,29.63,2.666
2964,29.64,2.60088
2965,29.65,2.54008
2966,29.66,2.48497
2967,29.67,2.43731
2968,29.68,2.39917
2969,29.69,2.37293
2970,29.7,2.36118
2971,29.71,2.36652
2972,29.72,2.39133
2973,29.73,2.43752
2974,29.74,2.5062
2975,29.75,2.59753
2976,29.76,2.71054
2977,29.77,2.84318
2978,29.78,2.99235
2979,29.79,3.15408
2980,29.8,3.32365
2981,29.81,3.49579
2982,29.82,3.66486
2983,29.83,3.82511
2984,29.84,3.97092
2985,29.85,4.0971
2986,29.86,4.19927
2987,29.87,4.27417
2988,29.88,4.32
2989,29.89,4.33666
2990,29.9,4.32585
2991,29.91,4.29102
2992,29.92,4.23711
2993,29.93,4.17007
2994,29.94,4.09626
2995,29.95,4.02168
2996,29.96,3.95136
2997,29.97,3.88875
2998,29.98,3.83555
2999,29.99,3.79171
3000,30,3.75582
3001,30.01,3.72555
3002,30.02,3.69825
3003,30.03,3.67134
3004,30.04,3.64266
3005,30.05,3.61065
3006,30.06,3.57437
3007,30.07,3.53346
3008,30.08,3.48804
3009,30.09,3.43858
3010,30.1,3.38582
3011,30.11,3.33059
3012,30.12,3.27379
3013,30.13,3.21625
3014,30.14,3.15875
3015,30.15,3.10194
3016,30.16,3.04633
3017,30.17,2.99231
3018,30.18,2.94014
3019,30.19,2.88997
3020,30.2,2.84183
3021,30.21,2.79568
3022,30.22,2.7514
3023,30.23,2.70882
3024,30.24,2.66774
3025,30.25,2.62791
3026,30.26,2.58907
3027,30.27,2.55094
3028,30.28,2.51323
3029,30.29,2.47565
3030,30.3,2.43791
3031,30.31,2.39971
3032,30.32,2.36077
3033,30.33,2.32084
3034,30.34,2.27967
3035,30.35,2.2371
3036,30.36,2.19301
3037,30.37,2.1474
3038,30.38,2.10039
3039,30.39,2.05232
3040,30.4,2.00378
3041,30.41,1.95566
3042,30.42,1.90925
3043,30.43,1.86629
3044,30.44,1.82896
3045,30.45,1.79985
3046,30.46,1.78175
3047,30.47,1.77741
3048,30.48,1.78903
3049,30.49,1.81785
3050,30.5,1.86371
3051,30.51,1.9249
3052,30.52,1.99817
3053,30.53,2.07912
3054,30.54,2.16263
3055,30.55,2.24337
3056,30.56,2.31633
3057,30.57,2.37724
3058,30.58,2.42295
3059,30.59,2.45166
3060,30.6,2.46305
3061,30.61,2.45821
3062,30.62,2.43947
3063,30.63,2.41006
3064,30.64,2.37368
3065,30.65,2.33406
3066,30.66,2.29456
3067,30.67,2.25782
3068,30.68,2.2256
3069,30.69,2.19878
3070,30.7,2.17747
3071,30.71,2.16122
3072,30.72,2.14925
3073,30.73,2.1407
3074,30.74,2.13475
3075,30.75,2.13078
3076,30.76,2.12837
3077,30.77,2.12732
3078,30.78,2.12765
3079,30.79,2.12954
3080,30.8,2.13331
3081,30.81,2.13935
3082,30.82,2.14809
3083,30.83,2.15999
3084,30.84,2.17551
3085,30.85,2.1951
3086,30.86,2.21916
3087,30.87,2.24808
3088,30.88,2.28223
3089,30.89,2.32194
3090,30.9,2.36752
3091,30.91,2.41926
3092,30.92,2.47745
3093,30.93,2.54236
3094,30.94,2.61426
3095,30.95,2.69341
3096,30.96,2.78006
3097,30.97,2.87447
3098,30.98,2.97686
3099,30.99,3.08743
3100,31,3.20636
3101,31.01,3.33376
3102,31.02,3.46969
3103,31.03,3.61412
3104,31.04,3.76689
3105,31.05,3.92772
3106,31.06,4.09615
3107,31.07,4.27149
3108,31.08,4.4528
3109,31.09,4.63884
3110,31.1,4.82803
3111,31.11,5.01838
3112,31.12,5.20749
3113,31.13,5.3925
3114,31.14,5.57009
3115,31.15,5.73655
3116,31.16,5.88781
3117,31.17,6.01958
3118,31.18,6.12759
3119,31.19,6.20786
3120,31.2,6.25702
3121,31.21,6.27284
3122,31.22,6.25457
3123,31.23,6.20348
3124,31.24,6.12309
3125,31.25,6.01928
3126,31.26,5.89996
3127,31.27,5.77432
3128,31.28,5.6516
3129,31.29,5.53958
3130,31.3,5.44316
3131,31.31,5.36341
3132,31.32,5.29752
3133,31.33,5.23971
3134,31.34,5.18264
3135,31.35,5.11911
3136,31.36,5.04327
3137,31.37,4.95149
3138,31.38,4.84252
3139,31.39,4.71733
3140,31.4,4.57864
3141,31.41,4.4304
3142,31.42,4.27715
3143,31.43,4.12362
3144,31.44,3.97431
3145,31.45,3.83318
3146,31.46,3.70357
3147,31.47,3.58804
3148,31.48,3.48842
3149,31.49,3.40585
3150,31.5,3.3409
3151,31.51,3.29372
3152,31.52,3.26413
3153,31.53,3.25183
3154,31.54,3.25648
3155,31.55,3.27778
3156,31.56,3.31561
3157,31.57,3.36997
3158,31.58,3.4411
3159,31.59,3.52939
3160,31.6,3.63543
3161,31.61,3.75997
3162,31.62,3.90391
3163,31.63,4.06826
3164,31.64,4.25416
3165,31.65,4.46286
3166,31.66,4.69569
3167,31.67,4.95409
3168,31.68,5.23958
3169,31.69,5.55377
3170,31.7,5.89837
3171,31.71,6.27514
3172,31.72,6.6859
3173,31.73,7.13251
3174,31.74,7.61682
3175,31.75,8.14063
3176,31.76,8.70563
3177,31.77,9.31332
3178,31.78,9.96491
3179,31.79,10.6612
3180,31.8,11.4023
3181,31.81,12.1879
3182,31.82,13.0164
3183,31.83,13.8851
3184,31.84,14.7902
3185,31.85,15.726
3186,31.86,16.685
3187,31.87,17.6576
3188,31.88,18.6323
3189,31.89,19.5953
3190,31.9,20.5309
3191,31.91,21.4218
3192,31.92,22.2497
3193,31.93,22.996
3194,31.94,23.6429
3195,31.95,24.1744
3196,31.96,24.5777
3197,31.97,24.844
3198,31.98,24.9699
3199,31.99,24.9576
3200,32,24.8156
3201,32.01,24.5582
3202,32.02,24.2057
3203,32.03,23.7829
3204,32.04,23.3181
3205,32.05,22.8418
3206,32.06,22.3845
3207,32.07,21.9743
3208,32.08,21.6344
3209,32.09,21.3803
3210,32.1,21.2172
3211,32.11,21.1392
3212,32.12,21.1287
3213,32.13,21.1589
3214,32.14,21.1969
3215,32.15,21.2083
3216,32.16,21.1612
3217,32.17,21.0301
3218,32.18,20.7985
3219,32.19,20.4596
3220,32.2,20.0162
3221,32.21,19.4796
3222,32.22,18.867
3223,32.23,18.1993
3224,32.24,17.4989
3225,32.25,16.7878
3226,32.26,16.0857
3227,32.27,15.4093
3228,32.28,14.7722
3229,32.29,14.1838
3230,32.3,13.6508
3231,32.31,13.1766
3232,32.32,12.7625
3233,32.33,12.4078
3234,32.34,12.1112
3235,32.35,11.8705
3236,32.36,11.6838
3237,32.37,11.5492
3238,32.38,11.4658
3239,32.39,11.4331
3240,32.4,11.4516
3241,32.41,11.5227
3242,32.42,11.6485
3243,32.43,11.8317
3244,32.44,12.0757
3245,32.45,12.3842
3246,32.46,12.7612
3247,32.47,13.211
3248,32.48,13.7376
3249,32.49,14.3452
3250,32.5,15.0376
3251,32.51,15.8181
3252,32.52,16.6896
3253,32.53,17.6543
3254,32.54,18.7134
3255,32.55,19.8666
3256,32.56,21.1125
3257,32.57,22.4473
3258,32.58,23.8647
3259,32.59,25.3555
3260,32.6,26.9068
3261,32.61,28.5017
3262,32.62,30.1184
3263,32.63,31.7307
3264,32.64,33.3073
3265,32.65,34.8126
3266,32.66,36.2079
3267,32.67,37.4523
3268,32.68,38.5055
3269,32.69,39.3297
3270,32.7,39.893
3271,32.71,40.1716
3272,32.72,40.1526
3273,32.73,39.8352
3274,32.74,39.2317
3275,32.75,38.367
3276,32.76,37.2769
3277,32.77,36.0057
3278,32.78,34.6033
3279,32.79,33.1216
3280,32.8,31.611
3281,32.81,30.117
3282,32.82,28.677
3283,32.83,27.318
3284,32.84,26.0556
3285,32.85,24.8937
3286,32.86,23.8263
3287,32.87,22.8401
3288,32.88,21.9177
3289,32.89,21.0412
3290,32.9,20.1946
3291,32.91,19.366
3292,32.92,18.548
3293,32.93,17.7375
3294,32.94,16.9357
3295,32.95,16.1461
3296,32.96,15.3741
3297,32.97,14.6258
3298,32.98,13.9072
3299,32.99,13.2233
3300,33,12.5782
3301,33.01,11.9745
3302,33.02,11.4137
3303,33.03,10.8958
3304,33.04,10.4198
3305,33.05,9.98404
3306,33.06,9.58597
3307,33.07,9.22281
3308,33.08,8.89159
3309,33.09,8.58933
3310,33.1,8.31317
3311,33.11,8.06051
3312,33.12,7.82905
3313,33.13,7.61685
3314,33.14,7.42232
3315,33.15,7.24426
3316,33.16,7.08185
3317,33.17,6.93462
3318,33.18,6.80247
3319,33.19,6.68562
3320,33.2,6.58466
3321,33.21,6.5005
3322,33.22,6.43438
3323,33.23,6.38791
3324,33.24,6.36298
3325,33.25,6.36184
3326,33.26,6.38704
3327,33.27,6.44144
3328,33.28,6.52816
3329,33.29,6.65056
3330,33.3,6.81223
3331,33.31,7.01691
3332,33.32,7.26851
3333,33.33,7.57107
3334,33.34,7.92874
3335,33.35,8.34586
3336,33.36,8.8269
3337,33.37,9.37656
3338,33.38,9.99978
3339,33.39,10.7018
3340,33.4,11.4881
3341,33.41,12.3644
3342,33.42,13.3369
3343,33.43,14.4119
3344,33.44,15.5955
3345,33.45,16.8941
3346,33.46,18.3134
3347,33.47,19.8585
3348,33.48,21.5333
3349,33.49,23.3398
3350,33.5,25.2773
3351,33.51,27.3415
3352,33.52,29.5236
3353,33.53,31.8086
3354,33.54,34.174
3355,33.55,36.5887
3356,33.56,39.0115
3357,33.57,41.3902
3358,33.58,43.6616
3359,33.59,45.7525
3360,33.6,47.5821
3361,33.61,49.0657
3362,33.62,50.1211
3363,33.63,50.6759
3364,33.64,50.6759
3365,33.65,50.0934
3366,33.66,48.934
3367,33.67,47.24
3368,33.68,45.0894
3369,33.69,42.59
3370,33.7,39.8677
3371,33.71,37.0517
3372,33.72,34.2586
3373,33.73,31.5794
3374,33.74,29.0716
3375,33.75,26.7593
3376,33.76,24.6403
3377,33.77,22.6967
3378,33.78,20.9059
3379,33.79,19.2477
3380,33.8,17.7093
3381,33.81,16.2851
3382,33.82,14.9757
3383,33.83,13.7854
3384,33.84,12.7199
3385,33.85,11.7845
3386,33.86,10.9825
3387,33.87,10.3141
3388,33.88,9.77612
3389,33.89,9.36205
3390,33.9,9.06222
3391,33.91,8.86495
3392,33.92,8.75762
3393,33.93,8.7278
3394,33.94,8.76421
3395,33.95,8.85724
3396,33.96,8.9993
3397,33.97,9.18475
3398,33.98,9.40977
3399,33.99,9.6721
3400,34,9.97077
3401,34.01,10.3058
3402,34.02,10.6781
3403,34.03,11.089
3404,34.04,11.5404
3405,34.05,12.0345
3406,34.06,12.5736
3407,34.07,13.1603
3408,34.08,13.7971
3409,34.09,14.4866
3410,34.1,15.2313
3411,34.11,16.0334
3412,34.12,16.8951
3413,34.13,17.8181
3414,34.14,18.8034
3415,34.15,19.8518
3416,34.16,20.963
3417,34.17,22.1356
3418,34.18,23.367
3419,34.19,24.6531
3420,34.2,25.988
3421,34.21,27.3634
3422,34.22,28.769
3423,34.23,30.1913
3424,34.24,31.6142
3425,34.25,33.0187
3426,34.26,34.3825
3427,34.27,35.6808
3428,34.28,36.8862
3429,34.29,37.9698
3430,34.3,38.9021
3431,34.31,39.6541
3432,34.32,40.199
3433,34.33,40.5138
3434,34.34,40.5811
3435,34.35,40.3907
3436,34.36,39.9407
3437,34.37,39.2384
3438,34.38,38.2998
3439,34.39,37.1493
3440,34.4,35.8178
3441,34.41,34.34
3442,34.42,32.7523
3443,34.43,31.0901
3444,34.44,29.3857
3445,34.45,27.6669
3446,34.46,25.9568
3447,34.47,24.2737
3448,34.48,22.6321
3449,34.49,21.0431
3450,34.5,19.5156
3451,34.51,18.0567
3452,34.52,16.6721
3453,34.53,15.3667
3454,34.54,14.1441
3455,34.55,13.0072
3456,34.56,11.958
3457,34.57,10.9978
3458,34.58,10.127
3459,34.59,9.34557
3460,34.6,8.65296
3461,34.61,8.04821
3462,34.62,7.53
3463,34.63,7.09671
3464,34.64,6.74633
3465,34.65,6.47643
3466,34.66,6.28407
3467,34.67,6.16582
3468,34.68,6.11778
3469,34.69,6.13573
3470,34.7,6.21538
3471,34.71,6.35256
3472,34.72,6.54345
3473,34.73,6.78468
3474,34.74,7.0735
3475,34.75,7.40769
3476,34.76,7.78558
3477,34.77,8.20595
3478,34.78,8.66792
3479,34.79,9.17086
3480,34.8,9.71421
3481,34.81,10.2974
3482,34.82,10.9196
3483,34.83,11.5798
3484,34.84,12.2764
3485,34.85,13.0073
3486,34.86,13.7694
3487,34.87,14.5588
3488,34.88,15.3706
3489,34.89,16.1984
3490,34.9,17.0347
3491,34.91,17.8708
3492,34.92,18.6963
3493,34.93,19.5
3494,34.94,20.2694
3495,34.95,20.9917
3496,34.96,21.6536
3497,34.97,22.2423
3498,34.98,22.7458
3499,34.99,23.1539
3500,35,23.4585
3501,35.01,23.6542
3502,35.02,23.7388
3503,35.03,23.7138
3504,35.04,23.5841
3505,35.05,23.3583
3506,35.06,23.0484
3507,35.07,22.6697
3508,35.08,22.2401
3509,35.09,21.78
3510,35.1,21.312
3511,35.11,20.8597
3512,35.12,20.447
3513,35.13,20.097
3514,35.14,19.8298
3515,35.15,19.6601
3516,35.16,19.5954
3517,35.17,19.6332
3518,35.18,19.7608
3519,35.19,19.9555
3520,35.2,20.1865
3521,35.21,20.4187
3522,35.22,20.6162
3523,35.23,20.7465
3524,35.24,20.7838
3525,35.25,20.711
3526,35.26,20.5213
3527,35.27,20.2173
3528,35.28,19.8101
3529,35.29,19.3174
3530,35.3,18.7609
3531,35.31,18.164
3532,35.32,17.5502
3533,35.33,16.9411
3534,35.34,16.3553
3535,35.35,15.8082
3536,35.36,15.3117
3537,35.37,14.8745
3538,35.38,14.502
3539,35.39,14.1978
3540,35.4,13.9637
3541,35.41,13.8003
3542,35.42,13.708
3543,35.43,13.6868
3544,35.44,13.7371
3545,35.45,13.8594
3546,35.46,14.0547
3547,35.47,14.3241
3548,35.48,14.6689
3549,35.49,15.0899
3550,35.5,15.5879
3551,35.51,16.1628
3552,35.52,16.8137
3553,35.53,17.5386
3554,35.54,18.3342
3555,35.55,19.1955
3556,35.56,20.116
3557,35.57,21.087
3558,35.58,22.0981
3559,35.59,23.1366
3560,35.6,24.1878
3561,35.61,25.2352
3562,35.62,26.2607
3563,35.63,27.2451
3564,35.64,28.1686
3565,35.65,29.0119
3566,35.66,29.7569
3567,35.67,30.3875
3568,35.68,30.8912
3569,35.69,31.2588
3570,35.7,31.4861
3571,35.71,31.5733
3572,35.72,31.5257
3573,35.73,31.3528
3574,35.74,31.0681
3575,35.75,30.6885
3576,35.76,30.2332
3577,35.77,29.7231
3578,35.78,29.18
3579,35.79,28.6258
3580,35.8,28.0824
3581,35.81,27.5704
3582,35.82,27.109
3583,35.83,26.7154
3584,35.84,26.4033
3585,35.85,26.183
3586,35.86,26.0596
3587,35.87,26.0325
3588,35.88,26.0946
3589,35.89,26.2323
3590,35.9,26.4261
3591,35.91,26.6511
3592,35.92,26.879
3593,35.93,27.0802
3594,35.94,27.2258
3595,35.95,27.29
3596,35.96,27.2522
3597,35.97,27.098
3598,35.98,26.8205
3599,35.99,26.4203
3600,36,25.9043
3601,36.01,25.2855
3602,36.02,24.5809
3603,36.03,23.81
3604,36.04,22.9933
3605,36.05,22.151
3606,36.06,21.3023
3607,36.07,20.4641
3608,36.08,19.6514
3609,36.09,18.8765
3610,36.1,18.15
3611,36.11,17.4804
3612,36.12,16.8749
3613,36.13,16.3396
3614,36.14,15.88
3615,36.15,15.5013
3616,36.16,15.2087
3617,36.17,15.0071
3618,36.18,14.9014
3619,36.19,14.8962
3620,36.2,14.9955
3621,36.21,15.2021
3622,36.22,15.5175
3623,36.23,15.9413
3624,36.24,16.4712
3625,36.25,17.1025
3626,36.26,17.8279
3627,36.27,18.6377
3628,36.28,19.5196
3629,36.29,20.4587
3630,36.3,21.4376
3631,36.31,22.4365
3632,36.32,23.4336
3633,36.33,24.4058
3634,36.34,25.3291
3635,36.35,26.1798
3636,36.36,26.9357
3637,36.37,27.5769
3638,36.38,28.0873
3639,36.39,28.4556
3640,36.4,28.6755
3641,36.41,28.7468
3642,36.42,28.6742
3643,36.43,28.4677
3644,36.44,28.1409
3645,36.45,27.7106
3646,36.46,27.1948
3647,36.47,26.6123
3648,36.48,25.9811
3649,36.49,25.3182
3650,36.5,24.6386
3651,36.51,23.9553
3652,36.52,23.279
3653,36.53,22.6184
3654,36.54,21.9805
3655,36.55,21.3706
3656,36.56,20.793
3657,36.57,20.2512
3658,36.58,19.7482
3659,36.59,19.287
3660,36.6,18.8708
3661,36.61,18.5034
3662,36.62,18.1895
3663,36.63,17.9345
3664,36.64,17.7454
3665,36.65,17.6301
3666,36.66,17.5978
3667,36.67,17.659
3668,36.68,17.8248
3669,36.69,18.1069
3670,36.7,18.5168
3671,36.71,19.0648
3672,36.72,19.7601
3673,36.73,20.6089
3674,36.74,21.6143
3675,36.75,22.7751
3676,36.76,24.0849
3677,36.77,25.5314
3678,36.78,27.0953
3679,36.79,28.7496
3680,36.8,30.4586
3681,36.81,32.1785
3682,36.82,33.8574
3683,36.83,35.4371
3684,36.84,36.856
3685,36.85,38.0531
3686,36.86,38.9729
3687,36.87,39.5707
3688,36.88,39.817
3689,36.89,39.7007
3690,36.9,39.2306
3691,36.91,38.4334
3692,36.92,37.3511
3693,36.93,36.0361
3694,36.94,34.5463
3695,36.95,32.9404
3696,36.96,31.2746
3697,36.97,29.6005
3698,36.98,27.9635
3699,36.99,26.4033
3700,37,24.9544
3701,37.01,23.6463
3702,37.02,22.5043
3703,37.03,21.5487
3704,37.04,20.7937
3705,37.05,20.2455
3706,37.06,19.9
3707,37.07,19.742
3708,37.08,19.7448
3709,37.09,19.8723
3710,37.1,20.0822
3711,37.11,20.3302
3712,37.12,20.5736
3713,37.13,20.7746
3714,37.14,20.9031
3715,37.15,20.9377
3716,37.16,20.8665
3717,37.17,20.687
3718,37.18,20.4043
3719,37.19,20.0305
3720,37.2,19.582
3721,37.21,19.078
3722,37.22,18.5387
3723,37.23,17.984
3724,37.24,17.4322
3725,37.25,16.8996
3726,37.26,16.3999
3727,37.27,15.9445
3728,37.28,15.5424
3729,37.29,15.2011
3730,37.3,14.9262
3731,37.31,14.7226
3732,37.32,14.5941
3733,37.33,14.5442
3734,37.34,14.5759
3735,37.35,14.6913
3736,37.36,14.8923
3737,37.37,15.1793
3738,37.38,15.5518
3739,37.39,16.0075
3740,37.4,16.5423
3741,37.41,17.1502
3742,37.42,17.823
3743,37.43,18.5503
3744,37.44,19.3199
3745,37.45,20.1172
3746,37.46,20.9262
3747,37.47,21.7296
3748,37.48,22.5092
3749,37.49,23.2467
3750,37.5,23.9243
3751,37.51,24.5258
3752,37.52,25.0369
3753,37.53,25.4464
3754,37.54,25.7465
3755,37.55,25.9331
3756,37.56,26.0062
3757,37.57,25.9694
3758,37.58,25.8297
3759,37.59,25.5967
3760,37.6,25.2821
3761,37.61,24.8986
3762,37.62,24.4595
3763,37.63,23.9779
3764,37.64,23.4661
3765,37.65,22.9353
3766,37.66,22.3953
3767,37.67,21.8544
3768,37.68,21.3196
3769,37.69,20.7964
3770,37.7,20.2893
3771,37.71,19.8016
3772,37.72,19.3359
3773,37.73,18.8944
3774,37.74,18.4787
3775,37.75,18.0903
3776,37.76,17.7309
3777,37.77,17.4021
3778,37.78,17.1059
3779,37.79,16.8447
3780,37.8,16.6214
3781,37.81,16.4396
3782,37.82,16.3035
3783,37.83,16.218
3784,37.84,16.1888
3785,37.85,16.2226
3786,37.86,16.3265
3787,37.87,16.5086
3788,37.88,16.7775
3789,37.89,17.142
3790,37.9,17.6113
3791,37.91,18.1945
3792,37.92,18.9005
3793,37.93,19.7374
3794,37.94,20.7125
3795,37.95,21.8316
3796,37.96,23.099
3797,37.97,24.5162
3798,37.98,26.0818
3799,37.99,27.7903
3800,38,29.631
3801,38.01,31.5864
3802,38.02,33.6312
3803,38.03,35.7305
3804,38.04,37.8384
3805,38.05,39.8979
3806,38.06,41.8406
3807,38.07,43.5886
3808,38.08,45.0583
3809,38.09,46.1659
3810,38.1,46.8347
3811,38.11,47.004
3812,38.12,46.637
3813,38.13,45.7276
3814,38.14,44.3032
3815,38.15,42.4236
3816,38.16,40.1757
3817,38.17,37.6647
3818,38.18,35.0033
3819,38.19,32.3016
3820,38.2,29.6577
3821,38.21,27.1505
3822,38.22,24.8364
3823,38.23,22.7472
3824,38.24,20.8922
3825,38.25,19.2621
3826,38.26,17.8342
3827,38.27,16.5792
3828,38.28,15.466
3829,38.29,14.4665
3830,38.3,13.558
3831,38.31,12.7237
3832,38.32,11.9523
3833,38.33,11.2377
3834,38.34,10.5767
3835,38.35,9.96866
3836,38.36,9.41381
3837,38.37,8.91296
3838,38.38,8.4667
3839,38.39,8.07524
3840,38.4,7.73824
3841,38.41,7.45484
3842,38.42,7.22381
3843,38.43,7.04371
3844,38.44,6.91306
3845,38.45,6.83048
3846,38.46,6.79486
3847,38.47,6.8054
3848,38.48,6.8616
3849,38.49,6.96326
3850,38.5,7.11036
3851,38.51,7.30299
3852,38.52,7.54125
3853,38.53,7.82513
3854,38.54,8.15444
3855,38.55,8.52869
3856,38.56,8.94706
3857,38.57,9.4083
3858,38.58,9.91067
3859,38.59,10.4519
3860,38.6,11.0289
3861,38.61,11.638
3862,38.62,12.2746
3863,38.63,12.9332
3864,38.64,13.6073
3865,38.65,14.2894
3866,38.66,14.9709
3867,38.67,15.6423
3868,38.68,16.2931
3869,38.69,16.9124
3870,38.7,17.4888
3871,38.71,18.011
3872,38.72,18.4683
3873,38.73,18.851
3874,38.74,19.1509
3875,38.75,19.3619
3876,38.76,19.4804
3877,38.77,19.5057
3878,38.78,19.4405
3879,38.79,19.2906
3880,38.8,19.0653
3881,38.81,18.7769
3882,38.82,18.4409
3883,38.83,18.0753
3884,38.84,17.6999
3885,38.85,17.3359
3886,38.86,17.0043
3887,38.87,16.7244
3888,38.88,16.5121
3889,38.89,16.3781
3890,38.9,16.3257
3891,38.91,16.3504
3892,38.92,16.4393
3893,38.93,16.5732
3894,38.94,16.728
3895,38.95,16.878
3896,38.96,16.9984
3897,38.97,17.0677
3898,38.98,17.0695
3899,38.99,16.9938
3900,39,16.8368
3901,39.01,16.6008
3902,39.02,16.2932
3903,39.03,15.9253
3904,39.04,15.5107
3905,39.05,15.0645
3906,39.06,14.6016
3907,39.07,14.1361
3908,39.08,13.6808
3909,39.09,13.2465
3910,39.1,12.8425
3911,39.11,12.4758
3912,39.12,12.1521
3913,39.13,11.8759
3914,39.14,11.6506
3915,39.15,11.4791
3916,39.16,11.3639
3917,39.17,11.3073
3918,39.18,11.3116
3919,39.19,11.3793
3920,39.2,11.5124
3921,39.21,11.7132
3922,39.22,11.9832
3923,39.23,12.3235
3924,39.24,12.7347
3925,39.25,13.2161
3926,39.26,13.7664
3927,39.27,14.3827
3928,39.28,15.0612
3929,39.29,15.7965
3930,39.3,16.5819
3931,39.31,17.4092
3932,39.32,18.2686
3933,39.33,19.1488
3934,39.34,20.0371
3935,39.35,20.9197
3936,39.36,21.7816
3937,39.37,22.6074
3938,39.38,23.3817
3939,39.39,24.0895
3940,39.4,24.7172
3941,39.41,25.2528
3942,39.42,25.6871
3943,39.43,26.0135
3944,39.44,26.2288
3945,39.45,26.3332
3946,39.46,26.3299
3947,39.47,26.2251
3948,39.48,26.0274
3949,39.49,25.747
3950,39.5,25.3954
3951,39.51,24.9842
3952,39.52,24.5252
3953,39.53,24.0295
3954,39.54,23.5071
3955,39.55,22.9669
3956,39.56,22.4165
3957,39.57,21.862
3958,39.58,21.3083
3959,39.59,20.7594
3960,39.6,20.2182
3961,39.61,19.6867
3962,39.62,19.1666
3963,39.63,18.6594
3964,39.64,18.1664
3965,39.65,17.6893
3966,39.66,17.2303
3967,39.67,16.7923
3968,39.68,16.3798
3969,39.69,15.9983
3970,39.7,15.6556
3971,39.71,15.3615
3972,39.72,15.1285
3973,39.73,14.9715
3974,39.74,14.9073
3975,39.75,14.954
3976,39.76,15.1295
3977,39.77,15.4489
3978,39.78,15.9225
3979,39.79,16.5535
3980,39.8,17.3359
3981,39.81,18.2538
3982,39.82,19.2811
3983,39.83,20.3825
3984,39.84,21.5148
3985,39.85,22.6293
3986,39.86,23.6753
3987,39.87,24.6034
3988,39.88,25.3705
3989,39.89,25.9436
3990,39.9,26.3033
3991,39.91,26.4465
3992,39.92,26.3859
3993,39.93,26.1487
3994,39.94,25.7733
3995,39.95,25.3046
3996,39.96,24.7892
3997,39.97,24.2715
3998,39.98,23.7893
3999,39.99,23.3719
4000,40,23.0384
4001,40.01,22.7979
4002,40.02,22.65
4003,40.03,22.5865
4004,40.04,22.5931
4005,40.05,22.6517
4006,40.06,22.7418
4007,40.07,22.8425
4008,40.08,22.9333
4009,40.09,22.9958
4010,40.1,23.014
4011,40.11,22.9755
4012,40.12,22.8716
4013,40.13,22.6975
4014,40.14,22.4523
4015,40.15,22.1391
4016,40.16,21.7638
4017,40.17,21.3352
4018,40.18,20.8639
4019,40.19,20.3617
4020,40.2,19.8408
4021,40.21,19.3138
4022,40.22,18.7924
4023,40.23,18.2881
4024,40.24,17.8112
4025,40.25,17.3712
4026,40.26,16.9766
4027,40.27,16.6349
4028,40.28,16.3531
4029,40.29,16.1372
4030,40.3,15.9926
4031,40.31,15.9241
4032,40.32,15.9357
4033,40.33,16.0307
4034,40.34,16.2115
4035,40.35,16.4796
4036,40.36,16.8354
4037,40.37,17.2781
4038,40.38,17.8058
4039,40.39,18.4149
4040,40.4,19.1007
4041,40.41,19.8566
4042,40.42,20.6745
4043,40.43,21.5447
4044,40.44,22.4553
4045,40.45,23.3932
4046,40.46,24.3431
4047,40.47,25.2884
4048,40.48,26.2115
4049,40.49,27.0939
4050,40.5,27.9171
4051,40.51,28.6631
4052,40.52,29.3157
4053,40.53,29.8606
4054,40.54,30.2868
4055,40.55,30.587
4056,40.56,30.7582
4057,40.57,30.8016
4058,40.58,30.7229
4059,40.59,30.5316
4060,40.6,30.241
4061,40.61,29.8672
4062,40.62,29.4283
4063,40.63,28.9439
4064,40.64,28.4344
4065,40.65,27.9202
4066,40.66,27.421
4067,40.67,26.9555
4068,40.68,26.5403
4069,40.69,26.1895
4070,40.7,25.914
4071,40.71,25.7204
4072,40.72,25.6104
4073,40.73,25.5806
4074,40.74,25.6219
4075,40.75,25.72
4076,40.76,25.8559
4077,40.77,26.0075
4078,40.78,26.1507
4079,40.79,26.2613
4080,40.8,26.3169
4081,40.81,26.2986
4082,40.82,26.1918
4083,40.83,25.9877
4084,40.84,25.6832
4085,40.85,25.2808
4086,40.86,24.7882
4087,40.87,24.217
4088,40.88,23.5817
4089,40.89,22.8987
4090,40.9,22.185
4091,40.91,21.4572
4092,40.92,20.7312
4093,40.93,20.0214
4094,40.94,19.3408
4095,40.95,18.7007
4096,40.96,18.1108
4097,40.97,17.5799
4098,40.98,17.1156
4099,40.99,16.7246
4100,41,16.4132
4101,41.01,16.1871
4102,41.02,16.0517
4103,41.03,16.0115
4104,41.04,16.0706
4105,41.05,16.2319
4106,41.06,16.4971
4107,41.07,16.8661
4108,41.08,17.3375
4109,41.09,17.9073
4110,41.1,18.5698
4111,41.11,19.3168
4112,41.12,20.1379
4113,41.13,21.0202
4114,41.14,21.9485
4115,41.15,22.9055
4116,41.16,23.8716
4117,41.17,24.8259
4118,41.18,25.7463
4119,41.19,26.6105
4120,41.2,27.3967
4121,41.21,28.0848
4122,41.22,28.6576
4123,41.23,29.1013
4124,41.24,29.4071
4125,41.25,29.5707
4126,41.26,29.5934
4127,41.27,29.4813
4128,41.28,29.2451
4129,41.29,28.8989
4130,41.3,28.4597
4131,41.31,27.9461
4132,41.32,27.3776
4133,41.33,26.7736
4134,41.34,26.153
4135,41.35,25.5339
4136,41.36,24.9332
4137,41.37,24.3668
4138,41.38,23.8499
4139,41.39,23.3966
4140,41.4,23.0204
4141,41.41,22.7341
4142,41.42,22.5496
4143,41.43,22.4774
4144,41.44,22.5263
4145,41.45,22.702
4146,41.46,23.0067
4147,41.47,23.4381
4148,41.48,23.9882
4149,41.49,24.6433
4150,41.5,25.3834
4151,41.51,26.1828
4152,41.52,27.0104
4153,41.53,27.8314
4154,41.54,28.6083
4155,41.55,29.3039
4156,41.56,29.8827
4157,41.57,30.314
4158,41.58,30.574
4159,41.59,30.6475
4160,41.6,30.5291
4161,41.61,30.2228
4162,41.62,29.7417
4163,41.63,29.1061
4164,41.64,28.3412
4165,41.65,27.4756
4166,41.66,26.5384
4167,41.67,25.5579
4168,41.68,24.5601
4169,41.69,23.5682
4170,41.7,22.6019
4171,41.71,21.6779
4172,41.72,20.8101
4173,41.73,20.0101
4174,41.74,19.2879
4175,41.75,18.6525
4176,41.76,18.1124
4177,41.77,17.6758
4178,41.78,17.3508
4179,41.79,17.1449
4180,41.8,17.0649
4181,41.81,17.1158
4182,41.82,17.3
4183,41.83,17.6166
4184,41.84,18.0608
4185,41.85,18.623
4186,41.86,19.2895
4187,41.87,20.0419
4188,41.88,20.858
4189,41.89,21.712
4190,41.9,22.5761
4191,41.91,23.4205
4192,41.92,24.2155
4193,41.93,24.9326
4194,41.94,25.5462
4195,41.95,26.0348
4196,41.96,26.3828
4197,41.97,26.5808
4198,41.98,26.6264
4199,41.99,26.524
4200,42,26.284
4201,42.01,25.9214
4202,42.02,25.4548
4203,42.03,24.9046
4204,42.04,24.2915
4205,42.05,23.6355
4206,42.06,22.9548
4207,42.07,22.2653
4208,42.08,21.5802
4209,42.09,20.9102
4210,42.1,20.2634
4211,42.11,19.646
4212,42.12,19.0626
4213,42.13,18.5165
4214,42.14,18.0106
4215,42.15,17.5477
4216,42.16,17.1307
4217,42.17,16.7637
4218,42.18,16.4515
4219,42.19,16.2003
4220,42.2,16.0181
4221,42.21,15.914
4222,42.22,15.8985
4223,42.23,15.9831
4224,42.24,16.1794
4225,42.25,16.498
4226,42.26,16.9481
4227,42.27,17.5355
4228,42.28,18.2623
4229,42.29,19.1255
4230,42.3,20.1164
4231,42.31,21.2203
4232,42.32,22.4159
4233,42.33,23.6757
4234,42.34,24.9663
4235,42.35,26.2488
4236,42.36,27.4812
4237,42.37,28.6194
4238,42.38,29.621
4239,42.39,30.4477
4240,42.4,31.0688
4241,42.41,31.4639
4242,42.42,31.6246
4243,42.43,31.5552
4244,42.44,31.2718
4245,42.45,30.8003
4246,42.46,30.1738
4247,42.47,29.4288
4248,42.48,28.6029
4249,42.49,27.7319
4250,42.5,26.8476
4251,42.51,25.9774
4252,42.52,25.1432
4253,42.53,24.3621
4254,42.54,23.6468
4255,42.55,23.0067
4256,42.56,22.4485
4257,42.57,21.9774
4258,42.58,21.598
4259,42.59,21.3151
4260,42.6,21.1339
4261,42.61,21.0602
4262,42.62,21.1008
4263,42.63,21.2624
4264,42.64,21.5517
4265,42.65,21.9737
4266,42.66,22.5315
4267,42.67,23.2244
4268,42.68,24.0471
4269,42.69,24.9889
4270,42.7,26.0324
4271,42.71,27.1532
4272,42.72,28.3201
4273,42.73,29.4954
4274,42.74,30.6361
4275,42.75,31.6959
4276,42.76,32.6279
4277,42.77,33.3879
4278,42.78,33.9378
4279,42.79,34.2492
4280,42.8,34.3055
4281,42.81,34.1039
4282,42.82,33.6546
4283,42.83,32.9798
4284,42.84,32.111
4285,42.85,31.0856
4286,42.86,29.9437
4287,42.87,28.7253
4288,42.88,27.468
4289,42.89,26.2052
4290,42.9,24.9661
4291,42.91,23.7751
4292,42.92,22.6528
4293,42.93,21.6161
4294,42.94,20.6797
4295,42.95,19.8568
4296,42.96,19.159
4297,42.97,18.5972
4298,42.98,18.1807
4299,42.99,17.9166
4300,43,17.8086
4301,43.01,17.8556
4302,43.02,18.0509
4303,43.03,18.3813
4304,43.04,18.8275
4305,43.05,19.3647
4306,43.06,19.9637
4307,43.07,20.5927
4308,43.08,21.2187
4309,43.09,21.8096
4310,43.1,22.3356
4311,43.11,22.771
4312,43.12,23.0957
4313,43.13,23.2961
4314,43.14,23.3655
4315,43.15,23.3042
4316,43.16,23.1191
4317,43.17,22.8223
4318,43.18,22.4299
4319,43.19,21.9606
4320,43.2,21.4342
4321,43.21,20.8706
4322,43.22,20.2883
4323,43.23,19.7044
4324,43.24,19.1338
4325,43.25,18.5894
4326,43.26,18.0823
4327,43.27,17.622
4328,43.28,17.2168
4329,43.29,16.8745
4330,43.3,16.6024
4331,43.31,16.4078
4332,43.32,16.2979
4333,43.33,16.2796
4334,43.34,16.3594
4335,43.35,16.5425
4336,43.36,16.8322
4337,43.37,17.2293
4338,43.38,17.7315
4339,43.39,18.3326
4340,43.4,19.0223
4341,43.41,19.7864
4342,43.42,20.6064
4343,43.43,21.4605
4344,43.44,22.3239
4345,43.45,23.1697
4346,43.46,23.9704
4347,43.47,24.6989
4348,43.48,25.3304
4349,43.49,25.8435
4350,43.5,26.2219
4351,43.51,26.455
4352,43.52,26.5392
4353,43.53,26.4769
4354,43.54,26.2768
4355,43.55,25.9523
4356,43.56,25.5205
4357,43.57,25.0008
4358,43.58,24.4132
4359,43.59,23.7773
4360,43.6,23.1112
4361,43.61,22.4309
4362,43.62,21.7499
4363,43.63,21.0792
4364,43.64,20.4273
4365,43.65,19.8005
4366,43.66,19.2034
4367,43.67,18.6396
4368,43.68,18.1113
4369,43.69,17.621
4370,43.7,17.1708
4371,43.71,16.7637
4372,43.72,16.4033
4373,43.73,16.0945
4374,43.74,15.8436
4375,43.75,15.6585
4376,43.76,15.5485
4377,43.77,15.5246
4378,43.78,15.5985
4379,43.79,15.7823
4380,43.8,16.0875
4381,43.81,16.524
4382,43.82,17.0987
4383,43.83,17.8148
4384,43.84,18.6704
4385,43.85,19.6581
4386,43.86,20.7643
4387,43.87,21.969
4388,43.88,23.2457
4389,43.89,24.5615
4390,43.9,25.8782
4391,43.91,27.1532
4392,43.92,28.342
4393,43.93,29.4005
4394,43.94,30.2884
4395,43.95,30.9724
4396,43.96,31.4296
4397,43.97,31.649
4398,43.98,31.6329
4399,43.99,31.396
4400,44,30.9639
4401,44.01,30.37
4402,44.02,29.6523
4403,44.03,28.8499
4404,44.04,28.0009
4405,44.05,27.1394
4406,44.06,26.2952
4407,44.07,25.4925
4408,44.08,24.7507
4409,44.09,24.0843
4410,44.1,23.5045
4411,44.11,23.0199
4412,44.12,22.6371
4413,44.13,22.3621
4414,44.14,22.2003
4415,44.15,22.1572
4416,44.16,22.2377
4417,44.17,22.4464
4418,44.18,22.7861
4419,44.19,23.2573
4420,44.2,23.8568
4421,44.21,24.5769
4422,44.22,25.4042
4423,44.23,26.3191
4424,44.24,27.2952
4425,44.25,28.3001
4426,44.26,29.2956
4427,44.27,30.2401
4428,44.28,31.0901
4429,44.29,31.8036
4430,44.3,32.3429
4431,44.31,32.6782
4432,44.32,32.7895
4433,44.33,32.6687
4434,44.34,32.3202
4435,44.35,31.7593
4436,44.36,31.0109
4437,44.37,30.1065
4438,44.38,29.0815
4439,44.39,27.9721
4440,44.4,26.8131
4441,44.41,25.6365
4442,44.42,24.4703
4443,44.43,23.3383
4444,44.44,22.2602
4445,44.45,21.2524
4446,44.46,20.3285
4447,44.47,19.5004
4448,44.48,18.7785
4449,44.49,18.1725
4450,44.5,17.6916
4451,44.51,17.3438
4452,44.52,17.1358
4453,44.53,17.0717
4454,44.54,17.152
4455,44.55,17.3727
4456,44.56,17.7249
4457,44.57,18.194
4458,44.58,18.7608
4459,44.59,19.4014
4460,44.6,20.0888
4461,44.61,20.7939
4462,44.62,21.4865
4463,44.63,22.1375
4464,44.64,22.7192
4465,44.65,23.208
4466,44.66,23.5848
4467,44.67,23.8363
4468,44.68,23.9556
4469,44.69,23.9422
4470,44.7,23.8017
4471,44.71,23.5449
4472,44.72,23.1867
4473,44.73,22.7445
4474,44.74,22.2373
4475,44.75,21.6843
4476,44.76,21.1036
4477,44.77,20.512
4478,44.78,19.9247
4479,44.79,19.3546
4480,44.8,18.813
4481,44.81,18.3096
4482,44.82,17.8531
4483,44.83,17.4515
4484,44.84,17.1125
4485,44.85,16.8441
4486,44.86,16.6544
4487,44.87,16.5516
4488,44.88,16.5442
4489,44.89,16.6396
4490,44.9,16.8442
4491,44.91,17.1622
4492,44.92,17.5944
4493,44.93,18.1379
4494,44.94,18.7852
4495,44.95,19.5242
4496,44.96,20.3375
4497,44.97,21.2036
4498,44.98,22.0968
4499,44.99,22.9885
4500,45,23.8482
4501,45.01,24.6452
4502,45.02,25.3502
4503,45.03,25.9373
4504,45.04,26.3857
4505,45.05,26.6809
4506,45.06,26.816
4507,45.07,26.7913
4508,45.08,26.6148
4509,45.09,26.3003
4510,45.1,25.8664
4511,45.11,25.3347
4512,45.12,24.7282
4513,45.13,24.0695
4514,45.14,23.3799
4515,45.15,22.6783
4516,45.16,21.9808
4517,45.17,21.3008
4518,45.18,20.6489
4519,45.19,20.0334
4520,45.2,19.4609
4521,45.21,18.9367
4522,45.22,18.4655
4523,45.23,18.0519
4524,45.24,17.7011
4525,45.25,17.4188
4526,45.26,17.2123
4527,45.27,17.0894
4528,45.28,17.0594
4529,45.29,17.132
4530,45.3,17.3168
4531,45.31,17.6228
4532,45.32,18.0566
4533,45.33,18.6224
4534,45.34,19.3201
4535,45.35,20.1447
4536,45.36,21.0859
4537,45.37,22.1273
4538,45.38,23.2466
4539,45.39,24.4156
4540,45.4,25.6008
4541,45.41,26.7646
4542,45.42,27.8667
4543,45.43,28.8668
4544,45.44,29.7264
4545,45.45,30.4124
4546,45.46,30.8992
4547,45.47,31.1713
4548,45.48,31.2238
4549,45.49,31.0634
4550,45.5,30.7063
4551,45.51,30.1773
4552,45.52,29.506
4553,45.53,28.7252
4554,45.54,27.8675
4555,45.55,26.9635
4556,45.56,26.0401
4557,45.57,25.1198
4558,45.58,24.2202
4559,45.59,23.3544
4560,45.6,22.5312
4561,45.61,21.7557
4562,45.62,21.0303
4563,45.63,20.3553
4564,45.64,19.7299
4565,45.65,19.152
4566,45.66,18.6198
4567,45.67,18.1312
4568,45.68,17.6848
4569,45.69,17.2799
4570,45.7,16.9166
4571,45.71,16.596
4572,45.72,16.3205
4573,45.73,16.0937
4574,45.74,15.9203
4575,45.75,15.8067
4576,45.76,15.7605
4577,45.77,15.7905
4578,45.78,15.9068
4579,45.79,16.1205
4580,45.8,16.443
4581,45.81,16.8861
4582,45.82,17.461
4583,45.83,18.1779
4584,45.84,19.0456
4585,45.85,20.0705
4586,45.86,21.2562
4587,45.87,22.6027
4588,45.88,24.1056
4589,45.89,25.755
4590,45.9,27.5346
4591,45.91,29.4202
4592,45.92,31.379
4593,45.93,33.3684
4594,45.94,35.3361
4595,45.95,37.2206
4596,45.96,38.9539
4597,45.97,40.4648
4598,45.98,41.6841
4599,45.99,42.551
4600,46,43.0192
4601,46.01,43.0621
4602,46.02,42.676
4603,46.03,41.8809
4604,46.04,40.7181
4605,46.05,39.2453
4606,46.06,37.5316
4607,46.07,35.651
4608,46.08,33.6779
4609,46.09,31.6832
4610,46.1,29.7319
4611,46.11,27.8821
4612,46.12,26.1837
4613,46.13,24.6773
4614,46.14,23.3924
4615,46.15,22.3448
4616,46.16,21.5343
4617,46.17,20.9434
4618,46.18,20.539
4619,46.19,20.2762
4620,46.2,20.1043
4621,46.21,19.9734
4622,46.22,19.8395
4623,46.23,19.6682
4624,46.24,19.4363
4625,46.25,19.1322
4626,46.26,18.7541
4627,46.27,18.3087
4628,46.28,17.8086
4629,46.29,17.2699
4630,46.3,16.7106
4631,46.31,16.1484
4632,46.32,15.5997
4633,46.33,15.079
4634,46.34,14.5982
4635,46.35,14.1668
4636,46.36,13.7918
4637,46.37,13.4785
4638,46.38,13.2303
4639,46.39,13.0499
4640,46.4,12.9391
4641,46.41,12.8991
4642,46.42,12.9312
4643,46.43,13.0363
4644,46.44,13.2154
4645,46.45,13.4689
4646,46.46,13.797
4647,46.47,14.199
4648,46.48,14.6736
4649,46.49,15.2184
4650,46.5,15.8297
4651,46.51,16.5026
4652,46.52,17.2306
4653,46.53,18.0058
4654,46.54,18.8187
4655,46.55,19.6584
4656,46.56,20.5125
4657,46.57,21.3674
4658,46.58,22.2085
4659,46.59,23.0205
4660,46.6,23.7884
4661,46.61,24.4972
4662,46.62,25.1333
4663,46.63,25.6847
4664,46.64,26.1418
4665,46.65,26.4975
4666,46.66,26.7482
4667,46.67,26.8933
4668,46.68,26.9352
4669,46.69,26.8796
4670,46.7,26.7343
4671,46.71,26.5094
4672,46.72,26.2162
4673,46.73,25.8666
4674,46.74,25.4731
4675,46.75,25.0477
4676,46.76,24.6022
4677,46.77,24.1472
4678,46.78,23.6928
4679,46.79,23.2481
4680,46.8,22.8215
4681,46.81,22.4207
4682,46.82,22.053
4683,46.83,21.7256
4684,46.84,21.4457
4685,46.85,21.2208
4686,46.86,21.0585
4687,46.87,20.9675
4688,46.88,20.9564
4689,46.89,21.0349
4690,46.9,21.2125
4691,46.91,21.4991
4692,46.92,21.9036
4693,46.93,22.4342
4694,46.94,23.0972
4695,46.95,23.8961
4696,46.96,24.8309
4697,46.97,25.8973
4698,46.98,27.0853
4699,46.99,28.3789
4700,47,29.7548
4701,47.01,31.1822
4702,47.02,32.6223
4703,47.03,34.0291
4704,47.04,35.3508
4705,47.05,36.5318
4706,47.06,37.5162
4707,47.07,38.2523
4708,47.08,38.697
4709,47.09,38.82
4710,47.1,38.607
4711,47.11,38.0619
4712,47.12,37.2055
4713,47.13,36.0742
4714,47.14,34.7156
4715,47.15,33.1844
4716,47.16,31.5385
4717,47.17,29.8345
4718,47.18,28.1261
4719,47.19,26.4613
4720,47.2,24.8822
4721,47.21,23.4243
4722,47.22,22.1159
4723,47.23,20.9779
4724,47.24,20.0228
4725,47.25,19.2539
4726,47.26,18.665
4727,47.27,18.2402
4728,47.28,17.9558
4729,47.29,17.7823
4730,47.3,17.6875
4731,47.31,17.6395
4732,47.32,17.6089
4733,47.33,17.5708
4734,47.34,17.5057
4735,47.35,17.4
4736,47.36,17.2454
4737,47.37,17.0388
4738,47.38,16.7811
4739,47.39,16.4766
4740,47.4,16.1318
4741,47.41,15.7546
4742,47.42,15.3536
4743,47.43,14.9372
4744,47.44,14.5137
4745,47.45,14.0904
4746,47.46,13.6739
4747,47.47,13.2701
4748,47.48,12.8839
4749,47.49,12.5198
4750,47.5,12.1821
4751,47.51,11.8748
4752,47.52,11.6022
4753,47.53,11.3691
4754,47.54,11.1806
4755,47.55,11.0424
4756,47.56,10.9607
4757,47.57,10.9421
4758,47.58,10.9928
4759,47.59,11.1187
4760,47.6,11.3244
4761,47.61,11.6128
4762,47.62,11.9848
4763,47.63,12.4387
4764,47.64,12.9699
4765,47.65,13.5713
4766,47.66,14.2331
4767,47.67,14.9427
4768,47.68,15.6855
4769,47.69,16.4447
4770,47.7,17.202
4771,47.71,17.9381
4772,47.72,18.6333
4773,47.73,19.2684
4774,47.74,19.8258
4775,47.75,20.2899
4776,47.76,20.6488
4777,47.77,20.8945
4778,47.78,21.0236
4779,47.79,21.0374
4780,47.8,20.9423
4781,47.81,20.7486
4782,47.82,20.4709
4783,47.83,20.1262
4784,47.84,19.734
4785,47.85,19.3148
4786,47.86,18.8899
4787,47.87,18.48
4788,47.88,18.1048
4789,47.89,17.7824
4790,47.9,17.5283
4791,47.91,17.3543
4792,47.92,17.268
4793,47.93,17.2718
4794,47.94,17.3625
4795,47.95,17.5311
4796,47.96,17.7632
4797,47.97,18.0405
4798,47.98,18.3412
4799,47.99,18.6426
4800,48,18.922
4801,48.01,19.1585
4802,48.02,19.3345
4803,48.03,19.4364
4804,48.04,19.4554
4805,48.05,19.3877
4806,48.06,19.2342
4807,48.07,18.9998
4808,48.08,18.693
4809,48.09,18.3243
4810,48.1,17.9059
4811,48.11,17.4503
4812,48.12,16.9697
4813,48.13,16.4755
4814,48.14,15.9777
4815,48.15,15.4849
4816,48.16,15.0042
4817,48.17,14.5413
4818,48.18,14.1005
4819,48.19,13.6855
4820,48.2,13.2993
4821,48.21,12.9445
4822,48.22,12.6239
4823,48.23,12.3405
4824,48.24,12.098
4825,48.25,11.9007
4826,48.26,11.754
4827,48.27,11.664
4828,48.28,11.6375
4829,48.29,11.6819
4830,48.3,11.8044
4831,48.31,12.0122
4832,48.32,12.3111
4833,48.33,12.7053
4834,48.34,13.197
4835,48.35,13.7857
4836,48.36,14.4683
4837,48.37,15.2382
4838,48.38,16.0862
4839,48.39,16.9994
4840,48.4,17.9621
4841,48.41,18.9553
4842,48.42,19.9574
4843,48.43,20.9445
4844,48.44,21.8912
4845,48.45,22.7716
4846,48.46,23.5608
4847,48.47,24.236
4848,48.48,24.7785
4849,48.49,25.1745
4850,48.5,25.4166
4851,48.51,25.5043
4852,48.52,25.4438
4853,48.53,25.2475
4854,48.54,24.9334
4855,48.55,24.5231
4856,48.56,24.0413
4857,48.57,23.5137
4858,48.58,22.9659
4859,48.59,22.423
4860,48.6,21.9085
4861,48.61,21.4437
4862,48.62,21.0477
4863,48.63,20.7369
4864,48.64,20.5242
4865,48.65,20.4187
4866,48.66,20.4246
4867,48.67,20.5407
4868,48.68,20.7598
4869,48.69,21.0683
4870,48.7,21.4465
4871,48.71,21.8698
4872,48.72,22.3095
4873,48.73,22.7354
4874,48.74,23.1171
4875,48.75,23.427
4876,48.76,23.6416
4877,48.77,23.7436
4878,48.78,23.7224
4879,48.79,23.5752
4880,48.8,23.3059
4881,48.81,22.9246
4882,48.82,22.4461
4883,48.83,21.8881
4884,48.84,21.27
4885,48.85,20.6108
4886,48.86,19.9286
4887,48.87,19.2393
4888,48.88,18.5562
4889,48.89,17.8898
4890,48.9,17.2481
4891,48.91,16.6363
4892,48.92,16.0576
4893,48.93,15.5136
4894,48.94,15.0045
4895,48.95,14.5295
4896,48.96,14.0875
4897,48.97,13.6773
4898,48.98,13.2974
4899,48.99,12.947
4900,49,12.6255
4901,49.01,12.3332
4902,49.02,12.0709
4903,49.03,11.8404
4904,49.04,11.6444
4905,49.05,11.4866
4906,49.06,11.3718
4907,49.07,11.3059
4908,49.08,11.2958
4909,49.09,11.3494
4910,49.1,11.4752
4911,49.11,11.6824
4912,49.12,11.9801
4913,49.13,12.3773
4914,49.14,12.8821
4915,49.15,13.5016
4916,49.16,14.2414
4917,49.17,15.1054
4918,49.18,16.0953
4919,49.19,17.2104
4920,49.2,18.4471
4921,49.21,19.7984
4922,49.22,21.2532
4923,49.23,22.7958
4924,49.24,24.405
4925,49.25,26.0537
4926,49.26,27.709
4927,49.27,29.3322
4928,49.28,30.8804
4929,49.29,32.3079
4930,49.3,33.5695
4931,49.31,34.6235
4932,49.32,35.4353
4933,49.33,35.9808
4934,49.34,36.2487
4935,49.35,36.2418
4936,49.36,35.976
4937,49.37,35.4788
4938,49.38,34.7861
4939,49.39,33.9386
4940,49.4,32.9783
4941,49.41,31.9454
4942,49.42,30.8757
4943,49.43,29.7997
4944,49.44,28.7416
4945,49.45,27.7194
4946,49.46,26.7453
4947,49.47,25.8269
4948,49.48,24.9679
4949,49.49,24.1691
4950,49.5,23.4295
4951,49.51,22.747
4952,49.52,22.1188
4953,49.53,21.5424
4954,49.54,21.0157
4955,49.55,20.5371
4956,49.56,20.1064
4957,49.57,19.7242
4958,49.58,19.3925
4959,49.59,19.1145
4960,49.6,18.8952
4961,49.61,18.7407
4962,49.62,18.6588
4963,49.63,18.659
4964,49.64,18.7519
4965,49.65,18.9495
4966,49.66,19.2646
4967,49.67,19.7103
4968,49.68,20.2997
4969,49.69,21.0447
4970,49.7,21.956
4971,49.71,23.0414
4972,49.72,24.3053
4973,49.73,25.7478
4974,49.74,27.3629
4975,49.75,29.1379
4976,49.76,31.0512
4977,49.77,33.071
4978,49.78,35.1541
4979,49.79,37.2443
4980,49.8,39.2731
4981,49.81,41.1612
4982,49.82,42.8218
4983,49.83,44.1668
4984,49.84,45.1142
4985,49.85,45.597
4986,49.86,45.5719
4987,49.87,45.0245
4988,49.88,43.9727
4989,49.89,42.4646
4990,49.9,40.5732
4991,49.91,38.3886
4992,49.92,36.009
4993,49.93,33.5335
4994,49.94,31.0552
4995,49.95,28.6574
4996,49.96,26.4108
4997,49.97,24.3711
4998,49.98,22.5776
4999,49.99,21.0512
5000,50,19.7932
5001,50.01,18.7856
5002,50.02,17.9941
5003,50.03,17.3734
5004,50.04,16.8745
5005,50.05,16.4508
5006,50.06,16.0633
5007,50.07,15.6833
5008,50.08,15.292
5009,50.09,14.8806
5010,50.1,14.4477
5011,50.11,13.9977
5012,50.12,13.5388
5013,50.13,13.0809
5014,50.14,12.6348
5015,50.15,12.2108
5016,50.16,11.8183
5017,50.17,11.4652
5018,50.18,11.158
5019,50.19,10.9017
5020,50.2,10.7001
5021,50.21,10.5559
5022,50.22,10.4707
5023,50.23,10.4458
5024,50.24,10.4817
5025,50.25,10.5784
5026,50.26,10.7356
5027,50.27,10.9525
5028,50.28,11.2278
5029,50.29,11.5597
5030,50.3,11.9457
5031,50.31,12.3828
5032,50.32,12.8671
5033,50.33,13.3942
5034,50.34,13.9586
5035,50.35,14.5545
5036,50.36,15.1748
5037,50.37,15.812
5038,50.38,16.4579
5039,50.39,17.1037
5040,50.4,17.74
5041,50.41,18.3574
5042,50.42,18.9465
5043,50.43,19.4977
5044,50.44,20.0025
5045,50.45,20.4528
5046,50.46,20.8417
5047,50.47,21.1637
5048,50.48,21.4145
5049,50.49,21.5919
5050,50.5,21.695
5051,50.51,21.7246
5052,50.52,21.6832
5053,50.53,21.5743
5054,50.54,21.4028
5055,50.55,21.1742
5056,50.56,20.8948
5057,50.57,20.571
5058,50.58,20.2096
5059,50.59,19.8175
5060,50.6,19.4015
5061,50.61,18.9686
5062,50.62,18.5259
5063,50.63,18.0809
5064,50.64,17.6421
5065,50.65,17.2187
5066,50.66,16.8212
5067,50.67,16.4619
5068,50.68,16.1546
5069,50.69,15.9145
5070,50.7,15.7575
5071,50.71,15.6991
5072,50.72,15.7523
5073,50.73,15.9259
5074,50.74,16.2218
5075,50.75,16.6338
5076,50.76,17.1468
5077,50.77,17.7369
5078,50.78,18.3734
5079,50.79,19.0208
5080,50.8,19.6414
5081,50.81,20.199
5082,50.82,20.6614
5083,50.83,21.0033
5084,50.84,21.2083
5085,50.85,21.27
5086,50.86,21.192
5087,50.87,20.9872
5088,50.88,20.6759
5089,50.89,20.2837
5090,50.9,19.839
5091,50.91,19.371
5092,50.92,18.9069
5093,50.93,18.4715
5094,50.94,18.085
5095,50.95,17.7634
5096,50.96,17.5179
5097,50.97,17.355
5098,50.98,17.2773
5099,50.99,17.2835
5100,51,17.3697
5101,51.01,17.5291
5102,51.02,17.7534
5103,51.03,18.0325
5104,51.04,18.3553
5105,51.05,18.7097
5106,51.06,19.0835
5107,51.07,19.4638
5108,51.08,19.8385
5109,51.09,20.1958
5110,51.1,20.5248
5111,51.11,20.8163
5112,51.12,21.0623
5113,51.13,21.2571
5114,51.14,21.3969
5115,51.15,21.4801
5116,51.16,21.507
5117,51.17,21.48
5118,51.18,21.4032
5119,51.19,21.2818
5120,51.2,21.1224
5121,51.21,20.9323
5122,51.22,20.7189
5123,51.23,20.4902
5124,51.24,20.2539
5125,51.25,20.0178
5126,51.26,19.789
5127,51.27,19.5747
5128,51.28,19.3816
5129,51.29,19.2162
5130,51.3,19.0847
5131,51.31,18.9933
5132,51.32,18.9481
5133,51.33,18.9551
5134,51.34,19.0204
5135,51.35,19.1501
5136,51.36,19.3502
5137,51.37,19.6265
5138,51.38,19.9846
5139,51.39,20.4296
5140,51.4,20.9657
5141,51.41,21.5962
5142,51.42,22.3228
5143,51.43,23.1456
5144,51.44,24.0623
5145,51.45,25.0678
5146,51.46,26.1541
5147,51.47,27.3091
5148,51.48,28.5168
5149,51.49,29.7566
5150,51.5,31.003
5151,51.51,32.2262
5152,51.52,33.3921
5153,51.53,34.4638
5154,51.54,35.4029
5155,51.55,36.1716
5156,51.56,36.7355
5157,51.57,37.0658
5158,51.58,37.1426
5159,51.59,36.9559
5160,51.6,36.5079
5161,51.61,35.8123
5162,51.62,34.8937
5163,51.63,33.7858
5164,51.64,32.529
5165,51.65,31.1673
5166,51.66,29.7458
5167,51.67,28.3081
5168,51.68,26.8943
5169,51.69,25.5392
5170,51.7,24.2711
5171,51.71,23.1107
5172,51.72,22.0709
5173,51.73,21.1564
5174,51.74,20.3648
5175,51.75,19.6867
5176,51.76,19.1082
5177,51.77,18.6122
5178,51.78,18.1806
5179,51.79,17.7955
5180,51.8,17.4413
5181,51.81,17.1049
5182,51.82,16.7762
5183,51.83,16.4484
5184,51.84,16.1174
5185,51.85,15.7816
5186,51.86,15.4411
5187,51.87,15.0974
5188,51.88,14.7529
5189,51.89,14.4104
5190,51.9,14.0727
5191,51.91,13.7424
5192,51.92,13.422
5193,51.93,13.1134
5194,51.94,12.818
5195,51.95,12.537
5196,51.96,12.2708
5197,51.97,12.0199
5198,51.98,11.7842
5199,51.99,11.5636
5200,52,11.3576
5201,52.01,11.166
5202,52.02,10.9882
5203,52.03,10.8237
5204,52.04,10.6722
5205,52.05,10.533
5206,52.06,10.406
5207,52.07,10.2907
5208,52.08,10.1868
5209,52.09,10.094
5210,52.1,10.012
5211,52.11,9.94044
5212,52.12,9.87902
5213,52.13,9.8273
5214,52.14,9.78475
5215,52.15,9.75074
5216,52.16,9.72448
5217,52.17,9.705
5218,52.18,9.6911
5219,52.19,9.68136
5220,52.2,9.67406
5221,52.21,9.6672
5222,52.22,9.65847
5223,52.23,9.64527
5224,52.24,9.62469
5225,52.25,9.59363
5226,52.26,9.54883
5227,52.27,9.48709
5228,52.28,9.40542
5229,52.29,9.3014
5230,52.3,9.17356
5231,52.31,9.02189
5232,52.32,8.84841
5233,52.33,8.65774
5234,52.34,8.45758
5235,52.35,8.25886
5236,52.36,8.07521
5237,52.37,7.92157
5238,52.38,7.81165
5239,52.39,7.75479
5240,52.4,7.75286
5241,52.41,7.79875
5242,52.42,7.87712
5243,52.43,7.96744
5244,52.44,8.04814
5245,52.45,8.1007
5246,52.46,8.11247
5247,52.47,8.07806
5248,52.48,7.99908
5249,52.49,7.88294
5250,52.5,7.7408
5251,52.51,7.58553
5252,52.52,7.42976
5253,52.53,7.28437
5254,52.54,7.15769
5255,52.55,7.05512
5256,52.56,6.97937
5257,52.57,6.93093
5258,52.58,6.90883
5259,52.59,6.91122
5260,52.6,6.93605
5261,52.61,6.98141
5262,52.62,7.04583
5263,52.63,7.12842
5264,52.64,7.22887
5265,52.65,7.34742
5266,52.66,7.48479
5267,52.67,7.64212
5268,52.68,7.82084
5269,52.69,8.02262
5270,52.7,8.24933
5271,52.71,8.50294
5272,52.72,8.78556
5273,52.73,9.09935
5274,52.74,9.44656
5275,52.75,9.8295
5276,52.76,10.2505
5277,52.77,10.7122
5278,52.78,11.2169
5279,52.79,11.7673
5280,52.8,12.366
5281,52.81,13.0158
5282,52.82,13.7194
5283,52.83,14.4794
5284,52.84,15.2985
5285,52.85,16.179
5286,52.86,17.1231
5287,52.87,18.1324
5288,52.88,19.2081
5289,52.89,20.3504
5290,52.9,21.5586
5291,52.91,22.8307
5292,52.92,24.1629
5293,52.93,25.5493
5294,52.94,26.9818
5295,52.95,28.4494
5296,52.96,29.9377
5297,52.97,31.4288
5298,52.98,32.9012
5299,52.99,34.3293
5300,53,35.6839
5301,53.01,36.9326
5302,53.02,38.0409
5303,53.03,38.9733
5304,53.04,39.695
5305,53.05,40.1746
5306,53.06,40.3859
5307,53.07,40.3108
5308,53.08,39.9411
5309,53.09,39.28
5310,53.1,38.343
5311,53.11,37.1566
5312,53.12,35.7572
5313,53.13,34.1879
5314,53.14,32.4949
5315,53.15,30.7243
5316,53.16,28.9187
5317,53.17,27.1149
5318,53.18,25.3424
5319,53.19,23.6233
5320,53.2,21.9731
5321,53.21,20.4016
5322,53.22,18.9144
5323,53.23,17.5143
5324,53.24,16.2023
5325,53.25,14.9788
5326,53.26,13.8434
5327,53.27,12.796
5328,53.28,11.8361
5329,53.29,10.9635
5330,53.3,10.1781
5331,53.31,9.47945
5332,53.32,8.86715
5333,53.33,8.3405
5334,53.34,7.89846
5335,53.35,7.53949
5336,53.36,7.2615
5337,53.37,7.06172
5338,53.38,6.93679
5339,53.39,6.88284
5340,53.4,6.89571
5341,53.41,6.97118
5342,53.42,7.1053
5343,53.43,7.29456
5344,53.44,7.53608
5345,53.45,7.82773
5346,53.46,8.16814
5347,53.47,8.55671
5348,53.48,8.99353
5349,53.49,9.47935
5350,53.5,10.0155
5351,53.51,10.6037
5352,53.52,11.2462
5353,53.53,11.9455
5354,53.54,12.7044
5355,53.55,13.5257
5356,53.56,14.4124
5357,53.57,15.3673
5358,53.58,16.3928
5359,53.59,17.4911
5360,53.6,18.6636
5361,53.61,19.9108
5362,53.62,21.2318
5363,53.63,22.6244
5364,53.64,24.0842
5365,53.65,25.6043
5366,53.66,27.1749
5367,53.67,28.783
5368,53.68,30.4117
5369,53.69,32.04
5370,53.7,33.6428
5371,53.71,35.1908
5372,53.72,36.6512
5373,53.73,37.9883
5374,53.74,39.1648
5375,53.75,40.1439
5376,53.76,40.8911
5377,53.77,41.3764
5378,53.78,41.5775
5379,53.79,41.4812
5380,53.8,41.0855
5381,53.81,40.4006
5382,53.82,39.4488
5383,53.83,38.2629
5384,53.84,36.8841
5385,53.85,35.3587
5386,53.86,33.7341
5387,53.87,32.055
5388,53.88,30.3599
5389,53.89,28.6792
5390,53.9,27.0341
5391,53.91,25.4374
5392,53.92,23.8954
5393,53.93,22.4097
5394,53.94,20.98
5395,53.95,19.6057
5396,53.96,18.2868
5397,53.97,17.0246
5398,53.98,15.8217
5399,53.99,14.6811
5400,54,13.6064
5401,54.01,12.6006
5402,54.02,11.6663
5403,54.03,10.8051
5404,54.04,10.0177
5405,54.05,9.30355
5406,54.06,8.66142
5407,54.07,8.08914
5408,54.08,7.58393
5409,54.09,7.14256
5410,54.1,6.7616
5411,54.11,6.43753
5412,54.12,6.16701
5413,54.13,5.94696
5414,54.14,5.77476
5415,54.15,5.64826
5416,54.16,5.56586
5417,54.17,5.52655
5418,54.18,5.52983
5419,54.19,5.57568
5420,54.2,5.66453
5421,54.21,5.79712
5422,54.22,5.97452
5423,54.23,6.19803
5424,54.24,6.46911
5425,54.25,6.78944
5426,54.26,7.16083
5427,54.27,7.58523
5428,54.28,8.0647
5429,54.29,8.6014
5430,54.3,9.19756
5431,54.31,9.85534
5432,54.32,10.5768
5433,54.33,11.3638
5434,54.34,12.2178
5435,54.35,13.1394
5436,54.36,14.1287
5437,54.37,15.1843
5438,54.38,16.3035
5439,54.39,17.4815
5440,54.4,18.7115
5441,54.41,19.9837
5442,54.42,21.2857
5443,54.43,22.6016
5444,54.44,23.9124
5445,54.45,25.1962
5446,54.46,26.4287
5447,54.47,27.5836
5448,54.48,28.6348
5449,54.49,29.557
5450,54.5,30.3276
5451,54.51,30.9289
5452,54.52,31.3488
5453,54.53,31.5823
5454,54.54,31.6319
5455,54.55,31.5071
5456,54.56,31.2241
5457,54.57,30.804
5458,54.58,30.2716
5459,54.59,29.6539
5460,54.6,28.9783
5461,54.61,28.2715
5462,54.62,27.5591
5463,54.63,26.865
5464,54.64,26.2115
5465,54.65,25.6193
5466,54.66,25.1079
5467,54.67,24.6956
5468,54.68,24.3996
5469,54.69,24.235
5470,54.7,24.2134
5471,54.71,24.3413
5472,54.72,24.618
5473,54.73,25.0334
5474,54.74,25.5667
5475,54.75,26.1861
5476,54.76,26.8497
5477,54.77,27.5086
5478,54.78,28.1102
5479,54.79,28.6031
5480,54.8,28.9424
5481,54.81,29.0935
5482,54.82,29.0363
5483,54.83,28.7659
5484,54.84,28.2928
5485,54.85,27.6401
5486,54.86,26.8405
5487,54.87,25.9319
5488,54.88,24.9535
5489,54.89,23.9428
5490,54.9,22.9329
5491,54.91,21.9511
5492,54.92,21.0184
5493,54.93,20.1495
5494,54.94,19.3536
5495,54.95,18.6349
5496,54.96,17.9942
5497,54.97,17.4295
5498,54.98,16.9371
5499,54.99,16.5128
5500,55,16.1519
5501,55.01,15.8505
5502,55.02,15.6053
5503,55.03,15.4137
5504,55.04,15.2747
5505,55.05,15.1882
5506,55.06,15.155
5507,55.07,15.1774
5508,55.08,15.2584
5509,55.09,15.4019
5510,55.1,15.6125
5511,55.11,15.8955
5512,55.12,16.2564
5513,55.13,16.7012
5514,55.14,17.2359
5515,55.15,17.8664
5516,55.16,18.5984
5517,55.17,19.437
5518,55.18,20.3866
5519,55.19,21.4508
5520,55.2,22.6315
5521,55.21,23.929
5522,55.22,25.3413
5523,55.23,26.8632
5524,55.24,28.4858
5525,55.25,30.1955
5526,55.26,31.9728
5527,55.27,33.7918
5528,55.28,35.619
5529,55.29,37.4126
5530,55.3,39.1231
5531,55.31,40.6938
5532,55.32,42.0626
5533,55.33,43.1655
5534,55.34,43.941
5535,55.35,44.3353
5536,55.36,44.3087
5537,55.37,43.8403
5538,55.38,42.9326
5539,55.39,41.6124
5540,55.4,39.9298
5541,55.41,37.9539
5542,55.42,35.766
5543,55.43,33.4521
5544,55.44,31.0952
5545,55.45,28.7687
5546,55.46,26.5317
5547,55.47,24.4265
5548,55.48,22.4785
5549,55.49,20.6979
5550,55.5,19.0828
5551,55.51,17.6229
5552,55.52,16.3032
5553,55.53,15.1071
5554,55.54,14.0189
5555,55.55,13.0248
5556,55.56,12.1137
5557,55.57,11.2772
5558,55.58,10.5088
5559,55.59,9.80389
5560,55.6,9.15882
5561,55.61,8.57056
5562,55.62,8.03628
5563,55.63,7.55308
5564,55.64,7.11789
5565,55.65,6.72734
5566,55.66,6.37788
5567,55.67,6.0658
5568,55.68,5.78735
5569,55.69,5.53891
5570,55.7,5.31709
5571,55.71,5.11885
5572,55.72,4.94159
5573,55.73,4.78326
5574,55.74,4.64236
5575,55.75,4.51803
5576,55.76,4.41006
5577,55.77,4.31887
5578,55.78,4.24555
5579,55.79,4.19182
5580,55.8,4.15997
5581,55.81,4.15274
5582,55.82,4.17325
5583,55.83,4.22474
5584,55.84,4.31037
5585,55.85,4.43299
5586,55.86,4.5949
5587,55.87,4.79764
5588,55.88,5.0419
5589,55.89,5.32742
5590,55.9,5.65295
5591,55.91,6.01623
5592,55.92,6.41393
5593,55.93,6.84163
5594,55.94,7.29371
5595,55.95,7.7633
5596,55.96,8.24223
5597,55.97,8.72105
5598,55.98,9.18913
5599,55.99,9.63491
5600,56,10.0463
5601,56.01,10.4112
5602,56.02,10.7185
5603,56.03,10.9587
5604,56.04,11.125
5605,56.05,11.2142
5606,56.06,11.2276
5607,56.07,11.171
5608,56.08,11.0548
5609,56.09,10.8931
5610,56.1,10.7022
5611,56.11,10.4991
5612,56.12,10.2988
5613,56.13,10.1125
5614,56.14,9.9464
5615,56.15,9.80133
5616,56.16,9.67327
5617,56.17,9.55493
5618,56.18,9.43756
5619,56.19,9.31265
5620,56.2,9.17322
5621,56.21,9.01453
5622,56.22,8.83427
5623,56.23,8.63244
5624,56.24,8.41088
5625,56.25,8.1728
5626,56.26,7.92223
5627,56.27,7.66357
5628,56.28,7.40116
5629,56.29,7.13906
5630,56.3,6.88079
5631,56.31,6.62922
5632,56.32,6.38658
5633,56.33,6.15443
5634,56.34,5.93372
5635,56.35,5.72486
5636,56.36,5.52785
5637,56.37,5.34235
5638,56.38,5.16777
5639,56.39,5.00341
5640,56.4,4.84845
5641,56.41,4.70212
5642,56.42,4.56365
5643,56.43,4.43241
5644,56.44,4.30785
5645,56.45,4.18959
5646,56.46,4.07744
5647,56.47,3.9714
5648,56.48,3.87167
5649,56.49,3.77876
5650,56.5,3.69342
5651,56.51,3.61675
5652,56.52,3.55023
5653,56.53,3.49572
5654,56.54,3.45551
5655,56.55,3.43233
5656,56.56,3.42932
5657,56.57,3.44989
5658,56.58,3.49768
5659,56.59,3.57629
5660,56.6,3.68908
5661,56.61,3.83901
5662,56.62,4.02835
5663,56.63,4.25865
5664,56.64,4.53055
5665,56.65,4.84381
5666,56.66,5.1972
5667,56.67,5.58845
5668,56.68,6.01415
5669,56.69,6.46957
5670,56.7,6.94855
5671,56.71,7.44332
5672,56.72,7.94441
5673,56.73,8.44066
5674,56.74,8.91943
5675,56.75,9.36701
5676,56.76,9.76928
5677,56.77,10.1127
5678,56.78,10.3856
5679,56.79,10.5793
5680,56.8,10.6897
5681,56.81,10.7179
5682,56.82,10.6706
5683,56.83,10.5598
5684,56.84,10.4013
5685,56.85,10.2124
5686,56.86,10.0094
5687,56.87,9.80512
5688,56.88,9.60708
5689,56.89,9.41741
5690,56.9,9.23345
5691,56.91,9.0496
5692,56.92,8.85924
5693,56.93,8.65647
5694,56.94,8.43719
5695,56.95,8.19964
5696,56.96,7.94426
5697,56.97,7.67336
5698,56.98,7.39057
5699,56.99,7.10023
5700,57,6.80698
5701,57.01,6.51529
5702,57.02,6.22921
5703,57.03,5.95219
5704,57.04,5.68698
5705,57.05,5.43561
5706,57.06,5.19945
5707,57.07,4.97922
5708,57.08,4.77513
5709,57.09,4.58697
5710,57.1,4.41421
5711,57.11,4.25611
5712,57.12,4.11181
5713,57.13,3.98042
5714,57.14,3.86106
5715,57.15,3.75295
5716,57.16,3.65542
5717,57.17,3.56797
5718,57.18,3.49023
5719,57.19,3.42206
5720,57.2,3.36347
5721,57.21,3.3147
5722,57.22,3.27615
5723,57.23,3.24844
5724,57.24,3.23238
5725,57.25,3.22896
5726,57.26,3.23935
5727,57.27,3.26491
5728,57.28,3.30712
5729,57.29,3.36764
5730,57.3,3.44822
5731,57.31,3.55074
5732,57.32,3.67717
5733,57.33,3.82959
5734,57.34,4.01016
5735,57.35,4.22117
5736,57.36,4.46507
5737,57.37,4.74446
5738,57.38,5.06216
5739,57.39,5.42127
5740,57.4,5.82517
5741,57.41,6.2776
5742,57.42,6.78268
5743,57.43,7.34496
5744,57.44,7.96946
5745,57.45,8.66169
5746,57.46,9.42768
5747,57.47,10.274
5748,57.48,11.2076
5749,57.49,12.2361
5750,57.5,13.3674
5751,57.51,14.6098
5752,57.52,15.9715
5753,57.53,17.461
5754,57.54,19.0859
5755,57.55,20.853
5756,57.56,22.7677
5757,57.57,24.8327
5758,57.58,27.0473
5759,57.59,29.4057
5760,57.6,31.8958
5761,57.61,34.4967
5762,57.62,37.1773
5763,57.63,39.8932
5764,57.64,42.5858
5765,57.65,45.1803
5766,57.66,47.586
5767,57.67,49.6987
5768,57.68,51.405
5769,57.69,52.5907
5770,57.7,53.1524
5771,57.71,53.0109
5772,57.72,52.1258
5773,57.73,50.5074
5774,57.74,48.2225
5775,57.75,45.3918
5776,57.76,42.177
5777,57.77,38.7602
5778,57.78,35.3189
5779,57.79,32.0025
5780,57.8,28.9163
5781,57.81,26.1162
5782,57.82,23.6143
5783,57.83,21.3923
5784,57.84,19.4165
5785,57.85,17.6514
5786,57.86,16.0675
5787,57.87,14.6446
5788,57.88,13.3716
5789,57.89,12.244
5790,57.9,11.2615
5791,57.91,10.4248
5792,57.92,9.73427
5793,57.93,9.18741
5794,57.94,8.77836
5795,57.95,8.49756
5796,57.96,8.33239
5797,57.97,8.26849
5798,57.98,8.29124
5799,57.99,8.38709
5800,58,8.54454
5801,58.01,8.75446
5802,58.02,9.01023
5803,58.03,9.30743
5804,58.04,9.64355
5805,58.05,10.0176
5806,58.06,10.4298
5807,58.07,10.8812
5808,58.08,11.3735
5809,58.09,11.909
5810,58.1,12.4901
5811,58.11,13.1195
5812,58.12,13.8001
5813,58.13,14.5345
5814,58.14,15.3255
5815,58.15,16.1756
5816,58.16,17.087
5817,58.17,18.0614
5818,58.18,19.1002
5819,58.19,20.2037
5820,58.2,21.3714
5821,58.21,22.6015
5822,58.22,23.8906
5823,58.23,25.2335
5824,58.24,26.6226
5825,58.25,28.0478
5826,58.26,29.496
5827,58.27,30.9504
5828,58.28,32.391
5829,58.29,33.7941
5830,58.3,35.1321
5831,58.31,36.3746
5832,58.32,37.4886
5833,58.33,38.44
5834,58.34,39.1951
5835,58.35,39.7224
5836,58.36,39.9954
5837,58.37,39.9942
5838,58.38,39.708
5839,58.39,39.1369
5840,58.4,38.2922
5841,58.41,37.1965
5842,58.42,35.882
5843,58.43,34.3884
5844,58.44,32.7596
5845,58.45,31.0404
5846,58.46,29.273
5847,58.47,27.4953
5848,58.48,25.7382
5849,58.49,24.0262
5850,58.5,22.3767
5851,58.51,20.8017
5852,58.52,19.3085
5853,58.53,17.9013
5854,58.54,16.582
5855,58.55,15.3516
5856,58.56,14.2102
5857,58.57,13.1576
5858,58.58,12.1938
5859,58.59,11.3186
5860,58.6,10.5317
5861,58.61,9.83287
5862,58.62,9.22174
5863,58.63,8.69764
5864,58.64,8.25951
5865,58.65,7.90578
5866,58.66,7.6343
5867,58.67,7.4422
5868,58.68,7.32604
5869,58.69,7.28184
5870,58.7,7.30535
5871,58.71,7.39233
5872,58.72,7.53875
5873,58.73,7.74111
5874,58.74,7.9965
5875,58.75,8.30277
5876,58.76,8.65854
5877,58.77,9.06315
5878,58.78,9.51667
5879,58.79,10.0198
5880,58.8,10.5737
5881,58.81,11.1801
5882,58.82,11.841
5883,58.83,12.5589
5884,58.84,13.3361
5885,58.85,14.1755
5886,58.86,15.0795
5887,58.87,16.0506
5888,58.88,17.0908
5889,58.89,18.2017
5890,58.9,19.3841
5891,58.91,20.6378
5892,58.92,21.961
5893,58.93,23.3506
5894,58.94,24.8012
5895,58.95,26.3048
5896,58.96,27.8505
5897,58.97,29.4243
5898,58.98,31.0083
5899,58.99,32.5807
5900,59,34.1159
5901,59.01,35.5845
5902,59.02,36.954
5903,59.03,38.1896
5904,59.04,39.2559
5905,59.05,40.1183
5906,59.06,40.745
5907,59.07,41.1097
5908,59.08,41.1938
5909,59.09,40.9878
5910,59.1,40.4935
5911,59.11,39.724
5912,59.12,38.7036
5913,59.13,37.4661
5914,59.14,36.0522
5915,59.15,34.5063
5916,59.16,32.873
5917,59.17,31.1932
5918,59.18,29.5018
5919,59.19,27.826
5920,59.2,26.1849
5921,59.21,24.5907
5922,59.22,23.05
5923,59.23,21.566
5924,59.24,20.1401
5925,59.25,18.7734
5926,59.26,17.4675
5927,59.27,16.2245
5928,59.28,15.047
5929,59.29,13.938
5930,59.3,12.9001
5931,59.31,11.9358
5932,59.32,11.0467
5933,59.33,10.2335
5934,59.34,9.49647
5935,59.35,8.83472
5936,59.36,8.24685
5937,59.37,7.73085
5938,59.38,7.28433
5939,59.39,6.90458
5940,59.4,6.58879
5941,59.41,6.33418
5942,59.42,6.13803
5943,59.43,5.99788
5944,59.44,5.91154
5945,59.45,5.87713
5946,59.46,5.89317
5947,59.47,5.95853
5948,59.48,6.07247
5949,59.49,6.23462
5950,59.5,6.44497
5951,59.51,6.70384
5952,59.52,7.01189
5953,59.53,7.37009
5954,59.54,7.77969
5955,59.55,8.24218
5956,59.56,8.75928
5957,59.57,9.33284
5958,59.58,9.96482
5959,59.59,10.6572
5960,59.6,11.4117
5961,59.61,12.2301
5962,59.62,13.1134
5963,59.63,14.0622
5964,59.64,15.076
5965,59.65,16.1535
5966,59.66,17.2915
5967,59.67,18.4853
5968,59.68,19.7279
5969,59.69,21.0098
5970,59.7,22.3188
5971,59.71,23.6399
5972,59.72,24.955
5973,59.73,26.2434
5974,59.74,27.4823
5975,59.75,28.6474
5976,59.76,29.7142
5977,59.77,30.6589
5978,59.78,31.4604
5979,59.79,32.1012
5980,59.8,32.5693
5981,59.81,32.8583
5982,59.82,32.9686
5983,59.83,32.9066
5984,59.84,32.6848
5985,59.85,32.3199
5986,59.86,31.832
5987,59.87,31.2429
5988,59.88,30.5748
5989,59.89,29.8489
5990,59.9,29.0847
5991,59.91,28.2992
5992,59.92,27.5067
5993,59.93,26.7186
5994,59.94,25.9438
5995,59.95,25.1888
5996,59.96,24.4582
5997,59.97,23.7552
5998,59.98,23.082
5999,59.99,22.4401
6000,60,21.8309
6001,60.01,21.2563
6002,60.02,20.7187
6003,60.03,20.2216
6004,60.04,19.7701
6005,60.05,19.3712
6006,60.06,19.034
6007,60.07,18.7702
6008,60.08,18.5941
6009,60.09,18.5227
6010,60.1,18.5746
6011,60.11,18.7697
6012,60.12,19.1269
6013,60.13,19.6622
6014,60.14,20.3864
6015,60.15,21.3027
6016,60.16,22.4043
6017,60.17,23.6735
6018,60.18,25.0801
6019,60.19,26.5823
6020,60.2,28.1265
6021,60.21,29.6501
6022,60.22,31.0846
6023,60.23,32.3608
6024,60.24,33.4146
6025,60.25,34.1939
6026,60.26,34.6646
6027,60.27,34.8142
6028,60.28,34.6536
6029,60.29,34.2145
6030,60.3,33.5455
6031,60.31,32.7057
6032,60.32,31.7581
6033,60.33,30.7638
6034,60.34,29.7777
6035,60.35,28.8455
6036,60.36,28.0027
6037,60.37,27.2746
6038,60.38,26.6774
6039,60.39,26.2199
6040,60.4,25.9051
6041,60.41,25.7318
6042,60.42,25.6963
6043,60.43,25.7933
6044,60.44,26.0158
6045,60.45,26.3562
6046,60.46,26.805
6047,60.47,27.3507
6048,60.48,27.979
6049,60.49,28.6721
6050,60.5,29.408
6051,60.51,30.1607
6052,60.52,30.8998
6053,60.53,31.5919
6054,60.54,32.2017
6055,60.55,32.6939
6056,60.56,33.036
6057,60.57,33.2005
6058,60.58,33.1674
6059,60.59,32.9261
6060,60.6,32.4763
6061,60.61,31.8278
6062,60.62,30.9999
6063,60.63,30.0192
6064,60.64,28.9178
6065,60.65,27.7302
6066,60.66,26.4917
6067,60.67,25.2366
6068,60.68,23.9963
6069,60.69,22.7995
6070,60.7,21.6709
6071,60.71,20.6315
6072,60.72,19.6985
6073,60.73,18.8853
6074,60.74,18.2013
6075,60.75,17.6514
6076,60.76,17.2364
6077,60.77,16.9523
6078,60.78,16.7906
6079,60.79,16.7389
6080,60.8,16.7817
6081,60.81,16.9012
6082,60.82,17.0785
6083,60.83,17.2945
6084,60.84,17.531
6085,60.85,17.7712
6086,60.86,18.0001
6087,60.87,18.2052
6088,60.88,18.3763
6089,60.89,18.5059
6090,60.9,18.5888
6091,60.91,18.6222
6092,60.92,18.6055
6093,60.93,18.5397
6094,60.94,18.4275
6095,60.95,18.2726
6096,60.96,18.0795
6097,60.97,17.853
6098,60.98,17.5981
6099,60.99,17.32
6100,61,17.023
6101,61.01,16.7116
6102,61.02,16.3892
6103,61.03,16.0591
6104,61.04,15.7237
6105,61.05,15.3852
6106,61.06,15.045
6107,61.07,14.7044
6108,61.08,14.3643
6109,61.09,14.0253
6110,61.1,13.6882
6111,61.11,13.3537
6112,61.12,13.0227
6113,61.13,12.6967
6114,61.14,12.3776
6115,61.15,12.0682
6116,61.16,11.7724
6117,61.17,11.4954
6118,61.18,11.2441
6119,61.19,11.0271
6120,61.2,10.8549
6121,61.21,10.7398
6122,61.22,10.6952
6123,61.23,10.7342
6124,61.24,10.8688
6125,61.25,11.1077
6126,61.26,11.4541
6127,61.27,11.9053
6128,61.28,12.4512
6129,61.29,13.0749
6130,61.3,13.7533
6131,61.31,14.4588
6132,61.32,15.1606
6133,61.33,15.8269
6134,61.34,16.4272
6135,61.35,16.9345
6136,61.36,17.3277
6137,61.37,17.5934
6138,61.38,17.7274
6139,61.39,17.7349
6140,61.4,17.6298
6141,61.41,17.4335
6142,61.42,17.172
6143,61.43,16.8736
6144,61.44,16.5657
6145,61.45,16.2721
6146,61.46,16.0111
6147,61.47,15.7943
6148,61.48,15.626
6149,61.49,15.5047
6150,61.5,15.4236
6151,61.51,15.373
6152,61.52,15.3414
6153,61.53,15.3174
6154,61.54,15.2907
6155,61.55,15.2527
6156,61.56,15.1972
6157,61.57,15.1201
6158,61.58,15.0194
6159,61.59,14.8952
6160,61.6,14.7492
6161,61.61,14.5841
6162,61.62,14.404
6163,61.63,14.2132
6164,61.64,14.0164
6165,61.65,13.8185
6166,61.66,13.6242
6167,61.67,13.4379
6168,61.68,13.2639
6169,61.69,13.1061
6170,61.7,12.9677
6171,61.71,12.8522
6172,61.72,12.7623
6173,61.73,12.7008
6174,61.74,12.6702
6175,61.75,12.6731
6176,61.76,12.7118
6177,61.77,12.789
6178,61.78,12.9072
6179,61.79,13.0691
6180,61.8,13.2776
6181,61.81,13.5356
6182,61.82,13.8461
6183,61.83,14.2125
6184,61.84,14.638
6185,61.85,15.1259
6186,61.86,15.6798
6187,61.87,16.303
6188,61.88,16.9987
6189,61.89,17.77
6190,61.9,18.6198
6191,61.91,19.5505
6192,61.92,20.5637
6193,61.93,21.6603
6194,61.94,22.84
6195,61.95,24.101
6196,61.96,25.4398
6197,61.97,26.8501
6198,61.98,28.323
6199,61.99,29.8458
6200,62,31.402
6201,62.01,32.9703
6202,62.02,34.5242
6203,62.03,36.0321
6204,62.04,37.4572
6205,62.05,38.7582
6206,62.06,39.8908
6207,62.07,40.8093
6208,62.08,41.4697
6209,62.09,41.8327
6210,62.1,41.8675
6211,62.11,41.5557
6212,62.12,40.8933
6213,62.13,39.8931
6214,62.14,38.5843
6215,62.15,37.0102
6216,62.16,35.2253
6217,62.17,33.29
6218,62.18,31.2653
6219,62.19,29.2085
6220,62.2,27.1691
6221,62.21,25.1865
6222,62.22,23.2895
6223,62.23,21.4968
6224,62.24,19.8184
6225,62.25,18.258
6226,62.26,16.8143
6227,62.27,15.4836
6228,62.28,14.2608
6229,62.29,13.1404
6230,62.3,12.1171
6231,62.31,11.1862
6232,62.32,10.3433
6233,62.33,9.58465
6234,62.34,8.90689
6235,62.35,8.3067
6236,62.36,7.78087
6237,62.37,7.32606
6238,62.38,6.93874
6239,62.39,6.61513
6240,62.4,6.35119
6241,62.41,6.14266
6242,62.42,5.98516
6243,62.43,5.87432
6244,62.44,5.80592
6245,62.45,5.77599
6246,62.46,5.78097
6247,62.47,5.81777
6248,62.48,5.8838
6249,62.49,5.97696
6250,62.5,6.09565
6251,62.51,6.23874
6252,62.52,6.40545
6253,62.53,6.59537
6254,62.54,6.80834
6255,62.55,7.04442
6256,62.56,7.30383
6257,62.57,7.58689
6258,62.58,7.89394
6259,62.59,8.22533
6260,62.6,8.58131
6261,62.61,8.96199
6262,62.62,9.36726
6263,62.63,9.79673
6264,62.64,10.2496
6265,62.65,10.7247
6266,62.66,11.2201
6267,62.67,11.7333
6268,62.68,12.261
6269,62.69,12.799
6270,62.7,13.3421
6271,62.71,13.8839
6272,62.72,14.4171
6273,62.73,14.9333
6274,62.74,15.4228
6275,62.75,15.8756
6276,62.76,16.2809
6277,62.77,16.6278
6278,62.78,16.9062
6279,62.79,17.1072
6280,62.8,17.2238
6281,62.81,17.2521
6282,62.82,17.192
6283,62.83,17.048
6284,62.84,16.8299
6285,62.85,16.5523
6286,62.86,16.2349
6287,62.87,15.9005
6288,62.88,15.5732
6289,62.89,15.2748
6290,62.9,15.0216
6291,62.91,14.8214
6292,62.92,14.6717
6293,62.93,14.5599
6294,62.94,14.4662
6295,62.95,14.3675
6296,62.96,14.2416
6297,62.97,14.0707
6298,62.98,13.8437
6299,62.99,13.557
6300,63,13.2139
6301,63.01,12.8233
6302,63.02,12.3982
6303,63.03,11.9533
6304,63.04,11.504
6305,63.05,11.065
6306,63.06,10.6489
6307,63.07,10.2663
6308,63.08,9.92487
6309,63.09,9.63011
6310,63.1,9.38501
6311,63.11,9.19071
6312,63.12,9.04697
6313,63.13,8.95259
6314,63.14,8.90595
6315,63.15,8.90536
6316,63.16,8.94937
6317,63.17,9.03699
6318,63.18,9.16775
6319,63.19,9.34176
6320,63.2,9.5597
6321,63.21,9.82272
6322,63.22,10.1324
6323,63.23,10.4906
6324,63.24,10.8994
6325,63.25,11.3611
6326,63.26,11.878
6327,63.27,12.4525
6328,63.28,13.0867
6329,63.29,13.7828
6330,63.3,14.5426
6331,63.31,15.3676
6332,63.32,16.2586
6333,63.33,17.2161
6334,63.34,18.2396
6335,63.35,19.3275
6336,63.36,20.4771
6337,63.37,21.6838
6338,63.38,22.9416
6339,63.39,24.2421
6340,63.4,25.5747
6341,63.41,26.9261
6342,63.42,28.2806
6343,63.43,29.6195
6344,63.44,30.9221
6345,63.45,32.1654
6346,63.46,33.3254
6347,63.47,34.3774
6348,63.48,35.2974
6349,63.49,36.0636
6350,63.5,36.6571
6351,63.51,37.0637
6352,63.52,37.2749
6353,63.53,37.2884
6354,63.54,37.1087
6355,63.55,36.747
6356,63.56,36.2208
6357,63.57,35.5526
6358,63.58,34.7691
6359,63.59,33.8989
6360,63.6,32.971
6361,63.61,32.0125
6362,63.62,31.0468
6363,63.63,30.0918
6364,63.64,29.1586
6365,63.65,28.2515
6366,63.66,27.3683
6367,63.67,26.5018
6368,63.68,25.6422
6369,63.69,24.779
6370,63.7,23.9033
6371,63.71,23.0092
6372,63.72,22.0951
6373,63.73,21.1631
6374,63.74,20.2191
6375,63.75,19.2714
6376,63.76,18.3299
6377,63.77,17.4053
6378,63.78,16.5079
6379,63.79,15.647
6380,63.8,14.8305
6381,63.81,14.0649
6382,63.82,13.3549
6383,63.83,12.7039
6384,63.84,12.1138
6385,63.85,11.5858
6386,63.86,11.12
6387,63.87,10.7164
6388,63.88,10.3747
6389,63.89,10.0946
6390,63.9,9.87608
6391,63.91,9.71955
6392,63.92,9.62573
6393,63.93,9.59579
6394,63.94,9.63127
6395,63.95,9.73397
6396,63.96,9.90584
6397,63.97,10.1489
6398,63.98,10.4651
6399,63.99,10.8563
6400,64,11.3239
6401,64.01,11.8693
6402,64.02,12.4933
6403,64.03,13.1963
6404,64.04,13.978
6405,64.05,14.8375
6406,64.06,15.7728
6407,64.07,16.7807
6408,64.08,17.8568
6409,64.09,18.9947
6410,64.1,20.1858
6411,64.11,21.4194
6412,64.12,22.6822
6413,64.13,23.958
6414,64.14,25.2281
6415,64.15,26.4715
6416,64.16,27.6653
6417,64.17,28.7854
6418,64.18,29.8079
6419,64.19,30.71
6420,64.2,31.4716
6421,64.21,32.0764
6422,64.22,32.5133
6423,64.23,32.7769
6424,64.24,32.8679
6425,64.25,32.7932
6426,64.26,32.5648
6427,64.27,32.1994
6428,64.28,31.7167
6429,64.29,31.1384
6430,64.3,30.4868
6431,64.31,29.784
6432,64.32,29.0509
6433,64.33,28.3073
6434,64.34,27.5708
6435,64.35,26.858
6436,64.36,26.1839
6437,64.37,25.5627
6438,64.38,25.0083
6439,64.39,24.5344
6440,64.4,24.1552
6441,64.41,23.885
6442,64.42,23.738
6443,64.43,23.7278
6444,64.44,23.8664
6445,64.45,24.1622
6446,64.46,24.6186
6447,64.47,25.2326
6448,64.48,25.9924
6449,64.49,26.8774
6450,64.5,27.8571
6451,64.51,28.8915
6452,64.52,29.9332
6453,64.53,30.929
6454,64.54,31.8234
6455,64.55,32.5634
6456,64.56,33.1019
6457,64.57,33.403
6458,64.58,33.4446
6459,64.59,33.2209
6460,64.6,32.7417
6461,64.61,32.0309
6462,64.62,31.1231
6463,64.63,30.0595
6464,64.64,28.8837
6465,64.65,27.6383
6466,64.66,26.3617
6467,64.67,25.0868
6468,64.68,23.8398
6469,64.69,22.6407
6470,64.7,21.5032
6471,64.71,20.4363
6472,64.72,19.445
6473,64.73,18.5316
6474,64.74,17.6969
6475,64.75,16.941
6476,64.76,16.2643
6477,64.77,15.6683
6478,64.78,15.1563
6479,64.79,14.7329
6480,64.8,14.4052
6481,64.81,14.1814
6482,64.82,14.0706
6483,64.83,14.0815
6484,64.84,14.2212
6485,64.85,14.4933
6486,64.86,14.8969
6487,64.87,15.4254
6488,64.88,16.0665
6489,64.89,16.8019
6490,64.9,17.6084
6491,64.91,18.458
6492,64.92,19.32
6493,64.93,20.1616
6494,64.94,20.95
6495,64.95,21.654
6496,64.96,22.2465
6497,64.97,22.7056
6498,64.98,23.0169
6499,64.99,23.1742
6500,65,23.18
6501,65.01,23.0448
6502,65.02,22.7865
6503,65.03,22.4284
6504,65.04,21.9975
6505,65.05,21.5224
6506,65.06,21.0317
6507,65.07,20.5525
6508,65.08,20.109
6509,65.09,19.722
6510,65.1,19.4079
6511,65.11,19.1788
6512,65.12,19.0418
6513,65.13,18.9993
6514,65.14,19.0489
6515,65.15,19.1836
6516,65.16,19.3924
6517,65.17,19.6608
6518,65.18,19.9711
6519,65.19,20.3042
6520,65.2,20.6396
6521,65.21,20.9572
6522,65.22,21.2381
6523,65.23,21.4655
6524,65.24,21.6258
6525,65.25,21.7091
6526,65.26,21.7094
6527,65.27,21.6251
6528,65.28,21.4581
6529,65.29,21.214
6530,65.3,20.901
6531,65.31,20.529
6532,65.32,20.1091
6533,65.33,19.653
6534,65.34,19.1719
6535,65.35,18.6761
6536,65.36,18.1751
6537,65.37,17.6769
6538,65.38,17.1882
6539,65.39,16.7143
6540,65.4,16.2592
6541,65.41,15.8262
6542,65.42,15.4175
6543,65.43,15.0345
6544,65.44,14.6786
6545,65.45,14.3507
6546,65.46,14.0516
6547,65.47,13.7824
6548,65.48,13.5441
6549,65.49,13.3383
6550,65.5,13.167
6551,65.51,13.0325
6552,65.52,12.9378
6553,65.53,12.8864
6554,65.54,12.8825
6555,65.55,12.9308
6556,65.56,13.0365
6557,65.57,13.2054
6558,65.58,13.4437
6559,65.59,13.758
6560,65.6,14.1549
6561,65.61,14.6413
6562,65.62,15.2239
6563,65.63,15.9095
6564,65.64,16.7045
6565,65.65,17.6146
6566,65.66,18.6454
6567,65.67,19.8011
6568,65.68,21.0852
6569,65.69,22.4994
6570,65.7,24.0432
6571,65.71,25.7132
6572,65.72,27.5022
6573,65.73,29.3983
6574,65.74,31.3833
6575,65.75,33.4317
6576,65.76,35.5096
6577,65.77,37.5736
6578,65.78,39.5706
6579,65.79,41.4381
6580,65.8,43.106
6581,65.81,44.5002
6582,65.82,45.547
6583,65.83,46.1797
6584,65.84,46.3456
6585,65.85,46.013
6586,65.86,45.1769
6587,65.87,43.8615
6588,65.88,42.1198
6589,65.89,40.0294
6590,65.9,37.6851
6591,65.91,35.1895
6592,65.92,32.6435
6593,65.93,30.1367
6594,65.94,27.7412
6595,65.95,25.5071
6596,65.96,23.462
6597,65.97,21.6132
6598,65.98,19.9517
6599,65.99,18.4589
6600,66,17.1112
6601,66.01,15.8857
6602,66.02,14.7623
6603,66.03,13.7258
6604,66.04,12.7655
6605,66.05,11.8752
6606,66.06,11.0513
6607,66.07,10.2926
6608,66.08,9.59845
6609,66.09,8.96882
6610,66.1,8.40323
6611,66.11,7.90068
6612,66.12,7.45944
6613,66.13,7.07716
6614,66.14,6.75091
6615,66.15,6.47744
6616,66.16,6.25342
6617,66.17,6.07564
6618,66.18,5.94129
6619,66.19,5.84806
6620,66.2,5.7943
6621,66.21,5.77901
6622,66.22,5.80189
6623,66.23,5.86318
6624,66.24,5.96366
6625,66.25,6.10445
6626,66.26,6.28692
6627,66.27,6.51255
6628,66.28,6.78283
6629,66.29,7.09921
6630,66.3,7.46294
6631,66.31,7.87513
6632,66.32,8.33657
6633,66.33,8.84775
6634,66.34,9.40876
6635,66.35,10.0192
6636,66.36,10.6779
6637,66.37,11.3832
6638,66.38,12.1322
6639,66.39,12.9211
6640,66.4,13.7445
6641,66.41,14.5956
6642,66.42,15.4661
6643,66.43,16.3456
6644,66.44,17.222
6645,66.45,18.0816
6646,66.46,18.9089
6647,66.47,19.6878
6648,66.48,20.4013
6649,66.49,21.0331
6650,66.5,21.5681
6651,66.51,21.9932
6652,66.52,22.299
6653,66.53,22.4799
6654,66.54,22.5354
6655,66.55,22.4702
6656,66.56,22.2943
6657,66.57,22.0229
6658,66.58,21.676
6659,66.59,21.277
6660,66.6,20.852
6661,66.61,20.4282
6662,66.62,20.0322
6663,66.63,19.6876
6664,66.64,19.4128
6665,66.65,19.2192
6666,66.66,19.1088
6667,66.67,19.0743
6668,66.68,19.099
6669,66.69,19.1592
6670,66.7,19.2271
6671,66.71,19.274
6672,66.72,19.2734
6673,66.73,19.2044
6674,66.74,19.0524
6675,66.75,18.8109
6676,66.76,18.4804
6677,66.77,18.0682
6678,66.78,17.5865
6679,66.79,17.0505
6680,66.8,16.4775
6681,66.81,15.8846
6682,66.82,15.2878
6683,66.83,14.7013
6684,66.84,14.137
6685,66.85,13.604
6686,66.86,13.1091
6687,66.87,12.6569
6688,66.88,12.2502
6689,66.89,11.8902
6690,66.9,11.5774
6691,66.91,11.3118
6692,66.92,11.0932
6693,66.93,10.9218
6694,66.94,10.7981
6695,66.95,10.7232
6696,66.96,10.6991
6697,66.97,10.7282
6698,66.98,10.8137
6699,66.99,10.9593
6700,67,11.169
6701,67.01,11.4471
6702,67.02,11.7978
6703,67.03,12.2251
6704,67.04,12.7328
6705,67.05,13.3238
6706,67.06,14.0008
6707,67.07,14.7653
6708,67.08,15.6179
6709,67.09,16.558
6710,67.1,17.5837
6711,67.11,18.6911
6712,67.12,19.8744
6713,67.13,21.1253
6714,67.14,22.4327
6715,67.15,23.7827
6716,67.16,25.1577
6717,67.17,26.5371
6718,67.18,27.8969
6719,67.19,29.2107
6720,67.2,30.4502
6721,67.21,31.5864
6722,67.22,32.5913
6723,67.23,33.4393
6724,67.24,34.1092
6725,67.25,34.5857
6726,67.26,34.8605
6727,67.27,34.9327
6728,67.28,34.8094
6729,67.29,34.5045
6730,67.3,34.0381
6731,67.31,33.4347
6732,67.32,32.7222
6733,67.33,31.9297
6734,67.34,31.087
6735,67.35,30.2236
6736,67.36,29.3678
6737,67.37,28.5467
6738,67.38,27.7859
6739,67.39,27.1093
6740,67.4,26.5386
6741,67.41,26.0924
6742,67.42,25.7855
6743,67.43,25.6264
6744,67.44,25.6165
6745,67.45,25.7479
6746,67.46,26.0028
6747,67.47,26.354
6748,67.48,26.7654
6749,67.49,27.1952
6750,67.5,27.5986
6751,67.51,27.9318
6752,67.52,28.1554
6753,67.53,28.2384
6754,67.54,28.1595
6755,67.55,27.9096
6756,67.56,27.4908
6757,67.57,26.9157
6758,67.58,26.205
6759,67.59,25.3848
6760,67.6,24.4839
6761,67.61,23.5312
6762,67.62,22.5537
6763,67.63,21.5749
6764,67.64,20.6142
6765,67.65,19.6866
6766,67.66,18.8026
6767,67.67,17.9689
6768,67.68,17.1888
6769,67.69,16.4629
6770,67.7,15.79
6771,67.71,15.1674
6772,67.72,14.5918
6773,67.73,14.0594
6774,67.74,13.5666
6775,67.75,13.1101
6776,67.76,12.6874
6777,67.77,12.2963
6778,67.78,11.936
6779,67.79,11.6065
6780,67.8,11.3088
6781,67.81,11.0455
6782,67.82,10.8202
6783,67.83,10.6383
6784,67.84,10.5063
6785,67.85,10.4323
6786,67.86,10.4257
6787,67.87,10.4965
6788,67.88,10.6551
6789,67.89,10.9113
6790,67.9,11.2738
6791,67.91,11.749
6792,67.92,12.3406
6793,67.93,13.0488
6794,67.94,13.8704
6795,67.95,14.798
6796,67.96,15.8202
6797,67.97,16.9209
6798,67.98,18.0798
6799,67.99,19.2719
6800,68,20.4677
6801,68.01,21.6344
6802,68.02,22.7368
6803,68.03,23.7392
6804,68.04,24.6081
6805,68.05,25.3145
6806,68.06,25.8374
6807,68.07,26.1653
6808,68.08,26.2981
6809,68.09,26.2475
6810,68.1,26.0362
6811,68.11,25.6956
6812,68.12,25.2632
6813,68.13,24.7793
6814,68.14,24.2836
6815,68.15,23.812
6816,68.16,23.3939
6817,68.17,23.0503
6818,68.18,22.7926
6819,68.19,22.6217
6820,68.2,22.5296
6821,68.21,22.4999
6822,68.22,22.5103
6823,68.23,22.5351
6824,68.24,22.5476
6825,68.25,22.5227
6826,68.26,22.4388
6827,68.27,22.2793
6828,68.28,22.0337
6829,68.29,21.698
6830,68.3,21.2741
6831,68.31,20.7689
6832,68.32,20.1939
6833,68.33,19.5628
6834,68.34,18.8909
6835,68.35,18.1939
6836,68.36,17.4865
6837,68.37,16.7821
6838,68.38,16.0923
6839,68.39,15.4264
6840,68.4,14.7919
6841,68.41,14.1941
6842,68.42,13.6371
6843,68.43,13.1232
6844,68.44,12.6541
6845,68.45,12.2307
6846,68.46,11.8538
6847,68.47,11.5239
6848,68.48,11.2421
6849,68.49,11.0097
6850,68.5,10.8287
6851,68.51,10.7017
6852,68.52,10.632
6853,68.53,10.6235
6854,68.54,10.6807
6855,68.55,10.8084
6856,68.56,11.0115
6857,68.57,11.2947
6858,68.58,11.6626
6859,68.59,12.1191
6860,68.6,12.6674
6861,68.61,13.3098
6862,68.62,14.0478
6863,68.63,14.8814
6864,68.64,15.8093
6865,68.65,16.8288
6866,68.66,17.935
6867,68.67,19.1208
6868,68.68,20.3765
6869,68.69,21.6893
6870,68.7,23.043
6871,68.71,24.4178
6872,68.72,25.7906
6873,68.73,27.1349
6874,68.74,28.4218
6875,68.75,29.6209
6876,68.76,30.7022
6877,68.77,31.6372
6878,68.78,32.4015
6879,68.79,32.9762
6880,68.8,33.3495
6881,68.81,33.5177
6882,68.82,33.4851
6883,68.83,33.2639
6884,68.84,32.8723
6885,68.85,32.3337
6886,68.86,31.674
6887,68.87,30.9203
6888,68.88,30.0989
6889,68.89,29.2343
6890,68.9,28.3482
6891,68.91,27.4591
6892,68.92,26.5822
6893,68.93,25.7299
6894,68.94,24.9117
6895,68.95,24.1354
6896,68.96,23.4073
6897,68.97,22.7329
6898,68.98,22.1178
6899,68.99,21.5681
6900,69,21.091
6901,69.01,20.6951
6902,69.02,20.3907
6903,69.03,20.1901
6904,69.04,20.107
6905,69.05,20.156
6906,69.06,20.3518
6907,69.07,20.7075
6908,69.08,21.2331
6909,69.09,21.9336
6910,69.1,22.8074
6911,69.11,23.8446
6912,69.12,25.0262
6913,69.13,26.3231
6914,69.14,27.6968
6915,69.15,29.0992
6916,69.16,30.4751
6917,69.17,31.7646
6918,69.18,32.9069
6919,69.19,33.8454
6920,69.2,34.5324
6921,69.21,34.9343
6922,69.22,35.0347
6923,69.23,34.8357
6924,69.24,34.3572
6925,69.25,33.634
6926,69.26,32.7109
6927,69.27,31.638
6928,69.28,30.4656
6929,69.29,29.2406
6930,69.3,28.0036
6931,69.31,26.7872
6932,69.32,25.616
6933,69.33,24.5066
6934,69.34,23.469
6935,69.35,22.5072
6936,69.36,21.621
6937,69.37,20.8069
6938,69.38,20.0594
6939,69.39,19.3721
6940,69.4,18.7379
6941,69.41,18.1497
6942,69.42,17.6011
6943,69.43,17.0859
6944,69.44,16.5988
6945,69.45,16.1351
6946,69.46,15.6911
6947,69.47,15.2633
6948,69.48,14.8492
6949,69.49,14.4469
6950,69.5,14.0552
6951,69.51,13.6735
6952,69.52,13.3025
6953,69.53,12.9435
6954,69.54,12.5998
6955,69.55,12.2758
6956,69.56,11.9786
6957,69.57,11.7175
6958,69.58,11.5047
6959,69.59,11.3553
6960,69.6,11.2866
6961,69.61,11.3172
6962,69.62,11.4646
6963,69.63,11.7425
6964,69.64,12.1578
6965,69.65,12.708
6966,69.66,13.3803
6967,69.67,14.1511
6968,69.68,14.9877
6969,69.69,15.8504
6970,69.7,16.6953
6971,69.71,17.4779
6972,69.72,18.1574
6973,69.73,18.7006
6974,69.74,19.0856
6975,69.75,19.3041
6976,69.76,19.3627
6977,69.77,19.2809
6978,69.78,19.0887
6979,69.79,18.8213
6980,69.8,18.5143
6981,69.81,18.1989
6982,69.82,17.8982
6983,69.83,17.6259
6984,69.84,17.3863
6985,69.85,17.1761
6986,69.86,16.9866
6987,69.87,16.8071
6988,69.88,16.6269
6989,69.89,16.4365
6990,69.9,16.2295
6991,69.91,16.002
6992,69.92,15.7532
6993,69.93,15.4846
6994,69.94,15.1997
6995,69.95,14.9036
6996,69.96,14.6023
6997,69.97,14.3022
6998,69.98,14.01
6999,69.99,13.7324
7000,70,13.4757
7001,70.01,13.2457
7002,70.02,13.048
7003,70.03,12.8875
7004,70.04,12.7685
7005,70.05,12.6948
7006,70.06,12.6701
7007,70.07,12.6971
7008,70.08,12.7786
7009,70.09,12.9168
7010,70.1,13.1137
7011,70.11,13.3711
7012,70.12,13.6903
7013,70.13,14.0727
7014,70.14,14.5193
7015,70.15,15.031
7016,70.16,15.6082
7017,70.17,16.2514
7018,70.18,16.9602
7019,70.19,17.7342
7020,70.2,18.572
7021,70.21,19.4717
7022,70.22,20.4303
7023,70.23,21.4437
7024,70.24,22.5064
7025,70.25,23.6113
7026,70.26,24.7496
7027,70.27,25.9104
7028,70.28,27.081
7029,70.29,28.2464
7030,70.3,29.3895
7031,70.31,30.4917
7032,70.32,31.5329
7033,70.33,32.4922
7034,70.34,33.3489
7035,70.35,34.083
7036,70.36,34.6765
7037,70.37,35.1145
7038,70.38,35.3858
7039,70.39,35.4843
7040,70.4,35.4091
7041,70.41,35.1648
7042,70.42,34.7616
7043,70.43,34.2146
7044,70.44,33.5429
7045,70.45,32.7687
7046,70.46,31.9154
7047,70.47,31.0067
7048,70.48,30.0646
7049,70.49,29.1084
7050,70.5,28.1536
7051,70.51,27.2113
7052,70.52,26.2882
7053,70.53,25.3871
7054,70.54,24.5074
7055,70.55,23.6468
7056,70.56,22.802
7057,70.57,21.9701
7058,70.58,21.1492
7059,70.59,20.3391
7060,70.6,19.5412
7061,70.61,18.7586
7062,70.62,17.9955
7063,70.63,17.2573
7064,70.64,16.5496
7065,70.65,15.8781
7066,70.66,15.2483
7067,70.67,14.6653
7068,70.68,14.1335
7069,70.69,13.6565
7070,70.7,13.2376
7071,70.71,12.8793
7072,70.72,12.5835
7073,70.73,12.3519
7074,70.74,12.1857
7075,70.75,12.0861
7076,70.76,12.054
7077,70.77,12.0902
7078,70.78,12.1956
7079,70.79,12.3709
7080,70.8,12.617
7081,70.81,12.9347
7082,70.82,13.3247
7083,70.83,13.7879
7084,70.84,14.3247
7085,70.85,14.9359
7086,70.86,15.6214
7087,70.87,16.3814
7088,70.88,17.2151
7089,70.89,18.1212
7090,70.9,19.0975
7091,70.91,20.1408
7092,70.92,21.2464
7093,70.93,22.408
7094,70.94,23.6172
7095,70.95,24.8637
7096,70.96,26.1345
7097,70.97,27.4143
7098,70.98,28.685
7099,70.99,29.9266
7100,71,31.1165
7101,71.01,32.2314
7102,71.02,33.2468
7103,71.03,34.1393
7104,71.04,34.8868
7105,71.05,35.4705
7106,71.06,35.876
7107,71.07,36.0939
7108,71.08,36.1213
7109,71.09,35.9619
7110,71.1,35.6257
7111,71.11,35.1291
7112,71.12,34.4936
7113,71.13,33.7448
7114,71.14,32.9105
7115,71.15,32.0197
7116,71.16,31.1001
7117,71.17,30.1768
7118,71.18,29.2703
7119,71.19,28.3954
7120,71.2,27.5605
7121,71.21,26.7671
7122,71.22,26.0112
7123,71.23,25.2839
7124,71.24,24.574
7125,71.25,23.8694
7126,71.26,23.1594
7127,71.27,22.4363
7128,71.28,21.6954
7129,71.29,20.9363
7130,71.3,20.1616
7131,71.31,19.377
7132,71.32,18.5901
7133,71.33,17.8097
7134,71.34,17.0448
7135,71.35,16.3042
7136,71.36,15.5957
7137,71.37,14.9261
7138,71.38,14.3013
7139,71.39,13.7254
7140,71.4,13.202
7141,71.41,12.7335
7142,71.42,12.3216
7143,71.43,11.9677
7144,71.44,11.6729
7145,71.45,11.4381
7146,71.46,11.2645
7147,71.47,11.1533
7148,71.48,11.1063
7149,71.49,11.1252
7150,71.5,11.2122
7151,71.51,11.3696
7152,71.52,11.5997
7153,71.53,11.9051
7154,71.54,12.288
7155,71.55,12.7507
7156,71.56,13.2951
7157,71.57,13.9228
7158,71.58,14.6349
7159,71.59,15.432
7160,71.6,16.3139
7161,71.61,17.2795
7162,71.62,18.3265
7163,71.63,19.4511
7164,71.64,20.6476
7165,71.65,21.9084
7166,71.66,23.223
7167,71.67,24.5784
7168,71.68,25.9583
7169,71.69,27.3433
7170,71.7,28.711
7171,71.71,30.0364
7172,71.72,31.2922
7173,71.73,32.4504
7174,71.74,33.4832
7175,71.75,34.3648
7176,71.76,35.0728
7177,71.77,35.5899
7178,71.78,35.9053
7179,71.79,36.0153
7180,71.8,35.924
7181,71.81,35.6431
7182,71.82,35.1909
7183,71.83,34.5916
7184,71.84,33.8736
7185,71.85,33.0687
7186,71.86,32.2099
7187,71.87,31.3307
7188,71.88,30.4637
7189,71.89,29.639
7190,71.9,28.883
7191,71.91,28.2166
7192,71.92,27.6538
7193,71.93,27.1998
7194,71.94,26.8502
7195,71.95,26.5912
7196,71.96,26.3999
7197,71.97,26.2472
7198,71.98,26.1008
7199,71.99,25.9281
7200,72,25.7005
7201,72.01,25.3951
7202,72.02,24.9972
7203,72.03,24.5005
7204,72.04,23.907
7205,72.05,23.2256
7206,72.06,22.4707
7207,72.07,21.6597
7208,72.08,20.8117
7209,72.09,19.9456
7210,72.1,19.0787
7211,72.11,18.2262
7212,72.12,17.4003
7213,72.13,16.6105
7214,72.14,15.8634
7215,72.15,15.1632
7216,72.16,14.5119
7217,72.17,13.91
7218,72.18,13.3566
7219,72.19,12.8504
7220,72.2,12.3895
7221,72.21,11.9722
7222,72.22,11.5971
7223,72.23,11.2632
7224,72.24,10.9705
7225,72.25,10.7195
7226,72.26,10.5121
7227,72.27,10.351
7228,72.28,10.2399
7229,72.29,10.1836
7230,72.3,10.1877
7231,72.31,10.2586
7232,72.32,10.4029
7233,72.33,10.6275
7234,72.34,10.9388
7235,72.35,11.3428
7236,72.36,11.8444
7237,72.37,12.4472
7238,72.38,13.1536
7239,72.39,13.9642
7240,72.4,14.8777
7241,72.41,15.8908
7242,72.42,16.9978
7243,72.43,18.1901
7244,72.44,19.4557
7245,72.45,20.7793
7246,72.46,22.1412
7247,72.47,23.518
7248,72.48,24.882
7249,72.49,26.2025
7250,72.5,27.4464
7251,72.51,28.5799
7252,72.52,29.5709
7253,72.53,30.391
7254,72.54,31.0179
7255,72.55,31.4371
7256,72.56,31.6438
7257,72.57,31.6429
7258,72.58,31.4485
7259,72.59,31.0826
7260,72.6,30.5731
7261,72.61,29.9516
7262,72.62,29.2509
7263,72.63,28.5031
7264,72.64,27.7384
7265,72.65,26.984
7266,72.66,26.2637
7267,72.67,25.5983
7268,72.68,25.0056
7269,72.69,24.5012
7270,72.7,24.099
7271,72.71,23.8116
7272,72.72,23.6498
7273,72.73,23.6229
7274,72.74,23.7371
7275,72.75,23.9946
7276,72.76,24.3921
7277,72.77,24.9189
7278,72.78,25.5564
7279,72.79,26.2776
7280,72.8,27.047
7281,72.81,27.8226
7282,72.82,28.5583
7283,72.83,29.2066
7284,72.84,29.7231
7285,72.85,30.07
7286,72.86,30.2195
7287,72.87,30.1565
7288,72.88,29.8792
7289,72.89,29.3987
7290,72.9,28.737
7291,72.91,27.9243
7292,72.92,26.9949
7293,72.93,25.9847
7294,72.94,24.9279
7295,72.95,23.8549
7296,72.96,22.7914
7297,72.97,21.7574
7298,72.98,20.7675
7299,72.99,19.8312
7300,73,18.9535
7301,73.01,18.1363
7302,73.02,17.3784
7303,73.03,16.6771
7304,73.04,16.0286
7305,73.05,15.4283
7306,73.06,14.8719
7307,73.07,14.3553
7308,73.08,13.8751
7309,73.09,13.4287
7310,73.1,13.0146
7311,73.11,12.6326
7312,73.12,12.2839
7313,73.13,11.9709
7314,73.14,11.6981
7315,73.15,11.4715
7316,73.16,11.299
7317,73.17,11.1905
7318,73.18,11.1569
7319,73.19,11.2104
7320,73.2,11.3627
7321,73.21,11.6247
7322,73.22,12.0047
7323,73.23,12.5072
7324,73.24,13.1324
7325,73.25,13.8752
7326,73.26,14.725
7327,73.27,15.6659
7328,73.28,16.6765
7329,73.29,17.7305
7330,73.3,18.7972
7331,73.31,19.8425
7332,73.32,20.8305
7333,73.33,21.7254
7334,73.34,22.4945
7335,73.35,23.1102
7336,73.36,23.5535
7337,73.37,23.8154
7338,73.38,23.8988
7339,73.39,23.8176
7340,73.4,23.5964
7341,73.41,23.2672
7342,73.42,22.867
7343,73.43,22.434
7344,73.44,22.0039
7345,73.45,21.6071
7346,73.46,21.2664
7347,73.47,20.995
7348,73.48,20.7968
7349,73.49,20.6666
7350,73.5,20.5919
7351,73.51,20.5549
7352,73.52,20.535
7353,73.53,20.511
7354,73.54,20.4631
7355,73.55,20.3744
7356,73.56,20.2321
7357,73.57,20.0279
7358,73.58,19.7583
7359,73.59,19.424
7360,73.6,19.0297
7361,73.61,18.583
7362,73.62,18.0935
7363,73.63,17.5724
7364,73.64,17.0309
7365,73.65,16.4801
7366,73.66,15.9304
7367,73.67,15.3912
7368,73.68,14.8703
7369,73.69,14.3746
7370,73.7,13.9096
7371,73.71,13.4796
7372,73.72,13.0882
7373,73.73,12.7382
7374,73.74,12.4322
7375,73.75,12.1723
7376,73.76,11.9607
7377,73.77,11.7999
7378,73.78,11.6923
7379,73.79,11.641
7380,73.8,11.6492
7381,73.81,11.7205
7382,73.82,11.8587
7383,73.83,12.0678
7384,73.84,12.352
7385,73.85,12.7152
7386,73.86,13.1611
7387,73.87,13.6934
7388,73.88,14.315
7389,73.89,15.0285
7390,73.9,15.8356
7391,73.91,16.7372
7392,73.92,17.7333
7393,73.93,18.8222
7394,73.94,20.0007
7395,73.95,21.2635
7396,73.96,22.6027
7397,73.97,24.0075
7398,73.98,25.4636
7399,73.99,26.9529
7400,74,28.4535
7401,74.01,29.9393
7402,74.02,31.3807
7403,74.03,32.7452
7404,74.04,33.9989
7405,74.05,35.1077
7406,74.06,36.0395
7407,74.07,36.7666
7408,74.08,37.2674
7409,74.09,37.5284
7410,74.1,37.5455
7411,74.11,37.3243
7412,74.12,36.8799
7413,74.13,36.2362
7414,74.14,35.424
7415,74.15,34.4793
7416,74.16,33.4415
7417,74.17,32.3514
7418,74.18,31.2491
7419,74.19,30.173
7420,74.2,29.1573
7421,74.21,28.2302
7422,74.22,27.4124
7423,74.23,26.7148
7424,74.24,26.1377
7425,74.25,25.6704
7426,74.26,25.2922
7427,74.27,24.9752
7428,74.28,24.6874
7429,74.29,24.3967
7430,74.3,24.0744
7431,74.31,23.6977
7432,74.32,23.2518
7433,74.33,22.7299
7434,74.34,22.1329
7435,74.35,21.4683
7436,74.36,20.7481
7437,74.37,19.9872
7438,74.38,19.2018
7439,74.39,18.4078
7440,74.4,17.6194
7441,74.41,16.8491
7442,74.42,16.1066
7443,74.43,15.3992
7444,74.44,14.7314
7445,74.45,14.1058
7446,74.46,13.5231
7447,74.47,12.9823
7448,74.48,12.4816
7449,74.49,12.0184
7450,74.5,11.5896
7451,74.51,11.1921
7452,74.52,10.8228
7453,74.53,10.4789
7454,74.54,10.1578
7455,74.55,9.85726
7456,74.56,9.5755
7457,74.57,9.31115
7458,74.58,9.06327
7459,74.59,8.83133
7460,74.6,8.61528
7461,74.61,8.41551
7462,74.62,8.23293
7463,74.63,8.06893
7464,74.64,7.92552
7465,74.65,7.8053
7466,74.66,7.71156
7467,74.67,7.6483
7468,74.68,7.62026
7469,74.69,7.63291
7470,74.7,7.69242
7471,74.71,7.80548
7472,74.72,7.97922
7473,74.73,8.22094
7474,74.74,8.53795
7475,74.75,8.93734
7476,74.76,9.42582
7477,74.77,10.0096
7478,74.78,10.6943
7479,74.79,11.4851
7480,74.8,12.3862
7481,74.81,13.4009
7482,74.82,14.5317
7483,74.83,15.779
7484,74.84,17.1415
7485,74.85,18.6148
7486,74.86,20.1907
7487,74.87,21.8566
7488,74.88,23.5943
7489,74.89,25.3789
7490,74.9,27.1791
7491,74.91,28.9565
7492,74.92,30.667
7493,74.93,32.2625
7494,74.94,33.6936
7495,74.95,34.9134
7496,74.96,35.8822
7497,74.97,36.5708
7498,74.98,36.9649
7499,74.99,37.066
7500,75,36.8917
7501,75.01,36.4741
7502,75.02,35.8559
7503,75.03,35.0864
7504,75.04,34.2174
7505,75.05,33.2991
7506,75.06,32.3775
7507,75.07,31.4927
7508,75.08,30.6784
7509,75.09,29.9612
7510,75.1,29.3624
7511,75.11,28.8978
7512,75.12,28.579
7513,75.13,28.4137
7514,75.14,28.4054
7515,75.15,28.5533
7516,75.16,28.8506
7517,75.17,29.2836
7518,75.18,29.8304
7519,75.19,30.4597
7520,75.2,31.1313
7521,75.21,31.7969
7522,75.22,32.4027
7523,75.23,32.8937
7524,75.24,33.2178
7525,75.25,33.3317
7526,75.26,33.2049
7527,75.27,32.8232
7528,75.28,32.1895
7529,75.29,31.3228
7530,75.3,30.2552
7531,75.31,29.0273
7532,75.32,27.6843
7533,75.33,26.2709
7534,75.34,24.8288
7535,75.35,23.3938
7536,75.36,21.9954
7537,75.37,20.656
7538,75.38,19.392
7539,75.39,18.2141
7540,75.4,17.1291
7541,75.41,16.1405
7542,75.42,15.2502
7543,75.43,14.4592
7544,75.44,13.7684
7545,75.45,13.1794
7546,75.46,12.6949
7547,75.47,12.318
7548,75.48,12.0525
7549,75.49,11.9018
7550,75.5,11.8679
7551,75.51,11.9502
7552,75.52,12.1451
7553,75.53,12.4449
7554,75.54,12.8385
7555,75.55,13.3109
7556,75.56,13.8445
7557,75.57,14.4194
7558,75.58,15.0144
7559,75.59,15.6076
7560,75.6,16.1775
7561,75.61,16.7034
7562,75.62,17.1671
7563,75.63,17.5526
7564,75.64,17.848
7565,75.65,18.0453
7566,75.66,18.1413
7567,75.67,18.1374
7568,75.68,18.0395
7569,75.69,17.8577
7570,75.7,17.6056
7571,75.71,17.2991
7572,75.72,16.9564
7573,75.73,16.5962
7574,75.74,16.2375
7575,75.75,15.8987
7576,75.76,15.5966
7577,75.77,15.3459
7578,75.78,15.1582
7579,75.79,15.0417
7580,75.8,15.0004
7581,75.81,15.0337
7582,75.82,15.1369
7583,75.83,15.3009
7584,75.84,15.5136
7585,75.85,15.76
7586,75.86,16.0241
7587,75.87,16.2892
7588,75.88,16.5395
7589,75.89,16.7604
7590,75.9,16.9396
7591,75.91,17.0676
7592,75.92,17.1376
7593,75.93,17.146
7594,75.94,17.092
7595,75.95,16.9774
7596,75.96,16.8062
7597,75.97,16.584
7598,75.98,16.3174
7599,75.99,16.014
7600,76,15.6811
7601,76.01,15.326
7602,76.02,14.9557
7603,76.03,14.5761
7604,76.04,14.1928
7605,76.05,13.8102
7606,76.06,13.4324
7607,76.07,13.0627
7608,76.08,12.7043
7609,76.09,12.3599
7610,76.1,12.0325
7611,76.11,11.7254
7612,76.12,11.4422
7613,76.13,11.1874
7614,76.14,10.9665
7615,76.15,10.7858
7616,76.16,10.6526
7617,76.17,10.5752
7618,76.18,10.5621
7619,76.19,10.6222
7620,76.2,10.7631
7621,76.21,10.9911
7622,76.22,11.3099
7623,76.23,11.7202
7624,76.24,12.2189
7625,76.25,12.7991
7626,76.26,13.4504
7627,76.27,14.1584
7628,76.28,14.906
7629,76.29,15.6731
7630,76.3,16.4376
7631,76.31,17.1763
7632,76.32,17.8657
7633,76.33,18.4834
7634,76.34,19.0091
7635,76.35,19.4264
7636,76.36,19.7239
7637,76.37,19.8957
7638,76.38,19.9427
7639,76.39,19.872
7640,76.4,19.6969
7641,76.41,19.4356
7642,76.42,19.1104
7643,76.43,18.7458
7644,76.44,18.3673
7645,76.45,17.9993
7646,76.46,17.6641
7647,76.47,17.3798
7648,76.48,17.1598
7649,76.49,17.0116
7650,76.5,16.9363
7651,76.51,16.9292
7652,76.52,16.9803
7653,76.53,17.0753
7654,76.54,17.1974
7655,76.55,17.3286
7656,76.56,17.4512
7657,76.57,17.549
7658,76.58,17.6085
7659,76.59,17.6192
7660,76.6,17.5744
7661,76.61,17.4707
7662,76.62,17.3083
7663,76.63,17.0901
7664,76.64,16.8214
7665,76.65,16.509
7666,76.66,16.1608
7667,76.67,15.7852
7668,76.68,15.3902
7669,76.69,14.9834
7670,76.7,14.5715
7671,76.71,14.1601
7672,76.72,13.754
7673,76.73,13.3565
7674,76.74,12.9702
7675,76.75,12.5968
7676,76.76,12.2369
7677,76.77,11.891
7678,76.78,11.5587
7679,76.79,11.2395
7680,76.8,10.9326
7681,76.81,10.6372
7682,76.82,10.3522
7683,76.83,10.0768
7684,76.84,9.81017
7685,76.85,9.55162
7686,76.86,9.30066
7687,76.87,9.057
7688,76.88,8.82068
7689,76.89,8.59207
7690,76.9,8.37197
7691,76.91,8.16175
7692,76.92,7.96344
7693,76.93,7.7799
7694,76.94,7.61499
7695,76.95,7.47371
7696,76.96,7.36236
7697,76.97,7.28851
7698,76.98,7.26097
7699,76.99,7.28935
7700,77,7.38348
7701,77.01,7.55252
7702,77.02,7.80387
7703,77.03,8.14225
7704,77.04,8.5688
7705,77.05,9.0806
7706,77.06,9.67051
7707,77.07,10.3271
7708,77.08,11.035
7709,77.09,11.775
7710,77.1,12.5244
7711,77.11,13.2584
7712,77.12,13.9505
7713,77.13,14.5745
7714,77.14,15.1063
7715,77.15,15.5264
7716,77.16,15.8218
7717,77.17,15.9878
7718,77.18,16.0289
7719,77.19,15.9587
7720,77.2,15.798
7721,77.21,15.5726
7722,77.22,15.3092
7723,77.23,15.0324
7724,77.24,14.761
7725,77.25,14.5065
7726,77.26,14.2727
7727,77.27,14.0564
7728,77.28,13.8501
7729,77.29,13.6439
7730,77.3,13.4282
7731,77.31,13.1952
7732,77.32,12.9397
7733,77.33,12.6595
7734,77.34,12.3551
7735,77.35,12.0293
7736,77.36,11.6866
7737,77.37,11.3326
7738,77.38,10.9732
7739,77.39,10.6146
7740,77.4,10.2626
7741,77.41,9.92242
7742,77.42,9.59883
7743,77.43,9.29576
7744,77.44,9.01649
7745,77.45,8.7637
7746,77.46,8.53951
7747,77.47,8.34565
7748,77.48,8.18355
7749,77.49,8.05442
7750,77.5,7.95941
7751,77.51,7.89969
7752,77.52,7.87646
7753,77.53,7.8911
7754,77.54,7.94512
7755,77.55,8.04024
7756,77.56,8.17838
7757,77.57,8.36163
7758,77.58,8.59231
7759,77.59,8.87291
7760,77.6,9.2061
7761,77.61,9.59476
7762,77.62,10.0419
7763,77.63,10.5508
7764,77.64,11.1248
7765,77.65,11.7676
7766,77.66,12.4827
7767,77.67,13.2741
7768,77.68,14.1455
7769,77.69,15.1006
7770,77.7,16.143
7771,77.71,17.2758
7772,77.72,18.5014
7773,77.73,19.8212
7774,77.74,21.2353
7775,77.75,22.7418
7776,77.76,24.3365
7777,77.77,26.0121
7778,77.78,27.7573
7779,77.79,29.5567
7780,77.8,31.3893
7781,77.81,33.2286
7782,77.82,35.0417
7783,77.83,36.79
7784,77.84,38.4293
7785,77.85,39.9114
7786,77.86,41.1858
7787,77.87,42.2031
7788,77.88,42.918
7789,77.89,43.2935
7790,77.9,43.3043
7791,77.91,42.9406
7792,77.92,42.2097
7793,77.93,41.137
7794,77.94,39.7642
7795,77.95,38.1469
7796,77.96,36.3496
7797,77.97,34.4401
7798,77.98,32.484
7799,77.99,30.5388
7800,78,28.6502
7801,78.01,26.8491
7802,78.02,25.152
7803,78.03,23.5628
7804,78.04,22.0763
7805,78.05,20.6822
7806,78.06,19.3687
7807,78.07,18.1252
7808,78.08,16.9441
7809,78.09,15.8209
7810,78.1,14.754
7811,78.11,13.7441
7812,78.12,12.7931
7813,78.13,11.9033
7814,78.14,11.0767
7815,78.15,10.3145
7816,78.16,9.61705
7817,78.17,8.98337
7818,78.18,8.41141
7819,78.19,7.89811
7820,78.2,7.43955
7821,78.21,7.03122
7822,78.22,6.66823
7823,78.23,6.34554
7824,78.24,6.05818
7825,78.25,5.8014
7826,78.26,5.57081
7827,78.27,5.36245
7828,78.28,5.17283
7829,78.29,4.99894
7830,78.3,4.83824
7831,78.31,4.68859
7832,78.32,4.54823
7833,78.33,4.41574
7834,78.34,4.28995
7835,78.35,4.16993
7836,78.36,4.05494
7837,78.37,3.94439
7838,78.38,3.83781
7839,78.39,3.73481
7840,78.4,3.63511
7841,78.41,3.53846
7842,78.42,3.44466
7843,78.43,3.35354
7844,78.44,3.26498
7845,78.45,3.17887
7846,78.46,3.0951
7847,78.47,3.01359
7848,78.48,2.93429
7849,78.49,2.85712
7850,78.5,2.78205
7851,78.51,2.70904
7852,78.52,2.63808
7853,78.53,2.56916
7854,78.54,2.50231
7855,78.55,2.43759
7856,78.56,2.37508
7857,78.57,2.31492
7858,78.58,2.25733
7859,78.59,2.20259
7860,78.6,2.15109
7861,78.61,2.10338
7862,78.62,2.06016
7863,78.63,2.02235
7864,78.64,1.99115
7865,78.65,1.96805
7866,78.66,1.95489
7867,78.67,1.95389
7868,78.68,1.96763
7869,78.69,1.99902
7870,78.7,2.05117
7871,78.71,2.12734
7872,78.72,2.23068
7873,78.73,2.36418
7874,78.74,2.53049
7875,78.75,2.7319
7876,78.76,2.97028
7877,78.77,3.24704
7878,78.78,3.56304
7879,78.79,3.91851
7880,78.8,4.31279
7881,78.81,4.74405
7882,78.82,5.20892
7883,78.83,5.70207
7884,78.84,6.21577
7885,78.85,6.73957
7886,78.86,7.26012
7887,78.87,7.76136
7888,78.88,8.22523
7889,78.89,8.63298
7890,78.9,8.96711
7891,78.91,9.21369
7892,78.92,9.36472
7893,78.93,9.41968
7894,78.94,9.38577
7895,78.95,9.27628
7896,78.96,9.10745
7897,78.97,8.89482
7898,78.98,8.65019
7899,78.99,8.38047
7900,79,8.08842
7901,79.01,7.77457
7902,79.02,7.43931
7903,79.03,7.08435
7904,79.04,6.71314
7905,79.05,6.3307
7906,79.06,5.94295
7907,79.07,5.55604
7908,79.08,5.17577
7909,79.09,4.80722
7910,79.1,4.45457
7911,79.11,4.12103
7912,79.12,3.80893
7913,79.13,3.51982
7914,79.14,3.25462
7915,79.15,3.01373
7916,79.16,2.79721
7917,79.17,2.60487
7918,79.18,2.43638
7919,79.19,2.29133
7920,79.2,2.1693
7921,79.21,2.06987
7922,79.22,1.99262
7923,79.23,1.93709
7924,79.24,1.90275
7925,79.25,1.88894
7926,79.26,1.89487
7927,79.27,1.91962
7928,79.28,1.96212
7929,79.29,2.02125
7930,79.3,2.0958
7931,79.31,2.18455
7932,79.32,2.28629
7933,79.33,2.3998
7934,79.34,2.52384
7935,79.35,2.65713
7936,79.36,2.79832
7937,79.37,2.94596
7938,79.38,3.09845
7939,79.39,3.25401
7940,79.4,3.41063
7941,79.41,3.56611
7942,79.42,3.71798
7943,79.43,3.86355
7944,79.44,3.99997
7945,79.45,4.12425
7946,79.46,4.23339
7947,79.47,4.32452
7948,79.48,4.39508
7949,79.49,4.44302
7950,79.5,4.46702
7951,79.51,4.46678
7952,79.52,4.44317
7953,79.53,4.39841
7954,79.54,4.33607
7955,79.55,4.261
7956,79.56,4.17896
7957,79.57,4.09608
7958,79.58,4.0182
7959,79.59,3.95004
7960,79.6,3.89456
7961,79.61,3.85252
7962,79.62,3.8225
7963,79.63,3.80131
7964,79.64,3.78467
7965,79.65,3.76799
7966,79.66,3.74705
7967,79.67,3.71847
7968,79.68,3.67997
7969,79.69,3.6304
7970,79.7,3.56968
7971,79.71,3.49857
7972,79.72,3.41847
7973,79.73,3.33123
7974,79.74,3.2389
7975,79.75,3.14359
7976,79.76,3.04738
7977,79.77,2.95217
7978,79.78,2.85971
7979,79.79,2.7715
7980,79.8,2.68887
7981,79.81,2.61296
7982,79.82,2.54477
7983,79.83,2.4852
7984,79.84,2.43508
7985,79.85,2.39521
7986,79.86,2.3664
7987,79.87,2.34945
7988,79.88,2.34518
7989,79.89,2.3544
7990,79.9,2.37789
7991,79.91,2.41636
7992,79.92,2.47044
7993,79.93,2.54063
7994,79.94,2.62729
7995,79.95,2.7306
7996,79.96,2.85061
7997,79.97,2.98718
7998,79.98,3.14
7999,79.99,3.30858
