i,x,y,z
0,1.01257,1.25988,0.99144
1,1.04882,1.52386,0.985992
2,1.10718,1.798,0.984174
3,1.1868,2.08797,0.986726
4,1.28743,2.39922,0.99464
5,1.40934,2.73712,1.0092
6,1.55332,3.10708,1.03203
7,1.72057,3.51466,1.06521
8,1.91275,3.96562,1.11134
9,2.1319,4.46604,1.17368
10,2.38046,5.0223,1.25634
11,2.66128,5.64113,1.36444
12,2.97757,6.32956,1.50439
13,3.33293,7.09483,1.68415
14,3.73132,7.94427,1.91361
15,4.17699,8.88498,2.20495
16,4.67445,9.9235,2.57316
17,5.22836,11.0651,3.03643
18,5.84333,12.3132,3.61674
19,6.52371,13.6678,4.3402
20,7.27325,15.1243,5.23736
21,8.09456,16.6714,6.34308
22,8.98853,18.2883,7.69594
23,9.95341,19.9424,9.33664
24,10.9838,21.5859,11.3052
25,12.0695,23.153,13.6365
26,13.1939,24.5583,16.3536
27,14.333,25.6974,19.4593
28,15.4545,26.4512,22.9265
29,16.5173,26.6956,26.6884
30,17.4728,26.3161,30.6322
31,18.2676,25.2285,34.5996
32,18.8474,23.4,38.3966
33,19.1633,20.866,41.8152
34,19.178,17.7367,44.6627
35,18.8717,14.1876,46.7939
36,18.2451,10.4355,48.1346
37,17.3204,6.70434,48.692
38,16.1379,3.19258,48.5465
39,14.7506,0.0486352,47.8306
40,13.2177,-2.63936,46.7013
41,11.5984,-4.84063,45.3145
42,9.94675,-6.56994,43.8069
43,8.30882,-7.87222,42.2858
44,6.72108,-8.80795,40.8277
45,5.21049,-9.44175,39.4806
46,3.79545,-9.83486,38.2698
47,2.48708,-10.0411,37.2038
48,1.29079,-10.1053,36.2798
49,0.207621,-10.0633,35.4876
50,-0.764507,-9.94325,34.8135
51,-1.62981,-9.76646,34.2418
52,-2.39387,-9.54911,33.757
53,-3.06307,-9.30334,33.3439
54,-3.64422,-9.03831,32.9888
55,-4.14419,-8.76101,32.6792
56,-4.56983,-8.47686,32.4044
57,-4.92777,-8.19022,32.155
58,-5.2244,-7.90465,31.923
59,-5.4658,-7.62315,31.702
60,-5.65774,-7.3483,31.4867
61,-5.80567,-7.08234,31.2728
62,-5.91473,-6.82724,31.0572
63,-5.98973,-6.58467,30.8375
64,-6.03517,-6.35606,30.6121
65,-6.05526,-6.14261,30.38
66,-6.05389,-5.94526,30.1407
67,-6.03468,-5.76472,29.8942
68,-6.00096,-5.60147,29.6409
69,-5.95576,-5.45582,29.3811
70,-5.90185,-5.32785,29.1158
71,-5.84175,-5.21751,28.8457
72,-5.77771,-5.12461,28.5719
73,-5.71176,-5.04882,28.2953
74,-5.64569,-4.98975,28.0172
75,-5.58107,-4.94692,27.7384
76,-5.51929,-4.91983,27.4602
77,-5.46155,-4.90794,27.1834
78,-5.40888,-4.91069,26.9092
79,-5.36218,-4.92754,26.6386
80,-5.32218,-4.95796,26.3725
81,-5.28953,-5.00146,26.1118
82,-5.26473,-5.05754,25.8574
83,-5.24822,-5.12577,25.6103
84,-5.24034,-5.20573,25.3713
85,-5.24137,-5.29703,25.1413
86,-5.25153,-5.39934,24.9212
87,-5.27098,-5.51231,24.7119
88,-5.29983,-5.63562,24.5141
89,-5.33816,-5.76898,24.329
90,-5.386,-5.91207,24.1572
91,-5.44337,-6.06457,23.9998
92,-5.51023,-6.22615,23.8578
93,-5.58653,-6.39641,23.732
94,-5.67217,-6.57493,23.6235
95,-5.76703,-6.76122,23.5333
96,-5.87095,-6.9547,23.4623
97,-5.9837,-7.15469,23.4117
98,-6.10505,-7.36042,23.3824
99,-6.23466,-7.57096,23.3755
100,-6.37217,-7.78526,23.3918
101,-6.51712,-8.00211,23.4323
102,-6.66898,-8.2201,23.4978
103,-6.82712,-8.43765,23.589
104,-6.99082,-8.65301,23.7065
105,-7.15926,-8.86421,23.8506
106,-7.33148,-9.06911,24.0217
107,-7.50641,-9.26537,24.2195
108,-7.68285,-9.45051,24.4437
109,-7.85948,-9.62192,24.6936
110,-8.03483,-9.77689,24.968
111,-8.20734,-9.9127,25.2654
112,-8.37532,-10.0266,25.5838
113,-8.537,-10.1161,25.9207
114,-8.69051,-10.1786,26.2731
115,-8.83397,-10.212,26.6377
116,-8.96548,-10.2145,27.0105
117,-9.08316,-10.1847,27.3873
118,-9.18521,-10.1219,27.7636
119,-9.26996,-10.0258,28.1346
120,-9.3359,-9.89669,28.4954
121,-9.38173,-9.73581,28.8411
122,-9.40642,-9.54486,29.167
123,-9.40923,-9.32628,29.4686
124,-9.38975,-9.08306,29.742
125,-9.34793,-8.81873,29.9836
126,-9.28407,-8.5372,30.1905
127,-9.19883,-8.24268,30.3606
128,-9.09323,-7.93952,30.4922
129,-8.96859,-7.63209,30.5847
130,-8.82651,-7.32465,30.6379
131,-8.66887,-7.02123,30.6525
132,-8.49769,-6.72552,30.6296
133,-8.31518,-6.44083,30.571
134,-8.12359,-6.17002,30.4787
135,-7.92523,-5.91543,30.3551
136,-7.72238,-5.67896,30.203
137,-7.51727,-5.462,30.025
138,-7.31202,-5.26551,29.8241
139,-7.10861,-5.09005,29.603
140,-6.90889,-4.93582,29.3646
141,-6.71452,-4.8027,29.1113
142,-6.52699,-4.69037,28.8459
143,-6.3476,-4.59827,28.5705
144,-6.17747,-4.52573,28.2875
145,-6.01754,-4.47196,27.9988
146,-5.86859,-4.43615,27.7064
147,-5.73123,-4.41742,27.4118
148,-5.60596,-4.41494,27.1167
149,-5.49313,-4.42789,26.8226
150,-5.39298,-4.45549,26.5307
151,-5.30567,-4.49702,26.2423
152,-5.23126,-4.55185,25.9586
153,-5.16978,-4.61939,25.6806
154,-5.12116,-4.69912,25.4093
155,-5.08533,-4.79061,25.1458
156,-5.06218,-4.89348,24.8911
157,-5.05155,-5.00741,24.6459
158,-5.05329,-5.13212,24.4114
159,-5.06726,-5.26738,24.1885
160,-5.09326,-5.41298,23.978
161,-5.13114,-5.56875,23.7811
162,-5.18073,-5.7345,23.5986
163,-5.24184,-5.91004,23.4317
164,-5.31431,-6.09515,23.2813
165,-5.39795,-6.28958,23.1486
166,-5.49257,-6.493,23.0348
167,-5.59796,-6.70501,22.9409
168,-5.7139,-6.92513,22.8682
169,-5.84011,-7.15273,22.818
170,-5.97631,-7.38707,22.7914
171,-6.12214,-7.62722,22.7897
172,-6.27718,-7.87209,22.8141
173,-6.44094,-8.12037,22.8658
174,-6.61286,-8.37052,22.9459
175,-6.79223,-8.62077,23.0553
176,-6.97828,-8.8691,23.195
177,-7.17006,-9.1132,23.3655
178,-7.36652,-9.35053,23.5673
179,-7.56643,-9.57829,23.8004
180,-7.7684,-9.79344,24.0646
181,-7.97089,-9.99276,24.3591
182,-8.17218,-10.1729,24.6827
183,-8.37038,-10.3303,25.0338
184,-8.56347,-10.4617,25.4099
185,-8.74928,-10.5636,25.8081
186,-8.92556,-10.633,26.2247
187,-9.08998,-10.667,26.6557
188,-9.24019,-10.6634,27.0961
189,-9.37385,-10.6203,27.5406
190,-9.48876,-10.5369,27.9835
191,-9.58281,-10.4128,28.4189
192,-9.65417,-10.2487,28.8404
193,-9.70125,-10.0462,29.2421
194,-9.72281,-9.80775,29.618
195,-9.71802,-9.53665,29.9628
196,-9.68648,-9.237,30.2716
197,-9.62822,-8.9135,30.5402
198,-9.54378,-8.57137,30.7655
199,-9.43414,-8.21608,30.945
200,-9.30071,-7.85323,31.0776
201,-9.14531,-7.48834,31.1628
202,-8.97009,-7.12667,31.2011
203,-8.77748,-6.77307,31.1938
204,-8.57011,-6.43188,31.1431
205,-8.35077,-6.10683,31.0515
206,-8.12227,-5.80101,30.9221
207,-7.88745,-5.51683,30.7581
208,-7.64905,-5.25607,30.5632
209,-7.40971,-5.01988,30.3409
210,-7.17188,-4.80889,30.0946
211,-6.93783,-4.62323,29.828
212,-6.7096,-4.46264,29.5441
213,-6.489,-4.32653,29.246
214,-6.27759,-4.21409,28.9366
215,-6.0767,-4.1243,28.6185
216,-5.88744,-4.05605,28.2939
217,-5.71069,-4.00818,27.965
218,-5.54714,-3.9795,27.6337
219,-5.3973,-3.96885,27.3017
220,-5.26154,-3.97515,26.9705
221,-5.14008,-3.99736,26.6416
222,-5.03302,-4.03455,26.3162
223,-4.94037,-4.0859,25.9954
224,-4.86209,-4.15067,25.6804
225,-4.79804,-4.22825,25.3722
226,-4.74807,-4.31812,25.0716
227,-4.71199,-4.41985,24.7797
228,-4.68957,-4.53311,24.4972
229,-4.68062,-4.65764,24.2252
230,-4.68491,-4.79327,23.9646
231,-4.70222,-4.93986,23.7161
232,-4.73237,-5.09733,23.4808
233,-4.77515,-5.26563,23.2596
234,-4.83041,-5.44472,23.0536
235,-4.89797,-5.63458,22.8639
236,-4.97768,-5.83514,22.6914
237,-5.06941,-6.04633,22.5375
238,-5.17302,-6.26799,22.4034
239,-5.28836,-6.49991,22.2903
240,-5.41527,-6.74176,22.1997
241,-5.55359,-6.9931,22.133
242,-5.7031,-7.25333,22.0916
243,-5.86354,-7.52166,22.0772
244,-6.03461,-7.7971,22.0911
245,-6.2159,-8.07842,22.1351
246,-6.40693,-8.3641,22.2105
247,-6.60711,-8.65234,22.3189
248,-6.81571,-8.941,22.4615
249,-7.03185,-9.22761,22.6396
250,-7.25448,-9.50932,22.8539
251,-7.48237,-9.78293,23.1052
252,-7.71408,-10.0449,23.3937
253,-7.94795,-10.2914,23.7191
254,-8.1821,-10.5181,24.0805
255,-8.41442,-10.7209,24.4764
256,-8.64258,-10.8952,24.9047
257,-8.86407,-11.0366,25.3624
258,-9.07616,-11.1407,25.8454
259,-9.27601,-11.2036,26.3491
260,-9.46069,-11.2218,26.8679
261,-9.62726,-11.1926,27.3955
262,-9.77281,-11.1139,27.9247
263,-9.89459,-10.9849,28.4482
264,-9.99007,-10.8058,28.958
265,-10.0571,-10.5781,29.4463
266,-10.0938,-10.3044,29.9053
267,-10.0988,-9.98884,30.328
268,-10.0716,-9.63631,30.7077
269,-10.0118,-9.25282,31.0391
270,-9.92005,-8.84505,31.3177
271,-9.7973,-8.42012,31.5404
272,-9.64526,-7.98535,31.7056
273,-9.46614,-7.54795,31.8127
274,-9.26258,-7.11477,31.8625
275,-9.03764,-6.6921,31.857
276,-8.79462,-6.28548,31.7989
277,-8.53699,-5.8996,31.6919
278,-8.26832,-5.53824,31.54
279,-7.99214,-5.20424,31.3477
280,-7.71186,-4.89957,31.1195
281,-7.43073,-4.62536,30.8601
282,-7.15175,-4.38204,30.5739
283,-6.87765,-4.1694,30.2653
284,-6.61085,-3.98675,29.9381
285,-6.35348,-3.833,29.596
286,-6.1073,-3.70679,29.2424
287,-5.87382,-3.60658,28.88
288,-5.6542,-3.53072,28.5117
289,-5.44938,-3.47755,28.1396
290,-5.26002,-3.44542,27.7657
291,-5.08658,-3.43278,27.3919
292,-4.92932,-3.43816,27.0198
293,-4.78836,-3.46024,26.6505
294,-4.66367,-3.49782,26.2855
295,-4.55514,-3.54988,25.9257
296,-4.46254,-3.61553,25.5722
297,-4.38564,-3.69403,25.2258
298,-4.32412,-3.7848,24.8874
299,-4.27767,-3.88739,24.5579
300,-4.24595,-4.00145,24.238
301,-4.22866,-4.12677,23.9284
302,-4.22548,-4.26323,23.6301
303,-4.23612,-4.41081,23.3438
304,-4.26033,-4.56953,23.0703
305,-4.29789,-4.7395,22.8106
306,-4.3486,-4.92086,22.5656
307,-4.41229,-5.11378,22.3363
308,-4.48886,-5.31844,22.1238
309,-4.57818,-5.53501,21.9293
310,-4.6802,-5.76364,21.7539
311,-4.79485,-6.00442,21.5991
312,-4.9221,-6.25737,21.4662
313,-5.06189,-6.52242,21.3569
314,-5.21418,-6.79936,21.2728
315,-5.3789,-7.08781,21.2157
316,-5.55592,-7.38722,21.1873
317,-5.74509,-7.69677,21.1897
318,-5.94616,-8.01539,21.2248
319,-6.1588,-8.34167,21.2946
320,-6.38256,-8.67384,21.4012
321,-6.61683,-9.00974,21.5464
322,-6.86085,-9.34674,21.7322
323,-7.11365,-9.68174,21.9602
324,-7.37403,-10.0111,22.2316
325,-7.64054,-10.3308,22.5476
326,-7.91145,-10.6361,22.9084
327,-8.18474,-10.9219,23.314
328,-8.45806,-11.1828,23.7633
329,-8.72875,-11.413,24.2544
330,-8.99386,-11.6065,24.7844
331,-9.25014,-11.7573,25.3492
332,-9.4941,-11.8599,25.9436
333,-9.72205,-11.909,26.5611
334,-9.93021,-11.9002,27.194
335,-10.1148,-11.8301,27.8337
336,-10.2721,-11.6968,28.4705
337,-10.3986,-11.4996,29.0944
338,-10.4913,-11.2399,29.6949
339,-10.5476,-10.9205,30.2617
340,-10.5654,-10.5463,30.785
341,-10.5434,-10.1235,31.256
342,-10.4814,-9.65999,31.6672
343,-10.3794,-9.16464,32.0126
344,-10.2389,-8.64699,32.2881
345,-10.0619,-8.11687,32.4914
346,-9.85098,-7.58399,32.622
347,-9.60969,-7.0575,32.6814
348,-9.34191,-6.54571,32.6724
349,-9.05192,-6.05581,32.599
350,-8.74421,-5.59374,32.4666
351,-8.42335,-5.16411,32.2806
352,-8.09384,-4.77019,32.0474
353,-7.76002,-4.41401,31.773
354,-7.42594,-4.09648,31.4635
355,-7.0953,-3.81753,31.1247
356,-6.77142,-3.57632,30.7619
357,-6.45717,-3.37138,30.3801
358,-6.155,-3.20082,29.9835
359,-5.86694,-3.06243,29.576
360,-5.59457,-2.95385,29.1608
361,-5.33914,-2.87266,28.7409
362,-5.10152,-2.8165,28.3187
363,-4.88228,-2.78308,27.8962
364,-4.68174,-2.7703,27.4751
365,-4.49999,-2.77621,27.057
366,-4.33693,-2.7991,26.6431
367,-4.19232,-2.83746,26.2344
368,-4.06583,-2.89,25.8319
369,-3.95701,-2.95564,25.4364
370,-3.86539,-3.03351,25.0486
371,-3.79046,-3.12294,24.6692
372,-3.73171,-3.22342,24.2988
373,-3.68864,-3.33462,23.938
374,-3.66075,-3.45636,23.5875
375,-3.64762,-3.58856,23.2478
376,-3.64882,-3.73131,22.9196
377,-3.664,-3.88476,22.6035
378,-3.69288,-4.04917,22.3004
379,-3.73519,-4.22486,22.0108
380,-3.79076,-4.41222,21.7358
381,-3.85945,-4.61168,21.4762
382,-3.94119,-4.8237,21.2331
383,-4.03595,-5.04876,21.0075
384,-4.14376,-5.28731,20.8008
385,-4.26469,-5.53979,20.6142
386,-4.39882,-5.8066,20.4492
387,-4.54629,-6.08804,20.3076
388,-4.70722,-6.38432,20.1911
389,-4.88175,-6.69551,20.1017
390,-5.07001,-7.02149,20.0415
391,-5.27207,-7.36191,20.0128
392,-5.48797,-7.71617,20.0181
393,-5.71768,-8.0833,20.0599
394,-5.96103,-8.46196,20.141
395,-6.21774,-8.85034,20.264
396,-6.48736,-9.24608,20.4319
397,-6.76923,-9.64627,20.6473
398,-7.06242,-10.0473,20.9128
399,-7.36575,-10.4448,21.2306
400,-7.67767,-10.8338,21.6028
401,-7.99627,-11.2084,22.0304
402,-8.31924,-11.562,22.5141
403,-8.64383,-11.8874,23.0532
404,-8.96681,-12.1768,23.6462
405,-9.28452,-12.4219,24.2898
406,-9.59285,-12.6145,24.9794
407,-9.88729,-12.7465,25.7084
408,-10.163,-12.8104,26.4685
409,-10.4151,-12.7996,27.2498
410,-10.6383,-12.7093,28.0406
411,-10.8276,-12.5361,28.8278
412,-10.9785,-12.2794,29.5974
413,-11.0865,-11.9408,30.3353
414,-11.1483,-11.5247,31.0271
415,-11.1611,-11.0382,31.6596
416,-11.1233,-10.4906,32.221
417,-11.0346,-9.89341,32.7017
418,-10.8956,-9.25957,33.0944
419,-10.7082,-8.60273,33.3947
420,-10.4757,-7.93672,33.6009
421,-10.2019,-7.2748,33.7143
422,-9.89199,-6.6291,33.7382
423,-9.55129,-6.01019,33.6784
424,-9.18578,-5.42675,33.5418
425,-8.80152,-4.88543,33.3365
426,-8.40455,-4.39087,33.0712
427,-8.00067,-3.9458,32.7546
428,-7.59531,-3.55124,32.3952
429,-7.19341,-3.20677,32.0008
430,-6.79934,-2.91083,31.5788
431,-6.41686,-2.66096,31.1355
432,-6.0491,-2.45412,30.6766
433,-5.6986,-2.28688,30.2068
434,-5.36732,-2.15566,29.7301
435,-5.05666,-2.05685,29.25
436,-4.7676,-1.98697,28.769
437,-4.50066,-1.94274,28.2893
438,-4.25602,-1.92112,27.8128
439,-4.0336,-1.91939,27.3408
440,-3.83304,-1.93516,26.8743
441,-3.65382,-1.96634,26.4144
442,-3.49531,-2.01117,25.9617
443,-3.35674,-2.06817,25.5167
444,-3.23732,-2.13617,25.08
445,-3.13623,-2.21424,24.6519
446,-3.05265,-2.3017,24.2329
447,-2.98578,-2.39808,23.8233
448,-2.93487,-2.5031,23.4233
449,-2.8992,-2.61665,23.0334
450,-2.87816,-2.73879,22.6538
451,-2.87116,-2.8697,22.285
452,-2.87772,-3.00969,21.9273
453,-2.89743,-3.15917,21.5813
454,-2.92997,-3.31864,21.2473
455,-2.9751,-3.48871,20.9261
456,-3.03265,-3.67001,20.6181
457,-3.10256,-3.86329,20.3242
458,-3.18481,-4.06931,20.0451
459,-3.27949,-4.28887,19.7819
460,-3.38675,-4.52284,19.5356
461,-3.50679,-4.77204,19.3073
462,-3.6399,-5.03735,19.0984
463,-3.7864,-5.31958,18.9106
464,-3.94667,-5.61953,18.7455
465,-4.12111,-5.9379,18.605
466,-4.31017,-6.27531,18.4915
467,-4.51429,-6.63219,18.4072
468,-4.73389,-7.0088,18.3549
469,-4.9694,-7.40514,18.3376
470,-5.22115,-7.82085,18.3585
471,-5.48941,-8.25518,18.4211
472,-5.77433,-8.70687,18.5293
473,-6.07588,-9.17405,18.6869
474,-6.39384,-9.6541,18.898
475,-6.72772,-10.1436,19.1669
476,-7.07668,-10.6381,19.4975
477,-7.43953,-11.1322,19.8938
478,-7.81458,-11.6192,20.3592
479,-8.19962,-12.0912,20.8962
480,-8.59185,-12.5391,21.5065
481,-8.9878,-12.9526,22.1904
482,-9.3833,-13.3204,22.9464
483,-9.77348,-13.6305,23.7707
484,-10.1527,-13.8704,24.6574
485,-10.5148,-14.0278,25.5974
486,-10.853,-14.0915,26.5791
487,-11.1601,-14.0515,27.5876
488,-11.4288,-13.9005,28.6057
489,-11.6521,-13.6342,29.6139
490,-11.8231,-13.2523,30.5914
491,-11.9361,-12.7584,31.5169
492,-11.9862,-12.161,32.3698
493,-11.9702,-11.4725,33.1316
494,-11.8865,-10.7089,33.7865
495,-11.7351,-9.88933,34.3227
496,-11.5183,-9.03421,34.733
497,-11.2399,-8.16455,35.0145
498,-10.9053,-7.30058,35.1691
499,-10.5214,-6.46066,35.2025
500,-10.0959,-5.66049,35.1239
501,-9.63716,-4.91262,34.9446
502,-9.15384,-4.22619,34.6774
503,-8.65441,-3.60702,34.3357
504,-8.14697,-3.05787,33.9326
505,-7.63895,-2.57886,33.4806
506,-7.13702,-2.168,32.9909
507,-6.64691,-1.82167,32.4735
508,-6.17341,-1.53515,31.9367
509,-5.72039,-1.30303,31.3877
510,-5.29078,-1.11959,30.832
511,-4.88672,-0.979072,30.2742
512,-4.5096,-0.875934,29.7177
513,-4.16014,-0.804959,29.1652
514,-3.83855,-0.761374,28.6186
515,-3.54456,-0.740897,28.0793
516,-3.27756,-0.739763,27.5482
517,-3.03666,-0.754712,27.0261
518,-2.82078,-0.782974,26.5131
519,-2.62867,-0.822235,26.0098
520,-2.45904,-0.870597,25.516
521,-2.31053,-0.92654,25.0319
522,-2.1818,-0.988879,24.5575
523,-2.07152,-1.05673,24.0928
524,-1.97843,-1.12945,23.6376
525,-1.90134,-1.20665,23.1919
526,-1.83914,-1.28811,22.7558
527,-1.79081,-1.3738,22.3291
528,-1.75545,-1.46381,21.9118
529,-1.73223,-1.55837,21.504
530,-1.72046,-1.65782,21.1057
531,-1.71952,-1.7626,20.7168
532,-1.72892,-1.87322,20.3376
533,-1.74826,-1.9903,19.9682
534,-1.77725,-2.11449,19.6086
535,-1.81566,-2.24654,19.259
536,-1.8634,-2.38725,18.9199
537,-1.92044,-2.53749,18.5913
538,-1.98685,-2.6982,18.2738
539,-2.06277,-2.87036,17.9678
540,-2.14846,-3.05504,17.6737
541,-2.24421,-3.25335,17.3923
542,-2.35043,-3.46649,17.1243
543,-2.46759,-3.6957,16.8706
544,-2.59625,-3.94228,16.6323
545,-2.73702,-4.20758,16.4105
546,-2.8906,-4.49301,16.2067
547,-3.05777,-4.8,16.0226
548,-3.23934,-5.12998,15.86
549,-3.4362,-5.48438,15.7213
550,-3.64929,-5.86458,15.609
551,-3.87958,-6.27186,15.526
552,-4.12808,-6.70736,15.4758
553,-4.39577,-7.17199,15.4621
554,-4.68364,-7.66633,15.4894
555,-4.9926,-8.19053,15.5624
556,-5.32348,-8.74418,15.6866
557,-5.67693,-9.32612,15.868
558,-6.05342,-9.93423,16.113
559,-6.45309,-10.5653,16.4286
560,-6.8757,-11.2145,16.8219
561,-7.32051,-11.8757,17.3003
562,-7.78616,-12.5405,17.8709
563,-8.27052,-13.1984,18.5403
564,-8.77055,-13.8365,19.314
565,-9.28217,-14.4397,20.1957
566,-9.8001,-14.9903,21.1868
567,-10.3178,-15.4685,22.2851
568,-10.8274,-15.853,23.4845
569,-11.3196,-16.1219,24.774
570,-11.7842,-16.254,26.137
571,-12.2097,-16.2301,27.5509
572,-12.5842,-16.0348,28.988
573,-12.8959,-15.6586,30.4156
574,-13.1331,-15.0992,31.7977
575,-13.286,-14.3626,33.0973
576,-13.3461,-13.4639,34.2788
577,-13.3082,-12.4265,35.3104
578,-13.1696,-11.2808,36.1667
579,-12.9313,-10.0622,36.8308
580,-12.5977,-8.80832,37.2948
581,-12.1764,-7.55615,37.5603
582,-11.6775,-6.33955,37.6371
583,-11.1132,-5.18718,37.5419
584,-10.4969,-4.12126,37.296
585,-9.8427,-3.15712,36.9234
586,-9.16429,-2.30332,36.4487
587,-8.47466,-1.56252,35.8952
588,-7.78554,-0.932443,35.2843
589,-7.10717,-0.407132,34.6346
590,-6.4481,0.0219198,33.9614
591,-5.81517,0.364723,33.277
592,-5.21359,0.631947,32.5906
593,-4.64706,0.834265,31.9094
594,-4.1179,0.981898,31.238
595,-3.62731,1.08431,30.5798
596,-3.1755,1.15005,29.9366
597,-2.7619,1.18666,29.3095
598,-2.38531,1.20067,28.6987
599,-2.04409,1.19769,28.1042
600,-1.73625,1.18241,27.5254
601,-1.4596,1.15874,26.9619
602,-1.2118,1.12989,26.4129
603,-0.990465,1.09845,25.8778
604,-0.793228,1.06649,25.3558
605,-0.617759,1.03565,24.8464
606,-0.461817,1.00718,24.349
607,-0.323268,0.982059,23.863
608,-0.200104,0.960999,23.388
609,-0.0904454,0.94453,22.9235
610,0.0074484,0.933031,22.4692
611,0.0951836,0.926766,22.0247
612,0.174234,0.925921,21.5899
613,0.24595,0.930621,21.1643
614,0.31156,0.940961,20.7478
615,0.372186,0.957017,20.3402
616,0.42885,0.978865,19.9413
617,0.482485,1.00659,19.5509
618,0.533943,1.0403,19.1689
619,0.584008,1.08014,18.7952
620,0.633402,1.12628,18.4297
621,0.6828,1.17894,18.0723
622,0.732834,1.23837,17.7229
623,0.784103,1.30491,17.3815
624,0.837184,1.37893,17.0481
625,0.892637,1.46087,16.7227
626,0.951013,1.55122,16.4053
627,1.01286,1.65058,16.096
628,1.07874,1.75959,15.7949
629,1.14922,1.87897,15.5022
630,1.22489,2.00955,15.2181
631,1.30636,2.15223,14.9428
632,1.39429,2.308,14.6767
633,1.48934,2.47798,14.4203
634,1.59226,2.66336,14.1739
635,1.70383,2.86546,13.9384
636,1.82488,3.08572,13.7143
637,1.95631,3.32568,13.5027
638,2.09909,3.58701,13.3047
639,2.25425,3.87149,13.1216
640,2.42292,4.18102,12.955
641,2.60628,4.51761,12.8067
642,2.80562,4.88334,12.679
643,3.02229,5.28036,12.5745
644,3.25773,5.71086,12.4963
645,3.51343,6.17699,12.4481
646,3.79097,6.6808,12.434
647,4.09194,7.22416,12.459
648,4.41795,7.80862,12.5289
649,4.77059,8.43526,12.6502
650,5.15136,9.10446,12.8303
651,5.56163,9.81569,13.0779
652,6.0025,10.5671,13.4024
653,6.47473,11.3553,13.814
654,6.97861,12.1748,14.3241
655,7.51371,13.0174,14.9443
656,8.07876,13.8721,15.6864
657,8.67137,14.724,16.5618
658,9.28777,15.5543,17.5805
659,9.92257,16.3399,18.7499
660,10.5685,17.0534,20.0736
661,11.216,17.6632,21.5498
662,11.8536,18.1353,23.1694
663,12.4674,18.4339,24.9149
664,13.0413,18.5249,26.7583
665,13.5581,18.3784,28.6619
666,13.9992,17.9722,30.578
667,14.3467,17.2958,32.4514
668,14.5838,16.3529,34.2227
669,14.6964,15.163,35.8332
670,14.6745,13.7614,37.23
671,14.513,12.197,38.3711
672,14.2125,10.5276,39.2291
673,13.7791,8.8153,39.7938
674,13.2244,7.12041,40.0715
675,12.5642,5.49645,40.0833
676,11.8175,3.98652,39.8615
677,11.005,2.62137,39.4447
678,10.1477,1.41913,38.8744
679,9.2658,0.386482,38.1906
680,8.37765,-0.479333,37.4297
681,7.49932,-1.18808,36.6225
682,6.64415,-1.75417,35.7939
683,5.82272,-2.19457,34.963
684,5.0429,-2.52712,34.1436
685,4.31015,-2.76936,33.3448
686,3.62778,-2.93771,32.5724
687,2.99729,-3.04702,31.8294
688,2.41871,-3.11038,31.1167
689,1.89093,-3.13904,30.434
690,1.41193,-3.14255,29.7801
691,0.979066,-3.12886,29.1534
692,0.58926,-3.10453,28.5521
693,0.239161,-3.07487,27.9741
694,-0.0747193,-3.04418,27.4178
695,-0.3559,-3.01586,26.8815
696,-0.607855,-2.99261,26.3636
697,-0.833952,-2.97652,25.8629
698,-1.03741,-2.9692,25.3784
699,-1.22129,-2.97189,24.9091
700,-1.38845,-2.98553,24.4544
701,-1.54157,-3.01084,24.0137
702,-1.6831,-3.04838,23.5866
703,-1.81535,-3.09857,23.1728
704,-1.94042,-3.16178,22.7721
705,-2.06024,-3.23832,22.3846
706,-2.1766,-3.3285,22.0102
707,-2.29115,-3.43261,21.6491
708,-2.40538,-3.55097,21.3016
709,-2.52071,-3.68395,20.968
710,-2.63845,-3.83194,20.6488
711,-2.75981,-3.99538,20.3445
712,-2.88594,-4.17476,20.0558
713,-3.01792,-4.3706,19.7835
714,-3.15681,-4.58348,19.5286
715,-3.30358,-4.81399,19.2922
716,-3.4592,-5.06275,19.0754
717,-3.62459,-5.33037,18.8799
718,-3.80065,-5.61747,18.7072
719,-3.98824,-5.92457,18.5593
720,-4.18819,-6.25215,18.4382
721,-4.40129,-6.60055,18.3463
722,-4.62828,-6.96993,18.2863
723,-4.86983,-7.36024,18.2611
724,-5.12654,-7.77108,18.2738
725,-5.39888,-8.20172,18.3281
726,-5.68719,-8.6509,18.4276
727,-5.99164,-9.11678,18.5763
728,-6.31216,-9.59685,18.7784
729,-6.64841,-10.0877,19.0381
730,-6.99974,-10.5851,19.3596
731,-7.36506,-11.0837,19.7469
732,-7.74286,-11.5768,20.2035
733,-8.13106,-12.0567,20.7323
734,-8.52698,-12.5143,21.3353
735,-8.92729,-12.9393,22.013
736,-9.32792,-13.3205,22.7643
737,-9.72408,-13.6455,23.586
738,-10.1102,-13.9018,24.4724
739,-10.4802,-14.0767,25.4148
740,-10.8272,-14.1583,26.402
741,-11.144,-14.1364,27.4193
742,-11.4232,-14.0028,28.4497
743,-11.6575,-13.7526,29.4737
744,-11.84,-13.3845,30.47
745,-11.9645,-12.9018,31.4171
746,-12.026,-12.3121,32.2937
747,-12.0208,-11.6275,33.0806
748,-11.947,-10.864,33.761
749,-11.8045,-10.0404,34.3224
750,-11.5951,-9.17764,34.7566
751,-11.3225,-8.29712,35.0601
752,-10.9921,-7.41965,35.2342
753,-10.6105,-6.56431,35.2844
754,-10.1856,-5.74753,35.2193
755,-9.72577,-4.98254,35.0505
756,-9.23984,-4.27911,34.791
757,-8.73647,-3.64357,34.4542
758,-8.22394,-3.07906,34.0539
759,-7.70993,-2.58598,33.6026
760,-7.20129,-2.16249,33.1122
761,-6.70399,-1.80503,32.5928
762,-6.223,-1.50886,32.0531
763,-5.76234,-1.26849,31.5006
764,-5.32511,-1.07808,30.9411
765,-4.91355,-0.931754,30.3792
766,-4.52913,-0.823792,29.8185
767,-4.17265,-0.748833,29.2618
768,-3.84436,-0.701954,28.7111
769,-3.54403,-0.678735,28.1677
770,-3.27105,-0.67528,27.6327
771,-3.02454,-0.688216,27.1068
772,-2.80339,-0.714671,26.5902
773,-2.60636,-0.752239,26.0833
774,-2.43211,-0.798948,25.5861
775,-2.27926,-0.853208,25.0987
776,-2.14644,-0.913779,24.621
777,-2.03229,-0.979721,24.1531
778,-1.93551,-1.05036,23.6947
779,-1.85486,-1.12526,23.2459
780,-1.78922,-1.20417,22.8066
781,-1.73752,-1.28702,22.3767
782,-1.69882,-1.37389,21.9562
783,-1.67227,-1.46497,21.5452
784,-1.65713,-1.56059,21.1434
785,-1.65277,-1.66116,20.7512
786,-1.65865,-1.76716,20.3683
787,-1.67435,-1.87918,19.9951
788,-1.69952,-1.99787,19.6315
789,-1.73395,-2.12392,19.2778
790,-1.77749,-2.25814,18.9341
791,-1.83008,-2.40134,18.6008
792,-1.89177,-2.55445,18.2781
793,-1.96267,-2.71842,17.9665
794,-2.043,-2.89428,17.6663
795,-2.13304,-3.08314,17.3783
796,-2.23315,-3.28615,17.103
797,-2.3438,-3.50453,16.8412
798,-2.46549,-3.73958,16.5939
799,-2.59883,-3.99263,16.3622
800,-2.74449,-4.26509,16.1474
801,-2.90321,-4.5584,15.951
802,-3.0758,-4.87403,15.7747
803,-3.26315,-5.21346,15.6206
804,-3.46619,-5.57816,15.491
805,-3.68588,-5.96953,15.3886
806,-3.92326,-6.38886,15.3166
807,-4.17935,-6.83729,15.2785
808,-4.45519,-7.31571,15.2784
809,-4.75178,-7.82463,15.3208
810,-5.07005,-8.36411,15.411
811,-5.41084,-8.93357,15.5545
812,-5.77478,-9.53163,15.7578
813,-6.1623,-10.1559,16.0274
814,-6.57346,-10.8026,16.3708
815,-7.00793,-11.4667,16.7953
816,-7.46481,-12.1411,17.3086
817,-7.94253,-12.8166,17.918
818,-8.43868,-13.482,18.6299
819,-8.9499,-14.1234,19.4497
820,-9.47167,-14.7242,20.3806
821,-9.99826,-15.2656,21.4233
822,-10.5225,-15.7267,22.5745
823,-11.036,-16.0853,23.8266
824,-11.5289,-16.3187,25.1665
825,-11.9901,-16.4054,26.5754
826,-12.4079,-16.3266,28.0283
827,-12.7698,-16.0681,29.4948
828,-13.0636,-15.6222,30.9399
829,-13.2779,-14.9891,32.326
830,-13.4028,-14.1782,33.6148
831,-13.4309,-13.2081,34.7707
832,-13.3573,-12.1056,35.7628
833,-13.1807,-10.9043,36.5678
834,-12.9033,-9.64193,37.1714
835,-12.5308,-8.35753,37.5693
836,-12.072,-7.08847,37.7663
837,-11.5383,-5.86795,37.7757
838,-10.9426,-4.72318,37.6167
839,-10.2992,-3.67438,37.3129
840,-9.62238,-2.73455,36.8896
841,-8.92611,-1.90996,36.3718
842,-8.22324,-1.20111,35.7831
843,-7.52525,-0.603884,35.1445
844,-6.84195,-0.110839,34.4736
845,-6.18142,0.28763,33.785
846,-5.54996,0.602291,33.0899
847,-4.95226,0.844265,32.3969
848,-4.39149,1.02445,31.7121
849,-3.8695,1.15309,31.0396
850,-3.38705,1.23958,30.3819
851,-2.94398,1.29227,29.7406
852,-2.5394,1.31849,29.1163
853,-2.17184,1.32453,28.509
854,-1.83945,1.31574,27.9183
855,-1.54005,1.29656,27.3436
856,-1.27132,1.27069,26.7843
857,-1.03083,1.24113,26.2397
858,-0.816114,1.2103,25.7089
859,-0.624748,1.1801,25.1913
860,-0.454374,1.15204,24.6863
861,-0.302731,1.12728,24.1932
862,-0.16768,1.1067,23.7116
863,-0.0472089,1.09095,23.2409
864,0.0605529,1.08052,22.7808
865,0.157339,1.07576,22.3309
866,0.244747,1.07692,21.8909
867,0.32424,1.08418,21.4604
868,0.397161,1.09769,21.0394
869,0.464735,1.11755,20.6275
870,0.528081,1.1439,20.2246
871,0.588224,1.17684,19.8306
872,0.646104,1.21652,19.4452
873,0.702585,1.26312,19.0684
874,0.758468,1.31684,18.7002
875,0.8145,1.37795,18.3404
876,0.871385,1.44675,17.989
877,0.929791,1.52362,17.6461
878,0.990361,1.60897,17.3115
879,1.05372,1.70332,16.9855
880,1.12049,1.80723,16.668
881,1.19128,1.92135,16.3593
882,1.26671,2.04641,16.0595
883,1.34743,2.18321,15.7689
884,1.43409,2.33267,15.4877
885,1.52738,2.49578,15.2164
886,1.62802,2.67365,14.9555
887,1.73677,2.86746,14.7055
888,1.85444,3.07854,14.4671
889,1.98189,3.3083,14.2413
890,2.12004,3.55827,14.029
891,2.26987,3.83008,13.8314
892,2.43244,4.12548,13.6501
893,2.60886,4.4463,13.4868
894,2.80034,4.79447,13.3434
895,3.00812,5.17195,13.2224
896,3.23356,5.58075,13.1267
897,3.47804,6.02286,13.0594
898,3.74301,6.50019,13.0246
899,4.02997,7.01446,13.0267
900,4.34041,7.56717,13.0708
901,4.67581,8.15937,13.1629
902,5.03758,8.79154,13.3097
903,5.427,9.46334,13.5189
904,5.84516,10.1734,13.7991
905,6.29284,10.9188,14.1595
906,6.77039,11.695,14.6104
907,7.27758,12.4953,15.1623
908,7.81346,13.31,15.8262
909,8.37607,14.1267,16.6126
910,8.96232,14.9291,17.5312
911,9.56766,15.6973,18.5895
912,10.1859,16.4073,19.7922
913,10.8089,17.0314,21.1394
914,11.4267,17.5391,22.6254
915,12.027,17.898,24.2369
916,12.5959,18.0759,25.9523
917,13.1176,18.0433,27.7406
918,13.5753,17.7765,29.5616
919,13.9522,17.2606,31.3675
920,14.2318,16.4928,33.1051
921,14.4,15.4837,34.7196
922,14.4455,14.2586,36.1592
923,14.3611,12.8561,37.3796
924,14.1446,11.3252,38.3479
925,13.7991,9.72131,39.0459
926,13.3325,8.10098,39.4705
927,12.7576,6.51736,39.6332
928,12.0903,5.016,39.5576
929,11.3491,3.63226,39.2755
930,10.5535,2.39011,38.8236
931,9.7228,1.30249,38.2394
932,8.87528,0.372558,37.5586
933,8.02738,-0.404311,36.813
934,7.19324,-1.03843,36.0292
935,6.38449,-1.54373,35.2287
936,5.61021,-1.93602,34.4276
937,4.87709,-2.23163,33.6375
938,4.18964,-2.44642,32.8664
939,3.55047,-2.59517,32.1191
940,2.96062,-2.69118,31.3979
941,2.41984,-2.74617,30.7039
942,1.92685,-2.77021,30.0366
943,1.47964,-2.77186,29.3952
944,1.07562,-2.75822,28.7783
945,0.711843,-2.7352,28.1842
946,0.38513,-2.70758,27.6114
947,0.0922006,-2.6792,27.0584
948,-0.170244,-2.65316,26.5237
949,-0.40545,-2.63188,26.0061
950,-0.616555,-2.61725,25.5045
951,-0.806562,-2.61074,25.0179
952,-0.978306,-2.61347,24.5457
953,-1.13445,-2.62631,24.087
954,-1.27747,-2.64992,23.6416
955,-1.40967,-2.68482,23.209
956,-1.53318,-2.73142,22.7889
957,-1.64995,-2.79009,22.3811
958,-1.76178,-2.86114,21.9857
959,-1.87035,-2.94489,21.6025
960,-1.97718,-3.04167,21.2318
961,-2.0837,-3.15182,20.8736
962,-2.19123,-3.27576,20.5283
963,-2.30101,-3.41391,20.1962
964,-2.41419,-3.56679,19.8777
965,-2.53188,-3.73494,19.5735
966,-2.65515,-3.919,19.2842
967,-2.78499,-4.11963,19.0105
968,-2.9224,-4.33757,18.7536
969,-3.06834,-4.57358,18.5143
970,-3.22376,-4.82848,18.2941
971,-3.38959,-5.10308,18.0944
972,-3.56676,-5.39821,17.9169
973,-3.75618,-5.71465,17.7635
974,-3.95875,-6.05315,17.6364
975,-4.17535,-6.41431,17.5382
976,-4.40682,-6.79862,17.4715
977,-4.65397,-7.20633,17.4396
978,-4.91753,-7.63738,17.4459
979,-5.19814,-8.09136,17.4943
980,-5.49632,-8.56736,17.5888
981,-5.81243,-9.06386,17.734
982,-6.14661,-9.5786,17.9347
983,-6.49873,-10.1084,18.1958
984,-6.86833,-10.6491,18.5224
985,-7.25452,-11.1953,18.9194
986,-7.65594,-11.7402,19.3914
987,-8.07063,-12.2757,19.9426
988,-8.49595,-12.7918,20.576
989,-8.92853,-13.2773,21.2934
990,-9.36415,-13.7193,22.0948
991,-9.79772,-14.104,22.9778
992,-10.2233,-14.4163,23.9372
993,-10.6339,-14.6413,24.9646
994,-11.0221,-14.7644,26.0479
995,-11.3796,-14.7723,27.1715
996,-11.6977,-14.6544,28.3161
997,-11.9681,-14.4036,29.4595
998,-12.1822,-14.017,30.5769
999,-12.3327,-13.4971,31.6429
1000,-12.4132,-12.8521,32.6321
1001,-12.4192,-12.0955,33.521
1002,-12.348,-11.2458,34.2896
1003,-12.199,-10.3253,34.9224
1004,-11.9742,-9.35887,35.4095
1005,-11.6777,-8.37218,35.747
1006,-11.3155,-7.39012,35.9365
1007,-10.8954,-6.43535,35.985
1008,-10.4266,-5.52721,35.9037
1009,-9.91892,-4.68101,35.7066
1010,-9.38245,-3.90771,35.4095
1011,-8.82726,-3.21404,35.0289
1012,-8.26287,-2.60287,34.581
1013,-7.69802,-2.07381,34.0806
1014,-7.14043,-1.62386,33.5412
1015,-6.59671,-1.24812,32.9744
1016,-6.07233,-0.940396,32.3898
1017,-5.57158,-0.693812,31.7953
1018,-5.09768,-0.501208,31.1971
1019,-4.65288,-0.355513,30.5999
1020,-4.23853,-0.249984,30.0072
1021,-3.85526,-0.178374,29.4215
1022,-3.50306,-0.135031,28.8446
1023,-3.18141,-0.114938,28.2775
1024,-2.8894,-0.113725,27.7209
1025,-2.62583,-0.127641,27.1753
1026,-2.38926,-0.153521,26.6406
1027,-2.17814,-0.188735,26.117
1028,-1.99083,-0.231135,25.6041
1029,-1.82565,-0.278999,25.1019
1030,-1.68095,-0.330979,24.6102
1031,-1.55513,-0.38605,24.1286
1032,-1.44664,-0.443461,23.6569
1033,-1.35403,-0.502701,23.1951
1034,-1.27594,-0.563452,22.7427
1035,-1.21113,-0.625567,22.2997
1036,-1.15847,-0.689035,21.8658
1037,-1.11692,-0.753964,21.4409
1038,-1.08559,-0.820557,21.025
1039,-1.06367,-0.889101,20.6177
1040,-1.05046,-0.95995,20.2191
1041,-1.04539,-1.03352,19.8291
1042,-1.04794,-1.11028,19.4476
1043,-1.05774,-1.19074,19.0745
1044,-1.07446,-1.27548,18.7098
1045,-1.09788,-1.36508,18.3535
1046,-1.12786,-1.46021,18.0056
1047,-1.16434,-1.56156,17.6662
1048,-1.20732,-1.66988,17.3354
1049,-1.25689,-1.78595,17.0132
1050,-1.3132,-1.91064,16.6998
1051,-1.37646,-2.04484,16.3954
1052,-1.44698,-2.18954,16.1004
1053,-1.52511,-2.34578,15.8149
1054,-1.61127,-2.51468,15.5395
1055,-1.70597,-2.69745,15.2745
1056,-1.80977,-2.89536,15.0207
1057,-1.92331,-3.1098,14.7788
1058,-2.04732,-3.34224,14.5495
1059,-2.18257,-3.59424,14.334
1060,-2.32995,-3.86747,14.1335
1061,-2.49041,-4.16366,13.9494
1062,-2.66496,-4.48465,13.7835
1063,-2.85473,-4.83233,13.6379
1064,-3.06089,-5.20865,13.5148
1065,-3.28471,-5.61556,13.4171
1066,-3.52751,-6.05498,13.3482
1067,-3.79067,-6.52874,13.3118
1068,-4.0756,-7.03848,13.3123
1069,-4.38372,-7.58559,13.3548
1070,-4.71643,-8.17101,13.4452
1071,-5.07506,-8.7951,13.5901
1072,-5.46081,-9.45742,13.7969
1073,-5.87467,-10.1564,14.074
1074,-6.31733,-10.8893,14.4305
1075,-6.78906,-11.6512,14.876
1076,-7.28956,-12.4356,15.4209
1077,-7.81778,-13.2328,16.0756
1078,-8.37174,-14.0307,16.8502
1079,-8.9483,-14.8132,17.7536
1080,-9.54296,-15.561,18.793
1081,-10.1496,-16.2509,19.9726
1082,-10.7603,-16.8561,21.292
1083,-11.3651,-17.3472,22.7453
1084,-11.9524,-17.6931,24.3196
1085,-12.5085,-17.8631,25.9935
1086,-13.0181,-17.8292,27.7372
1087,-13.4652,-17.5687,29.5119
1088,-13.8334,-17.0677,31.2716
1089,-14.1071,-16.3234,32.9656
1090,-14.2725,-15.346,34.5412
1091,-14.3188,-14.1595,35.9487
1092,-14.2391,-12.8006,37.1455
1093,-14.0311,-11.3159,38.0998
1094,-13.6978,-9.75822,38.7933
1095,-13.2466,-8.18171,39.2225
1096,-12.6894,-6.63749,39.3975
1097,-12.0417,-5.16966,39.34
1098,-11.3212,-3.8128,39.08
1099,-10.5464,-2.59079,38.6521
1100,-9.73618,-1.51694,38.0922
1101,-8.90822,-0.595169,37.4347
1102,-8.07858,0.178198,36.7104
1103,-7.2611,0.812452,35.9454
1104,-6.46728,1.32055,35.1608
1105,-5.70615,1.71743,34.3728
1106,-4.98444,2.01868,33.5932
1107,-4.30674,2.23959,32.83
1108,-3.67581,2.39449,32.0883
1109,-3.09284,2.49635,31.371
1110,-2.55776,2.55665,30.6792
1111,-2.06945,2.58533,30.0129
1112,-1.62607,2.59084,29.3714
1113,-1.22519,2.58026,28.7534
1114,-0.864,2.55946,28.1575
1115,-0.539457,2.53323,27.5824
1116,-0.248398,2.50544,27.0264
1117,0.0123716,2.4792,26.4884
1118,0.246005,2.45695,25.9671
1119,0.455561,2.44062,25.4615
1120,0.643969,2.4317,24.9706
1121,0.814005,2.43134,24.4938
1122,0.968275,2.44042,24.0303
1123,1.10921,2.45961,23.5797
1124,1.23908,2.48944,23.1415
1125,1.35995,2.53035,22.7156
1126,1.47377,2.58268,22.3017
1127,1.5823,2.64676,21.8997
1128,1.68718,2.7229,21.5095
1129,1.78993,2.81143,21.1312
1130,1.89193,2.91269,20.7649
1131,1.9945,3.02708,20.4109
1132,2.09884,3.15503,20.0693
1133,2.20611,3.29706,19.7407
1134,2.31738,3.45371,19.4254
1135,2.43371,3.62562,19.1239
1136,2.55609,3.81347,18.8371
1137,2.68551,4.01803,18.5657
1138,2.82292,4.24011,18.3106
1139,2.96926,4.48057,18.0731
1140,3.12549,4.74032,17.8543
1141,3.29254,5.02029,17.6558
1142,3.47135,5.3214,17.4792
1143,3.66286,5.64458,17.3267
1144,3.86801,5.99068,17.2005
1145,4.0877,6.36045,17.1031
1146,4.32285,6.75451,17.0374
1147,4.57431,7.17324,17.0067
1148,4.84289,7.61675,17.0146
1149,5.12931,8.08475,17.0653
1150,5.43416,8.57645,17.163
1151,5.75788,9.09044,17.3125
1152,6.1007,9.62451,17.519
1153,6.46257,10.1756,17.7879
1154,6.8431,10.7393,18.1246
1155,7.24146,11.3103,18.5345
1156,7.65632,11.8814,19.0229
1157,8.08571,12.4441,19.5944
1158,8.52698,12.9881,20.2525
1159,8.97663,13.5013,20.9997
1160,9.4303,13.97,21.8362
1161,9.88264,14.3792,22.7599
1162,10.3273,14.7127,23.7656
1163,10.7571,14.9541,24.8446
1164,11.1639,15.0873,25.9842
1165,11.5388,15.0979,27.1676
1166,11.8726,14.9741,28.3742
1167,12.156,14.7077,29.5797
1168,12.3801,14.2958,30.7575
1169,12.5366,13.7409,31.8797
1170,12.6189,13.0522,32.9187
1171,12.6219,12.2445,33.8491
1172,12.5429,11.3384,34.6493
1173,12.3813,10.3585,35.303
1174,12.1395,9.33218,35.7999
1175,11.8218,8.28744,36.1366
1176,11.4352,7.2513,36.3158
1177,10.9881,6.24809,36.346
1178,10.4906,5.29829,36.24
1179,9.95332,4.41776,36.0137
1180,9.38717,3.61754,35.6849
1181,8.8029,2.90401,35.2715
1182,8.21063,2.27937,34.7909
1183,7.61953,1.74235,34.2592
1184,7.03767,1.28899,33.6904
1185,6.47185,0.913413,33.0967
1186,5.92762,0.608519,32.4877
1187,5.40927,0.366582,31.8716
1188,4.91995,0.179725,31.2543
1189,4.46176,0.0402699,30.6404
1190,4.03591,-0.0590159,30.0332
1191,3.6428,-0.124765,29.4349
1192,3.28223,-0.162928,28.8471
1193,2.95346,-0.178739,28.2706
1194,2.65536,-0.17673,27.7058
1195,2.38653,-0.16076,27.1529
1196,2.14534,-0.134066,26.612
1197,1.93005,-0.0993266,26.0826
1198,1.73886,-0.0587162,25.5647
1199,1.56993,-0.0139728,25.0579
1200,1.42148,0.0335457,24.5619
1201,1.29178,0.0828058,24.0763
1202,1.17915,0.133049,23.6008
1203,1.08205,0.183749,23.1353
1204,0.999028,0.234568,22.6793
1205,0.928737,0.285331,22.2327
1206,0.86996,0.33599,21.7952
1207,0.821595,0.386604,21.3667
1208,0.782652,0.437317,20.9469
1209,0.752254,0.488342,20.5356
1210,0.72963,0.53995,20.1327
1211,0.714111,0.592459,19.7381
1212,0.705124,0.646223,19.3516
1213,0.702185,0.701632,18.9731
1214,0.704894,0.759105,18.6025
1215,0.712933,0.819088,18.2397
1216,0.726056,0.882054,17.8846
1217,0.744086,0.948506,17.5371
1218,0.766914,1.01897,17.1972
1219,0.794492,1.09402,16.8648
1220,0.826832,1.17423,16.54
1221,0.864004,1.26026,16.2227
1222,0.906134,1.35277,15.9129
1223,0.953402,1.45251,15.6107
1224,1.00604,1.56023,15.3162
1225,1.06435,1.6768,15.0295
1226,1.12866,1.80311,14.7508
1227,1.19938,1.94016,14.4802
1228,1.27698,2.08899,14.2182
1229,1.36197,2.25076,13.965
1230,1.45494,2.42671,13.7211
1231,1.55655,2.61819,13.487
1232,1.66752,2.82665,13.2633
1233,1.78866,3.05367,13.051
1234,1.92083,3.30094,12.8509
1235,2.06501,3.57026,12.6642
1236,2.22225,3.86357,12.4923
1237,2.39367,4.18293,12.3368
1238,2.58052,4.5305,12.1998
1239,2.78412,4.90854,12.0835
1240,3.00589,5.31938,11.9908
1241,3.24734,5.76538,11.9248
1242,3.51004,6.24887,11.8896
1243,3.79566,6.77209,11.8896
1244,4.1059,7.33706,11.93
1245,4.44247,7.94547,12.0171
1246,4.80705,8.5985,12.1578
1247,5.20127,9.29658,12.3603
1248,5.62656,10.0391,12.6337
1249,6.08412,10.8241,12.9882
1250,6.57474,11.6477,13.4352
1251,7.09868,12.5038,13.9866
1252,7.65546,13.3836,14.6552
1253,8.24364,14.2746,15.4538
1254,8.86053,15.1605,16.3944
1255,9.50195,16.0203,17.4877
1256,10.1619,16.8284,18.7413
1257,10.8322,17.5546,20.1584
1258,11.5025,18.1641,21.7358
1259,12.1598,18.6196,23.4622
1260,12.7889,18.8826,25.3166
1261,13.3724,18.9168,27.2667
1262,13.8913,18.6915,29.2689
1263,14.3259,18.1854,31.2695
1264,14.657,17.391,33.2072
1265,14.8674,16.317,35.0176
1266,14.943,14.9898,36.6385
1267,14.8745,13.4525,38.0158
1268,14.6584,11.7618,39.1091
1269,14.2971,9.98293,39.895
1270,13.7994,8.18303,40.3695
1271,13.1793,6.42528,40.5459
1272,12.4553,4.76364,40.4527
1273,11.6484,3.23945,40.1286
1274,10.781,1.88009,39.6174
1275,9.87544,0.699436,38.9639
1276,8.95245,-0.30035,38.2102
1277,8.03065,-1.12626,37.393
1278,7.12585,-1.79173,36.5426
1279,6.2509,-2.31408,35.6827
1280,5.41566,-2.71242,34.8308
1281,4.62721,-3.00605,33.9989
1282,3.89017,-3.21337,33.1946
1283,3.20702,-3.35125,32.422
1284,2.57851,-3.43463,31.683
1285,2.00397,-3.47647,30.9773
1286,1.48169,-3.48779,30.304
1287,1.00913,-3.47778,29.6611
1288,0.583209,-3.45404,29.0466
1289,0.200489,-3.42276,28.4583
1290,-0.142674,-3.3889,27.8939
1291,-0.449999,-3.35645,27.3516
1292,-0.725187,-3.32853,26.8295
1293,-0.97185,-3.30757,26.3262
1294,-1.19346,-3.29546,25.8403
1295,-1.39332,-3.29363,25.3709
1296,-1.57452,-3.30316,24.917
1297,-1.73998,-3.32488,24.4781
1298,-1.89237,-3.3594,24.0535
1299,-2.03418,-3.4072,23.643
1300,-2.1677,-3.46863,23.2463
1301,-2.29503,-3.54401,22.8635
1302,-2.41811,-3.63361,22.4945
1303,-2.5387,-3.73768,22.1395
1304,-2.65843,-3.85651,21.7988
1305,-2.77879,-3.99036,21.4728
1306,-2.90118,-4.13957,21.1618
1307,-3.02688,-4.30447,20.8667
1308,-3.15709,-4.48544,20.588
1309,-3.29291,-4.6829,20.3267
1310,-3.43542,-4.89728,20.0837
1311,-3.58561,-5.12902,19.8603
1312,-3.74441,-5.37857,19.6576
1313,-3.91273,-5.64633,19.4773
1314,-4.09141,-5.9327,19.321
1315,-4.28124,-6.23795,19.1906
1316,-4.48299,-6.56228,19.0882
1317,-4.69732,-6.90571,19.0162
1318,-4.92486,-7.26806,18.9772
1319,-5.16612,-7.64887,18.974
1320,-5.42152,-8.04734,19.0096
1321,-5.69135,-8.46227,19.0873
1322,-5.97571,-8.89193,19.2105
1323,-6.27453,-9.33401,19.3828
1324,-6.58745,-9.7855,19.6077
1325,-6.91387,-10.2426,19.8889
1326,-7.25281,-10.7005,20.2296
1327,-7.60288,-11.1536,20.6328
1328,-7.96226,-11.5953,21.1009
1329,-8.32861,-12.0176,21.6356
1330,-8.699,-12.412,22.2373
1331,-9.06993,-12.7686,22.905
1332,-9.43726,-13.0773,23.6361
1333,-9.79625,-13.3271,24.4259
1334,-10.1416,-13.5075,25.2674
1335,-10.4674,-13.608,26.1514
1336,-10.7676,-13.6195,27.0658
1337,-11.0356,-13.5346,27.9966
1338,-11.2653,-13.3483,28.9275
1339,-11.4503,-13.0586,29.8409
1340,-11.5852,-12.6667,30.7182
1341,-11.6652,-12.1777,31.541
1342,-11.6867,-11.6005,32.2921
1343,-11.6474,-10.9471,32.9561
1344,-11.5466,-10.2324,33.5203
1345,-11.3851,-9.47349,33.9758
1346,-11.1654,-8.68832,34.3173
1347,-10.8913,-7.89495,34.5435
1348,-10.568,-7.11056,34.6567
1349,-10.202,-6.35057,34.6625
1350,-9.80021,-5.62807,34.569
1351,-9.37013,-4.95344,34.3864
1352,-8.91941,-4.33421,34.1257
1353,-8.45554,-3.77515,33.7984
1354,-7.98562,-3.27849,33.4159
1355,-7.51618,-2.8443,32.9888
1356,-7.05306,-2.47085,32.527
1357,-6.60128,-2.1551,32.0389
1358,-6.16509,-1.89305,31.5322
1359,-5.74788,-1.68012,31.013
1360,-5.35229,-1.51145,30.4864
1361,-4.98024,-1.38212,29.9565
1362,-4.63299,-1.28738,29.4267
1363,-4.31127,-1.22273,28.8995
1364,-4.01529,-1.18405,28.3767
1365,-3.74491,-1.16763,27.8599
1366,-3.49963,-1.17017,27.3501
1367,-3.27874,-1.18884,26.848
1368,-3.08132,-1.2212,26.3543
1369,-2.90635,-1.26522,25.8692
1370,-2.75272,-1.31925,25.3931
1371,-2.61928,-1.38197,24.9262
1372,-2.50488,-1.45234,24.4685
1373,-2.4084,-1.52963,24.0202
1374,-2.32878,-1.61331,23.5814
1375,-2.26499,-1.70309,23.1521
1376,-2.2161,-1.79885,22.7325
1377,-2.18127,-1.90062,22.3226
1378,-2.15973,-2.0086,21.9226
1379,-2.15084,-2.12309,21.5325
1380,-2.15401,-2.2445,21.1526
1381,-2.1688,-2.37337,20.7832
1382,-2.19482,-2.51029,20.4244
1383,-2.23182,-2.65595,20.0765
1384,-2.2796,-2.81111,19.74
1385,-2.3381,-2.97661,19.4152
1386,-2.40732,-3.15333,19.1028
1387,-2.48735,-3.34224,18.8032
1388,-2.57837,-3.54435,18.5171
1389,-2.68065,-3.76072,18.2455
1390,-2.79451,-3.99248,17.9893
1391,-2.92039,-4.24076,17.7495
1392,-3.05876,-4.50677,17.5275
1393,-3.21019,-4.79169,17.3246
1394,-3.37528,-5.09673,17.1427
1395,-3.55471,-5.42307,16.9837
1396,-3.7492,-5.77183,16.8497
1397,-3.95949,-6.14405,16.7434
1398,-4.18637,-6.54063,16.6675
1399,-4.4306,-6.96227,16.6255
1400,-4.69295,-7.40939,16.6208
1401,-4.97411,-7.88207,16.6575
1402,-5.27473,-8.37991,16.7401
1403,-5.59529,-8.90188,16.8736
1404,-5.93612,-9.44625,17.0632
1405,-6.2973,-10.0103,17.3145
1406,-6.67859,-10.5904,17.6333
1407,-7.07937,-11.1813,18.0257
1408,-7.49851,-11.7765,18.4973
1409,-7.93429,-12.3678,19.0536
1410,-8.38428,-12.9452,19.6991
1411,-8.84524,-13.4966,20.4372
1412,-9.313,-14.0082,21.2694
1413,-9.78239,-14.4646,22.1949
1414,-10.2472,-14.8489,23.2097
1415,-10.7001,-15.1434,24.3065
1416,-11.1329,-15.3307,25.4736
1417,-11.5365,-15.3942,26.695
1418,-11.9012,-15.3197,27.9502
1419,-12.2169,-15.0969,29.2146
1420,-12.474,-14.7201,30.4607
1421,-12.6633,-14.1898,31.6585
1422,-12.7769,-13.5133,32.7783
1423,-12.8088,-12.7043,33.7916
1424,-12.7551,-11.7832,34.6737
1425,-12.6145,-10.7753,35.4051
1426,-12.3882,-9.70948,35.9728
1427,-12.0805,-8.6159,36.3711
1428,-11.6979,-7.52421,36.6012
1429,-11.249,-6.46157,36.6709
1430,-10.744,-5.45117,36.5931
1431,-10.1943,-4.51128,36.3846
1432,-9.61132,-3.6549,36.064
1433,-9.00674,-2.88984,35.6511
1434,-8.39145,-2.21921,35.1647
1435,-7.77544,-1.64216,34.6225
1436,-7.16752,-1.15478,34.04
1437,-6.57516,-0.750898,33.4304
1438,-6.00447,-0.422948,32.8047
1439,-5.46022,-0.162597,32.1716
1440,-4.94592,0.038695,31.5375
1441,-4.46391,0.189276,30.9076
1442,-4.01558,0.297023,30.2853
1443,-3.60144,0.369162,29.673
1444,-3.2213,0.412175,29.0722
1445,-2.87441,0.431766,28.4837
1446,-2.55961,0.43287,27.9081
1447,-2.27537,0.419688,27.3452
1448,-2.01999,0.39575,26.7951
1449,-1.79159,0.363974,26.2573
1450,-1.58823,0.326738,25.7316
1451,-1.40794,0.285949,25.2176
1452,-1.24881,0.243108,24.7147
1453,-1.10895,0.199367,24.2228
1454,-0.986566,0.15559,23.7413
1455,-0.879972,0.112396,23.2699
1456,-0.787586,0.0702065,22.8084
1457,-0.707947,0.0292781,22.3564
1458,-0.639715,-0.0102629,21.9137
1459,-0.581671,-0.0483946,21.4799
1460,-0.532713,-0.0851774,21.055
1461,-0.491853,-0.120736,20.6386
1462,-0.458214,-0.155242,20.2305
1463,-0.431017,-0.188907,19.8307
1464,-0.40958,-0.221969,19.4389
1465,-0.393311,-0.254686,19.0549
1466,-0.381698,-0.287333,18.6786
1467,-0.374305,-0.320195,18.3099
1468,-0.370765,-0.35357,17.9486
1469,-0.370775,-0.387761,17.5945
1470,-0.37409,-0.423082,17.2476
1471,-0.380518,-0.459855,16.9078
1472,-0.389918,-0.498413,16.5748
1473,-0.402192,-0.539102,16.2486
1474,-0.417289,-0.58228,15.9292
1475,-0.435193,-0.628326,15.6163
1476,-0.45593,-0.677636,15.3099
1477,-0.479561,-0.730634,15.01
1478,-0.506183,-0.787768,14.7165
1479,-0.535928,-0.849522,14.4293
1480,-0.568963,-0.916415,14.1485
1481,-0.605492,-0.989009,13.8738
1482,-0.645752,-1.06791,13.6055
1483,-0.690022,-1.15379,13.3434
1484,-0.738617,-1.24735,13.0877
1485,-0.791896,-1.3494,12.8384
1486,-0.850261,-1.4608,12.5956
1487,-0.914161,-1.58247,12.3594
1488,-0.984099,-1.71547,12.1302
1489,-1.06063,-1.86091,11.9081
1490,-1.14437,-2.02003,11.6935
1491,-1.236,-2.19419,11.4867
1492,-1.33627,-2.38487,11.2884
1493,-1.44601,-2.59368,11.0992
1494,-1.56612,-2.82238,10.9198
1495,-1.69761,-3.07289,10.7511
1496,-1.84156,-3.34728,10.5945
1497,-1.99917,-3.64778,10.4512
1498,-2.17173,-3.97681,10.3229
1499,-2.36067,-4.33693,10.2117
1500,-2.56751,-4.73085,10.1201
1501,-2.79391,-5.16142,10.0509
1502,-3.04162,-5.63157,10.0077
1503,-3.31254,-6.14429,9.99471
1504,-3.60865,-6.70251,10.0168
1505,-3.93202,-7.30903,10.0799
1506,-4.28477,-7.96634,10.1909
1507,-4.66904,-8.67642,10.3578
1508,-5.08692,-9.4405,10.5901
1509,-5.54037,-10.2587,10.8985
1510,-6.0311,-11.1295,11.2952
1511,-6.56041,-12.0495,11.794
1512,-7.12903,-13.0123,12.4097
1513,-7.73686,-14.0082,13.1583
1514,-8.38267,-15.0232,14.0564
1515,-9.06378,-16.0381,15.1199
1516,-9.77567,-17.0279,16.3633
1517,-10.5115,-17.9611,17.7975
1518,-11.262,-18.7998,19.428
1519,-12.0144,-19.5004,21.2524
1520,-12.7534,-20.0148,23.2572
1521,-13.4599,-20.2935,25.4159
1522,-14.1125,-20.2899,27.6871
1523,-14.6873,-19.965,30.0138
1524,-15.1598,-19.2935,32.3257
1525,-15.5064,-18.2691,34.5428
1526,-15.706,-16.9086,36.5824
1527,-15.7425,-15.2526,38.3667
1528,-15.606,-13.3637,39.8316
1529,-15.2947,-11.3206,40.934
1530,-14.8146,-9.21018,41.6554
1531,-14.1796,-7.11788,42.0031
1532,-13.4099,-5.11969,42.007
1533,-12.5304,-3.27592,41.7136
1534,-11.5683,-1.62806,41.1791
1535,-10.5515,-0.198679,40.4626
1536,-9.50623,1.00644,39.6203
1537,-8.45634,1.99481,38.7015
1538,-7.42214,2.78322,37.7468
1539,-6.42012,3.39403,36.7874
1540,-5.46291,3.85209,35.8456
1541,-4.55957,4.18238,34.9365
1542,-3.71599,4.40854,34.0689
1543,-2.93532,4.55194,33.2469
1544,-2.21854,4.6313,32.4717
1545,-1.56485,4.6626,31.7419
1546,-0.972164,4.65921,31.0551
1547,-0.437429,4.63213,30.408
1548,0.0430659,4.5903,29.797
1549,0.473438,4.5409,29.2189
1550,0.858022,4.48962,28.6703
1551,1.20122,4.44091,28.1482
1552,1.5074,4.39824,27.6502
1553,1.78077,4.36426,27.1742
1554,2.02541,4.34094,26.7182
1555,2.24512,4.32978,26.2808
1556,2.44349,4.33184,25.861
1557,2.62385,4.34788,25.4578
1558,2.78928,4.37843,25.0707
1559,2.94258,4.42382,24.6992
1560,3.08634,4.48427,24.343
1561,3.22291,4.55989,24.0023
1562,3.35442,4.65077,23.6769
1563,3.48279,4.75691,23.3673
1564,3.60979,4.87832,23.0737
1565,3.737,5.015,22.7967
1566,3.86584,5.16691,22.5369
1567,3.99762,5.33404,22.295
1568,4.1335,5.51634,22.0719
1569,4.27452,5.71376,21.8685
1570,4.42164,5.92621,21.686
1571,4.5757,6.15355,21.5256
1572,4.73744,6.39556,21.3886
1573,4.90752,6.65194,21.2765
1574,5.0865,6.92227,21.191
1575,5.27481,7.20595,21.1337
1576,5.47282,7.50222,21.1065
1577,5.68075,7.81007,21.1112
1578,5.89869,8.12821,21.15
1579,6.12661,8.45503,21.2248
1580,6.36428,8.78856,21.3377
1581,6.6113,9.1264,21.4906
1582,6.86705,9.46571,21.6854
1583,7.1307,9.80314,21.9237
1584,7.40113,10.1348,22.2069
1585,7.67693,10.4564,22.5359
1586,7.9564,10.7629,22.911
1587,8.2375,11.0491,23.3319
1588,8.51786,11.309,23.7975
1589,8.79478,11.5368,24.3057
1590,9.0652,11.7261,24.8533
1591,9.32579,11.8708,25.4359
1592,9.57296,11.965,26.0478
1593,9.80292,12.0036,26.6823
1594,10.0118,11.982,27.331
1595,10.1957,11.897,27.985
1596,10.3508,11.7468,28.6341
1597,10.4737,11.531,29.2678
1598,10.5613,11.2514,29.8753
1599,10.611,10.9113,30.446
1600,10.6209,10.5161,30.9699
1601,10.5898,10.0727,31.4382
1602,10.5175,9.58946,31.8435
1603,10.4045,9.07572,32.18
1604,10.2524,8.54152,32.444
1605,10.0633,7.99705,32.6334
1606,9.84025,7.45226,32.7485
1607,9.58698,6.91644,32.791
1608,9.30759,6.3979,32.7643
1609,9.00658,5.90374,32.6731
1610,8.6886,5.43973,32.5228
1611,8.35837,5.01023,32.3196
1612,8.02048,4.61821,32.0697
1613,7.67933,4.26542,31.7797
1614,7.339,3.95242,31.4557
1615,7.00318,3.67889,31.1035
1616,6.67516,3.44368,30.7285
1617,6.35775,3.2451,30.3356
1618,6.05334,3.08104,29.9291
1619,5.76386,2.94911,29.5126
1620,5.49083,2.84684,29.0895
1621,5.23538,2.7717,28.6625
1622,4.99831,2.72124,28.2339
1623,4.78009,2.69314,27.8058
1624,4.58095,2.68526,27.3797
1625,4.40092,2.69566,26.957
1626,4.23982,2.72261,26.539
1627,4.09736,2.76463,26.1267
1628,3.97313,2.82045,25.7208
1629,3.86666,2.88902,25.3222
1630,3.77742,2.9695,24.9315
1631,3.70489,3.06126,24.5495
1632,3.64852,3.16383,24.1766
1633,3.60778,3.27691,23.8135
1634,3.58218,3.40035,23.4607
1635,3.57127,3.53413,23.1189
1636,3.57463,3.67835,22.7886
1637,3.59191,3.83322,22.4705
1638,3.6228,3.99902,22.1654
1639,3.66708,4.17613,21.8739
1640,3.72456,4.36495,21.597
1641,3.79513,4.56596,21.3355
1642,3.87872,4.77965,21.0905
1643,3.97532,5.00653,20.8631
1644,4.08498,5.24712,20.6545
1645,4.20778,5.50187,20.4661
1646,4.34384,5.77123,20.2994
1647,4.49331,6.05556,20.156
1648,4.65635,6.35509,20.0379
1649,4.83311,6.66995,19.9471
1650,5.02376,7.00005,19.8856
1651,5.2284,7.3451,19.8558
1652,5.44711,7.70453,19.8602
1653,5.67987,8.07741,19.9016
1654,5.92656,8.46242,19.9827
1655,6.18693,8.85778,20.1063
1656,6.46055,9.26114,20.2755
1657,6.74679,9.66955,20.4929
1658,7.04476,10.0794,20.7614
1659,7.35327,10.4863,21.0833
1660,7.67079,10.885,21.4608
1661,7.99541,11.2697,21.8952
1662,8.32479,11.6334,22.3872
1663,8.65613,11.9689,22.9363
1664,8.98617,12.2679,23.541
1665,9.31115,12.522,24.1982
1666,9.62687,12.7226,24.9031
1667,9.92869,12.8611,25.6492
1668,10.2116,12.9297,26.4279
1669,10.4705,12.9215,27.229
1670,10.7001,12.8313,28.0403
1671,10.8951,12.6555,28.8486
1672,11.0506,12.3933,29.6391
1673,11.1623,12.0464,30.3971
1674,11.2263,11.6193,31.1077
1675,11.2401,11.1191,31.7572
1676,11.2018,10.5559,32.3333
1677,11.111,9.9415,32.8258
1678,10.9684,9.28937,33.2274
1679,10.776,8.61382,33.5335
1680,10.5372,7.92926,33.7425
1681,10.256,7.24948,33.8557
1682,9.93769,6.58709,33.8769
1683,9.5879,5.953,33.8121
1684,9.2128,5.35614,33.6687
1685,8.81867,4.80329,33.4552
1686,8.41177,4.29913,33.1807
1687,7.99809,3.84631,32.8543
1688,7.5832,3.44574,32.4846
1689,7.17219,3.09682,32.0801
1690,6.76951,2.79778,31.648
1691,6.37901,2.54596,31.195
1692,6.00386,2.33808,30.7268
1693,5.6466,2.17052,30.2482
1694,5.3092,2.03951,29.7632
1695,4.99305,1.94127,29.2752
1696,4.69907,1.87217,28.7868
1697,4.42777,1.82879,28.3003
1698,4.17927,1.80801,27.8173
1699,3.95342,1.80702,27.3391
1700,3.74982,1.82335,26.8669
1701,3.56791,1.85487,26.4014
1702,3.40696,1.89978,25.9434
1703,3.26619,1.95657,25.4933
1704,3.14475,2.02404,25.0516
1705,3.04176,2.10125,24.6187
1706,2.95636,2.18752,24.1948
1707,2.88772,2.28237,23.7803
1708,2.83504,2.38552,23.3755
1709,2.79758,2.49686,22.9807
1710,2.77468,2.61646,22.5961
1711,2.76575,2.7445,22.2221
1712,2.77028,2.8813,21.8591
1713,2.78783,3.02727,21.5075
1714,2.81807,3.18294,21.1678
1715,2.86073,3.3489,20.8404
1716,2.91566,3.52583,20.526
1717,2.98275,3.71447,20.2252
1718,3.06201,3.91562,19.9388
1719,3.15351,4.13011,19.6678
1720,3.25739,4.35883,19.413
1721,3.37388,4.60266,19.1756
1722,3.50326,4.86253,18.957
1723,3.64586,5.13931,18.7586
1724,3.80208,5.43388,18.582
1725,3.97237,5.74705,18.4291
1726,4.15718,6.07954,18.3021
1727,4.35701,6.43195,18.2034
1728,4.57233,6.80469,18.1354
1729,4.80363,7.19795,18.1012
1730,5.05133,7.61164,18.104
1731,5.3158,8.04524,18.1473
1732,5.59728,8.49783,18.2348
1733,5.89591,8.96785,18.3706
1734,6.21161,9.45309,18.5589
1735,6.54406,9.95052,18.804
1736,6.89264,10.4562,19.1105
1737,7.25636,10.965,19.4824
1738,7.6338,11.4707,19.9237
1739,8.023,11.9659,20.4377
1740,8.42143,12.4417,21.0269
1741,8.82587,12.8879,21.6923
1742,9.23241,13.2934,22.4337
1743,9.63637,13.6457,23.2484
1744,10.0323,13.9318,24.1315
1745,10.4141,14.1389,25.0754
1746,10.7749,14.2542,26.0693
1747,11.1075,14.2664,27.0993
1748,11.4042,14.1663,28.1485
1749,11.6574,13.9477,29.1976
1750,11.8599,13.608,30.2251
1751,12.0049,13.1491,31.2088
1752,12.087,12.5775,32.1266
1753,12.1019,11.9045,32.9577
1754,12.047,11.1453,33.6842
1755,11.9217,10.3188,34.2917
1756,11.7272,9.44605,34.7704
1757,11.4668,8.5493,35.1156
1758,11.1456,7.6503,35.3273
1759,10.7702,6.76935,35.4101
1760,10.3482,5.92418,35.3723
1761,9.88832,5.12931,35.2254
1762,9.39943,4.3957,34.9823
1763,8.89053,3.73066,34.6572
1764,8.37026,3.13816,34.264
1765,7.84667,2.61915,33.8163
1766,7.32703,2.17216,33.3263
1767,6.81765,1.79381,32.8049
1768,6.32387,1.47937,32.2615
1769,5.85003,1.22328,31.7039
1770,5.39949,1.01951,31.1384
1771,4.97471,0.861949,30.5699
1772,4.57736,0.744634,30.0024
1773,4.20837,0.661929,29.4388
1774,3.86809,0.608647,28.8812
1775,3.55636,0.580118,28.3311
1776,3.2726,0.572212,27.7895
1777,3.01594,0.581345,27.2571
1778,2.78528,0.604458,26.7344
1779,2.57934,0.63898,26.2215
1780,2.39674,0.682791,25.7185
1781,2.23607,0.734179,25.2255
1782,2.09589,0.791794,24.7423
1783,1.97479,0.854604,24.2689
1784,1.87141,0.921855,23.8052
1785,1.78446,0.993034,23.3512
1786,1.71274,1.06784,22.9066
1787,1.65513,1.14613,22.4715
1788,1.61062,1.22795,22.0457
1789,1.57831,1.31345,21.6292
1790,1.5574,1.40289,21.222
1791,1.5472,1.49665,20.824
1792,1.54711,1.59518,20.4353
1793,1.55666,1.69901,20.056
1794,1.57547,1.80873,19.686
1795,1.60324,1.92503,19.3256
1796,1.63978,2.04863,18.9748
1797,1.68499,2.18032,18.6338
1798,1.73886,2.32096,18.303
1799,1.80145,2.47145,17.9825
1800,1.87292,2.63278,17.6729
1801,1.95351,2.80599,17.3744
1802,2.04354,2.99219,17.0877
1803,2.14339,3.19254,16.8134
1804,2.25354,3.40831,16.5523
1805,2.37454,3.64078,16.3053
1806,2.50701,3.89135,16.0734
1807,2.65165,4.16145,15.8579
1808,2.80924,4.45256,15.6603
1809,2.98061,4.76621,15.4823
1810,3.16667,5.10396,15.3258
1811,3.3684,5.46734,15.1933
1812,3.58681,5.85786,15.0874
1813,3.82297,6.27693,15.0112
1814,4.07797,6.72583,14.9681
1815,4.3529,7.20559,14.9624
1816,4.64886,7.71692,14.9986
1817,4.96684,8.26008,15.0818
1818,5.30779,8.83474,15.2179
1819,5.67245,9.43975,15.4132
1820,6.06138,10.073,15.6747
1821,6.47479,10.7311,16.0099
1822,6.9125,11.4091,16.4266
1823,7.37378,12.1004,16.9328
1824,7.85722,12.7959,17.5363
1825,8.36062,13.4846,18.2444
1826,8.88076,14.1524,19.0631
1827,9.4133,14.7829,19.9966
1828,9.95257,15.3567,21.0463
1829,10.4915,15.8524,22.21
1830,11.0217,16.2466,23.4811
1831,11.533,16.5156,24.847
1832,12.0142,16.6362,26.2894
1833,12.4531,16.5877,27.7835
1834,12.8368,16.3539,29.2982
1835,13.1523,15.9254,30.7975
1836,13.3875,15.3006,32.2419
1837,13.5317,14.488,33.5912
1838,13.5764,13.5054,34.807
1839,13.5162,12.38,35.856
1840,13.3491,11.1467,36.7123
1841,13.0769,9.84475,37.3597
1842,12.7051,8.51555,37.7925
1843,12.2425,7.19889,38.0149
1844,11.7007,5.93037,38.0403
1845,11.0932,4.73932,37.8887
1846,10.4349,3.64763,37.5849
1847,9.74075,2.66948,37.1556
1848,9.02538,1.81179,36.6275
1849,8.30234,1.07524,36.0255
1850,7.58371,0.455569,35.3718
1851,6.87985,-0.0550772,34.6854
1852,6.19925,-0.466881,33.9814
1853,5.54854,-0.791253,33.2717
1854,4.93265,-1.03998,32.5652
1855,4.35488,-1.22457,31.8682
1856,3.81719,-1.35586,31.1849
1857,3.32036,-1.44371,30.5179
1858,2.86418,-1.49693,29.8686
1859,2.44771,-1.52319,29.2375
1860,2.0694,-1.52907,28.6244
1861,1.7273,-1.52015,28.029
1862,1.41912,-1.50108,27.4505
1863,1.14242,-1.47568,26.8881
1864,0.894642,-1.44709,26.341
1865,0.673217,-1.4178,25.8083
1866,0.475602,-1.38981,25.2893
1867,0.299328,-1.36468,24.7833
1868,0.142033,-1.34361,24.2896
1869,0.00147582,-1.32753,23.8077
1870,-0.124445,-1.31714,23.3371
1871,-0.237691,-1.31294,22.8774
1872,-0.340077,-1.31534,22.4281
1873,-0.433279,-1.32462,21.9891
1874,-0.518836,-1.341,21.56
1875,-0.598163,-1.36468,21.1405
1876,-0.672553,-1.39583,20.7306
1877,-0.743196,-1.43461,20.3301
1878,-0.811184,-1.48121,19.9387
1879,-0.877524,-1.53584,19.5565
1880,-0.943148,-1.59877,19.1834
1881,-1.00893,-1.67029,18.8193
1882,-1.07568,-1.75075,18.4643
1883,-1.14419,-1.84057,18.1184
1884,-1.2152,-1.94024,17.7817
1885,-1.28944,-2.05031,17.4544
1886,-1.36761,-2.17141,17.1365
1887,-1.45044,-2.30427,16.8284
1888,-1.53862,-2.44968,16.5303
1889,-1.63289,-2.60854,16.2427
1890,-1.734,-2.78183,15.966
1891,-1.84272,-2.97062,15.7008
1892,-1.95986,-3.1761,15.4477
1893,-2.08626,-3.39956,15.2076
1894,-2.22282,-3.64235,14.9816
1895,-2.37049,-3.90597,14.7707
1896,-2.53026,-4.19197,14.5765
1897,-2.70319,-4.50199,14.4004
1898,-2.8904,-4.83775,14.2445
1899,-3.09306,-5.201,14.1111
1900,-3.31241,-5.5935,14.0028
1901,-3.54972,-6.01699,13.9227
1902,-3.80631,-6.4731,13.8743
1903,-4.08352,-6.96331,13.8619
1904,-4.38271,-7.48884,13.8903
1905,-4.70518,-8.05051,13.9647
1906,-5.05217,-8.64859,14.0914
1907,-5.42481,-9.2826,14.2773
1908,-5.824,-9.95111,14.5301
1909,-6.25038,-10.6514,14.8582
1910,-6.70421,-11.3792,15.2704
1911,-7.18519,-12.1282,15.7763
1912,-7.69236,-12.8899,16.3854
1913,-8.22394,-13.653,17.1069
1914,-8.77704,-14.4032,17.9493
1915,-9.34758,-15.1228,18.9192
1916,-9.92998,-15.7909,20.0206
1917,-10.5171,-16.3832,21.2537
1918,-11.0999,-16.873,22.6139
1919,-11.6678,-17.2318,24.0901
1920,-12.2083,-17.4314,25.6641
1921,-12.7076,-17.4453,27.3097
1922,-13.1508,-17.2517,28.9929
1923,-13.5227,-16.8357,30.6728
1924,-13.8087,-16.1922,32.3033
1925,-13.9954,-15.3275,33.8364
1926,-14.072,-14.2603,35.2252
1927,-14.0312,-13.0208,36.4282
1928,-13.8696,-11.6495,37.4129
1929,-13.5883,-10.1932,38.1583
1930,-13.1932,-8.70154,38.6563
1931,-12.6939,-7.2228,38.9117
1932,-12.1039,-5.80007,38.9405
1933,-11.4387,-4.46863,38.7675
1934,-10.7157,-3.2544,38.4228
1935,-9.95228,-2.17365,37.939
1936,-9.16545,-1.23368,37.3483
1937,-8.37087,-0.434145,36.6806
1938,-7.58238,0.231157,35.9617
1939,-6.8117,0.772579,35.2135
1940,-6.06831,1.20299,34.4529
1941,-5.35951,1.53646,33.693
1942,-4.69055,1.78719,32.9431
1943,-4.06483,1.96883,32.2093
1944,-3.48419,2.09402,31.4956
1945,-2.94916,2.17409,30.804
1946,-2.45921,2.21901,30.1353
1947,-2.01295,2.23737,29.4893
1948,-1.60839,2.23644,28.8653
1949,-1.24311,2.22232,28.2623
1950,-0.914362,2.20003,27.6792
1951,-0.619245,2.17368,27.1145
1952,-0.35478,2.14658,26.5673
1953,-0.117988,2.12136,26.0363
1954,0.0940481,2.10013,25.5205
1955,0.284146,2.0845,25.0191
1956,0.45499,2.07575,24.5314
1957,0.609115,2.07483,24.0566
1958,0.748897,2.08251,23.5942
1959,0.876546,2.09934,23.1439
1960,0.994112,2.12579,22.7052
1961,1.10349,2.16221,22.2778
1962,1.20641,2.20893,21.8617
1963,1.3045,2.26624,21.4566
1964,1.39923,2.33442,21.0626
1965,1.49198,2.4138,20.6795
1966,1.58401,2.50471,20.3074
1967,1.6765,2.60755,19.9466
1968,1.77057,2.72275,19.5971
1969,1.86728,2.85083,19.2592
1970,1.96761,2.99237,18.9333
1971,2.07254,3.14801,18.6198
1972,2.18301,3.31848,18.3192
1973,2.29994,3.50459,18.0321
1974,2.42425,3.7072,17.7594
1975,2.55684,3.92729,17.5018
1976,2.69865,4.16585,17.2605
1977,2.8506,4.42398,17.0367
1978,3.01364,4.70279,16.8318
1979,3.18875,5.00345,16.6475
1980,3.37691,5.32712,16.4857
1981,3.57913,5.67494,16.3486
1982,3.79641,6.048,16.2389
1983,4.02979,6.44729,16.1593
1984,4.28025,6.8736,16.1133
1985,4.54877,7.32752,16.1045
1986,4.83629,7.80926,16.1372
1987,5.14363,8.31861,16.216
1988,5.4715,8.85475,16.3461
1989,5.82042,9.41613,16.5331
1990,6.19069,10.0003,16.783
1991,6.58226,10.6035,17.1021
1992,6.99472,11.2209,17.497
1993,7.4271,11.846,17.9741
1994,7.87785,12.4702,18.5396
1995,8.34466,13.0833,19.1989
1996,8.82436,13.6728,19.9563
1997,9.3128,14.2242,20.8142
1998,9.80472,14.7209,21.7726
1999,10.2937,15.1447,22.8283
2000,10.7722,15.4762,23.9743
2001,11.2314,15.696,25.199
2002,11.6617,15.7856,26.4858
2003,12.0526,15.7286,27.8133
2004,12.3933,15.5127,29.1552
2005,12.673,15.1307,30.4816
2006,12.8816,14.5821,31.7599
2007,13.0104,13.874,32.9571
2008,13.0524,13.0209,34.0417
2009,13.0031,12.0448,34.9861
2010,12.8607,10.9733,35.7685
2011,12.6265,9.83817,36.3744
2012,12.3049,8.67293,36.7972
2013,11.9029,7.51033,37.0387
2014,11.4299,6.38033,37.1076
2015,10.8969,5.30836,37.0186
2016,10.3163,4.31429,36.7905
2017,9.70076,3.41199,36.4444
2018,9.06268,2.60948,36.0019
2019,8.41391,1.90958,35.484
2020,7.76519,1.31076,34.9099
2021,7.12592,0.808159,34.2963
2022,6.50402,0.394557,33.6575
2023,5.90591,0.0612938,33.0047
2024,5.33651,-0.200994,32.3471
2025,4.79938,-0.401785,31.6913
2026,4.29686,-0.55025,31.0422
2027,3.83022,-0.654959,30.4032
2028,3.39981,-0.72371,29.7765
2029,3.00528,-0.763448,29.1633
2030,2.64567,-0.780239,28.5642
2031,2.31957,-0.779298,27.9794
2032,2.02528,-0.765044,27.4088
2033,1.76083,-0.741166,26.8519
2034,1.52417,-0.710703,26.3084
2035,1.31314,-0.676123,25.7778
2036,1.12561,-0.639402,25.2594
2037,0.959448,-0.602093,24.7528
2038,0.812632,-0.565397,24.2576
2039,0.683212,-0.53022,23.7732
2040,0.569355,-0.497223,23.2993
2041,0.469347,-0.466875,22.8354
2042,0.381603,-0.439488,22.3814
2043,0.304665,-0.41525,21.9367
2044,0.237197,-0.394257,21.5013
2045,0.17799,-0.376534,21.0747
2046,0.125946,-0.362059,20.6569
2047,0.0800772,-0.350774,20.2475
2048,0.0394963,-0.3426,19.8463
2049,0.00340783,-0.337451,19.4533
2050,-0.0288991,-0.33524,19.0681
2051,-0.05806,-0.335883,18.6907
2052,-0.0846422,-0.339311,18.3208
2053,-0.109153,-0.345467,17.9584
2054,-0.132048,-0.354314,17.6032
2055,-0.153736,-0.365837,17.2552
2056,-0.174586,-0.380041,16.9141
2057,-0.194934,-0.39696,16.5799
2058,-0.215089,-0.416649,16.2524
2059,-0.235338,-0.439196,15.9315
2060,-0.255948,-0.464712,15.6172
2061,-0.277174,-0.493342,15.3092
2062,-0.299262,-0.52526,15.0075
2063,-0.322453,-0.560675,14.712
2064,-0.346986,-0.599828,14.4226
2065,-0.373103,-0.643001,14.1392
2066,-0.401049,-0.690511,13.8618
2067,-0.431082,-0.742721,13.5903
2068,-0.463469,-0.800036,13.3246
2069,-0.498493,-0.862912,13.0647
2070,-0.536457,-0.931859,12.8106
2071,-0.577686,-1.00744,12.5623
2072,-0.62253,-1.09029,12.3198
2073,-0.671371,-1.18111,12.0831
2074,-0.724622,-1.28067,11.8523
2075,-0.782737,-1.38982,11.6276
2076,-0.84621,-1.50951,11.409
2077,-0.915585,-1.64078,11.1969
2078,-0.991457,-1.78479,10.9913
2079,-1.07448,-1.94279,10.7927
2080,-1.16537,-2.1162,10.6015
2081,-1.26492,-2.30652,10.4182
2082,-1.37399,-2.51544,10.2434
2083,-1.49354,-2.7448,10.0778
2084,-1.62461,-2.99659,9.92258
2085,-1.76834,-3.273,9.77873
2086,-1.92597,-3.57637,9.64771
2087,-2.09889,-3.90927,9.53121
2088,-2.28857,-4.27441,9.43132
2089,-2.49662,-4.67469,9.35051
2090,-2.72478,-5.11317,9.29181
2091,-2.97494,-5.59301,9.2588
2092,-3.24908,-6.11747,9.2558
2093,-3.54934,-6.68976,9.28796
2094,-3.87792,-7.31298,9.36138
2095,-4.23712,-7.98995,9.4833
2096,-4.62926,-8.72299,9.66219
2097,-5.05662,-9.51365,9.90798
2098,-5.52135,-10.3623,10.2321
2099,-6.02539,-11.2677,10.6476
2100,-6.57024,-12.2265,11.1692
2101,-7.15681,-13.2321,11.8131
2102,-7.78515,-14.2747,12.5966
2103,-8.4541,-15.3392,13.5378
2104,-9.16096,-16.4053,14.6544
2105,-9.90103,-17.4461,15.9623
2106,-10.6671,-18.4275,17.4739
2107,-11.4492,-19.3083,19.1956
2108,-12.2339,-20.0405,21.1247
2109,-13.0043,-20.5716,23.2469
2110,-13.74,-20.8474,25.5328
2111,-14.4175,-20.8167,27.9362
2112,-15.011,-20.4376,30.394
2113,-15.494,-19.6838,32.828
2114,-15.8408,-18.5505,35.15
2115,-16.0292,-17.0592,37.2694
2116,-16.0423,-15.2581,39.1024
2117,-15.8706,-13.2193,40.582
2118,-15.5133,-11.0316,41.6654
2119,-14.9784,-8.7909,42.3382
2120,-14.2825,-6.58982,42.6144
2121,-13.4485,-4.50839,42.532
2122,-12.5042,-2.60791,42.1461
2123,-11.4794,-0.928223,41.5203
2124,-10.4037,0.511597,40.7195
2125,-9.30512,1.71026,39.8038
2126,-8.20822,2.67994,38.8245
2127,-7.13367,3.44176,37.8228
2128,-6.0979,4.02167,36.8291
2129,-5.11319,4.44733,35.8648
2130,-4.18804,4.74574,34.943
2131,-3.32768,4.94186,34.0711
2132,-2.53456,5.05783,33.2516
2133,-1.80897,5.11276,32.4841
2134,-1.1495,5.12268,31.7662
2135,-0.553476,5.10088,31.0944
2136,-0.0173321,5.05814,30.4646
2137,0.46307,5.00314,29.8727
2138,0.892213,4.94276,29.3147
2139,1.27473,4.88241,28.7871
2140,1.61529,4.82627,28.2867
2141,1.91842,4.77755,27.8108
2142,2.18854,4.73867,27.3569
2143,2.4298,4.71143,26.9233
2144,2.64613,4.69712,26.5085
2145,2.84117,4.69667,26.1112
2146,3.0183,4.71068,25.7307
2147,3.18063,4.73954,25.3662
2148,3.33099,4.78348,25.0174
2149,3.47195,4.84259,24.6842
2150,3.60586,4.91687,24.3664
2151,3.73482,5.00627,24.0642
2152,3.86075,5.1107,23.7778
2153,3.98535,5.23003,23.5078
2154,4.11017,5.36411,23.2546
2155,4.23657,5.51278,23.0188
2156,4.36579,5.67585,22.8012
2157,4.49893,5.85312,22.6027
2158,4.63693,6.04434,22.4241
2159,4.78067,6.24923,22.2666
2160,4.93087,6.46742,22.1314
2161,5.08817,6.69847,22.0196
2162,5.25309,6.94183,21.9327
2163,5.42604,7.19682,21.8721
2164,5.60733,7.46258,21.8393
2165,5.79713,7.73808,21.836
2166,5.99551,8.02203,21.8636
2167,6.20238,8.31289,21.9239
2168,6.41751,8.60883,22.0184
2169,6.64048,8.90768,22.1486
2170,6.87072,9.2069,22.3159
2171,7.10742,9.50358,22.5215
2172,7.34957,9.79442,22.7662
2173,7.59593,10.0757,23.0506
2174,7.84499,10.3434,23.3748
2175,8.09498,10.593,23.7382
2176,8.34387,10.8199,24.1398
2177,8.58938,11.0192,24.5774
2178,8.82894,11.1858,25.0485
2179,9.05979,11.315,25.5493
2180,9.27897,11.4021,26.0751
2181,9.48337,11.4429,26.6203
2182,9.66981,11.4339,27.1783
2183,9.83514,11.3724,27.7418
2184,9.97627,11.2569,28.3028
2185,10.0903,11.087,28.8529
2186,10.1748,10.8636,29.3833
2187,10.2275,10.5892,29.8854
2188,10.2467,10.2677,30.3512
2189,10.2314,9.90394,30.7732
2190,10.1812,9.50434,31.145
2191,10.0962,9.07596,31.4612
2192,9.97754,8.62656,31.7181
2193,9.82668,8.16417,31.9134
2194,9.64587,7.69681,32.0461
2195,9.43787,7.23216,32.1168
2196,9.20586,6.77734,32.1274
2197,8.95338,6.33865,32.0807
2198,8.68419,5.92147,31.9806
2199,8.40213,5.53013,31.8315
2200,8.11106,5.16794,31.6383
2201,7.81473,4.83717,31.406
2202,7.5167,4.53916,31.1397
2203,7.22028,4.27442,30.8444
2204,6.92848,4.04275,30.5247
2205,6.64397,3.84338,30.185
2206,6.36907,3.67507,29.8293
2207,6.10577,3.5363,29.4611
2208,5.85567,3.42532,29.0837
2209,5.62008,3.34025,28.6998
2210,5.39999,3.27923,28.3119
2211,5.19612,3.24038,27.9221
2212,5.00896,3.22194,27.5323
2213,4.83878,3.22226,27.1441
2214,4.68567,3.23985,26.7588
2215,4.54958,3.27336,26.3777
2216,4.43035,3.32164,26.0019
2217,4.32774,3.38367,25.6323
2218,4.24143,3.45865,25.2698
2219,4.17106,3.54591,24.9152
2220,4.11627,3.64493,24.5692
2221,4.07667,3.75535,24.2327
2222,4.05188,3.87692,23.9063
2223,4.04156,4.00953,23.5909
2224,4.04537,4.15313,23.2871
2225,4.06302,4.30781,22.9957
2226,4.09425,4.47369,22.7176
2227,4.13884,4.65096,22.4536
2228,4.19662,4.83986,22.2047
2229,4.26745,5.04066,21.972
2230,4.35124,5.25363,21.7565
2231,4.44791,5.47902,21.5593
2232,4.55745,5.71706,21.3819
2233,4.67984,5.96795,21.2257
2234,4.81508,6.23178,21.092
2235,4.96318,6.50854,20.9827
2236,5.12415,6.7981,20.8994
2237,5.29796,7.10013,20.844
2238,5.48456,7.41412,20.8186
2239,5.68382,7.73928,20.8253
2240,5.89557,8.07452,20.8661
2241,6.11949,8.41841,20.9435
2242,6.35518,8.76911,21.0595
2243,6.60206,9.12435,21.2164
2244,6.85935,9.48133,21.4163
2245,7.12609,9.83672,21.661
2246,7.40102,10.1866,21.9522
2247,7.68265,10.5266,22.2911
2248,7.96915,10.8515,22.6781
2249,8.25835,11.1558,23.1133
2250,8.54775,11.4334,23.5957
2251,8.83447,11.6779,24.1233
2252,9.1153,11.8826,24.6929
2253,9.3867,12.041,25.3001
2254,9.64484,12.1466,25.9392
2255,9.88568,12.1938,26.603
2256,10.1051,12.1775,27.2829
2257,10.2988,12.0941,27.9693
2258,10.4628,11.9415,28.6516
2259,10.5933,11.7191,29.3183
2260,10.6869,11.4287,29.9579
2261,10.7408,11.0736,30.559
2262,10.7529,10.6597,31.1109
2263,10.7219,10.1942,31.604
2264,10.6474,9.68617,32.0304
2265,10.53,9.14574,32.3837
2266,10.3712,8.58371,32.6601
2267,10.1735,8.0111,32.8575
2268,9.93994,7.43861,32.9762
2269,9.67459,6.87623,33.0183
2270,9.38182,6.33285,32.9875
2271,9.06643,5.81601,32.8889
2272,8.73341,5.33179,32.7287
2273,8.38777,4.88468,32.5134
2274,8.03439,4.47772,32.2499
2275,7.67793,4.11256,31.9451
2276,7.32269,3.78963,31.6057
2277,6.97254,3.50835,31.2379
2278,6.63091,3.26736,30.8473
2279,6.30073,3.06467,30.4389
2280,5.98443,2.89788,30.0173
2281,5.684,2.76436,29.5862
2282,5.40094,2.66135,29.1491
2283,5.13639,2.5861,28.7086
2284,4.89108,2.53597,28.2671
2285,4.66546,2.50845,27.8266
2286,4.45969,2.50125,27.3886
2287,4.27372,2.51231,26.9545
2288,4.10731,2.5398,26.5255
2289,3.96008,2.58216,26.1024
2290,3.83155,2.63805,25.6862
2291,3.72118,2.70638,25.2774
2292,3.62839,2.78629,24.8767
2293,3.55256,2.87712,24.4847
2294,3.4931,2.97839,24.1019
2295,3.44943,3.08981,23.7289
2296,3.421,3.21123,23.3661
2297,3.40732,3.34266,23.0141
2298,3.40793,3.48421,22.6735
2299,3.42246,3.63611,22.3449
2300,3.45057,3.7987,22.0288
2301,3.49201,3.97237,21.7261
2302,3.54659,4.15759,21.4375
2303,3.61418,4.35489,21.1638
2304,3.69472,4.56483,20.9061
2305,3.78821,4.78799,20.6653
2306,3.8947,5.02497,20.4426
2307,4.01431,5.27636,20.2394
2308,4.14717,5.54269,20.0572
2309,4.29348,5.82446,19.8974
2310,4.45344,6.12208,19.762
2311,4.62728,6.43584,19.6529
2312,4.81522,6.76586,19.5723
2313,5.01747,7.11208,19.5224
2314,5.23419,7.47418,19.506
2315,5.46549,7.85152,19.5256
2316,5.71138,8.24308,19.5842
2317,5.97177,8.64741,19.6848
2318,6.2464,9.0625,19.8306
2319,6.53481,9.48576,20.0248
2320,6.83631,9.91389,20.2704
2321,7.14994,10.3428,20.5704
2322,7.47439,10.7677,20.9274
2323,7.80797,11.1827,21.3436
2324,8.14855,11.5811,21.8203
2325,8.49353,11.9555,22.3581
2326,8.83982,12.2975,22.9564
2327,9.18377,12.5982,23.6131
2328,9.52122,12.8482,24.3243
2329,9.84752,13.038,25.0845
2330,10.1576,13.1587,25.8859
2331,10.4459,13.2018,26.7186
2332,10.7068,13.1603,27.5709
2333,10.9347,13.0291,28.429
2334,11.1239,12.8054,29.2779
2335,11.2693,12.4892,30.1014
2336,11.3665,12.0835,30.8833
2337,11.4117,11.5946,31.6079
2338,11.4024,11.0317,32.2608
2339,11.3373,10.4067,32.8296
2340,11.2165,9.73343,33.3046
2341,11.0414,9.02727,33.6792
2342,10.8149,8.30402,33.9503
2343,10.5408,7.5792,34.1179
2344,10.2244,6.86727,34.1849
2345,9.87146,6.18106,34.157
2346,9.48852,5.53127,34.0418
2347,9.08229,4.92628,33.8482
2348,8.65956,4.37205,33.586
2349,8.22693,3.87225,33.2653
2350,7.79062,3.42848,32.8957
2351,7.3563,3.04055,32.4866
2352,6.92904,2.70683,32.0462
2353,6.5132,2.42463,31.5822
2354,6.11243,2.19046,31.1008
2355,5.72967,2.00039,30.6076
2356,5.36722,1.85024,30.1071
2357,5.02673,1.73581,29.603
2358,4.70932,1.65304,29.0983
2359,4.41561,1.59807,28.5955
2360,4.14582,1.56737,28.0962
2361,3.89983,1.55774,27.602
2362,3.67724,1.56638,27.1139
2363,3.47743,1.59083,26.6329
2364,3.29964,1.62901,26.1594
2365,3.143,1.67919,25.6941
2366,3.00656,1.73995,25.2373
2367,2.88935,1.81018,24.7894
2368,2.7904,1.88904,24.3505
2369,2.70877,1.97591,23.9208
2370,2.64354,2.07041,23.5007
2371,2.59387,2.17235,23.0903
2372,2.55899,2.28168,22.6899
2373,2.53819,2.39855,22.2996
2374,2.53087,2.52319,21.9198
2375,2.5365,2.65599,21.5506
2376,2.55464,2.79742,21.1926
2377,2.58495,2.94806,20.846
2378,2.62719,3.10855,20.5113
2379,2.68119,3.27962,20.1891
2380,2.74687,3.46208,19.8798
2381,2.82425,3.65678,19.5843
2382,2.91342,3.86462,19.3033
2383,3.01456,4.08655,19.0377
2384,3.12791,4.32357,18.7886
2385,3.25381,4.57667,18.5571
2386,3.39263,4.84688,18.3446
2387,3.54482,5.13521,18.1527
2388,3.71088,5.44263,17.9832
2389,3.89135,5.77008,17.838
2390,4.08682,6.11837,17.7195
2391,4.29786,6.4882,17.6302
2392,4.52508,6.88009,17.573
2393,4.76905,7.29429,17.5511
2394,5.0303,7.73075,17.568
2395,5.30927,8.18896,17.6275
2396,5.60632,8.66794,17.7339
2397,5.92163,9.16604,17.8916
2398,6.25516,9.68084,18.1054
2399,6.60661,10.209,18.3801
2400,6.97536,10.7461,18.7207
2401,7.36033,11.2865,19.132
2402,7.75998,11.8232,19.6183
2403,8.17216,12.3478,20.1833
2404,8.59405,12.8503,20.8298
2405,9.02208,13.3192,21.559
2406,9.45186,13.7416,22.3702
2407,9.87814,14.1038,23.2604
2408,10.2948,14.391,24.2237
2409,10.6949,14.5887,25.2509
2410,11.0709,14.6828,26.3293
2411,11.4145,14.6612,27.4427
2412,11.7174,14.5142,28.5716
2413,11.9711,14.2357,29.6934
2414,12.1678,13.8244,30.7838
2415,12.3003,13.2839,31.8179
2416,12.3628,12.6234,32.7712
2417,12.3513,11.8574,33.6214
2418,12.2637,11.0046,34.3499
2419,12.0999,10.0877,34.9428
2420,11.8624,9.1311,35.3915
2421,11.5555,8.15973,35.6935
2422,11.1856,7.19752,35.8514
2423,10.7607,6.26599,35.8728
2424,10.2899,5.38325,35.7693
2425,9.78274,4.56343,35.555
2426,9.24931,3.81643,35.2453
2427,8.69934,3.14813,34.8564
2428,8.14202,2.56073,34.4038
2429,7.58572,2.05338,33.9018
2430,7.03783,1.62285,33.3632
2431,6.50463,1.26412,32.7991
2432,5.99126,0.97106,32.2185
2433,5.50176,0.736906,31.6289
2434,5.03912,0.554697,31.0361
2435,4.60541,0.417589,30.4446
2436,4.20184,0.319084,29.8577
2437,3.82892,0.253182,29.2778
2438,3.48658,0.214465,28.7065
2439,3.17424,0.198136,28.1448
2440,2.89099,0.200023,27.5934
2441,2.63561,0.216552,27.0527
2442,2.40669,0.244713,26.5227
2443,2.20269,0.282013,26.0035
2444,2.02201,0.32642,25.495
2445,1.86303,0.376312,24.9969
2446,1.72414,0.430426,24.509
2447,1.60378,0.487811,24.0313
2448,1.50046,0.547781,23.5634
2449,1.41279,0.609877,23.1051
2450,1.33946,0.673832,22.6563
2451,1.27929,0.739542,22.2169
2452,1.23117,0.807038,21.7865
2453,1.19415,0.876464,21.3652
2454,1.16737,0.948062,20.9528
2455,1.15006,1.02216,20.5492
2456,1.14159,1.09914,20.1543
2457,1.14141,1.17946,19.7681
2458,1.14907,1.26365,19.3905
2459,1.16422,1.35224,19.0215
2460,1.1866,1.44587,18.6612
2461,1.21603,1.54518,18.3094
2462,1.25241,1.65089,17.9664
2463,1.29573,1.76375,17.6322
2464,1.34605,1.88457,17.3069
2465,1.40349,2.01423,16.9907
2466,1.46828,2.15364,16.6839
2467,1.54067,2.3038,16.3867
2468,1.62103,2.46578,16.0995
2469,1.70977,2.6407,15.8228
2470,1.80739,2.82979,15.5571
2471,1.91445,3.03433,15.3031
2472,2.03159,3.25573,15.0614
2473,2.15953,3.49544,14.8332
2474,2.29905,3.75504,14.6195
2475,2.45103,4.03615,14.4216
2476,2.6164,4.34052,14.241
2477,2.79621,4.66993,14.0797
2478,2.99153,5.02622,13.9398
2479,3.20355,5.41126,13.8238
2480,3.43349,5.82689,13.7346
2481,3.68266,6.2749,13.6758
2482,3.95239,6.75694,13.6512
2483,4.24402,7.27443,13.6655
2484,4.55891,7.82846,13.7239
2485,4.89835,8.41963,13.8324
2486,5.26355,9.04787,13.9978
2487,5.65553,9.7122,14.2276
2488,6.0751,10.4105,14.5302
2489,6.52269,11.1391,14.9144
2490,6.99828,11.8926,15.39
2491,7.50122,12.6632,15.9667
2492,8.03005,13.4407,16.6543
2493,8.58235,14.2116,17.462
2494,9.15446,14.9591,18.3975
2495,9.74134,15.6632,19.4663
2496,10.3363,16.3,20.6704
2497,10.931,16.8431,22.0073
2498,11.515,17.2635,23.4684
2499,12.0763,17.5316,25.0378
2500,12.6012,17.6192,26.6919
2501,13.0748,17.5016,28.3986
2502,13.4814,17.1602,30.1181
2503,13.8055,16.5859,31.8046
2504,14.033,15.7808,33.4087
2505,14.1515,14.7594,34.8812
2506,14.1521,13.5491,36.1768
2507,14.03,12.1884,37.2584
2508,13.7845,10.724,38.1
2509,13.4201,9.20674,38.689
2510,12.9454,7.68744,39.026
2511,12.3732,6.21275,39.1245
2512,11.7189,4.82187,39.0076
2513,10.9998,3.54465,38.7051
2514,10.2339,2.40081,38.2505
2515,9.43894,1.40044,37.6775
2516,8.63146,0.545223,37.0179
2517,7.82629,-0.169788,36.2996
2518,7.0361,-0.75435,35.5464
2519,6.27128,-1.22126,34.7771
2520,5.53992,-1.58487,34.0062
2521,4.84796,-1.85993,33.2442
2522,4.19937,-2.06077,32.498
2523,3.59643,-2.20074,31.7723
2524,3.04001,-2.29188,31.0694
2525,2.52978,-2.34482,30.3903
2526,2.06455,-2.36875,29.735
2527,1.64239,-2.37147,29.1028
2528,1.26091,-2.35952,28.4926
2529,0.917351,-2.33833,27.9031
2530,0.608768,-2.3123,27.3331
2531,0.332114,-2.28503,26.7812
2532,0.0843245,-2.25935,26.2463
2533,-0.137612,-2.23755,25.7272
2534,-0.336614,-2.22138,25.2231
2535,-0.51547,-2.21222,24.733
2536,-0.676816,-2.21112,24.2563
2537,-0.823127,-2.21891,23.7925
2538,-0.956711,-2.23619,23.341
2539,-1.07971,-2.26347,22.9015
2540,-1.1941,-2.30114,22.4738
2541,-1.3017,-2.34953,22.0575
2542,-1.4042,-2.40896,21.6526
2543,-1.50315,-2.47972,21.259
2544,-1.59997,-2.56213,20.8768
2545,-1.696,-2.65653,20.506
2546,-1.79248,-2.76333,20.1467
2547,-1.89055,-2.88296,19.7993
2548,-1.99131,-3.01593,19.4639
2549,-2.09581,-3.16281,19.141
2550,-2.20504,-3.32424,18.831
2551,-2.31997,-3.50093,18.5345
2552,-2.44155,-3.69368,18.2523
2553,-2.57071,-3.90335,17.9851
2554,-2.70838,-4.13084,17.7339
2555,-2.85551,-4.37715,17.4999
2556,-3.01303,-4.64331,17.2844
2557,-3.18189,-4.93037,17.0889
2558,-3.36305,-5.23942,16.9152
2559,-3.55748,-5.5715,16.7654
2560,-3.76618,-5.92765,16.6419
2561,-3.9901,-6.30877,16.5472
2562,-4.23023,-6.71566,16.4845
2563,-4.4875,-7.14887,16.4572
2564,-4.76279,-7.60868,16.4692
2565,-5.05693,-8.09495,16.5247
2566,-5.37061,-8.60705,16.6286
2567,-5.70437,-9.14368,16.7859
2568,-6.05854,-9.70271,17.0022
2569,-6.43316,-10.281,17.2835
2570,-6.82793,-10.8742,17.6357
2571,-7.24209,-11.4767,18.065
2572,-7.67431,-12.081,18.5773
2573,-8.12264,-12.678,19.1778
2574,-8.58432,-13.2566,19.871
2575,-9.05572,-13.8038,20.6596
2576,-9.53222,-14.3047,21.5445
2577,-10.0081,-14.7426,22.5238
2578,-10.4767,-15.0999,23.5921
2579,-10.93,-15.3581,24.7402
2580,-11.3592,-15.4995,25.9544
2581,-11.7547,-15.5078,27.2164
2582,-12.1064,-15.3698,28.5033
2583,-12.404,-15.0765,29.7882
2584,-12.6377,-14.6246,31.0417
2585,-12.7986,-14.0175,32.2326
2586,-12.8793,-13.2655,33.3306
2587,-12.8745,-12.3859,34.3077
2588,-12.7811,-11.4023,35.1407
2589,-12.5991,-10.3425,35.8122
2590,-12.3311,-9.23738,36.3122
2591,-11.9826,-8.11808,36.6382
2592,-11.5612,-7.01429,36.7948
2593,-11.0767,-5.95228,36.7928
2594,-10.5402,-4.95369,36.6475
2595,-9.96342,-4.03477,36.3777
2596,-9.35841,-3.20627,36.0032
2597,-8.73675,-2.47375,35.5442
2598,-8.10924,-1.83823,35.0198
2599,-7.48557,-1.29709,34.4469
2600,-6.87411,-0.844951,33.8406
2601,-6.28182,-0.474567,33.2132
2602,-5.71428,-0.177598,32.5746
2603,-5.17568,0.0547587,31.9327
2604,-4.66899,0.231282,31.2933
2605,-4.19608,0.360375,30.6606
2606,-3.75786,0.449837,30.0374
2607,-3.35446,0.506728,29.4258
2608,-2.98535,0.537307,28.8267
2609,-2.64951,0.547025,28.2407
2610,-2.34552,0.540555,27.6681
2611,-2.0717,0.521843,27.1086
2612,-1.82617,0.494175,26.562
2613,-1.60696,0.460247,26.0279
2614,-1.41205,0.422236,25.5059
2615,-1.23944,0.381876,24.9956
2616,-1.08715,0.340516,24.4965
2617,-0.95329,0.299184,24.0082
2618,-0.836072,0.25864,23.5303
2619,-0.733806,0.219419,23.0626
2620,-0.644925,0.181882,22.6045
2621,-0.567984,0.146238,22.1559
2622,-0.501661,0.112586,21.7165
2623,-0.444755,0.0809331,21.2861
2624,-0.396181,0.0512166,20.8643
2625,-0.354969,0.0233233,20.451
2626,-0.320251,-0.00289836,20.046
2627,-0.291259,-0.0276268,19.6491
2628,-0.267314,-0.0510586,19.2602
2629,-0.247823,-0.0734017,18.8789
2630,-0.232269,-0.0948708,18.5053
2631,-0.220205,-0.115683,18.1391
2632,-0.211247,-0.136058,17.7802
2633,-0.205068,-0.156213,17.4284
2634,-0.201393,-0.176363,17.0837
2635,-0.199993,-0.196726,16.7458
2636,-0.200684,-0.217516,16.4146
2637,-0.203317,-0.238948,16.09
2638,-0.207778,-0.26124,15.7719
2639,-0.213987,-0.284612,15.4602
2640,-0.22189,-0.309291,15.1547
2641,-0.231463,-0.335511,14.8553
2642,-0.242704,-0.363514,14.562
2643,-0.255636,-0.393557,14.2746
2644,-0.270307,-0.42591,13.993
2645,-0.286784,-0.460862,13.7171
2646,-0.305156,-0.498722,13.4469
2647,-0.325538,-0.539822,13.1823
2648,-0.348062,-0.584525,12.9231
2649,-0.372887,-0.633222,12.6694
2650,-0.400194,-0.686341,12.421
2651,-0.43019,-0.74435,12.178
2652,-0.463108,-0.807762,11.9403
2653,-0.499213,-0.877139,11.7079
2654,-0.538797,-0.9531,11.4808
2655,-0.582189,-1.03633,11.259
2656,-0.629752,-1.12756,11.0425
2657,-0.681893,-1.22764,10.8315
2658,-0.73906,-1.33747,10.626
2659,-0.801749,-1.45805,10.4263
2660,-0.870513,-1.59049,10.2324
2661,-0.945958,-1.73601,10.0448
2662,-1.02876,-1.89594,9.86361
2663,-1.11965,-2.07176,9.68939
2664,-1.21947,-2.2651,9.52262
2665,-1.3291,-2.47773,9.36397
2666,-1.44954,-2.71161,9.21422
2667,-1.58189,-2.96885,9.07437
2668,-1.72735,-3.2518,8.94562
2669,-1.88724,-3.56297,8.82942
2670,-2.063,-3.90507,8.72758
2671,-2.2562,-4.28105,8.64224
2672,-2.46856,-4.69402,8.57602
2673,-2.70194,-5.14728,8.5321
2674,-2.95832,-5.64426,8.51428
2675,-3.23986,-6.18848,8.52715
2676,-3.54882,-6.78344,8.57619
2677,-3.88759,-7.43253,8.66794
2678,-4.25864,-8.13885,8.81017
2679,-4.66447,-8.90494,9.01205
2680,-5.10755,-9.73251,9.28428
2681,-5.59021,-10.622,9.6393
2682,-6.11454,-11.5721,10.0913
2683,-6.68217,-12.5789,10.6564
2684,-7.29406,-13.6353,11.3523
2685,-7.95023,-14.7302,12.198
2686,-8.64935,-15.8468,13.2131
2687,-9.38836,-16.9624,14.417
2688,-10.162,-18.0467,15.8266
2689,-10.9621,-19.0615,17.455
2690,-11.7775,-19.9606,19.3079
2691,-12.5931,-20.6909,21.3808
2692,-13.3901,-21.1941,23.6551
2693,-14.1457,-21.4113,26.0955
2694,-14.8341,-21.2881,28.6475
2695,-15.4269,-20.7819,31.238
2696,-15.8956,-19.8695,33.7783
2697,-16.2132,-18.5532,36.1703
2698,-16.357,-16.8649,38.316
2699,-16.3108,-14.8662,40.1287
2700,-16.0671,-12.643,41.5431
2701,-15.6283,-10.2966,42.523
2702,-15.0063,-7.93213,43.0646
2703,-14.2216,-5.64676,43.1944
2704,-13.3012,-3.52057,42.963
2705,-12.2762,-1.61094,42.436
2706,-11.179,0.0487967,41.6851
2707,-10.0408,1.44726,40.7798
2708,-8.89027,2.59079,39.7821
2709,-7.75203,3.49823,38.7429
2710,-6.64613,4.19602,37.7011
2711,-5.588,4.71397,36.6846
2712,-4.58875,5.0822,35.7115
2713,-3.65564,5.32909,34.7921
2714,-2.79266,5.48016,33.9309
2715,-2.00114,5.55755,33.1284
2716,-1.28039,5.57994,32.3823
2717,-0.628108,5.56282,31.6888
2718,-0.0409235,5.51878,31.0433
2719,0.485308,5.45793,30.4409
2720,0.955189,5.38829,29.8771
2721,1.37356,5.31615,29.3474
2722,1.74534,5.24638,28.848
2723,2.07537,5.1827,28.3756
2724,2.36834,5.12794,27.9273
2725,2.62874,5.08418,27.5007
2726,2.86079,5.05293,27.094
2727,3.06843,5.03525,26.7056
2728,3.25532,5.03185,26.3344
2729,3.42481,5.04316,25.9796
2730,3.57996,5.06942,25.6405
2731,3.72358,5.11071,25.3168
2732,3.85819,5.167,25.0084
2733,3.98606,5.23817,24.7152
2734,4.10925,5.32404,24.4375
2735,4.2296,5.42439,24.1754
2736,4.34873,5.53899,23.9295
2737,4.46811,5.66755,23.7002
2738,4.58902,5.80977,23.4882
2739,4.71261,5.96534,23.2941
2740,4.83988,6.13388,23.1189
2741,4.97168,6.31499,22.9634
2742,5.10877,6.50822,22.8287
2743,5.25176,6.71302,22.7156
2744,5.40117,6.92878,22.6255
2745,5.55739,7.15475,22.5595
2746,5.72071,7.39007,22.5188
2747,5.8913,7.6337,22.5047
2748,6.06919,7.88444,22.5185
2749,6.2543,8.14087,22.5614
2750,6.4464,8.40132,22.6347
2751,6.64513,8.66389,22.7396
2752,6.84995,8.92639,22.8769
2753,7.06016,9.18635,23.0476
2754,7.27486,9.44098,23.2523
2755,7.49299,9.68723,23.4912
2756,7.71325,9.92177,23.7643
2757,7.93416,10.141,24.071
2758,8.15401,10.3411,24.4102
2759,8.37091,10.5183,24.7803
2760,8.58276,10.6685,25.1791
2761,8.78727,10.7879,25.6033
2762,8.98205,10.8727,26.0495
2763,9.16456,10.9198,26.5129
2764,9.33223,10.9261,26.9886
2765,9.48247,10.8894,27.4707
2766,9.61279,10.8083,27.9528
2767,9.72082,10.6823,28.4282
2768,9.80441,10.5117,28.8901
2769,9.86173,10.2982,29.3316
2770,9.89128,10.0442,29.7459
2771,9.89203,9.75327,30.1267
2772,9.86343,9.42998,30.4686
2773,9.80542,9.07955,30.7668
2774,9.71851,8.70782,31.0175
2775,9.60371,8.321,31.2179
2776,9.46255,7.92544,31.3667
2777,9.29702,7.5274,31.4632
2778,9.10948,7.13287,31.5082
2779,8.90264,6.74734,31.5031
2780,8.67943,6.37571,31.4503
2781,8.44294,6.02216,31.3529
2782,8.19633,5.69011,31.2143
2783,7.94274,5.38219,31.0384
2784,7.68522,5.10031,30.8291
2785,7.4267,4.84562,30.5905
2786,7.16988,4.6187,30.3265
2787,6.91725,4.41955,30.041
2788,6.67104,4.24774,29.7375
2789,6.43319,4.10247,29.4193
2790,6.2054,3.98269,29.0895
2791,5.98908,3.88716,28.7509
2792,5.78537,3.81455,28.4059
2793,5.59518,3.76345,28.0567
2794,5.41921,3.73247,27.7054
2795,5.25797,3.72029,27.3536
2796,5.11176,3.72564,27.0029
2797,4.98078,3.74735,26.6548
2798,4.86508,3.78437,26.3104
2799,4.76461,3.83577,25.971
2800,4.67926,3.90076,25.6374
2801,4.60884,3.97865,25.3108
2802,4.55314,4.0689,24.992
2803,4.51191,4.17106,24.682
2804,4.48488,4.28479,24.3814
2805,4.4718,4.40987,24.0913
2806,4.47241,4.54613,23.8125
2807,4.48647,4.6935,23.5458
2808,4.51375,4.85194,23.2921
2809,4.55404,5.02148,23.0524
2810,4.60718,5.20216,22.8277
2811,4.67299,5.39405,22.619
2812,4.75135,5.5972,22.4274
2813,4.84212,5.81165,22.2542
2814,4.94522,6.03739,22.1005
2815,5.06053,6.27435,21.9678
2816,5.18795,6.52236,21.8573
2817,5.32737,6.78114,21.7707
2818,5.47865,7.05028,21.7096
2819,5.64163,7.32917,21.6754
2820,5.81608,7.61701,21.6701
2821,6.00171,7.91274,21.6952
2822,6.19814,8.21504,21.7527
2823,6.40491,8.52227,21.8441
2824,6.62139,8.83244,21.9711
2825,6.84684,9.14316,22.1354
2826,7.08031,9.45166,22.3382
2827,7.32069,9.75474,22.5806
2828,7.56663,10.0488,22.8633
2829,7.81655,10.3297,23.1867
2830,8.06861,10.5931,23.5505
2831,8.32071,10.8342,23.9537
2832,8.57048,11.0481,24.3946
2833,8.81531,11.2295,24.8707
2834,9.05234,11.3735,25.3783
2835,9.2785,11.4751,25.913
2836,9.49057,11.5299,26.4692
2837,9.68525,11.534,27.0404
2838,9.85921,11.4843,27.6192
2839,10.0092,11.3789,28.1973
2840,10.1322,11.2172,28.7662
2841,10.2253,10.9998,29.3167
2842,10.2863,10.7289,29.8401
2843,10.3133,10.4081,30.3276
2844,10.305,10.0425,30.7713
2845,10.2607,9.63836,31.1644
2846,10.1807,9.20293,31.501
2847,10.0656,8.7442,31.777
2848,9.91701,8.27051,31.9896
2849,9.73711,7.79026,32.1377
2850,9.52864,7.31155,32.2215
2851,9.29484,6.84191,32.243
2852,9.03931,6.38804,32.2049
2853,8.7659,5.95571,32.1111
2854,8.47861,5.54956,31.9662
2855,8.18142,5.17317,31.7752
2856,7.87823,4.82902,31.5434
2857,7.57278,4.51861,31.2761
2858,7.26851,4.24253,30.9784
2859,6.96858,4.00062,30.6553
2860,6.67579,3.7921,30.3112
2861,6.39259,3.61571,29.9505
2862,6.12104,3.46984,29.5767
2863,5.86286,3.35266,29.1932
2864,5.6194,3.26221,28.803
2865,5.39172,3.1965,28.4085
2866,5.18057,3.15359,28.012
2867,4.98645,3.13159,27.6154
2868,4.80966,3.12876,27.2202
2869,4.65028,3.14352,26.828
2870,4.50826,3.17445,26.4398
2871,4.38344,3.22032,26.0569
2872,4.27554,3.28007,25.6802
2873,4.18423,3.35283,25.3105
2874,4.10913,3.43788,24.9486
2875,4.04984,3.53468,24.5953
2876,4.00596,3.64285,24.2513
2877,3.97709,3.7621,23.9174
2878,3.96284,3.89232,23.5941
2879,3.96287,4.03346,23.2823
2880,3.97686,4.18559,22.9828
2881,4.00453,4.34887,22.6962
2882,4.04566,4.52348,22.4235
2883,4.10004,4.7097,22.1656
2884,4.16755,4.90782,21.9234
2885,4.24807,5.11814,21.6981
2886,4.34155,5.34097,21.4907
2887,4.44795,5.57661,21.3027
2888,4.56728,5.8253,21.1352
2889,4.69956,6.08722,20.9899
2890,4.84483,6.36246,20.8683
2891,5.0031,6.65097,20.7723
2892,5.1744,6.95256,20.7036
2893,5.35872,7.26684,20.6643
2894,5.556,7.59317,20.6566
2895,5.7661,7.93062,20.6826
2896,5.98881,8.27793,20.7446
2897,6.22379,8.63346,20.8451
2898,6.47055,8.9951,20.9862
2899,6.72844,9.36026,21.1704
2900,6.99659,9.7258,21.3997
2901,7.27387,10.088,21.6759
2902,7.5589,10.4425,22.0007
2903,7.84997,10.7844,22.3748
2904,8.14504,11.108,22.7988
2905,8.4417,11.4074,23.2721
2906,8.73718,11.6759,23.7932
2907,9.02832,11.9066,24.3595
2908,9.31162,12.0928,24.9672
2909,9.58322,12.2274,25.6109
2910,9.83904,12.3041,26.2838
2911,10.0748,12.3173,26.9778
2912,10.2861,12.2624,27.6832
2913,10.4686,12.1365,28.3894
2914,10.6183,11.9381,29.0847
2915,10.7314,11.6679,29.7572
2916,10.8047,11.3289,30.3947
2917,10.8355,10.9259,30.9857
2918,10.8223,10.466,31.5197
2919,10.7642,9.95793,31.9875
2920,10.6613,9.41196,32.3819
2921,10.5148,8.83917,32.6978
2922,10.327,8.2511,32.9323
2923,10.1008,7.65917,33.0848
2924,9.84007,7.07415,33.157
2925,9.5492,6.50583,33.1522
2926,9.23308,5.96261,33.0753
2927,8.89685,5.45139,32.9324
2928,8.54573,4.9774,32.7304
2929,8.18487,4.54431,32.4763
2930,7.81921,4.15423,32.1776
2931,7.45334,3.80798,31.8412
2932,7.09145,3.5052,31.4737
2933,6.73725,3.24465,31.0813
2934,6.39392,3.02437,30.6694
2935,6.06415,2.84193,30.2428
2936,5.75012,2.69458,29.8056
2937,5.45353,2.57941,29.3615
2938,5.17565,2.49352,28.9134
2939,4.91733,2.43407,28.4638
2940,4.67911,2.39836,28.0149
2941,4.46121,2.38392,27.5682
2942,4.26361,2.3885,27.1253
2943,4.08609,2.41012,26.6872
2944,3.92827,2.44705,26.255
2945,3.78967,2.49783,25.8295
2946,3.6697,2.56123,25.4114
2947,3.56776,2.6363,25.0012
2948,3.48319,2.72227,24.5996
2949,3.41536,2.81859,24.2071
2950,3.36364,2.92489,23.824
2951,3.32742,3.04098,23.451
2952,3.30617,3.1668,23.0885
2953,3.29939,3.30245,22.7371
2954,3.30665,3.44813,22.3972
2955,3.32758,3.60414,22.0694
2956,3.36188,3.77088,21.7545
2957,3.40931,3.94883,21.453
2958,3.46974,4.13851,21.1659
2959,3.54305,4.34051,20.8939
2960,3.62923,4.55545,20.638
2961,3.72832,4.78398,20.3994
2962,3.8404,5.02673,20.1792
2963,3.96564,5.28435,19.9788
2964,4.10422,5.55742,19.7997
2965,4.25636,5.84648,19.6436
2966,4.42233,6.15198,19.5123
2967,4.60238,6.47423,19.4079
2968,4.79678,6.81339,19.3327
2969,5.00578,7.1694,19.2891
2970,5.22957,7.54194,19.2799
2971,5.46828,7.93033,19.3078
2972,5.72197,8.33354,19.3759
2973,5.99054,8.75,19.4875
2974,6.27375,9.17762,19.6459
2975,6.57113,9.61365,19.8543
2976,6.88197,10.0546,20.1162
2977,7.20525,10.4961,20.4346
2978,7.53961,10.933,20.8122
2979,7.88326,11.3591,21.2513
2980,8.23395,11.7673,21.7534
2981,8.58892,12.1496,22.319
2982,8.94489,12.4971,22.9472
2983,9.29798,12.8003,23.6357
2984,9.64379,13.0493,24.3804
2985,9.97736,13.2342,25.175
2986,10.2933,13.3453,26.0111
2987,10.5858,13.3741,26.8779
2988,10.8489,13.3133,27.7628
2989,11.0767,13.158,28.6509
2990,11.2633,12.9056,29.5261
2991,11.4035,12.5568,30.3713
2992,11.4926,12.1155,31.1695
2993,11.527,11.589,31.9041
2994,11.5044,10.9877,32.5604
2995,11.4236,10.3247,33.1261
2996,11.285,9.61533,33.5917
2997,11.0905,8.87595,33.9512
2998,10.8434,8.12332,34.2022
2999,10.5482,7.37365,34.3457
3000,10.2105,6.6418,34.3858
3001,9.83669,5.9407,34.3292
3002,9.43366,5.28093,34.1845
3003,9.00853,4.67048,33.9616
3004,8.56838,4.11481,33.6711
3005,8.12002,3.61699,33.3234
3006,7.6698,3.17794,32.9288
3007,7.22346,2.79683,32.4967
3008,6.78604,2.47142,32.0357
3009,6.36184,2.19846,31.553
3010,5.95442,1.97398,31.0552
3011,5.56657,1.79365,30.5475
3012,5.20043,1.65299,30.0343
3013,4.85748,1.54755,29.5191
3014,4.53867,1.47308,29.0047
3015,4.24445,1.42562,28.4933
3016,3.97486,1.40156,27.9865
3017,3.72964,1.39766,27.4856
3018,3.50825,1.4111,26.9916
3019,3.30994,1.43944,26.5051
3020,3.13384,1.48064,26.0268
3021,2.97897,1.53299,25.557
3022,2.8443,1.59513,25.096
3023,2.72878,1.66598,24.644
3024,2.6314,1.74474,24.2012
3025,2.55113,1.83086,23.7678
3026,2.48704,1.92398,23.3439
3027,2.43824,2.02395,22.9298
3028,2.40393,2.13078,22.5255
3029,2.38338,2.24462,22.1313
3030,2.37598,2.36575,21.7473
3031,2.38117,2.49458,21.3739
3032,2.39853,2.6316,21.0113
3033,2.42769,2.77741,20.6598
3034,2.4684,2.93268,20.3199
3035,2.5205,3.09817,19.992
3036,2.58393,3.27469,19.6766
3037,2.65868,3.46312,19.3743
3038,2.74486,3.66441,19.086
3039,2.84266,3.87952,18.8124
3040,2.95233,4.10951,18.5544
3041,3.07422,4.35542,18.3132
3042,3.20872,4.61835,18.0901
3043,3.35631,4.89938,17.8865
3044,3.51752,5.1996,17.7041
3045,3.69293,5.52005,17.5448
3046,3.88316,5.86171,17.4108
3047,4.08886,6.22547,17.3045
3048,4.3107,6.61206,17.2287
3049,4.54935,7.022,17.1865
3050,4.80544,7.45554,17.1814
3051,5.07955,7.91255,17.2171
3052,5.37218,8.39244,17.298
3053,5.6837,8.89406,17.4285
3054,6.01428,9.4155,17.6136
3055,6.36388,9.95401,17.8583
3056,6.73213,10.5058,18.1679
3057,7.11829,11.0658,18.5478
3058,7.52114,11.6278,19.003
3059,7.93892,12.1837,19.5382
3060,8.36917,12.7242,20.1571
3061,8.80872,13.238,20.8624
3062,9.25354,13.7124,21.6548
3063,9.69869,14.1331,22.533
3064,10.1383,14.4849,23.493
3065,10.5656,14.752,24.5273
3066,10.9729,14.9186,25.6249
3067,11.3519,14.9703,26.7707
3068,11.6936,14.8947,27.946
3069,11.9891,14.6827,29.1283
3070,12.2294,14.3298,30.2927
3071,12.4065,13.8365,31.4125
3072,12.5133,13.2095,32.4607
3073,12.5443,12.4611,33.4119
3074,12.4959,11.6093,34.2437
3075,12.3669,10.6766,34.9384
3076,12.1586,9.68852,35.4839
3077,11.8745,8.67202,35.8741
3078,11.5204,7.6537,36.1095
3079,11.104,6.65818,36.1961
3080,10.6345,5.70681,36.1446
3081,10.122,4.81676,35.9693
3082,9.577,4.00061,35.6866
3083,9.01015,3.26639,35.3139
3084,8.4315,2.61791,34.8683
3085,7.85038,2.05536,34.3658
3086,7.27508,1.57602,33.8209
3087,6.71275,1.17498,33.2461
3088,6.1693,0.845911,32.6519
3089,5.64944,0.581597,32.0469
3090,5.15673,0.374494,31.4377
3091,4.69366,0.217097,30.8295
3092,4.26179,0.102222,30.226
3093,3.86187,0.0231941,29.6299
3094,3.49398,-0.0260377,29.0431
3095,3.15763,-0.0508517,28.4666
3096,2.85192,-0.0559428,27.9013
3097,2.5756,-0.0453425,27.3475
3098,2.32721,-0.0224602,26.8051
3099,2.10511,0.00986529,26.2742
3100,1.90758,0.0493078,25.7545
3101,1.73287,0.0939948,25.2458
3102,1.57923,0.14245,24.7478
3103,1.44495,0.193538,24.2603
3104,1.32841,0.246416,23.7829
3105,1.22806,0.300489,23.3154
3106,1.14244,0.355366,22.8576
3107,1.07021,0.410832,22.4092
3108,1.01017,0.466814,21.9699
3109,0.961194,0.523356,21.5397
3110,0.922291,0.5806,21.1184
3111,0.89258,0.638767,20.7057
3112,0.871288,0.698146,20.3015
3113,0.857746,0.759079,19.9057
3114,0.851381,0.821958,19.5182
3115,0.851717,0.887214,19.139
3116,0.858365,0.955318,18.7678
3117,0.871019,1.02677,18.4046
3118,0.889453,1.10212,18.0495
3119,0.913515,1.18194,17.7022
3120,0.943123,1.26684,17.363
3121,0.978265,1.35747,17.0316
3122,1.01899,1.45453,16.7083
3123,1.06542,1.55876,16.393
3124,1.11773,1.67095,16.0858
3125,1.17616,1.79197,15.7869
3126,1.241,1.92272,15.4966
3127,1.31263,2.06419,15.2149
3128,1.39147,2.21745,14.9423
3129,1.478,2.38363,14.6791
3130,1.57279,2.56397,14.4257
3131,1.67646,2.7598,14.1829
3132,1.7897,2.97254,13.9512
3133,1.91329,3.20374,13.7315
3134,2.04809,3.45503,13.5249
3135,2.19501,3.72816,13.3325
3136,2.35507,4.02501,13.1558
3137,2.52937,4.34751,12.9965
3138,2.71911,4.69774,12.8566
3139,2.92554,5.07781,12.7386
3140,3.15002,5.48987,12.6452
3141,3.394,5.93608,12.5798
3142,3.65895,6.41855,12.5463
3143,3.94644,6.93921,12.5493
3144,4.25803,7.49978,12.594
3145,4.5953,8.10156,12.6864
3146,4.95978,8.74529,12.8336
3147,5.35285,9.43092,13.0433
3148,5.77575,10.1573,13.3246
3149,6.22941,10.9219,13.6871
3150,6.71433,11.7203,14.1415
3151,7.23047,12.5458,14.6992
3152,7.77699,13.3891,15.3717
3153,8.35211,14.2374,16.1706
3154,8.95282,15.0742,17.1064
3155,9.57462,15.8789,18.1879
3156,10.2113,16.6266,19.4208
3157,10.8546,17.2882,20.8061
3158,11.4942,17.8312,22.3388
3159,12.1174,18.2212,24.0059
3160,12.7097,18.4234,25.7854
3161,13.2544,18.4058,27.6452
3162,13.7339,18.142,29.5432
3163,14.13,17.6154,31.4285
3164,14.4254,16.8218,33.2445
3165,14.6046,15.7721,34.9325
3166,14.6555,14.4929,36.4365
3167,14.5703,13.0253,37.709
3168,14.3466,11.4222,38.7146
3169,13.9874,9.74301,39.4341
3170,13.5015,8.04866,39.8647
3171,12.9021,6.39604,40.0196
3172,12.2065,4.8336,39.9248
3173,11.4343,3.39851,39.6154
3174,10.6063,2.11553,39.131
3175,9.74287,0.99741,38.5122
3176,8.86332,0.0464483,37.7969
3177,7.98484,-0.743299,37.0188
3178,7.12215,-1.38364,36.2058
3179,6.28722,-1.89004,35.3799
3180,5.48935,-2.2797,34.5576
3181,4.73526,-2.57017,33.7504
3182,4.02939,-2.77833,32.9661
3183,3.37424,-2.91974,32.2089
3184,2.77064,-3.00832,31.4811
3185,2.2181,-3.05622,30.7829
3186,1.71513,-3.07383,30.1138
3187,1.25945,-3.06991,29.4724
3188,0.848248,-3.05171,28.857
3189,0.478355,-3.0252,28.2657
3190,0.146389,-2.99519,27.6968
3191,-0.151122,-2.96555,27.1485
3192,-0.417645,-2.93936,26.6194
3193,-0.656578,-2.919,26.1079
3194,-0.871197,-2.90637,25.613
3195,-1.06462,-2.90289,25.1337
3196,-1.2398,-2.90966,24.6692
3197,-1.39948,-2.92752,24.2189
3198,-1.54623,-2.95713,23.7823
3199,-1.68242,-2.99896,23.359
3200,-1.81024,-3.05343,22.9488
3201,-1.9317,-3.12088,22.5516
3202,-2.04866,-3.20161,22.1673
3203,-2.16284,-3.29593,21.7961
3204,-2.27579,-3.40416,21.4381
3205,-2.38898,-3.52664,21.0936
3206,-2.50375,-3.66375,20.763
3207,-2.62138,-3.81591,20.4467
3208,-2.74304,-3.9836,20.1454
3209,-2.86985,-4.16733,19.8597
3210,-3.00288,-4.36767,19.5905
3211,-3.14315,-4.58524,19.3388
3212,-3.29162,-4.82066,19.1056
3213,-3.44926,-5.07458,18.8924
3214,-3.61699,-5.34767,18.7005
3215,-3.79569,-5.64056,18.5318
3216,-3.98625,-5.95381,18.3881
3217,-4.18948,-6.28793,18.2717
3218,-4.40619,-6.64328,18.185
3219,-4.63714,-7.02003,18.1307
3220,-4.88299,-7.41811,18.1119
3221,-5.14434,-7.83714,18.1318
3222,-5.42169,-8.27633,18.1942
3223,-5.71536,-8.73437,18.3028
3224,-6.0255,-9.20934,18.4619
3225,-6.35205,-9.6986,18.6756
3226,-6.69464,-10.1986,18.9484
3227,-7.05255,-10.7049,19.2846
3228,-7.42465,-11.2118,19.6883
3229,-7.80934,-11.7124,20.1631
3230,-8.20443,-12.1986,20.7119
3231,-8.60712,-12.6609,21.3367
3232,-9.0139,-13.0886,22.0378
3233,-9.42053,-13.4699,22.814
3234,-9.82198,-13.792,23.6615
3235,-10.2125,-14.0419,24.5742
3236,-10.5856,-14.2067,25.543
3237,-10.9343,-14.2741,26.5556
3238,-11.251,-14.2339,27.5968
3239,-11.5283,-14.0781,28.6482
3240,-11.7586,-13.802,29.6896
3241,-11.9348,-13.4053,30.699
3242,-12.0508,-12.8918,31.654
3243,-12.1015,-12.2704,32.533
3244,-12.0837,-11.5544,33.3164
3245,-11.9955,-10.7608,33.9879
3246,-11.8372,-9.90968,34.5352
3247,-11.611,-9.02284,34.9509
3248,-11.3212,-8.1224,35.2325
3249,-10.9735,-7.22959,35.3822
3250,-10.575,-6.3636,35.4066
3251,-10.134,-5.5407,35.3156
3252,-9.65934,-4.77374,35.1214
3253,-9.15992,-4.07193,34.8377
3254,-8.64464,-3.44098,34.4786
3255,-8.12189,-2.88335,34.0579
3256,-7.59936,-2.39879,33.5887
3257,-7.08389,-1.98484,33.0826
3258,-6.58134,-1.63742,32.5498
3259,-6.09656,-1.35135,31.9988
3260,-5.63343,-1.12081,31.4367
3261,-5.19486,-0.939682,30.8693
3262,-4.78294,-0.801909,30.3009
3263,-4.39897,-0.701662,29.7349
3264,-4.0436,-0.633505,29.1739
3265,-3.7169,-0.592493,28.6197
3266,-3.41853,-0.574208,28.0735
3267,-3.14775,-0.574783,27.5362
3268,-2.90357,-0.590885,27.0084
3269,-2.68479,-0.61969,26.4903
3270,-2.49009,-0.658847,25.9821
3271,-2.31806,-0.706436,25.4838
3272,-2.16728,-0.76092,24.9955
3273,-2.03632,-0.821106,24.5169
3274,-1.92379,-0.886097,24.0482
3275,-1.82835,-0.95526,23.5891
3276,-1.74877,-1.02818,23.1395
3277,-1.68386,-1.10465,22.6994
3278,-1.63259,-1.18461,22.2687
3279,-1.59397,-1.26814,21.8473
3280,-1.56715,-1.35548,21.4352
3281,-1.5514,-1.44692,21.0324
3282,-1.54606,-1.54288,20.6389
3283,-1.5506,-1.64385,20.2546
3284,-1.56458,-1.7504,19.8797
3285,-1.58767,-1.86316,19.5142
3286,-1.61962,-1.98283,19.1583
3287,-1.66028,-2.11017,18.8122
3288,-1.70959,-2.246,18.476
3289,-1.76758,-2.3912,18.15
3290,-1.83437,-2.54672,17.8346
3291,-1.91013,-2.71355,17.5302
3292,-1.99515,-2.89279,17.2373
3293,-2.08979,-3.08555,16.9564
3294,-2.19446,-3.29307,16.6882
3295,-2.30969,-3.51659,16.4337
3296,-2.43605,-3.75748,16.1937
3297,-2.57421,-4.01714,15.9694
3298,-2.72489,-4.29702,15.7622
3299,-2.88891,-4.59864,15.5737
3300,-3.06714,-4.92354,15.4056
3301,-3.26052,-5.27326,15.2602
3302,-3.47003,-5.64934,15.14
3303,-3.69673,-6.05324,15.0477
3304,-3.9417,-6.48632,14.9868
3305,-4.20602,-6.94975,14.961
3306,-4.4908,-7.44442,14.9745
3307,-4.79709,-7.97085,15.0323
3308,-5.12586,-8.52904,15.1399
3309,-5.47798,-9.1183,15.3032
3310,-5.85411,-9.73704,15.5291
3311,-6.25465,-10.3826,15.8246
3312,-6.67964,-11.0508,16.1975
3313,-7.12865,-11.7361,16.6557
3314,-7.60067,-12.4306,17.2071
3315,-8.09391,-13.1244,17.8594
3316,-8.60571,-13.805,18.6193
3317,-9.13233,-14.4573,19.4921
3318,-9.66884,-15.0634,20.4808
3319,-10.2089,-15.6029,21.5851
3320,-10.7448,-16.0534,22.8009
3321,-11.2673,-16.3911,24.1189
3322,-11.7658,-16.5924,25.5238
3323,-12.2285,-16.635,26.9941
3324,-12.6428,-16.5002,28.5021
3325,-12.9957,-16.1747,30.0142
3326,-13.2745,-15.6527,31.4924
3327,-13.4677,-14.9371,32.8966
3328,-13.5655,-14.041,34.187
3329,-13.5609,-12.9868,35.3273
3330,-13.45,-11.8055,36.2874
3331,-13.2326,-10.5346,37.046
3332,-12.9122,-9.21463,37.5915
3333,-12.496,-7.88668,37.9233
3334,-11.9942,-6.58884,38.0501
3335,-11.4195,-5.35393,37.9886
3336,-10.786,-4.20784,37.7615
3337,-10.1089,-3.16879,37.3948
3338,-9.40291,-2.24739,36.9153
3339,-8.68232,-1.44748,36.3492
3340,-7.96,-0.767214,35.7202
3341,-7.24723,-0.200459,35.0489
3342,-6.55349,0.261893,34.3524
3343,-5.88638,0.630728,33.6444
3344,-5.25171,0.917724,32.9353
3345,-4.65361,1.13461,32.2327
3346,-4.09472,1.2926,31.5418
3347,-3.57641,1.40211,30.866
3348,-3.09896,1.4725,30.2074
3349,-2.6618,1.51204,29.5667
3350,-2.26368,1.52787,28.9442
3351,-1.90283,1.52609,28.3396
3352,-1.57714,1.51183,27.7523
3353,-1.28422,1.48932,27.1815
3354,-1.02158,1.46206,26.6265
3355,-0.786634,1.43286,26.0863
3356,-0.57683,1.40396,25.5602
3357,-0.389653,1.37715,25.0475
3358,-0.22268,1.35381,24.5474
3359,-0.0736068,1.33501,24.0594
3360,0.059744,1.32154,23.5829
3361,0.179407,1.31403,23.1175
3362,0.287274,1.31291,22.6628
3363,0.385094,1.31853,22.2184
3364,0.474476,1.33115,21.7841
3365,0.556899,1.35096,21.3596
3366,0.633719,1.37814,20.9447
3367,0.70618,1.41287,20.5392
3368,0.775422,1.45532,20.143
3369,0.842496,1.50569,19.756
3370,0.908372,1.5642,19.3782
3371,0.973952,1.63114,19.0093
3372,1.04008,1.70683,18.6496
3373,1.10756,1.79165,18.2989
3374,1.17715,1.88605,17.9573
3375,1.24958,1.99055,17.625
3376,1.32558,2.10573,17.3021
3377,1.40585,2.23229,16.9888
3378,1.4911,2.37096,16.6854
3379,1.58206,2.52259,16.3923
3380,1.67946,2.68811,16.1097
3381,1.78405,2.86857,15.8383
3382,1.89663,3.06508,15.5788
3383,2.01802,3.27886,15.3317
3384,2.14909,3.51125,15.0982
3385,2.29077,3.76367,14.8791
3386,2.44401,4.03764,14.6759
3387,2.60984,4.33475,14.49
3388,2.78936,4.65669,14.3232
3389,2.9837,5.00519,14.1776
3390,3.19407,5.38202,14.0557
3391,3.42172,5.78892,13.9602
3392,3.66795,6.22759,13.8946
3393,3.93409,6.69962,13.8627
3394,4.2215,7.20636,13.8688
3395,4.53151,7.74887,13.9181
3396,4.86539,8.32773,14.0164
3397,5.22435,8.94289,14.1701
3398,5.60941,9.59345,14.3866
3399,6.02137,10.2774,14.6737
3400,6.4607,10.9913,15.0403
3401,6.92742,11.7301,15.4955
3402,7.42093,12.4864,16.0489
3403,7.93992,13.2504,16.7099
3404,8.4821,14.0095,17.4874
3405,9.04405,14.7478,18.3892
3406,9.62101,15.446,19.4209
3407,10.2067,16.0816,20.5847
3408,10.793,16.6291,21.8788
3409,11.3703,17.0609,23.2955
3410,11.927,17.3482,24.8207
3411,12.4499,17.4634,26.4323
3412,12.9247,17.3819,28.1005
3413,13.3363,17.0847,29.7877
3414,13.6695,16.5615,31.4505
3415,13.9102,15.8121,33.0413
3416,14.0462,14.8488,34.5121
3417,14.0682,13.6959,35.8182
3418,13.9706,12.3886,36.9219
3419,13.7521,10.9709,37.7957
3420,13.4162,9.49161,38.4247
3421,12.9705,8.00012,38.807
3422,12.4266,6.54268,38.953
3423,11.799,5.15899,38.8832
3424,11.1043,3.88004,38.6252
3425,10.36,2.72718,38.2108
3426,9.58343,1.7123,37.6727
3427,8.79103,0.838902,37.0421
3428,7.99765,0.103666,36.3472
3429,7.21617,-0.501793,35.612
3430,6.45724,-0.989201,34.8561
3431,5.72932,-1.37214,34.0944
3432,5.03871,-1.66485,33.3382
3433,4.38976,-1.88136,32.5952
3434,3.78511,-2.03489,31.8705
3435,3.22594,-2.13747,31.167
3436,2.71225,-2.1998,30.4861
3437,2.24307,-2.23121,29.8282
3438,1.81673,-2.23963,29.1927
3439,1.43099,-2.23179,28.5788
3440,1.08326,-2.21324,27.9853
3441,0.770718,-2.18858,27.411
3442,0.490408,-2.1615,26.8547
3443,0.239343,-2.135,26.3152
3444,0.014566,-2.11143,25.7915
3445,-0.186797,-2.09267,25.2827
3446,-0.367505,-2.08015,24.7878
3447,-0.530173,-2.075,24.3062
3448,-0.677263,-2.07807,23.8374
3449,-0.811073,-2.09002,23.3807
3450,-0.933736,-2.11135,22.9359
3451,-1.04723,-2.14248,22.5026
3452,-1.15337,-2.18375,22.0806
3453,-1.25384,-2.23545,21.6697
3454,-1.35019,-2.29788,21.2699
3455,-1.44384,-2.37134,20.881
3456,-1.53611,-2.45614,20.5031
3457,-1.62824,-2.55266,20.1364
3458,-1.72136,-2.66131,19.7809
3459,-1.81658,-2.78257,19.4368
3460,-1.9149,-2.91697,19.1046
3461,-2.01731,-3.06512,18.7845
3462,-2.12477,-3.22772,18.477
3463,-2.23821,-3.40552,18.1828
3464,-2.35854,-3.59936,17.9024
3465,-2.48668,-3.81016,17.6368
3466,-2.62354,-4.03889,17.3868
3467,-2.77006,-4.28662,17.1536
3468,-2.92717,-4.55444,16.9386
3469,-3.09583,-4.84349,16.7433
3470,-3.27703,-5.15494,16.5694
3471,-3.47175,-5.48994,16.4191
3472,-3.681,-5.84962,16.2947
3473,-3.90581,-6.23502,16.1989
3474,-4.14718,-6.64705,16.1349
3475,-4.40611,-7.08641,16.1061
3476,-4.68355,-7.55352,16.1165
3477,-4.98038,-8.04841,16.1705
3478,-5.29739,-8.57059,16.2731
3479,-5.6352,-9.11893,16.4295
3480,-5.99424,-9.69144,16.6457
3481,-6.37464,-10.2851,16.9277
3482,-6.77619,-10.8957,17.282
3483,-7.19824,-11.5176,17.7152
3484,-7.63955,-12.1433,18.2336
3485,-8.09823,-12.7635,18.8431
3486,-8.57156,-13.367,19.5485
3487,-9.05593,-13.9402,20.3535
3488,-9.54667,-14.4676,21.2593
3489,-10.038,-14.9318,22.2644
3490,-10.5229,-15.314,23.3641
3491,-10.9933,-15.5946,24.549
3492,-11.4399,-15.7546,25.8054
3493,-11.8527,-15.7762,27.1143
3494,-12.221,-15.6448,28.4519
3495,-12.5339,-15.3504,29.7901
3496,-12.7809,-14.8888,31.0974
3497,-12.9525,-14.2631,32.341
3498,-13.0407,-13.4839,33.4881
3499,-13.0396,-12.5693,34.5089
3500,-12.946,-11.5443,35.3783
3501,-12.7597,-10.4387,36.0779
3502,-12.4832,-9.2853,36.5969
3503,-12.1224,-8.11762,36.9327
3504,-11.6854,-6.96728,37.0906
3505,-11.1825,-5.86227,37.0823
3506,-10.6255,-4.82546,36.9247
3507,-10.0268,-3.87386,36.6378
3508,-9.39906,-3.0185,36.2433
3509,-8.7546,-2.26486,35.7625
3510,-8.10471,-1.61355,35.2158
3511,-7.45952,-1.06133,34.6211
3512,-6.82773,-0.602113,33.994
3513,-6.21654,-0.227888,33.3474
3514,-5.63165,0.0704182,32.6914
3515,-5.07732,0.302284,32.034
3516,-4.55651,0.477081,31.381
3517,-4.07103,0.603719,30.7364
3518,-3.62169,0.690417,30.1031
3519,-3.20849,0.744569,29.4827
3520,-2.83076,0.772701,28.8762
3521,-2.48733,0.780467,28.284
3522,-2.17663,0.772696,27.706
3523,-1.89682,0.753448,27.142
3524,-1.64588,0.726093,26.5916
3525,-1.42171,0.69339,26.0543
3526,-1.22215,0.657561,25.5295
3527,-1.04506,0.620373,25.0168
3528,-0.888378,0.583203,24.5157
3529,-0.750097,0.547104,24.0257
3530,-0.628326,0.512861,23.5463
3531,-0.521289,0.481037,23.0773
3532,-0.427332,0.452021,22.6181
3533,-0.344931,0.426063,22.1686
3534,-0.272688,0.403303,21.7284
3535,-0.209329,0.383802,21.2972
3536,-0.153697,0.367558,20.8748
3537,-0.104749,0.354529,20.461
3538,-0.0615453,0.344647,20.0555
3539,-0.023245,0.337828,19.6583
3540,0.0109063,0.333983,19.269
3541,0.0415821,0.333025,18.8875
3542,0.069384,0.334877,18.5137
3543,0.0948497,0.339473,18.1474
3544,0.11846,0.346765,17.7884
3545,0.140647,0.356725,17.4366
3546,0.161799,0.369346,17.0919
3547,0.182268,0.384646,16.7541
3548,0.202377,0.402668,16.4231
3549,0.222421,0.423479,16.0988
3550,0.242677,0.447177,15.781
3551,0.263406,0.473888,15.4697
3552,0.284855,0.503768,15.1647
3553,0.307268,0.537005,14.8659
3554,0.330882,0.573821,14.5733
3555,0.355935,0.614473,14.2867
3556,0.382671,0.659257,14.0062
3557,0.411337,0.708508,13.7315
3558,0.442193,0.762604,13.4627
3559,0.475513,0.821971,13.1997
3560,0.511585,0.887086,12.9426
3561,0.55072,0.95848,12.6911
3562,0.593252,1.03674,12.4455
3563,0.639543,1.12253,12.2056
3564,0.689986,1.21657,11.9716
3565,0.745009,1.31967,11.7436
3566,0.805081,1.43271,11.5216
3567,0.870714,1.55669,11.3058
3568,0.942472,1.69267,11.0966
3569,1.02097,1.84187,10.894
3570,1.10689,2.00559,10.6985
3571,1.20097,2.18528,10.5106
3572,1.30404,2.38252,10.3308
3573,1.41698,2.59906,10.1598
3574,1.5408,2.83679,9.99838
3575,1.67656,3.09778,9.84764
3576,1.82545,3.38428,9.7088
3577,1.98877,3.69873,9.5834
3578,2.16793,4.04374,9.47326
3579,2.36447,4.42211,9.38061
3580,2.58004,4.83681,9.30813
3581,2.81644,5.29095,9.25904
3582,3.0756,5.78773,9.23721
3583,3.35957,6.33041,9.24725
3584,3.67051,6.92219,9.29466
3585,4.01067,7.56609,9.38598
3586,4.38237,8.26477,9.52891
3587,4.78792,9.0203,9.73246
3588,5.22957,9.83383,10.0071
3589,5.70943,10.7052,10.365
3590,6.22926,11.6324,10.8198
3591,6.79039,12.611,11.3868
3592,7.39344,13.6332,12.0828
3593,8.03803,14.6873,12.9254
3594,8.72246,15.7563,13.9329
3595,9.44332,16.8174,15.1223
3596,10.195,17.841,16.5086
3597,10.9693,18.7902,18.1022
3598,11.7549,19.6209,19.9064
3599,12.537,20.283,21.9145
3600,13.2974,20.7229,24.1065
3601,14.0143,20.8866,26.4467
3602,14.6633,20.7258,28.8823
3603,15.2179,20.2037,31.3438
3604,15.6517,19.3015,33.7483
3605,15.9401,18.0243,36.0053
3606,16.0626,16.4041,38.0256
3607,16.0049,14.499,39.7307
3608,15.7608,12.3886,41.062
3609,15.3329,10.1661,41.9874
3610,14.7327,7.92744,42.5038
3611,13.9794,5.7615,42.6352
3612,13.0983,3.74173,42.4273
3613,12.1181,1.92134,41.9396
3614,11.069,0.331921,41.2372
3615,9.98012,-1.01483,40.384
3616,8.87835,-2.12341,39.4369
3617,7.78683,-3.01007,38.4436
3618,6.72461,-3.6983,37.4409
3619,5.70649,-4.21511,36.4559
3620,4.74324,-4.58817,35.5063
3621,3.84204,-4.84388,34.6029
3622,3.00696,-5.00619,33.751
3623,2.23956,-5.0961,32.9517
3624,1.5394,-5.13152,32.2039
3625,0.904515,-5.12741,31.5044
3626,0.331845,-5.09605,30.8496
3627,-0.182435,-5.04736,30.2352
3628,-0.642632,-4.98929,29.6572
3629,-1.05332,-4.92812,29.1118
3630,-1.41915,-4.86874,28.5955
3631,-1.74476,-4.81494,28.1053
3632,-2.03466,-4.7696,27.6385
3633,-2.29315,-4.73487,27.1932
3634,-2.52432,-4.71235,26.7675
3635,-2.73198,-4.70317,26.36
3636,-2.91969,-4.70811,25.9697
3637,-3.09071,-4.7277,25.5959
3638,-3.24804,-4.76224,25.238
3639,-3.39442,-4.81191,24.8957
3640,-3.53233,-4.87676,24.5688
3641,-3.66402,-4.95676,24.2575
3642,-3.79152,-5.05184,23.9618
3643,-3.91666,-5.16189,23.6822
3644,-4.04108,-5.28678,23.4191
3645,-4.16626,-5.42634,23.173
3646,-4.29351,-5.58041,22.9446
3647,-4.42401,-5.74878,22.7346
3648,-4.55879,-5.93123,22.5441
3649,-4.69878,-6.1275,22.374
3650,-4.84478,-6.33727,22.2254
3651,-4.99749,-6.56014,22.0995
3652,-5.15749,-6.79564,21.9976
3653,-5.32526,-7.04316,21.921
3654,-5.50118,-7.30195,21.8713
3655,-5.68548,-7.57108,21.8501
3656,-5.87832,-7.84941,21.8588
3657,-6.07968,-8.13559,21.8991
3658,-6.28942,-8.42793,21.9726
3659,-6.50725,-8.7245,22.0808
3660,-6.73268,-9.02297,22.2253
3661,-6.96505,-9.32067,22.4072
3662,-7.20348,-9.61455,22.6277
3663,-7.44686,-9.90115,22.8874
3664,-7.69385,-10.1766,23.1869
3665,-7.94284,-10.4368,23.5258
3666,-8.19197,-10.6771,23.9034
3667,-8.43911,-10.8928,24.3183
3668,-8.68187,-11.079,24.7683
3669,-8.91762,-11.2308,25.2501
3670,-9.14352,-11.3433,25.7598
3671,-9.35655,-11.4121,26.2923
3672,-9.55358,-11.4334,26.8415
3673,-9.73146,-11.4039,27.4008
3674,-9.88705,-11.3214,27.9624
3675,-10.0174,-11.1847,28.5182
3676,-10.1197,-10.9942,29.0596
3677,-10.1915,-10.7512,29.5781
3678,-10.231,-10.4587,30.0652
3679,-10.2367,-10.1211,30.513
3680,-10.2077,-9.7438,30.9146
3681,-10.144,-9.3335,31.2639
3682,-10.0459,-8.89751,31.5563
3683,-9.91479,-8.44369,31.7885
3684,-9.75241,-7.98007,31.9587
3685,-9.56122,-7.51452,32.0668
3686,-9.34412,-7.0545,32.1136
3687,-9.10446,-6.6068,32.1015
3688,-8.84583,-6.17735,32.0338
3689,-8.57204,-5.77109,31.9145
3690,-8.28693,-5.39195,31.7482
3691,-7.9943,-5.04282,31.5399
3692,-7.69782,-4.72559,31.2946
3693,-7.40096,-4.44128,31.0173
3694,-7.1069,-4.19011,30.7129
3695,-6.81851,-3.97164,30.3858
3696,-6.53831,-3.78493,30.0404
3697,-6.2685,-3.62862,29.6804
3698,-6.01089,-3.50111,29.3092
3699,-5.76698,-3.4006,28.9298
3700,-5.53796,-3.32523,28.545
3701,-5.32469,-3.27311,28.1571
3702,-5.12781,-3.24245,27.7679
3703,-4.94771,-3.23151,27.3794
3704,-4.78461,-3.23872,26.993
3705,-4.63853,-3.26265,26.61
3706,-4.50938,-3.30203,26.2316
3707,-4.39698,-3.35576,25.8589
3708,-4.30104,-3.42292,25.4927
3709,-4.22124,-3.50275,25.1339
3710,-4.15722,-3.59466,24.7833
3711,-4.1086,-3.69818,24.4417
3712,-4.07501,-3.81301,24.1098
3713,-4.05608,-3.93893,23.7883
3714,-4.05147,-4.07588,23.478
3715,-4.06086,-4.22385,23.1797
3716,-4.08398,-4.38293,22.8942
3717,-4.12058,-4.55329,22.6222
3718,-4.17046,-4.73513,22.3648
3719,-4.23347,-4.9287,22.1229
3720,-4.30947,-5.13426,21.8976
3721,-4.3984,-5.35207,21.6899
3722,-4.5002,-5.58238,21.5012
3723,-4.61483,-5.82539,21.3328
3724,-4.74231,-6.08126,21.1861
3725,-4.88263,-6.35004,21.0627
3726,-5.03579,-6.63167,20.9643
3727,-5.20179,-6.92592,20.8926
3728,-5.3806,-7.2324,20.8498
3729,-5.57212,-7.55047,20.8376
3730,-5.77621,-7.87923,20.8584
3731,-5.99263,-8.21744,20.9143
3732,-6.22103,-8.56352,21.0075
3733,-6.46093,-8.91544,21.1402
3734,-6.71168,-9.27071,21.3146
3735,-6.97242,-9.62634,21.5327
3736,-7.24206,-9.97876,21.7962
3737,-7.51926,-10.3239,22.1066
3738,-7.80238,-10.6569,22.4647
3739,-8.08946,-10.9726,22.871
3740,-8.37819,-11.2653,23.3248
3741,-8.66593,-11.5286,23.825
3742,-8.94966,-11.7561,24.3689
3743,-9.22605,-11.9412,24.9531
3744,-9.49143,-12.0774,25.5723
3745,-9.7419,-12.1586,26.2204
3746,-9.97338,-12.1793,26.8897
3747,-10.1817,-12.1352,27.571
3748,-10.3627,-12.0232,28.2544
3749,-10.5125,-11.8418,28.929
3750,-10.6274,-11.5915,29.5832
3751,-10.7044,-11.2746,30.2056
3752,-10.7408,-10.8956,30.7851
3753,-10.7349,-10.4608,31.3115
3754,-10.6858,-9.97836,31.7758
3755,-10.5936,-9.45765,32.1709
3756,-10.4591,-8.9091,32.4914
3757,-10.2843,-8.34361,32.7342
3758,-10.072,-7.77205,32.8982
3759,-9.82563,-7.20482,32.9845
3760,-9.54931,-6.65143,32.9959
3761,-9.24764,-6.1202,32.9367
3762,-8.92548,-5.61803,32.8123
3763,-8.58782,-5.15033,32.6292
3764,-8.23961,-4.72097,32.3941
3765,-7.88564,-4.33239,32.1137
3766,-7.5304,-3.98571,31.795
3767,-7.17801,-3.68095,31.4443
3768,-6.83214,-3.41719,31.0676
3769,-6.49601,-3.19281,30.6702
3770,-6.17233,-3.00564,30.2571
3771,-5.86334,-2.85319,29.8323
3772,-5.57082,-2.7328,29.3995
3773,-5.29611,-2.6417,28.9617
3774,-5.04019,-2.57721,28.5216
3775,-4.80367,-2.53674,28.0813
3776,-4.58687,-2.5179,27.6426
3777,-4.38986,-2.51848,27.207
3778,-4.21252,-2.53654,26.7758
3779,-4.05455,-2.57036,26.35
3780,-3.91553,-2.61848,25.9305
3781,-3.79496,-2.67968,25.5181
3782,-3.69228,-2.75297,25.1134
3783,-3.6069,-2.83756,24.7171
3784,-3.53821,-2.93288,24.3296
3785,-3.48564,-3.03853,23.9516
3786,-3.44861,-3.15428,23.5835
3787,-3.4266,-3.28005,23.226
3788,-3.41915,-3.41589,22.8795
3789,-3.42582,-3.56197,22.5446
3790,-3.44627,-3.71854,22.222
3791,-3.48019,-3.88598,21.9123
3792,-3.52736,-4.06471,21.6162
3793,-3.58762,-4.25522,21.3346
3794,-3.66086,-4.45804,21.0685
3795,-3.74705,-4.67376,20.8187
3796,-3.84622,-4.90294,20.5864
3797,-3.95843,-5.14618,20.3728
3798,-4.08382,-5.40404,20.1793
3799,-4.22253,-5.67702,20.0075
3800,-4.37478,-5.9656,19.8591
3801,-4.54077,-6.27011,19.7358
3802,-4.72072,-6.59076,19.6398
3803,-4.91485,-6.92759,19.5732
3804,-5.12333,-7.28043,19.5386
3805,-5.3463,-7.64878,19.5386
3806,-5.58383,-8.03186,19.5759
3807,-5.83587,-8.42844,19.6535
3808,-6.10226,-8.83681,19.7746
3809,-6.38264,-9.25472,19.9421
3810,-6.67645,-9.67924,20.1593
3811,-6.98287,-10.1068,20.4292
3812,-7.30079,-10.5328,20.7545
3813,-7.62872,-10.9521,21.1377
3814,-7.96478,-11.3586,21.5805
3815,-8.30663,-11.7451,22.084
3816,-8.65144,-12.1038,22.6482
3817,-8.99589,-12.4261,23.2717
3818,-9.3361,-12.7029,23.9517
3819,-9.6677,-12.9248,24.6837
3820,-9.98583,-13.0826,25.4609
3821,-10.2852,-13.1674,26.2748
3822,-10.5604,-13.1717,27.1146
3823,-10.8056,-13.0893,27.9677
3824,-11.0153,-12.916,28.8196
3825,-11.184,-12.6503,29.655
3826,-11.307,-12.2938,30.4577
3827,-11.3802,-11.8507,31.2116
3828,-11.4003,-11.3288,31.9016
3829,-11.3654,-10.7385,32.5144
3830,-11.2749,-10.0925,33.0388
3831,-11.1294,-9.40545,33.4665
3832,-10.931,-8.69287,33.7925
3833,-10.6831,-7.97041,34.0152
3834,-10.3901,-7.25308,34.1358
3835,-10.0576,-6.55458,34.1588
3836,-9.69168,-5.88673,34.0905
3837,-9.29888,-5.25912,33.9392
3838,-8.88599,-4.67901,33.7142
3839,-8.45968,-4.15127,33.4255
3840,-8.02637,-3.67859,33.0828
3841,-7.59202,-3.26173,32.6957
3842,-7.162,-2.89983,32.273
3843,-6.74105,-2.59077,31.8227
3844,-6.33317,-2.3315,31.3516
3845,-5.9417,-2.11832,30.8658
3846,-5.56926,-1.9472,30.3702
3847,-5.21785,-1.81397,29.8691
3848,-4.88887,-1.71451,29.3657
3849,-4.5832,-1.64487,28.8629
3850,-4.30128,-1.60134,28.3626
3851,-4.04317,-1.58058,27.8666
3852,-3.80863,-1.57958,27.3761
3853,-3.59716,-1.5957,26.8922
3854,-3.40809,-1.62667,26.4155
3855,-3.24059,-1.67059,25.9466
3856,-3.09378,-1.72587,25.486
3857,-2.96669,-1.79125,25.0341
3858,-2.85837,-1.86574,24.591
3859,-2.76785,-1.94861,24.1572
3860,-2.69422,-2.03936,23.7327
3861,-2.6366,-2.1377,23.3178
3862,-2.59418,-2.2435,22.9128
3863,-2.56623,-2.35681,22.5178
3864,-2.55209,-2.47782,22.1331
3865,-2.5512,-2.60684,21.759
3866,-2.56308,-2.74428,21.3959
3867,-2.58733,-2.89068,21.044
3868,-2.62366,-3.04663,20.7038
3869,-2.67187,-3.21284,20.3759
3870,-2.73183,-3.39005,20.0607
3871,-2.80352,-3.5791,19.7589
3872,-2.88698,-3.78085,19.4713
3873,-2.98235,-3.99624,19.1987
3874,-3.08984,-4.22623,18.9421
3875,-3.20973,-4.4718,18.7026
3876,-3.34238,-4.73398,18.4815
3877,-3.4882,-5.01375,18.2803
3878,-3.64766,-5.31211,18.1006
3879,-3.82127,-5.63,17.9445
3880,-4.00959,-5.96828,17.8139
3881,-4.2132,-6.3277,17.7114
3882,-4.43269,-6.70885,17.6396
3883,-4.66862,-7.11209,17.6016
3884,-4.92155,-7.5375,17.6008
3885,-5.19196,-7.98478,17.6408
3886,-5.48023,-8.45315,17.7257
3887,-5.7866,-8.94126,17.8598
3888,-6.11114,-9.44705,18.0476
3889,-6.45367,-9.9676,18.2941
3890,-6.81371,-10.499,18.6041
3891,-7.19037,-11.0361,18.9823
3892,-7.58233,-11.5727,19.4333
3893,-7.98772,-12.101,19.9611
3894,-8.40403,-12.6116,20.5689
3895,-8.82804,-13.0939,21.2585
3896,-9.25574,-13.5358,22.0302
3897,-9.68229,-13.9237,22.8819
3898,-10.102,-14.2435,23.8091
3899,-10.5083,-14.4807,24.8042
3900,-10.8939,-14.621,25.856
3901,-11.251,-14.6514,26.9501
3902,-11.5712,-14.5611,28.0683
3903,-11.8462,-14.3424,29.1897
3904,-12.0678,-13.9919,30.2907
3905,-12.2287,-13.511,31.3468
3906,-12.3224,-12.9063,32.3332
3907,-12.3441,-12.1899,33.2268
3908,-12.2909,-11.3785,34.0075
3909,-12.1617,-10.493,34.659
3910,-11.9579,-9.55707,35.1706
3911,-11.6831,-8.59526,35.537
3912,-11.3425,-7.63196,35.7585
3913,-10.9436,-6.68968,35.8406
3914,-10.4948,-5.78802,35.793
3915,-10.0055,-4.94283,35.6285
3916,-9.48555,-4.16585,35.3621
3917,-8.94477,-3.46472,35.0096
3918,-8.39258,-2.84326,34.5867
3919,-7.83768,-2.30195,34.1081
3920,-7.28787,-1.83864,33.5874
3921,-6.7499,-1.4491,33.0362
3922,-6.2294,-1.12773,32.4646
3923,-5.73089,-0.868068,31.8806
3924,-5.25781,-0.663278,31.2908
3925,-4.81265,-0.506496,30.7002
3926,-4.39698,-0.391104,30.1126
3927,-4.01163,-0.310914,29.5308
3928,-3.6568,-0.260278,28.9569
3929,-3.33214,-0.234149,28.392
3930,-3.03689,-0.228101,27.837
3931,-2.76998,-0.238313,27.2924
3932,-2.53009,-0.261544,26.7585
3933,-2.31576,-0.295083,26.2353
3934,-2.12542,-0.336707,25.7228
3935,-1.95748,-0.38462,25.2207
3936,-1.81032,-0.43741,24.7289
3937,-1.68238,-0.493995,24.2473
3938,-1.57215,-0.553578,23.7756
3939,-1.47821,-0.615605,23.3136
3940,-1.39921,-0.67973,22.8612
3941,-1.33392,-0.745784,22.4181
3942,-1.28122,-0.813744,21.9843
3943,-1.2401,-0.883711,21.5596
3944,-1.20966,-0.95589,21.1438
3945,-1.1891,-1.03058,20.7369
3946,-1.17775,-1.10815,20.3388
3947,-1.17501,-1.18903,19.9494
3948,-1.18041,-1.27373,19.5688
3949,-1.19356,-1.36279,19.1968
3950,-1.21417,-1.45683,18.8334
3951,-1.24204,-1.55648,18.4788
3952,-1.27703,-1.66245,18.133
3953,-1.31912,-1.7755,17.796
3954,-1.36833,-1.89642,17.468
3955,-1.42479,-2.02609,17.1492
3956,-1.48867,-2.16542,16.8399
3957,-1.56024,-2.3154,16.5402
3958,-1.63982,-2.47708,16.2507
3959,-1.72783,-2.65158,15.9716
3960,-1.82474,-2.84012,15.7036
3961,-1.9311,-3.04398,15.4473
3962,-2.04754,-3.26452,15.2036
3963,-2.17475,-3.50321,14.9732
3964,-2.3135,-3.76158,14.7574
3965,-2.46466,-4.04127,14.5575
3966,-2.62915,-4.34396,14.3749
3967,-2.80797,-4.67143,14.2115
3968,-3.00221,-5.0255,14.0695
3969,-3.21302,-5.40798,13.9514
3970,-3.44162,-5.8207,13.8601
3971,-3.68927,-6.26542,13.7989
3972,-3.95729,-6.74374,13.7718
3973,-4.247,-7.25706,13.7834
3974,-4.55974,-7.80644,13.8387
3975,-4.89676,-8.39246,13.9438
3976,-5.25925,-9.01503,14.1052
3977,-5.64822,-9.67319,14.3304
3978,-6.06445,-10.3648,14.6276
3979,-6.50837,-11.0864,15.0055
3980,-6.97994,-11.8324,15.4736
3981,-7.47853,-12.5954,16.0416
3982,-8.0027,-13.3653,16.719
3983,-8.55006,-14.1288,17.5148
3984,-9.11704,-14.8696,18.4367
3985,-9.69868,-15.568,19.49
3986,-10.2885,-16.2007,20.6769
3987,-10.8781,-16.7417,21.9949
3988,-11.4575,-17.1627,23.4356
3989,-12.0149,-17.4348,24.9839
3990,-12.5368,-17.5299,26.6168
3991,-13.0085,-17.4237,28.3029
3992,-13.4147,-17.0978,30.0037
3993,-13.7401,-16.5427,31.6743
3994,-13.9707,-15.7597,33.2663
3995,-14.0943,-14.7627,34.7313
3996,-14.102,-13.5777,36.0246
3997,-13.9885,-12.2419,37.109
3998,-13.7532,-10.8006,37.9584
3999,-13.4001,-9.30362,38.5593
4000,-12.9374,-7.80093,38.9115
4001,-12.3774,-6.33869,39.0272
4002,-11.7351,-4.95605,38.9282
4003,-11.0274,-3.6831,38.6437
4004,-10.2721,-2.54005,38.2059
4005,-9.48672,-1.53765,37.6481
4006,-8.68757,-0.678285,37.0017
4007,-7.88946,0.0423302,36.2946
4008,-7.10507,0.633342,35.5504
4009,-6.34488,1.10705,34.7881
4010,-5.61705,1.47741,34.0225
4011,-4.92766,1.75889,33.2642
4012,-4.28081,1.96562,32.5206
4013,-3.67892,2.11083,31.7963
4014,-3.12298,2.2065,31.094
4015,-2.6128,2.26325,30.4149
4016,-2.14727,2.29027,29.7591
4017,-1.72459,2.29539,29.1259
4018,-1.34243,2.28519,28.5145
4019,-0.99813,2.26514,27.9236
4020,-0.688792,2.2397,27.3519
4021,-0.411424,2.2125,26.7982
4022,-0.163005,2.18642,26.2614
4023,0.0594417,2.16378,25.7403
4024,0.258805,2.14636,25.2341
4025,0.437851,2.13558,24.7418
4026,0.599197,2.1325,24.2629
4027,0.745302,2.13795,23.7967
4028,0.878463,2.15258,23.3427
4029,1.00081,2.17687,22.9007
4030,1.11431,2.21123,22.4702
4031,1.22077,2.25599,22.0511
4032,1.32188,2.31146,21.6432
4033,1.41918,2.37792,21.2465
4034,1.51409,2.45569,20.8608
4035,1.60792,2.54511,20.4864
4036,1.70192,2.64655,20.1233
4037,1.79722,2.76044,19.7716
4038,1.89492,2.88728,19.4317
4039,1.99603,3.02762,19.1039
4040,2.10156,3.18209,18.7886
4041,2.21245,3.35139,18.4863
4042,2.32965,3.5363,18.1977
4043,2.45409,3.73768,17.9234
4044,2.58668,3.95645,17.6645
4045,2.72835,4.19358,17.4219
4046,2.88004,4.45015,17.1969
4047,3.04269,4.72722,16.9909
4048,3.21727,5.02592,16.8055
4049,3.40475,5.34739,16.6427
4050,3.60613,5.69271,16.5047
4051,3.8224,6.06293,16.394
4052,4.05457,6.45899,16.3135
4053,4.30361,6.88164,16.2664
4054,4.57048,7.33142,16.2565
4055,4.85608,7.80848,16.2878
4056,5.16121,8.31258,16.3649
4057,5.48655,8.84286,16.493
4058,5.8326,9.39773,16.6774
4059,6.19962,9.9747,16.9242
4060,6.58754,10.5701,17.2394
4061,6.99591,11.1791,17.6293
4062,7.42377,11.7952,18.1004
4063,7.86955,12.41,18.6585
4064,8.33096,13.0135,19.3089
4065,8.80486,13.5934,20.0556
4066,9.28714,14.1355,20.9008
4067,9.77263,14.6237,21.8446
4068,10.2551,15.04,22.8836
4069,10.727,15.3659,24.0109
4070,11.1798,15.5823,25.2152
4071,11.6041,15.6712,26.4803
4072,11.9897,15.6168,27.7852
4073,12.326,15.4071,29.1045
4074,12.6025,15.0351,30.4089
4075,12.8094,14.5002,31.667
4076,12.9381,13.8091,32.8464
4077,12.9817,12.9758,33.9166
4078,12.9358,12.0215,34.8505
4079,12.7987,10.9728,35.6267
4080,12.5715,9.8605,36.2307
4081,12.2584,8.71705,36.6558
4082,11.866,7.57439,36.9032
4083,11.4034,6.46183,36.981
4084,10.8815,5.40439,36.9031
4085,10.3121,4.42178,36.6875
4086,9.70755,3.52791,36.3545
4087,9.08014,2.73104,35.9253
4088,8.44145,2.03432,35.4201
4089,7.80205,1.43663,34.8578
4090,7.17124,0.933549,34.2551
4091,6.55689,0.518266,33.6258
4092,5.9654,0.182504,32.9814
4093,5.40173,-0.0827754,32.3309
4094,4.86949,-0.286778,31.6811
4095,4.37109,-0.438454,31.0371
4096,3.90787,-0.546206,30.4023
4097,3.48029,-0.61771,29.7789
4098,3.08807,-0.65982,29.1685
4099,2.73034,-0.678542,28.5716
4100,2.40579,-0.679053,27.9886
4101,2.11278,-0.665752,27.4193
4102,1.84944,-0.642315,26.8635
4103,1.61375,-0.611782,26.3209
4104,1.40363,-0.576623,25.7908
4105,1.217,-0.538817,25.2729
4106,1.05179,-0.499925,24.7666
4107,0.906006,-0.461151,24.2715
4108,0.777741,-0.423401,23.7873
4109,0.665198,-0.38734,23.3133
4110,0.566695,-0.353429,22.8495
4111,0.480675,-0.321974,22.3953
4112,0.405709,-0.29315,21.9505
4113,0.340489,-0.267036,21.5148
4114,0.283829,-0.243638,21.088
4115,0.234658,-0.222903,20.6698
4116,0.192014,-0.204743,20.2601
4117,0.155036,-0.189043,19.8585
4118,0.122957,-0.175673,19.4651
4119,0.0950966,-0.164495,19.0795
4120,0.0708504,-0.155372,18.7015
4121,0.0496858,-0.148168,18.3311
4122,0.0311329,-0.14276,17.9681
4123,0.0147782,-0.13903,17.6123
4124,0.000257747,-0.136877,17.2635
4125,-0.0127486,-0.13621,16.9217
4126,-0.0245225,-0.136955,16.5866
4127,-0.0353127,-0.139051,16.2582
4128,-0.0453391,-0.142454,15.9363
4129,-0.0547972,-0.147134,15.6209
4130,-0.0638616,-0.153076,15.3116
4131,-0.07269,-0.160281,15.0085
4132,-0.0814255,-0.168766,14.7115
4133,-0.0902002,-0.17856,14.4203
4134,-0.0991372,-0.18971,14.135
4135,-0.108353,-0.20228,13.8553
4136,-0.117959,-0.216346,13.5811
4137,-0.128066,-0.232004,13.3125
4138,-0.138783,-0.249366,13.0492
4139,-0.15022,-0.268562,12.7912
4140,-0.16249,-0.289741,12.5383
4141,-0.17571,-0.313074,12.2906
4142,-0.190005,-0.338754,12.0478
4143,-0.205505,-0.366996,11.8099
4144,-0.222352,-0.398042,11.5769
4145,-0.240696,-0.432164,11.3486
4146,-0.260702,-0.469663,11.125
4147,-0.28255,-0.510876,10.906
4148,-0.306436,-0.556175,10.6916
4149,-0.332573,-0.605976,10.4817
4150,-0.361199,-0.660739,10.2764
4151,-0.392572,-0.720976,10.0755
4152,-0.42698,-0.787252,9.87901
4153,-0.464737,-0.860197,9.68703
4154,-0.506194,-0.940507,9.49954
4155,-0.551735,-1.02895,9.31659
4156,-0.601787,-1.12639,9.13826
4157,-0.656821,-1.23377,8.96466
4158,-0.71736,-1.35214,8.79594
4159,-0.78398,-1.48266,8.6323
4160,-0.85732,-1.62662,8.47399
4161,-0.938086,-1.78543,8.32135
4162,-1.02706,-1.96066,8.17479
4163,-1.12511,-2.15405,8.03482
4164,-1.23318,-2.36751,7.9021
4165,-1.35234,-2.60312,7.77743
4166,-1.48375,-2.86321,7.66178
4167,-1.62868,-3.15027,7.55637
4168,-1.78856,-3.46708,7.46269
4169,-1.96493,-3.81661,7.38255
4170,-2.15949,-4.2021,7.31819
4171,-2.37409,-4.627,7.27231
4172,-2.61077,-5.09501,7.2482
4173,-2.8717,-5.60998,7.24988
4174,-3.15924,-6.17592,7.28218
4175,-3.4759,-6.79685,7.35095
4176,-3.82434,-7.47675,7.4632
4177,-4.20732,-8.21927,7.62734
4178,-4.62767,-9.02757,7.85334
4179,-5.08823,-9.90393,8.15299
4180,-5.59168,-10.8492,8.54003
4181,-6.14049,-11.8625,9.03036
4182,-6.73664,-12.9398,9.64202
4183,-7.38141,-14.0739,10.3951
4184,-8.075,-15.2523,11.3114
4185,-8.81616,-16.4568,12.4135
4186,-9.60166,-17.6615,13.7238
4187,-10.4257,-18.8321,15.2622
4188,-11.2794,-19.9246,17.0439
4189,-12.1498,-20.8858,19.0756
4190,-13.0201,-21.6537,21.3517
4191,-13.8686,-22.161,23.8496
4192,-14.6692,-22.3396,26.5265
4193,-15.3922,-22.1279,29.3169
4194,-16.0054,-21.4796,32.1331
4195,-16.4764,-20.3729,34.87
4196,-16.7754,-18.8176,37.4132
4197,-16.8779,-16.8596,39.6517
4198,-16.768,-14.5791,41.4909
4199,-16.4402,-12.0826,42.8652
4200,-15.9004,-9.49091,43.746
4201,-15.1657,-6.92401,44.143
4202,-14.2621,-4.48791,44.0998
4203,-13.2225,-2.26465,43.6848
4204,-12.0828,-0.307772,42.9795
4205,-10.8794,1.35724,42.0673
4206,-9.64631,2.72885,41.0254
4207,-8.41361,3.82338,39.9193
4208,-7.20637,4.66864,38.7999
4209,-6.04429,5.29829,37.7045
4210,-4.94188,5.74745,36.6576
4211,-3.90899,6.04981,35.6735
4212,-2.95147,6.2359,34.7588
4213,-2.0719,6.33221,33.9147
4214,-1.27029,6.36112,33.1386
4215,-0.544709,6.34107,32.4257
4216,0.10816,6.28695,31.7704
4217,0.692596,6.21069,31.1665
4218,1.21347,6.12163,30.6078
4219,1.67599,6.02709,30.0889
4220,2.08547,5.9327,29.6047
4221,2.44718,5.84274,29.1508
4222,2.76626,5.76044,28.7235
4223,3.04761,5.68818,28.3197
4224,3.29586,5.62767,27.9367
4225,3.51536,5.58013,27.5725
4226,3.7101,5.54633,27.2256
4227,3.88378,5.52678,26.8947
4228,4.03977,5.5217,26.5789
4229,4.18114,5.53115,26.2775
4230,4.31065,5.55507,25.9902
4231,4.43081,5.59325,25.7168
4232,4.54384,5.64543,25.4572
4233,4.65175,5.7113,25.2116
4234,4.75631,5.7905,24.9802
4235,4.85908,5.88262,24.7634
4236,4.96144,5.98724,24.5615
4237,5.06461,6.10391,24.3752
4238,5.16963,6.23216,24.205
4239,5.27739,6.37147,24.0516
4240,5.38868,6.52129,23.9157
4241,5.50411,6.68102,23.798
4242,5.62421,6.85,23.6995
4243,5.74938,7.0275,23.6209
4244,5.87991,7.2127,23.563
4245,6.01598,7.4047,23.5268
4246,6.15766,7.60246,23.5132
4247,6.30491,7.80481,23.5229
4248,6.45757,8.01046,23.5567
4249,6.61538,8.21795,23.6154
4250,6.77793,8.42565,23.6995
4251,6.94472,8.63177,23.8097
4252,7.1151,8.83434,23.9461
4253,7.28829,9.03122,24.109
4254,7.46336,9.2201,24.2981
4255,7.63926,9.39855,24.5131
4256,7.8148,9.564,24.7533
4257,7.98864,9.71383,25.0174
4258,8.15933,9.84538,25.304
4259,8.32531,9.95601,25.6111
4260,8.4849,10.0432,25.9364
4261,8.63638,10.1046,26.277
4262,8.77794,10.1381,26.6295
4263,8.9078,10.1419,26.9903
4264,9.02418,10.1148,27.3553
4265,9.12536,10.0558,27.7201
4266,9.20975,9.96473,28.0802
4267,9.27591,9.84194,28.4308
4268,9.32258,9.6884,28.7673
4269,9.34878,9.50576,29.0851
4270,9.35379,9.29626,29.3798
4271,9.33719,9.06273,29.6477
4272,9.29893,8.80848,29.8853
4273,9.23925,8.53722,30.0897
4274,9.15878,8.25296,30.2586
4275,9.05845,7.95984,30.3907
4276,8.93952,7.66204,30.4849
4277,8.80351,7.36366,30.5412
4278,8.65217,7.06859,30.56
4279,8.48747,6.78043,30.5424
4280,8.31148,6.50241,30.4899
4281,8.12639,6.23735,30.4044
4282,7.93441,5.98759,30.2883
4283,7.73776,5.75503,30.1439
4284,7.53857,5.54111,29.974
4285,7.33893,5.34685,29.7813
4286,7.14078,5.17286,29.5685
4287,6.94593,5.01943,29.3382
4288,6.756,4.88652,29.0931
4289,6.57249,4.77387,28.8356
4290,6.39668,4.68103,28.5679
4291,6.2297,4.60737,28.2924
4292,6.07251,4.5522,28.0109
4293,5.92588,4.51473,27.7254
4294,5.79047,4.49418,27.4375
4295,5.66677,4.48972,27.1489
4296,5.55517,4.50059,26.8609
4297,5.45593,4.52603,26.5749
4298,5.36923,4.56535,26.2922
4299,5.29517,4.61791,26.0138
4300,5.23378,4.68315,25.741
4301,5.18503,4.76055,25.4748
4302,5.14885,4.84967,25.216
4303,5.12515,4.95012,24.9658
4304,5.1138,5.06158,24.7251
4305,5.11466,5.18375,24.4948
4306,5.12757,5.31638,24.2759
4307,5.15237,5.45926,24.0693
4308,5.18889,5.61217,23.876
4309,5.23697,5.77492,23.697
4310,5.29642,5.94729,23.5334
4311,5.36708,6.12904,23.386
4312,5.44875,6.31988,23.2562
4313,5.54124,6.51947,23.1449
4314,5.64432,6.7274,23.0533
4315,5.75777,6.94315,22.9826
4316,5.8813,7.16609,22.9339
4317,6.01461,7.39545,22.9085
4318,6.15734,7.63031,22.9076
4319,6.30905,7.86956,22.9323
4320,6.46926,8.1119,22.9836
4321,6.63737,8.35582,23.0628
4322,6.8127,8.59956,23.1706
4323,6.99446,8.84114,23.3079
4324,7.18171,9.07832,23.4753
4325,7.3734,9.30862,23.6729
4326,7.56833,9.52931,23.901
4327,7.76512,9.73747,24.1591
4328,7.96226,9.92999,24.4466
4329,8.15808,10.1036,24.7621
4330,8.35074,10.2551,25.1039
4331,8.53828,10.3811,25.4698
4332,8.7186,10.4785,25.8568
4333,8.88952,10.5443,26.2614
4334,9.04881,10.5759,26.6796
4335,9.1942,10.5712,27.1066
4336,9.32347,10.5284,27.5374
4337,9.43449,10.4467,27.9665
4338,9.52527,10.3258,28.388
4339,9.59405,10.1666,28.7961
4340,9.63933,9.9704,29.185
4341,9.65994,9.73966,29.549
4342,9.65508,9.47752,29.8831
4343,9.62437,9.18789,30.1824
4344,9.56787,8.87526,30.4431
4345,9.48609,8.54458,30.6621
4346,9.37996,8.20108,30.8372
4347,9.25083,7.85009,30.9669
4348,9.10045,7.49689,31.0509
4349,8.93086,7.14649,31.0896
4350,8.74439,6.80358,31.0843
4351,8.54356,6.47232,31.0368
4352,8.33104,6.15633,30.9497
4353,8.10953,5.85861,30.8256
4354,7.88175,5.58155,30.6679
4355,7.65036,5.32691,30.4799
4356,7.41789,5.09588,30.2649
4357,7.18672,4.88911,30.0264
4358,6.95907,4.70682,29.7677
4359,6.7369,4.54883,29.4919
4360,6.522,4.41463,29.2019
4361,6.3159,4.30348,28.9005
4362,6.11992,4.21448,28.5903
4363,5.93515,4.14659,28.2735
4364,5.76247,4.09872,27.9522
4365,5.6026,4.06976,27.6284
4366,5.45605,4.05861,27.3036
4367,5.32321,4.06423,26.9796
4368,5.20432,4.08565,26.6576
4369,5.0995,4.12196,26.3389
4370,5.00881,4.17237,26.0248
4371,4.93219,4.23616,25.7163
4372,4.86956,4.31274,25.4144
4373,4.82078,4.40157,25.12
4374,4.78566,4.50225,24.8342
4375,4.76403,4.61443,24.5579
4376,4.75567,4.73785,24.2919
4377,4.7604,4.87231,24.0372
4378,4.77799,5.01766,23.7946
4379,4.80827,5.17379,23.5652
4380,4.85104,5.34063,23.3499
4381,4.90613,5.51812,23.1497
4382,4.97338,5.70617,22.9657
4383,5.05264,5.90471,22.799
4384,5.14375,6.1136,22.6508
4385,5.24656,6.33266,22.5223
4386,5.36091,6.56162,22.4149
4387,5.48664,6.80011,22.3297
4388,5.62354,7.04764,22.2683
4389,5.77137,7.30356,22.2321
4390,5.92987,7.56703,22.2226
4391,6.09868,7.83702,22.2412
4392,6.27738,8.11225,22.2893
4393,6.46546,8.39118,22.3685
4394,6.6623,8.67197,22.4801
4395,6.86712,8.95248,22.6252
4396,7.07904,9.23023,22.8049
4397,7.29697,9.5024,23.02
4398,7.51967,9.76584,23.271
4399,7.74569,10.0171,23.5579
4400,7.97337,10.2523,23.8802
4401,8.20083,10.4676,24.2371
4402,8.426,10.6588,24.627
4403,8.64658,10.8215,25.0474
4404,8.86012,10.9515,25.4953
4405,9.06397,11.045,25.9668
4406,9.25539,11.0981,26.4571
4407,9.43156,11.1077,26.9609
4408,9.58968,11.0712,27.4718
4409,9.72698,10.9872,27.983
4410,9.84088,10.8547,28.4874
4411,9.92901,10.6745,28.9774
4412,9.98935,10.4479,29.4456
4413,10.0203,10.1778,29.8846
4414,10.0206,9.86814,30.2877
4415,9.98965,9.52376,30.6489
4416,9.92746,9.15047,30.963
4417,9.83453,8.75467,31.2261
4418,9.71196,8.34316,31.4352
4419,9.56141,7.92287,31.5889
4420,9.38505,7.50063,31.6868
4421,9.18545,7.08292,31.7298
4422,8.96556,6.67565,31.7196
4423,8.72856,6.28405,31.659
4424,8.47779,5.91254,31.5515
4425,8.21665,5.56467,31.4008
4426,7.94851,5.24313,31.2113
4427,7.67664,4.94979,30.9874
4428,7.40414,4.68572,30.7332
4429,7.13387,4.45136,30.4533
4430,6.86846,4.24653,30.1515
4431,6.61021,4.0706,29.8318
4432,6.36116,3.92256,29.4975
4433,6.12302,3.80117,29.1519
4434,5.89722,3.70497,28.7978
4435,5.68491,3.63245,28.4378
4436,5.48698,3.58203,28.074
4437,5.3041,3.55218,27.7085
4438,5.13672,3.54143,27.3431
4439,4.98511,3.5484,26.9791
4440,4.8494,3.57185,26.6181
4441,4.72958,3.61064,26.2612
4442,4.62556,3.66381,25.9095
4443,4.53716,3.7305,25.5641
4444,4.46414,3.81003,25.2258
4445,4.40624,3.90182,24.8955
4446,4.36316,4.00545,24.5741
4447,4.3346,4.12058,24.2624
4448,4.32026,4.24701,23.9611
4449,4.31986,4.3846,23.6711
4450,4.33312,4.53331,23.3933
4451,4.35982,4.69317,23.1286
4452,4.39973,4.86425,22.8777
4453,4.45267,5.04666,22.6418
4454,4.51848,5.24052,22.4219
4455,4.59704,5.44598,22.2189
4456,4.68824,5.66316,22.0342
4457,4.79199,5.89212,21.869
4458,4.90824,6.13291,21.7246
4459,5.03691,6.38545,21.6025
4460,5.17792,6.64959,21.5043
4461,5.33121,6.92501,21.4316
4462,5.49664,7.21125,21.386
4463,5.67407,7.50762,21.3695
4464,5.86327,7.81319,21.3838
4465,6.06394,8.12675,21.431
4466,6.27567,8.44676,21.5128
4467,6.49795,8.77134,21.6313
4468,6.7301,9.09817,21.7881
4469,6.97125,9.42453,21.9849
4470,7.22036,9.74719,22.2231
4471,7.47615,10.0625,22.5038
4472,7.73708,10.3663,22.8277
4473,8.00134,10.6539,23.1947
4474,8.26685,10.9204,23.6045
4475,8.53122,11.1604,24.0555
4476,8.79176,11.3684,24.5456
4477,9.04551,11.5386,25.0714
4478,9.28927,11.6656,25.6285
4479,9.51961,11.7442,26.2115
4480,9.73299,11.7698,26.8137
4481,9.92578,11.7387,27.4273
4482,10.0944,11.6481,28.0439
4483,10.2354,11.4966,28.654
4484,10.3456,11.2846,29.2479
4485,10.4223,11.0136,29.8157
4486,10.4632,10.6872,30.3479
4487,10.4667,10.3105,30.8354
4488,10.4318,9.88988,31.2704
4489,10.3584,9.43313,31.646
4490,10.2471,8.94886,31.9573
4491,10.0994,8.44622,32.2009
4492,9.91732,7.93449,32.3751
4493,9.70384,7.42269,32.48
4494,9.46231,6.91926,32.5172
4495,9.19657,6.43179,32.4899
4496,8.91077,5.96676,32.4022
4497,8.60922,5.52947,32.259
4498,8.29626,5.12398,32.0658
4499,7.97616,4.75312,31.8285
4500,7.65297,4.41857,31.5528
4501,7.33049,4.12102,31.2445
4502,7.01217,3.86028,30.909
4503,6.70107,3.63545,30.5512
4504,6.39986,3.44511,30.1756
4505,6.1108,3.28742,29.7864
4506,5.83574,3.16032,29.387
4507,5.57615,3.06158,28.9807
4508,5.33314,2.98897,28.5701
4509,5.10753,2.94027,28.1574
4510,4.89982,2.9134,27.7447
4511,4.7103,2.9064,27.3336
4512,4.53904,2.91749,26.9256
4513,4.38594,2.94509,26.5219
4514,4.25077,2.98782,26.1234
4515,4.13322,3.04451,25.7312
4516,4.03289,3.11419,25.3461
4517,3.94933,3.19606,24.9688
4518,3.88208,3.28952,24.6
4519,3.83066,3.39413,24.2404
4520,3.79462,3.5096,23.8906
4521,3.77352,3.63577,23.5514
4522,3.76694,3.77263,23.2232
4523,3.77454,3.92024,22.9069
4524,3.79599,4.07878,22.6031
4525,3.83102,4.24849,22.3127
4526,3.87942,4.42968,22.0364
4527,3.94103,4.62272,21.7752
4528,4.01573,4.828,21.5301
4529,4.10347,5.04593,21.3022
4530,4.20422,5.2769,21.0926
4531,4.31802,5.52132,20.9026
4532,4.44491,5.77951,20.7338
4533,4.58497,6.05176,20.5876
4534,4.73829,6.33822,20.4658
4535,4.90498,6.63896,20.3703
4536,5.08511,6.95384,20.303
4537,5.27874,7.28254,20.2661
4538,5.48586,7.62445,20.262
4539,5.70642,7.97869,20.293
4540,5.94024,8.34398,20.3617
4541,6.18705,8.71863,20.4707
4542,6.44638,9.10047,20.6226
4543,6.71762,9.48676,20.82
4544,6.99988,9.87417,21.0652
4545,7.29205,10.2587,21.3604
4546,7.59268,10.6356,21.7074
4547,7.89999,10.9996,22.1074
4548,8.21182,11.3445,22.5611
4549,8.5256,11.6637,23.0679
4550,8.83836,11.9498,23.6265
4551,9.14667,12.1952,24.234
4552,9.44672,12.3922,24.8863
4553,9.73431,12.5331,25.5777
4554,10.0049,12.6109,26.3005
4555,10.2539,12.6191,27.0457
4556,10.4764,12.5527,27.8028
4557,10.6676,12.4085,28.5596
4558,10.8231,12.1851,29.3033
4559,10.9387,11.8834,30.0206
4560,11.011,11.5069,30.6979
4561,11.0372,11.0615,31.3226
4562,11.0154,10.5554,31.8832
4563,10.9451,9.99859,32.3698
4564,10.8264,9.40291,32.775
4565,10.6611,8.78091,33.0936
4566,10.4515,8.14554,33.3231
4567,10.2012,7.50942,33.4637
4568,9.91468,6.88436,33.5178
4569,9.5969,6.28082,33.4899
4570,9.25334,5.70767,33.386
4571,8.88969,5.17193,33.2133
4572,8.51169,4.67875,32.9797
4573,8.12492,4.23146,32.6933
4574,7.7347,3.83176,32.3622
4575,7.34589,3.47988,31.9941
4576,6.96287,3.17488,31.596
4577,6.58947,2.91486,31.1744
4578,6.22893,2.69729,30.7349
4579,5.88393,2.51915,30.2825
4580,5.55659,2.37719,29.8213
4581,5.24851,2.26808,29.3549
4582,4.96081,2.18853,28.8861
4583,4.69423,2.13538,28.4173
4584,4.44911,2.10571,27.9505
4585,4.22552,2.09683,27.4871
4586,4.02327,2.10636,27.0286
4587,3.84198,2.13222,26.5758
4588,3.68112,2.17261,26.1296
4589,3.54006,2.22602,25.6908
4590,3.41807,2.29122,25.2598
4591,3.31443,2.36723,24.8372
4592,3.22838,2.45332,24.4233
4593,3.15918,2.54896,24.0188
4594,3.10611,2.65381,23.6238
4595,3.06851,2.76772,23.2388
4596,3.04576,2.89068,22.8642
4597,3.03732,3.02282,22.5005
4598,3.04271,3.1644,22.148
4599,3.06154,3.31579,21.8073
4600,3.09347,3.47744,21.4789
4601,3.13826,3.64989,21.1635
4602,3.19575,3.83375,20.8617
4603,3.26584,4.02969,20.5743
4604,3.34853,4.23842,20.3022
4605,3.44385,4.4607,20.0464
4606,3.55195,4.69728,19.808
4607,3.67299,4.94896,19.5883
4608,3.80723,5.21648,19.3885
4609,3.95494,5.50058,19.2105
4610,4.11647,5.80192,19.0558
4611,4.29216,6.12108,18.9266
4612,4.48238,6.45851,18.825
4613,4.6875,6.81448,18.7535
4614,4.90789,7.18906,18.7147
4615,5.14383,7.582,18.7115
4616,5.39559,7.99272,18.7473
4617,5.66329,8.4202,18.8253
4618,5.94694,8.86288,18.9492
4619,6.24638,9.31858,19.1228
4620,6.56121,9.78441,19.3498
4621,6.89075,10.2566,19.634
4622,7.23398,10.7305,19.9791
4623,7.58951,11.2004,20.3883
4624,7.95545,11.6594,20.8644
4625,8.32941,12.0997,21.4093
4626,8.70841,12.5122,22.0238
4627,9.08886,12.8868,22.7071
4628,9.46648,13.2129,23.4569
4629,9.83639,13.4789,24.2685
4630,10.193,13.6736,25.1351
4631,10.5304,13.786,26.047
4632,10.8419,13.8062,26.9921
4633,11.121,13.7261,27.9557
4634,11.3607,13.5401,28.9209
4635,11.5548,13.2458,29.869
4636,11.6971,12.8443,30.7806
4637,11.7827,12.3408,31.6362
4638,11.8076,11.7443,32.4174
4639,11.7694,11.0675,33.1079
4640,11.6672,10.3263,33.6944
4641,11.5018,9.53848,34.1672
4642,11.2757,8.72327,34.5208
4643,10.9929,7.89979,34.7538
4644,10.6591,7.08619,34.8689
4645,10.2807,6.29878,34.8722
4646,9.86527,5.55131,34.7725
4647,9.4206,4.85461,34.5805
4648,8.95473,4.21646,34.308
4649,8.47551,3.64169,33.9674
4650,7.99035,3.1324,33.5705
4651,7.50607,2.68844,33.1287
4652,7.02871,2.30777,32.6522
4653,6.56347,1.98698,32.1498
4654,6.11471,1.72171,31.6293
4655,5.68589,1.50699,31.0971
4656,5.27969,1.33762,30.5584
4657,4.898,1.20837,30.0172
4658,4.54207,1.11421,29.477
4659,4.21256,1.0504,28.9401
4660,3.90962,1.01262,28.4084
4661,3.63302,0.996996,27.8833
4662,3.38218,1.0001,27.3658
4663,3.15629,1.01898,26.8565
4664,2.95436,1.05114,26.356
4665,2.77526,1.09447,25.8645
4666,2.6178,1.14727,25.3822
4667,2.48075,1.20818,24.9093
4668,2.36288,1.27615,24.4458
4669,2.26301,1.35041,23.9918
4670,2.17999,1.43042,23.5473
4671,2.11275,1.51586,23.1123
4672,2.0603,1.60661,22.6868
4673,2.02173,1.7027,22.271
4674,1.99624,1.80429,21.8649
4675,1.98312,1.91167,21.4685
4676,1.98177,2.02526,21.082
4677,1.99167,2.14555,20.7055
4678,2.01242,2.27312,20.3393
4679,2.04372,2.40865,19.9835
4680,2.08535,2.55288,19.6385
4681,2.1372,2.70661,19.3046
4682,2.19924,2.87072,18.9822
4683,2.27153,3.04617,18.6718
4684,2.35423,3.23393,18.3739
4685,2.44757,3.43509,18.0893
4686,2.55186,3.65075,17.8188
4687,2.66749,3.88209,17.5632
4688,2.79494,4.13033,17.3237
4689,2.93476,4.3967,17.1016
4690,3.08755,4.6825,16.8983
4691,3.25399,4.98902,16.7154
4692,3.43481,5.31754,16.555
4693,3.6308,5.6693,16.4193
4694,3.84279,6.04547,16.3109
4695,4.07163,6.4471,16.2326
4696,4.31817,6.87503,16.1877
4697,4.58328,7.32989,16.1801
4698,4.86775,7.81193,16.2139
4699,5.17234,8.32093,16.2937
4700,5.49766,8.85611,16.4247
4701,5.84415,9.41589,16.6124
4702,6.21203,9.9978,16.8628
4703,6.60121,10.5982,17.1822
4704,7.01119,11.2121,17.5769
4705,7.44097,11.8331,18.0534
4706,7.88896,12.4526,18.6177
4707,8.3528,13.0606,19.275
4708,8.82929,13.6445,20.0296
4709,9.31427,14.19,20.8837
4710,9.8025,14.6806,21.8371
4711,10.2876,15.0984,22.8866
4712,10.762,15.4243,24.0251
4713,11.217,15.6391,25.2409
4714,11.643,15.7247,26.5176
4715,12.0298,15.6651,27.8339
4716,12.3665,15.4481,29.1639
4717,12.6426,15.067,30.4777
4718,12.8482,14.5213,31.7436
4719,12.9746,13.8182,32.9287
4720,13.015,12.9721,34.0023
4721,12.965,12.0046,34.937
4722,12.8229,10.9431,35.7116
4723,12.59,9.81894,36.3116
4724,12.2706,8.66494,36.7307
4725,11.8716,7.51345,36.9706
4726,11.4024,6.39397,37.0398
4727,10.8738,5.33158,36.9527
4728,10.2981,4.3459,36.7278
4729,9.68757,3.45067,36.3858
4730,9.05471,2.65389,35.948
4731,8.41115,1.95843,35.4351
4732,7.76751,1.36288,34.866
4733,7.13309,0.862517,34.2573
4734,6.51576,0.450306,33.623
4735,5.92187,0.117756,32.9744
4736,5.35634,-0.144331,32.3206
4737,4.82271,-0.34529,31.6681
4738,4.32333,-0.494159,31.0219
4739,3.85948,-0.599403,30.3854
4740,3.43155,-0.668732,29.7608
4741,3.03921,-0.70902,29.1494
4742,2.68152,-0.726277,28.5518
4743,2.35713,-0.725678,27.9684
4744,2.06435,-0.711609,27.3988
4745,1.80127,-0.687734,26.8429
4746,1.56585,-0.657077,26.3002
4747,1.35598,-0.622091,25.7701
4748,1.16954,-0.584743,25.2523
4749,1.00444,-0.546579,24.7462
4750,0.858677,-0.508792,24.2513
4751,0.730324,-0.472282,23.7673
4752,0.617572,-0.437705,23.2936
4753,0.518726,-0.405523,22.83
4754,0.432221,-0.376037,22.3761
4755,0.356616,-0.349429,21.9316
4756,0.290594,-0.325782,21.4963
4757,0.232962,-0.305109,21.0698
4758,0.182639,-0.287371,20.652
4759,0.138654,-0.272492,20.2426
4760,0.100136,-0.260374,19.8415
4761,0.0663078,-0.250907,19.4484
4762,0.0364758,-0.243977,19.0631
4763,0.0100241,-0.239472,18.6856
4764,-0.0135948,-0.237288,18.3156
4765,-0.0348667,-0.237331,17.953
4766,-0.0542229,-0.239524,17.5976
4767,-0.0720472,-0.243804,17.2493
4768,-0.0886818,-0.250127,16.9079
4769,-0.104433,-0.25847,16.5734
4770,-0.119576,-0.268826,16.2455
4771,-0.134362,-0.281214,15.9242
4772,-0.14902,-0.295669,15.6092
4773,-0.16376,-0.312253,15.3006
4774,-0.178782,-0.331049,14.9982
4775,-0.194275,-0.352162,14.7018
4776,-0.21042,-0.375723,14.4115
4777,-0.227395,-0.40189,14.1269
4778,-0.245378,-0.430844,13.8482
4779,-0.264548,-0.462799,13.5751
4780,-0.28509,-0.497996,13.3076
4781,-0.307195,-0.53671,13.0456
4782,-0.331062,-0.579249,12.789
4783,-0.356905,-0.625962,12.5379
4784,-0.384952,-0.677237,12.292
4785,-0.415447,-0.733507,12.0514
4786,-0.448656,-0.795252,11.816
4787,-0.484867,-0.86301,11.5859
4788,-0.524394,-0.937374,11.361
4789,-0.567583,-1.019,11.1413
4790,-0.61481,-1.10862,10.9269
4791,-0.66649,-1.20705,10.7179
4792,-0.72308,-1.31516,10.5143
4793,-0.785082,-1.43396,10.3164
4794,-0.853049,-1.56453,10.1242
4795,-0.927591,-1.70807,9.93819
4796,-1.00938,-1.86591,9.75852
4797,-1.09916,-2.03951,9.58567
4798,-1.19774,-2.23049,9.42012
4799,-1.30602,-2.44059,9.26252
4800,-1.425,-2.67178,9.11366
4801,-1.55576,-2.92616,8.97448
4802,-1.69949,-3.20604,8.84616
4803,-1.85752,-3.51394,8.73013
4804,-2.03128,-3.85259,8.62813
4805,-2.22233,-4.22489,8.54229
4806,-2.43238,-4.63399,8.47516
4807,-2.66329,-5.08318,8.42985
4808,-2.91705,-5.57592,8.41009
4809,-3.1958,-6.11575,8.42039
4810,-3.50182,-6.70623,8.46614
4811,-3.8375,-7.35083,8.55376
4812,-4.20532,-8.05271,8.69093
4813,-4.60782,-8.81457,8.88667
4814,-5.0475,-9.63829,9.15159
4815,-5.52675,-10.5245,9.498
4816,-6.04771,-11.4722,9.94002
4817,-6.61213,-12.4779,10.4936
4818,-7.22109,-13.5349,11.1766
4819,-7.87476,-14.6325,12.0079
4820,-8.57201,-15.7546,13.0074
4821,-9.31001,-16.8791,14.1949
4822,-10.0837,-17.9764,15.588
4823,-10.8855,-19.0089,17.2004
4824,-11.7042,-19.9308,19.0392
4825,-12.5253,-20.6891,21.1012
4826,-13.3301,-21.2252,23.3697
4827,-14.0961,-21.4793,25.8108
4828,-14.7976,-21.3955,28.3718
4829,-15.406,-20.929,30.9809
4830,-15.8925,-20.0536,33.5495
4831,-16.2295,-18.7686,35.9792
4832,-16.3934,-17.1032,38.1701
4833,-16.3671,-15.1166,40.0328
4834,-16.142,-12.8938,41.4986
4835,-15.7195,-10.5364,42.5277
4836,-15.1107,-8.15091,43.1132
4837,-14.3356,-5.83699,43.2792
4838,-13.4209,-3.67759,43.0753
4839,-12.3977,-1.73298,42.567
4840,-11.2988,-0.0389464,41.8267
4841,-10.156,1.3913,40.9254
4842,-8.99849,2.56291,39.9266
4843,-7.85142,3.49422,38.8826
4844,-6.73546,4.21156,37.834
4845,-5.66657,4.74501,36.8098
4846,-4.6563,5.12511,35.8287
4847,-3.71222,5.38078,34.9018
4848,-2.83862,5.53805,34.034
4849,-2.03701,5.61953,33.2257
4850,-1.30681,5.64436,32.4749
4851,-0.645824,5.62837,31.7777
4852,-0.0507037,5.58444,31.1295
4853,0.482679,5.52292,30.5253
4854,0.958938,5.45202,29.9602
4855,1.38294,5.37817,29.43
4856,1.75963,5.30635,28.9306
4857,2.09389,5.24039,28.4585
4858,2.39048,5.18317,28.0108
4859,2.6539,5.13682,27.5851
4860,2.88844,5.10289,27.1795
4861,3.09807,5.08246,26.7923
4862,3.28649,5.07626,26.4223
4863,3.45711,5.08475,26.0688
4864,3.61301,5.10815,25.731
4865,3.75703,5.14655,25.4086
4866,3.89172,5.19991,25.1013
4867,4.01939,5.26811,24.8093
4868,4.14212,5.35098,24.5325
4869,4.26175,5.44827,24.2714
4870,4.37994,5.55973,24.0262
4871,4.49817,5.68507,23.7975
4872,4.61773,5.82399,23.586
4873,4.73978,5.97613,23.3922
4874,4.86531,6.14113,23.2171
4875,4.99521,6.31857,23.0614
4876,5.13021,6.50798,22.9262
4877,5.27095,6.70881,22.8125
4878,5.41794,6.92044,22.7213
4879,5.57156,7.14213,22.6539
4880,5.73212,7.37301,22.6114
4881,5.89978,7.61206,22.5951
4882,6.07457,7.85809,22.6062
4883,6.25643,8.10969,22.646
4884,6.44513,8.36526,22.7155
4885,6.64031,8.62291,22.816
4886,6.84145,8.88051,22.9484
4887,7.04786,9.13566,23.1134
4888,7.25869,9.38565,23.3117
4889,7.47287,9.62753,23.5435
4890,7.68917,9.85804,23.8088
4891,7.90613,10.0737,24.1069
4892,8.1221,10.2709,24.4369
4893,8.33524,10.4458,24.7972
4894,8.54351,10.5946,25.1856
4895,8.74471,10.7136,25.599
4896,8.93649,10.7991,26.034
4897,9.11641,10.848,26.4862
4898,9.28196,10.8573,26.9507
4899,9.43065,10.825,27.4218
4900,9.56003,10.7495,27.8935
4901,9.66781,10.6303,28.3592
4902,9.75188,10.4678,28.8123
4903,9.81044,10.2632,29.2461
4904,9.84201,10.019,29.654
4905,9.84555,9.7385,30.0301
4906,9.82049,9.42601,30.3688
4907,9.76672,9.08651,30.6653
4908,9.68467,8.7256,30.916
4909,9.5753,8.34923,31.118
4910,9.44001,7.96355,31.2698
4911,9.2807,7.57462,31.3707
4912,9.09961,7.18828,31.4212
4913,8.89934,6.80993,31.4227
4914,8.6827,6.4444,31.3772
4915,8.45269,6.09584,31.2877
4916,8.21236,5.7677,31.1574
4917,7.96477,5.46266,30.99
4918,7.71292,5.18269,30.7893
4919,7.45965,4.92906,30.5592
4920,7.20766,4.70242,30.3036
4921,6.95939,4.5029,30.0261
4922,6.71706,4.33017,29.7304
4923,6.48262,4.18355,29.4197
4924,6.25776,4.06208,29.097
4925,6.04391,3.96461,28.7651
4926,5.84225,3.88987,28.4264
4927,5.65371,3.83654,28.0832
4928,5.47902,3.80329,27.7375
4929,5.31871,3.78881,27.3911
4930,5.17314,3.79189,27.0454
4931,5.04251,3.81138,26.702
4932,4.92692,3.84624,26.3621
4933,4.82636,3.89556,26.0269
4934,4.74072,3.95854,25.6974
4935,4.66986,4.0345,25.3746
4936,4.61358,4.12288,25.0595
4937,4.57164,4.22323,24.753
4938,4.54381,4.3352,24.4558
4939,4.52984,4.45854,24.169
4940,4.52947,4.59306,23.8933
4941,4.54248,4.73867,23.6296
4942,4.56864,4.89533,23.3789
4943,4.60775,5.06301,23.1421
4944,4.65963,5.24175,22.9202
4945,4.72413,5.43159,22.7142
4946,4.80108,5.63255,22.5252
4947,4.89038,5.84464,22.3544
4948,4.9919,6.06782,22.2031
4949,5.10553,6.30199,22.0725
4950,5.23115,6.54695,21.9642
4951,5.36864,6.80241,21.8794
4952,5.51785,7.06791,21.8199
4953,5.67858,7.34283,21.7872
4954,5.85061,7.62634,21.7829
4955,6.03362,7.91738,21.8088
4956,6.22721,8.21461,21.8665
4957,6.43091,8.51637,21.9578
4958,6.64408,8.8207,22.0841
4959,6.86595,9.12523,22.247
4960,7.09559,9.42721,22.4477
4961,7.33186,9.72351,22.6872
4962,7.57343,10.0105,22.9662
4963,7.81872,10.2844,23.2848
4964,8.06592,10.5407,23.6428
4965,8.31295,10.7749,24.039
4966,8.55749,10.9821,24.4719
4967,8.79698,11.1574,24.9387
4968,9.02862,11.296,25.4361
4969,9.24942,11.393,25.9594
4970,9.45627,11.4442,26.5033
4971,9.64594,11.4461,27.0614
4972,9.81523,11.3956,27.6264
4973,9.961,11.2911,28.1906
4974,10.0803,11.1318,28.7454
4975,10.1705,10.9186,29.2821
4976,10.2293,10.6536,29.7922
4977,10.2548,10.3403,30.2673
4978,10.246,9.98363,30.6999
4979,10.2023,9.58959,31.0831
4980,10.1237,9.16521,31.4116
4981,10.011,8.71817,31.6812
4982,9.8657,8.2565,31.8893
4983,9.68993,7.78829,32.0347
4984,9.48634,7.32136,32.1176
4985,9.25805,6.86296,32.1397
4986,9.00853,6.4196,32.1038
4987,8.74153,5.99687,32.0136
4988,8.4609,5.59931,31.8733
4989,8.1705,5.23045,31.6878
4990,7.87413,4.89274,31.4622
4991,7.57539,4.58771,31.2015
4992,7.27767,4.31602,30.9108
4993,6.98403,4.07757,30.5948
4994,6.69723,3.8717,30.258
4995,6.41967,3.69724,29.9044
4996,6.15337,3.5527,29.5377
4997,5.90004,3.43634,29.1611
4998,5.66103,3.34632,28.7776
4999,5.4374,3.28074,28.3897
5000,5.22991,3.23772,27.9995
5001,5.0391,3.21546,27.609
5002,4.86526,3.21228,27.2197
5003,4.70852,3.22665,26.8332
5004,4.56885,3.25719,26.4506
5005,4.44612,3.30271,26.0731
5006,4.34008,3.36217,25.7017
5007,4.25043,3.4347,25.3372
5008,4.17681,3.51963,24.9805
5009,4.11886,3.6164,24.6322
5010,4.07619,3.72462,24.2933
5011,4.04842,3.84402,23.9644
5012,4.03519,3.97446,23.6462
5013,4.03617,4.1159,23.3396
5014,4.05104,4.26838,23.0452
5015,4.07955,4.43203,22.7639
5016,4.12147,4.60703,22.4965
5017,4.17661,4.79362,22.2441
5018,4.24483,4.99205,22.0075
5019,4.32603,5.20261,21.788
5020,4.42013,5.42556,21.5866
5021,4.5271,5.66114,21.4046
5022,4.64694,5.90955,21.2434
5023,4.77963,6.17092,21.1046
5024,4.9252,6.44527,20.9897
5025,5.08365,6.7325,20.9005
5026,5.25496,7.03233,20.8388
5027,5.4391,7.34429,20.8067
5028,5.63596,7.66766,20.8062
5029,5.84537,8.00142,20.8395
5030,6.06706,8.34423,20.9088
5031,6.30065,8.69434,21.0164
5032,6.54559,9.04957,21.1645
5033,6.80117,9.40722,21.3552
5034,7.06645,9.76411,21.5905
5035,7.34026,10.1164,21.872
5036,7.62115,10.4598,22.2011
5037,7.90736,10.7894,22.5784
5038,8.1968,11.0995,23.0042
5039,8.48704,11.3843,23.4775
5040,8.77527,11.6373,23.9967
5041,9.05834,11.8519,24.5589
5042,9.33277,12.0215,25.1599
5043,9.59478,12.1395,25.7943
5044,9.84035,12.2001,26.4551
5045,10.0653,12.198,27.1342
5046,10.2655,12.1293,27.8219
5047,10.4367,11.9914,28.5079
5048,10.5752,11.7835,29.1808
5049,10.6773,11.5067,29.8291
5050,10.7402,11.1642,30.4411
5051,10.7615,10.7611,31.006
5052,10.7398,10.3046,31.5139
5053,10.6744,9.80342,31.9563
5054,10.5658,9.26744,32.3267
5055,10.4153,8.70744,32.6205
5056,10.2252,8.1345,32.8353
5057,9.99837,7.55947,32.9708
5058,9.73875,6.99256,33.029
5059,9.45066,6.44296,33.0131
5060,9.13884,5.91855,32.9281
5061,8.80828,5.42574,32.7798
5062,8.46401,4.96936,32.575
5063,8.11097,4.55277,32.3204
5064,7.75389,4.17788,32.023
5065,7.39717,3.84537,31.6895
5066,7.04479,3.55484,31.3263
5067,6.70028,3.30507,30.9392
5068,6.36668,3.09416,30.5333
5069,6.04654,2.91978,30.1133
5070,5.74194,2.7793,29.6831
5071,5.45448,2.66998,29.2462
5072,5.18537,2.58904,28.8054
5073,4.93543,2.5338,28.3632
5074,4.70516,2.5017,27.9216
5075,4.49477,2.49039,27.4823
5076,4.30424,2.49776,27.0466
5077,4.13338,2.52193,26.6158
5078,3.98182,2.56126,26.1907
5079,3.8491,2.61437,25.7724
5080,3.73468,2.68011,25.3613
5081,3.63798,2.75759,24.9583
5082,3.5584,2.84607,24.5638
5083,3.49532,2.94507,24.1785
5084,3.44816,3.05424,23.8027
5085,3.41636,3.17341,23.4372
5086,3.3994,3.30255,23.0823
5087,3.39684,3.44176,22.7386
5088,3.40826,3.59124,22.4067
5089,3.43334,3.75132,22.0873
5090,3.47178,3.92236,21.7811
5091,3.52339,4.10485,21.4887
5092,3.58804,4.29928,21.2111
5093,3.66563,4.50623,20.9491
5094,3.75616,4.72628,20.7038
5095,3.85968,4.96002,20.4764
5096,3.97627,5.20804,20.2681
5097,4.10608,5.47092,20.0804
5098,4.2493,5.74916,19.9147
5099,4.40613,6.0432,19.773
5100,4.57679,6.35337,19.657
5101,4.76152,6.67984,19.569
5102,4.96052,7.02262,19.5112
5103,5.17399,7.38144,19.4861
5104,5.40204,7.75576,19.4965
5105,5.64473,8.14468,19.5452
5106,5.90199,8.54684,19.6352
5107,6.1736,8.96041,19.7697
5108,6.45918,9.38292,19.9519
5109,6.7581,9.81127,20.1848
5110,7.06947,10.2416,20.4715
5111,7.39206,10.6692,20.8148
5112,7.72429,11.0885,21.217
5113,8.06415,11.493,21.6796
5114,8.40915,11.8754,22.2035
5115,8.75632,12.2275,22.7884
5116,9.10213,12.5405,23.4325
5117,9.44255,12.805,24.1326
5118,9.77302,13.0116,24.8834
5119,10.0885,13.1509,25.6777
5120,10.3837,13.2144,26.5063
5121,10.6528,13.1946,27.3576
5122,10.8901,13.0858,28.2184
5123,11.0901,12.8846,29.0738
5124,11.2473,12.5902,29.9079
5125,11.3572,12.2049,30.7042
5126,11.4157,11.7342,31.4468
5127,11.4201,11.1866,32.1207
5128,11.3687,10.5735,32.713
5129,11.2612,9.90839,33.2133
5130,11.0988,9.20639,33.6142
5131,10.8838,8.48337,33.9116
5132,10.6201,7.75507,34.1047
5133,10.3126,7.03637,34.1958
5134,9.96692,6.34058,34.1902
5135,9.58951,5.67901,34.0949
5136,9.1871,5.06066,33.9187
5137,8.7665,4.49208,33.6713
5138,8.3344,3.9775,33.3628
5139,7.89716,3.51898,33.003
5140,7.46062,3.11672,32.6015
5141,7.03001,2.76939,32.1668
5142,6.60989,2.47449,31.7066
5143,6.20409,2.22868,31.2277
5144,5.81574,2.02806,30.7358
5145,5.44726,1.86849,30.2356
5146,5.10048,1.74573,29.7311
5147,4.77664,1.65564,29.2254
5148,4.47645,1.5943,28.721
5149,4.20024,1.55805,28.2198
5150,3.94795,1.54363,27.7235
5151,3.71922,1.5481,27.2331
5152,3.5135,1.56893,26.7496
5153,3.33004,1.60393,26.2736
5154,3.16798,1.65128,25.8056
5155,3.02638,1.70949,25.3461
5156,2.90427,1.77738,24.8953
5157,2.80067,1.85402,24.4536
5158,2.71463,1.93876,24.0211
5159,2.6452,2.03116,23.5981
5160,2.59154,2.13097,23.1847
5161,2.55283,2.23812,22.7812
5162,2.52837,2.35271,22.3878
5163,2.5175,2.47496,22.0048
5164,2.51969,2.60521,21.6323
5165,2.53447,2.74391,21.2709
5166,2.56147,2.89162,20.9207
5167,2.60042,3.04897,20.5823
5168,2.65113,3.21667,20.2562
5169,2.71351,3.39551,19.9428
5170,2.78754,3.58632,19.643
5171,2.8733,3.79,19.3573
5172,2.97095,4.0075,19.0868
5173,3.0807,4.2398,18.8323
5174,3.20288,4.4879,18.5951
5175,3.33784,4.75283,18.3765
5176,3.48603,5.03562,18.1779
5177,3.64793,5.33725,18.0011
5178,3.82408,5.65869,17.8479
5179,4.01505,6.0008,17.7207
5180,4.22143,6.36433,17.6218
5181,4.44383,6.74988,17.5541
5182,4.68283,7.1578,17.5207
5183,4.939,7.58815,17.5249
5184,5.21281,8.04059,17.5706
5185,5.50466,8.51431,17.6618
5186,5.81479,9.00788,17.803
5187,6.14326,9.51917,17.9988
5188,6.48986,10.0451,18.2542
5189,6.85408,10.5817,18.5741
5190,7.23501,11.1236,18.9634
5191,7.63126,11.6644,19.4267
5192,8.04088,12.1959,19.9678
5193,8.46129,12.7088,20.5901
5194,8.88914,13.1918,21.2952
5195,9.32029,13.6325,22.0832
5196,9.74977,14.0173,22.9519
5197,10.1717,14.3316,23.8963
5198,10.5794,14.5606,24.9083
5199,10.9653,14.6899,25.9764
5200,11.3215,14.7066,27.0852
5201,11.6395,14.5999,28.2162
5202,11.9108,14.3625,29.3476
5203,12.1272,13.9914,30.4554
5204,12.2813,13.4887,31.5144
5205,12.3668,12.8618,32.4998
5206,12.379,12.1236,33.3883
5207,12.3152,11.2919,34.1598
5208,12.1746,10.3884,34.7988
5209,11.9588,9.43707,35.2949
5210,11.6718,8.46324,35.6436
5211,11.3194,7.49145,35.8461
5212,10.909,6.54422,35.9086
5213,10.4495,5.64092,35.8416
5214,9.95059,4.79705,35.6587
5215,9.42217,4.02386,35.3753
5216,8.87418,3.32845,35.0074
5217,8.31607,2.7141,34.5709
5218,7.75654,2.18081,34.0807
5219,7.20333,1.72594,33.5501
5220,6.66309,1.34492,32.9909
5221,6.14134,1.03182,32.4127
5222,5.64246,0.779979,31.8235
5223,5.16978,0.582399,31.2296
5224,4.72561,0.432121,30.6359
5225,4.31143,0.322477,30.046
5226,3.92794,0.247267,29.4626
5227,3.57523,0.200855,28.8875
5228,3.25285,0.178227,28.3218
5229,2.95997,0.174999,27.7664
5230,2.69543,0.187401,27.2216
5231,2.45788,0.212242,26.6876
5232,2.24578,0.246867,26.1645
5233,2.05755,0.289097,25.6521
5234,1.89155,0.337187,25.1502
5235,1.74614,0.389762,24.6588
5236,1.61975,0.445777,24.1774
5237,1.51085,0.504466,23.706
5238,1.41801,0.565299,23.2444
5239,1.33988,0.627952,22.7922
5240,1.27523,0.692269,22.3494
5241,1.22293,0.758239,21.9159
5242,1.18197,0.825968,21.4913
5243,1.15145,0.895665,21.0757
5244,1.13057,0.967625,20.6689
5245,1.11865,1.04221,20.2708
5246,1.11511,1.11986,19.8813
5247,1.11946,1.20105,19.5005
5248,1.13131,1.28632,19.1282
5249,1.15037,1.37626,18.7645
5250,1.17643,1.4715,18.4093
5251,1.20936,1.57272,18.0627
5252,1.2491,1.68065,17.7249
5253,1.29569,1.79607,17.3958
5254,1.34922,1.91981,17.0756
5255,1.40988,2.05277,16.7646
5256,1.4779,2.1959,16.463
5257,1.55359,2.35021,16.1711
5258,1.63736,2.51682,15.8893
5259,1.72965,2.69687,15.6182
5260,1.83099,2.89163,15.3581
5261,1.94199,3.10244,15.11
5262,2.06332,3.33072,14.8745
5263,2.19573,3.57799,14.6528
5264,2.34006,3.84585,14.446
5265,2.49721,4.13599,14.2555
5266,2.66816,4.45019,14.0829
5267,2.85398,4.79027,13.9303
5268,3.05581,5.15811,13.8
5269,3.27485,5.55559,13.6945
5270,3.51239,5.98457,13.6172
5271,3.76974,6.44682,13.5716
5272,4.04826,6.94396,13.5619
5273,4.34933,7.47732,13.593
5274,4.6743,8.04786,13.6706
5275,5.02446,8.65599,13.8008
5276,5.40097,9.30134,13.9909
5277,5.80482,9.98257,14.2487
5278,6.2367,10.697,14.5829
5279,6.69691,11.4405,15.0029
5280,7.18523,12.2066,15.5184
5281,7.70074,12.9866,16.1396
5282,8.24165,13.7692,16.8761
5283,8.80508,14.5394,17.7369
5284,9.38688,15.2791,18.7291
5285,9.98136,15.9664,19.8571
5286,10.5811,16.5764,21.1215
5287,11.177,17.0809,22.5176
5288,11.7579,17.4502,24.0341
5289,12.3109,17.6547,25.6521
5290,12.8216,17.6666,27.3444
5291,13.2746,17.4629,29.0755
5292,13.654,17.0282,30.8023
5293,13.9445,16.3573,32.4767
5294,14.1323,15.457,34.0483
5295,14.2063,14.3475,35.4681
5296,14.1587,13.061,36.693
5297,13.9864,11.6403,37.6896
5298,13.6908,10.135,38.4367
5299,13.2781,8.5972,38.9271
5300,12.7588,7.07726,39.1669
5301,12.1469,5.61973,39.174
5302,11.4592,4.26067,38.9753
5303,10.7134,3.02613,38.6028
5304,9.92774,1.93195,38.0911
5305,9.11985,0.984603,37.4736
5306,8.30576,0.182726,36.7813
5307,7.49959,-0.481009,36.0408
5308,6.7132,-1.01803,35.2741
5309,5.95613,-1.44216,34.4982
5310,5.23559,-1.76827,33.7259
5311,4.55673,-2.01124,32.9664
5312,3.9228,-2.1852,32.2255
5313,3.33544,-2.30316,31.5068
5314,2.79499,-2.37669,30.8119
5315,2.30071,-2.41594,30.1414
5316,1.85103,-2.42957,29.4949
5317,1.44378,-2.42492,28.8713
5318,1.07636,-2.40808,28.2696
5319,0.745898,-2.38407,27.6882
5320,0.449344,-2.35696,27.126
5321,0.183603,-2.33005,26.5816
5322,-0.0544037,-2.30592,26.0538
5323,-0.267686,-2.28665,25.5416
5324,-0.459138,-2.27382,25.0441
5325,-0.631514,-2.26867,24.5605
5326,-0.787407,-2.27216,24.0902
5327,-0.929245,-2.28502,23.6325
5328,-1.05928,-2.3078,23.1872
5329,-1.17962,-2.34096,22.7538
5330,-1.29217,-2.38486,22.3322
5331,-1.39872,-2.43984,21.9221
5332,-1.50092,-2.50619,21.5236
5333,-1.60026,-2.58423,21.1364
5334,-1.69816,-2.67429,20.7608
5335,-1.79591,-2.77674,20.3969
5336,-1.89472,-2.892,20.0448
5337,-1.99573,-3.02053,19.7048
5338,-2.10003,-3.16288,19.3773
5339,-2.20864,-3.31964,19.0627
5340,-2.32255,-3.49151,18.7616
5341,-2.44275,-3.67921,18.4747
5342,-2.57016,-3.88356,18.2027
5343,-2.70574,-4.10545,17.9465
5344,-2.85042,-4.34582,17.7074
5345,-3.00513,-4.60564,17.4864
5346,-3.17083,-4.88594,17.2852
5347,-3.34847,-5.18776,17.1055
5348,-3.53901,-5.51212,16.9492
5349,-3.74342,-5.86002,16.8185
5350,-3.96265,-6.23235,16.7161
5351,-4.19767,-6.62989,16.6448
5352,-4.4494,-7.05321,16.608
5353,-4.71872,-7.50262,16.6094
5354,-5.00643,-7.97804,16.6532
5355,-5.31325,-8.47892,16.7437
5356,-5.63972,-9.0041,16.8861
5357,-5.9862,-9.55163,17.0857
5358,-6.35279,-10.1186,17.3482
5359,-6.73923,-10.7011,17.6794
5360,-7.14486,-11.2936,18.0853
5361,-7.56849,-11.8894,18.5717
5362,-8.00833,-12.4798,19.1438
5363,-8.46182,-13.0545,19.8061
5364,-8.92558,-13.601,20.5616
5365,-9.3953,-14.1053,21.4116
5366,-9.86562,-14.5514,22.3547
5367,-10.3301,-14.9223,23.3865
5368,-10.7814,-15.2002,24.4988
5369,-11.2109,-15.3675,25.6793
5370,-11.6095,-15.4081,26.911
5371,-11.9673,-15.3082,28.1726
5372,-12.2744,-15.0581,29.439
5373,-12.5209,-14.6532,30.6818
5374,-12.698,-14.0951,31.8711
5375,-12.7981,-13.3922,32.9768
5376,-12.8153,-12.5596,33.9711
5377,-12.7462,-11.6186,34.8299
5378,-12.5899,-10.5955,35.5346
5379,-12.3484,-9.5196,36.0737
5380,-12.0261,-8.4213,36.4424
5381,-11.6301,-7.33004,36.6434
5382,-11.1694,-6.27247,36.6855
5383,-10.6544,-5.27103,36.5825
5384,-10.0966,-4.34314,36.3516
5385,-9.50764,-3.50086,36.012
5386,-8.899,-2.75111,35.5833
5387,-8.28153,-2.09624,35.0844
5388,-7.66503,-1.53475,34.5326
5389,-7.05812,-1.06222,33.9431
5390,-6.46804,-0.67214,33.3287
5391,-5.90067,-0.356708,32.7
5392,-5.36054,-0.107481,32.0652
5393,-4.85096,0.0841105,31.4307
5394,-4.37408,0.22638,30.8011
5395,-3.93112,0.327124,30.1797
5396,-3.52244,0.393465,29.5688
5397,-3.14774,0.431764,28.9696
5398,-2.80618,0.447601,28.383
5399,-2.49651,0.445787,27.8092
5400,-2.21716,0.430407,27.2483
5401,-1.96638,0.404883,26.7001
5402,-1.74226,0.372037,26.1643
5403,-1.54286,0.33416,25.6405
5404,-1.36621,0.293085,25.1282
5405,-1.21037,0.250249,24.6272
5406,-1.07347,0.20675,24.1369
5407,-0.953746,0.163407,23.6571
5408,-0.849504,0.120802,23.1874
5409,-0.759184,0.0793273,22.7275
5410,-0.681341,0.0392156,22.277
5411,-0.614652,0.0005756,21.8358
5412,-0.557915,-0.0365838,21.4035
5413,-0.510044,-0.0723321,20.98
5414,-0.470067,-0.106799,20.565
5415,-0.437119,-0.14016,20.1583
5416,-0.410437,-0.172625,19.7598
5417,-0.389349,-0.204431,19.3693
5418,-0.373273,-0.235831,18.9866
5419,-0.361706,-0.267094,18.6115
5420,-0.35422,-0.298501,18.244
5421,-0.350453,-0.330337,17.8839
5422,-0.350107,-0.362898,17.5309
5423,-0.352939,-0.396486,17.1851
5424,-0.358761,-0.431413,16.8463
5425,-0.36743,-0.467997,16.5143
5426,-0.378849,-0.506569,16.1891
5427,-0.392962,-0.547473,15.8706
5428,-0.409752,-0.591071,15.5586
5429,-0.429239,-0.63774,15.253
5430,-0.451477,-0.687884,14.9539
5431,-0.476555,-0.74193,14.6611
5432,-0.504598,-0.800338,14.3745
5433,-0.535761,-0.863602,14.0942
5434,-0.570236,-0.932256,13.82
5435,-0.608246,-1.00688,13.552
5436,-0.650055,-1.0881,13.2902
5437,-0.695961,-1.1766,13.0345
5438,-0.746302,-1.27313,12.7852
5439,-0.801461,-1.37852,12.5422
5440,-0.861864,-1.49365,12.3056
5441,-0.927985,-1.61952,12.0758
5442,-1.00035,-1.75719,11.8528
5443,-1.07956,-1.90784,11.6369
5444,-1.16624,-2.07278,11.4286
5445,-1.26111,-2.2534,11.2283
5446,-1.36497,-2.45127,11.0365
5447,-1.47868,-2.66806,10.854
5448,-1.60318,-2.90561,10.6816
5449,-1.73953,-3.16593,10.5203
5450,-1.88886,-3.45117,10.3714
5451,-2.05242,-3.76367,10.2364
5452,-2.23158,-4.10593,10.1171
5453,-2.4278,-4.48061,10.0157
5454,-2.64269,-4.89052,9.93497
5455,-2.87796,-5.3386,9.87797
5456,-3.13545,-5.82785,9.84851
5457,-3.41711,-6.36131,9.85112
5458,-3.72499,-6.94192,9.89115
5459,-4.06122,-7.57245,9.97493
5460,-4.42796,-8.25526,10.1099
5461,-4.82739,-8.99214,10.3047
5462,-5.26159,-9.78396,10.5695
5463,-5.73246,-10.6303,10.9156
5464,-6.24162,-11.529,11.3562
5465,-6.79021,-12.4754,11.9056
5466,-7.37868,-13.462,12.5796
5467,-8.00653,-14.4773,13.3947
5468,-8.672,-15.505,14.3676
5469,-9.37168,-16.5233,15.5142
5470,-10.1001,-17.5043,16.848
5471,-10.8494,-18.4133,18.3783
5472,-11.6088,-19.2091,20.1078
5473,-12.3643,-19.8452,22.0298
5474,-13.0987,-20.2717,24.1255
5475,-13.7916,-20.4386,26.3618
5476,-14.4201,-20.3011,28.6898
5477,-14.9595,-19.8245,31.0454
5478,-15.3849,-18.9907,33.3521
5479,-15.6733,-17.8029,35.5263
5480,-15.8052,-16.2888,37.4848
5481,-15.7666,-14.5,39.1535
5482,-15.551,-12.5085,40.4756
5483,-15.16,-10.3994,41.4181
5484,-14.6034,-8.26158,41.9741
5485,-13.8985,-6.17894,42.1621
5486,-13.068,-4.22224,42.021
5487,-12.1386,-2.44436,41.604
5488,-11.1386,-0.878524,40.9705
5489,-10.0956,0.46064,40.1801
5490,-9.03543,1.57413,39.2872
5491,-7.98063,2.47461,38.3381
5492,-6.95001,3.18238,37.3694
5493,-5.95846,3.7218,36.4086
5494,-5.01704,4.11852,35.4746
5495,-4.13334,4.39749,34.5793
5496,-3.31194,4.58174,33.7293
5497,-2.55493,4.69171,32.9269
5498,-1.86235,4.74508,32.172
5499,-1.23273,4.75673,31.4624
5500,-0.663421,4.73903,30.7951
5501,-0.150981,4.70206,30.1665
5502,0.308579,4.65395,29.573
5503,0.719558,4.60118,29.0112
5504,1.08639,4.54887,28.4778
5505,1.41352,4.50098,27.97
5506,1.70531,4.46058,27.4855
5507,1.96594,4.42999,27.0221
5508,2.19941,4.41092,26.5783
5509,2.40945,4.40466,26.1527
5510,2.59957,4.4121,25.7442
5511,2.77299,4.43387,25.3521
5512,2.93269,4.47039,24.9758
5513,3.0814,4.52191,24.6152
5514,3.22159,4.58859,24.2699
5515,3.35551,4.67049,23.94
5516,3.48523,4.76764,23.6258
5517,3.61258,4.88003,23.3275
5518,3.73925,5.00763,23.0455
5519,3.86674,5.15039,22.7803
5520,3.99641,5.30826,22.5328
5521,4.12949,5.48118,22.3036
5522,4.26709,5.66907,22.0937
5523,4.4102,5.87182,21.904
5524,4.55969,6.08927,21.7358
5525,4.71636,6.3212,21.5903
5526,4.88087,6.56733,21.469
5527,5.05383,6.82724,21.3732
5528,5.2357,7.10039,21.3047
5529,5.42687,7.38606,21.2651
5530,5.62761,7.68331,21.2563
5531,5.83804,7.99096,21.2803
5532,6.05817,8.30755,21.3388
5533,6.28783,8.63124,21.4339
5534,6.5267,8.95985,21.5675
5535,6.77425,9.29075,21.7414
5536,7.02972,9.62088,21.9571
5537,7.29211,9.94666,22.2161
5538,7.56016,10.264,22.5194
5539,7.83231,10.5685,22.8674
5540,8.10671,10.8549,23.26
5541,8.38118,11.118,23.6965
5542,8.65319,11.352,24.1751
5543,8.91994,11.5509,24.6931
5544,9.17831,11.709,25.2466
5545,9.42491,11.8204,25.8307
5546,9.65617,11.8798,26.4392
5547,9.86839,11.8828,27.0648
5548,10.0578,11.8257,27.6989
5549,10.2208,11.7063,28.3324
5550,10.3538,11.5237,28.9552
5551,10.4538,11.2786,29.557
5552,10.518,10.9737,30.1276
5553,10.5443,10.6133,30.6572
5554,10.5314,10.2033,31.1367
5555,10.4786,9.75124,31.5584
5556,10.3861,9.26557,31.9161
5557,10.255,8.75566,32.2053
5558,10.087,8.23121,32.4231
5559,9.88481,7.70188,32.5689
5560,9.65161,7.17687,32.6436
5561,9.3912,6.66463,32.6496
5562,9.10774,6.17254,32.5909
5563,8.80566,5.70677,32.4721
5564,8.48948,5.27221,32.2989
5565,8.16369,4.87238,32.0773
5566,7.83263,4.5096,31.8134
5567,7.5004,4.18502,31.5132
5568,7.17075,3.89879,31.1826
5569,6.84706,3.65028,30.8268
5570,6.53231,3.43816,30.4509
5571,6.22901,3.26065,30.0593
5572,5.93927,3.11565,29.656
5573,5.66478,3.00084,29.2443
5574,5.40685,2.91387,28.8271
5575,5.16645,2.85235,28.407
5576,4.9442,2.81402,27.9862
5577,4.74049,2.79675,27.5664
5578,4.55547,2.79858,27.1492
5579,4.38907,2.81775,26.7358
5580,4.24111,2.85271,26.3274
5581,4.11127,2.90216,25.925
5582,3.99914,2.96495,25.5293
5583,3.90427,3.0402,25.1412
5584,3.82616,3.12717,24.7613
5585,3.76431,3.22534,24.3903
5586,3.7182,3.33433,24.0287
5587,3.68738,3.45392,23.6773
5588,3.67137,3.58403,23.3366
5589,3.66978,3.7247,23.0072
5590,3.68224,3.87605,22.6899
5591,3.70845,4.03833,22.3853
5592,3.74814,4.21184,22.0942
5593,3.80113,4.39694,21.8176
5594,3.86727,4.59405,21.5561
5595,3.94647,4.80361,21.311
5596,4.03869,5.02609,21.0832
5597,4.14396,5.26193,20.8741
5598,4.26231,5.51158,20.6848
5599,4.39384,5.77541,20.517
5600,4.53867,6.05374,20.3722
5601,4.6969,6.34678,20.2523
5602,4.86868,6.65461,20.159
5603,5.05412,6.97713,20.0946
5604,5.25331,7.31402,20.0613
5605,5.46627,7.66469,20.0614
5606,5.69296,8.02825,20.0976
5607,5.93326,8.40338,20.1725
5608,6.18687,8.78836,20.2888
5609,6.45338,9.18093,20.4493
5610,6.73213,9.57824,20.6567
5611,7.02226,9.97681,20.9135
5612,7.3226,10.3724,21.2221
5613,7.63168,10.7602,21.5843
5614,7.94764,11.1345,22.0014
5615,8.26823,11.4888,22.4741
5616,8.59078,11.816,23.002
5617,8.91216,12.1086,23.5835
5618,9.22879,12.3583,24.2157
5619,9.53666,12.5572,24.8941
5620,9.83136,12.697,25.6126
5621,10.1082,12.7703,26.3632
5622,10.3621,12.7705,27.1363
5623,10.5881,12.6924,27.9203
5624,10.7813,12.5327,28.7028
5625,10.9369,12.2902,29.4699
5626,11.0507,11.9662,30.2076
5627,11.119,11.5647,30.9017
5628,11.1391,11.0923,31.539
5629,11.1092,10.5578,32.1076
5630,11.0288,9.97245,32.5976
5631,10.8983,9.34866,33.0013
5632,10.7196,8.69992,33.3141
5633,10.4955,8.03989,33.5337
5634,10.2299,7.3818,33.661
5635,9.9276,6.73786,33.699
5636,9.59387,6.11878,33.6529
5637,9.23456,5.53347,33.5294
5638,8.85567,4.98885,33.3365
5639,8.46318,4.48985,33.0824
5640,8.06289,4.03949,32.776
5641,7.66024,3.63907,32.4255
5642,7.26022,3.28842,32.039
5643,6.86726,2.98619,31.6238
5644,6.48519,2.73011,31.1863
5645,6.11722,2.51726,30.7322
5646,5.76597,2.34434,30.2664
5647,5.43348,2.20782,29.7931
5648,5.12126,2.10415,29.3157
5649,4.83033,2.02985,28.8369
5650,4.5613,1.98165,28.359
5651,4.31443,1.95651,27.8838
5652,4.08966,1.95168,27.4129
5653,3.8867,1.96474,26.9473
5654,3.70508,1.99356,26.488
5655,3.54417,2.03636,26.0357
5656,3.40326,2.09162,25.5911
5657,3.28158,2.15813,25.1546
5658,3.1783,2.23493,24.7267
5659,3.09263,2.3213,24.3077
5660,3.02378,2.41675,23.8981
5661,2.97098,2.52096,23.4981
5662,2.93355,2.63381,23.108
5663,2.91084,2.75533,22.7284
5664,2.90227,2.88568,22.3595
5665,2.90737,3.02514,22.0017
5666,2.9257,3.17411,21.6554
5667,2.95695,3.33308,21.3213
5668,3.00086,3.50262,20.9999
5669,3.05726,3.68338,20.6918
5670,3.12607,3.87606,20.3977
5671,3.20727,4.08142,20.1185
5672,3.30093,4.30027,19.8551
5673,3.40719,4.53341,19.6086
5674,3.52625,4.7817,19.3801
5675,3.65838,5.04597,19.1711
5676,3.80389,5.32704,18.983
5677,3.96314,5.62567,18.8176
5678,4.13653,5.94256,18.6769
5679,4.32449,6.2783,18.563
5680,4.52744,6.63332,18.4782
5681,4.7458,7.00785,18.4254
5682,4.97997,7.40188,18.4074
5683,5.23028,7.81505,18.4275
5684,5.49699,8.24659,18.489
5685,5.78022,8.69524,18.5958
5686,6.07995,9.15912,18.7517
5687,6.39594,9.63564,18.9608
5688,6.72767,10.1214,19.2272
5689,7.07434,10.612,19.5549
5690,7.43473,11.102,19.9477
5691,7.80716,11.5849,20.4088
5692,8.18945,12.0528,20.941
5693,8.57881,12.4968,21.5456
5694,8.9718,12.9068,22.2231
5695,9.36431,13.2714,22.9718
5696,9.7515,13.579,23.7882
5697,10.1279,13.8172,24.6661
5698,10.4872,13.974,25.5969
5699,10.8229,14.0382,26.5689
5700,11.1279,14.0001,27.5676
5701,11.395,13.8525,28.5759
5702,11.6171,13.591,29.5748
5703,11.7877,13.2153,30.5437
5704,11.9008,12.729,31.4617
5705,11.9519,12.1402,32.3084
5706,11.9377,11.461,33.0656
5707,11.8564,10.7073,33.7176
5708,11.7082,9.89763,34.2526
5709,11.4952,9.05213,34.6634
5710,11.2211,8.19149,34.947
5711,10.8913,7.33564,35.1051
5712,10.5124,6.50277,35.1432
5713,10.0921,5.70846,35.0699
5714,9.6385,4.96522,34.8966
5715,9.16023,4.28221,34.6356
5716,8.66565,3.66535,34.3001
5717,8.16276,3.11752,33.9031
5718,7.65895,2.639,33.4568
5719,7.16083,2.22795,32.9725
5720,6.67413,1.88092,32.46
5721,6.20363,1.59333,31.9278
5722,5.7532,1.35989,31.3827
5723,5.32582,1.17501,30.8306
5724,4.92363,1.03302,30.276
5725,4.54805,0.928442,29.7223
5726,4.19987,0.856129,29.1723
5727,3.8793,0.811349,28.6279
5728,3.58614,0.789852,28.0905
5729,3.3198,0.787893,27.5612
5730,3.07943,0.802228,27.0406
5731,2.86398,0.830093,26.5291
5732,2.67224,0.869179,26.027
5733,2.50293,0.917587,25.5345
5734,2.35473,0.973797,25.0516
5735,2.22631,1.03662,24.5783
5736,2.11637,1.10517,24.1146
5737,2.02366,1.1788,23.6605
5738,1.94701,1.25712,23.2159
5739,1.88533,1.33991,22.7808
5740,1.83761,1.42713,22.3552
5741,1.80295,1.51889,21.939
5742,1.78055,1.61541,21.5324
5743,1.76971,1.71703,21.1353
5744,1.76983,1.8242,20.7478
5745,1.78044,1.93744,20.37
5746,1.80112,2.05736,20.002
5747,1.8316,2.18464,19.6441
5748,1.87168,2.32002,19.2964
5749,1.92125,2.46433,18.9592
5750,1.9803,2.61843,18.6328
5751,2.04892,2.78328,18.3177
5752,2.12724,2.95987,18.0143
5753,2.21554,3.14929,17.7233
5754,2.31412,3.35264,17.4452
5755,2.42339,3.57114,17.1809
5756,2.54384,3.80602,16.9314
5757,2.67603,4.0586,16.6977
5758,2.82058,4.33021,16.4812
5759,2.9782,4.62226,16.2833
5760,3.14966,4.93613,16.1058
5761,3.33578,5.27325,15.9507
5762,3.53745,5.63499,15.8204
5763,3.7556,6.02267,15.7175
5764,3.99119,6.43748,15.6452
5765,4.24519,6.88043,15.6068
5766,4.51856,7.35229,15.6065
5767,4.81223,7.85347,15.6486
5768,5.12707,8.38386,15.7381
5769,5.46381,8.94278,15.8807
5770,5.82302,9.5287,16.0822
5771,6.20501,10.1391,16.3493
5772,6.60977,10.7703,16.6889
5773,7.03689,11.417,17.108
5774,7.48537,12.0722,17.6137
5775,7.95359,12.7271,18.2129
5776,8.43911,13.3704,18.9116
5777,8.93856,13.9888,19.7144
5778,9.44748,14.5662,20.6243
5779,9.96022,15.0847,21.6412
5780,10.4699,15.5243,22.7618
5781,10.9682,15.864,23.9781
5782,11.4457,16.0823,25.2774
5783,11.8918,16.1591,26.6414
5784,12.2952,16.077,28.0461
5785,12.6442,15.8228,29.4625
5786,12.9272,15.3896,30.8573
5787,13.1333,14.7778,32.195
5788,13.2533,13.9966,33.4394
5789,13.28,13.0634,34.5567
5790,13.209,12.0035,35.518
5791,13.039,10.8485,36.301
5792,12.7721,9.634,36.892
5793,12.4137,8.39666,37.2862
5794,11.9719,7.17184,37.488
5795,11.4576,5.99115,37.509
5796,10.883,4.88068,37.3672
5797,10.2617,3.86008,37.0844
5798,9.60724,2.94228,36.6841
5799,8.933,2.13385,36.1901
5800,8.25135,1.43591,35.6248
5801,7.57337,0.845103,35.0083
5802,6.90861,0.354845,34.3577
5803,6.26497,-0.0436391,33.6872
5804,5.6487,-0.36034,33.008
5805,5.06447,-0.605703,32.3286
5806,4.51552,-0.790045,31.6553
5807,4.00382,-0.923156,30.9922
5808,3.53026,-1.01404,30.3424
5809,3.09482,-1.07079,29.7074
5810,2.69679,-1.10052,29.088
5811,2.33486,-1.10936,28.4845
5812,2.00732,-1.10255,27.8967
5813,1.71218,-1.08449,27.3242
5814,1.44723,-1.05881,26.7664
5815,1.21019,-1.0285,26.2227
5816,0.998717,-0.995939,25.6924
5817,0.810496,-0.963048,25.1749
5818,0.64327,-0.93132,24.6696
5819,0.494873,-0.901908,24.1759
5820,0.363249,-0.875683,23.6934
5821,0.246465,-0.85329,23.2217
5822,0.142721,-0.835193,22.7602
5823,0.0503495,-0.821719,22.3088
5824,-0.0321819,-0.813088,21.867
5825,-0.106278,-0.809443,21.4345
5826,-0.173222,-0.810879,21.0112
5827,-0.23418,-0.817455,20.5968
5828,-0.290214,-0.829218,20.1911
5829,-0.342287,-0.846212,19.7939
5830,-0.391277,-0.868491,19.4051
5831,-0.437984,-0.89613,19.0245
5832,-0.48314,-0.92923,18.6519
5833,-0.527417,-0.967926,18.2873
5834,-0.571442,-1.01239,17.9306
5835,-0.615795,-1.06284,17.5817
5836,-0.661029,-1.11954,17.2404
5837,-0.707669,-1.18281,16.9068
5838,-0.756225,-1.25302,16.5809
5839,-0.807195,-1.33061,16.2626
5840,-0.861074,-1.41608,15.9519
5841,-0.918363,-1.50998,15.6489
5842,-0.979569,-1.61296,15.3537
5843,-1.04522,-1.72573,15.0664
5844,-1.11586,-1.84909,14.7872
5845,-1.19206,-1.98393,14.5163
5846,-1.27444,-2.13123,14.2539
5847,-1.36364,-2.29206,14.0006
5848,-1.46036,-2.4676,13.7566
5849,-1.56535,-2.65917,13.5226
5850,-1.67941,-2.86816,13.2992
5851,-1.8034,-3.09611,13.0872
5852,-1.93827,-3.34468,12.8877
5853,-2.08503,-3.61567,12.7018
5854,-2.24478,-3.91097,12.5309
5855,-2.41868,-4.23264,12.3768
5856,-2.608,-4.5828,12.2413
5857,-2.8141,-4.96371,12.127
5858,-3.03842,-5.37767,12.0367
5859,-3.28247,-5.827,11.9736
5860,-3.54787,-6.31401,11.9417
5861,-3.83627,-6.84088,11.9456
5862,-4.14936,-7.40958,11.9906
5863,-4.48888,-8.02172,12.0831
5864,-4.85648,-8.67837,12.23
5865,-5.25376,-9.37983,12.4397
5866,-5.68213,-10.1253,12.7213
5867,-6.14272,-10.9126,13.0851
5868,-6.63627,-11.7377,13.5425
5869,-7.16295,-12.5942,14.1055
5870,-7.72217,-13.4727,14.7867
5871,-8.31234,-14.3605,15.5989
5872,-8.93062,-15.2408,16.5539
5873,-9.57263,-16.0922,17.6619
5874,-10.2321,-16.8887,18.93
5875,-10.9008,-17.5996,20.3607
5876,-11.5679,-18.1901,21.95
5877,-12.2204,-18.6227,23.6855
5878,-12.8429,-18.8596,25.5449
5879,-13.4176,-18.865,27.4949
5880,-13.9258,-18.6094,29.491
5881,-14.3479,-18.0731,31.4787
5882,-14.6648,-17.2504,33.3967
5883,-14.8598,-16.1518,35.181
5884,-14.9194,-14.8054,36.7704
5885,-14.835,-13.256,38.1125
5886,-14.6037,-11.5608,39.1689
5887,-14.2286,-9.78503,39.9185
5888,-13.719,-7.99527,40.359
5889,-13.0894,-6.25343,40.5055
5890,-12.3585,-4.61189,40.3875
5891,-11.5475,-3.11028,40.0441
5892,-10.6786,-1.77441,39.5191
5893,-9.7738,-0.616786,38.8567
5894,-8.85368,0.361422,38.0983
5895,-7.93642,1.16788,37.2797
5896,-7.03747,1.81637,36.4305
5897,-6.16931,2.32433,35.5734
5898,-5.34145,2.71079,34.7254
5899,-4.5607,2.99485,33.8979
5900,-3.83143,3.19468,33.0981
5901,-3.15593,3.32684,32.33
5902,-2.53482,3.40601,31.5951
5903,-1.96732,3.44488,30.8933
5904,-1.45163,3.45423,30.2233
5905,-0.985188,3.44307,29.5834
5906,-0.56488,3.4188,28.9714
5907,-0.187263,3.38747,28.3852
5908,0.151296,3.35394,27.8226
5909,0.4545,3.32207,27.2818
5910,0.726024,3.29492,26.761
5911,0.969451,3.27486,26.2588
5912,1.18822,3.26372,25.7738
5913,1.38561,3.26289,25.3051
5914,1.56467,3.27345,24.8518
5915,1.72828,3.29617,24.4132
5916,1.8791,3.33167,23.989
5917,2.01958,3.38041,23.5788
5918,2.15199,3.44276,23.1824
5919,2.2784,3.519,22.7997
5920,2.40072,3.60943,22.4308
5921,2.5207,3.71431,22.0758
5922,2.63995,3.8339,21.7351
5923,2.75996,3.96851,21.409
5924,2.8821,4.11846,21.098
5925,3.00764,4.28411,20.8027
5926,3.13778,4.46585,20.5239
5927,3.27362,4.66411,20.2623
5928,3.41622,4.87933,20.0191
5929,3.56656,5.11197,19.7953
5930,3.7256,5.36249,19.5924
5931,3.89423,5.63133,19.4118
5932,4.0733,5.91888,19.2551
5933,4.26361,6.22545,19.1244
5934,4.46591,6.55125,19.0218
5935,4.68089,6.89633,18.9495
5936,4.90919,7.26052,18.9103
5937,5.15132,7.64338,18.907
5938,5.40772,8.04415,18.9426
5939,5.67868,8.46163,19.0204
5940,5.96432,8.8941,19.1439
5941,6.26457,9.33927,19.3168
5942,6.57911,9.79411,19.5426
5943,6.90731,10.2548,19.825
5944,7.24822,10.7166,20.1674
5945,7.60046,11.1739,20.5728
5946,7.96221,11.6197,21.0437
5947,8.33109,12.0464,21.5818
5948,8.7042,12.4451,22.1876
5949,9.07799,12.806,22.8602
5950,9.4483,13.1186,23.597
5951,9.81034,13.3719,24.3934
5952,10.1587,13.5552,25.2422
5953,10.4876,13.6578,26.1342
5954,10.7906,13.6705,27.0572
5955,11.0614,13.5857,27.997
5956,11.2934,13.3982,28.9371
5957,11.4804,13.1059,29.8595
5958,11.6167,12.7102,30.7456
5959,11.6976,12.2162,31.5766
5960,11.7194,11.6327,32.3349
5961,11.6798,10.9721,33.005
5962,11.5779,10.2496,33.5741
5963,11.4147,9.48238,34.033
5964,11.1925,8.68883,34.3764
5965,10.9155,7.88727,34.6031
5966,10.5888,7.09511,34.7156
5967,10.219,6.32801,34.7195
5968,9.81313,5.59919,34.6233
5969,9.3788,4.91913,34.4371
5970,8.92377,4.2954,34.1724
5971,8.45561,3.73274,33.8408
5972,7.98151,3.23334,33.4538
5973,7.50806,2.79716,33.0222
5974,7.04116,2.42239,32.556
5975,6.58586,2.10588,32.0638
5976,6.14644,1.84352,31.5531
5977,5.72629,1.63061,31.0302
5978,5.32805,1.4622,30.5002
5979,4.95364,1.33329,29.9672
5980,4.6043,1.23906,29.4345
5981,4.28073,1.17495,28.9047
5982,3.98314,1.13679,28.3795
5983,3.71134,1.12081,27.8604
5984,3.46482,1.1237,27.3486
5985,3.24283,1.14259,26.8446
5986,3.04444,1.17504,26.349
5987,2.86858,1.219,25.8623
5988,2.71414,1.2728,25.3845
5989,2.57993,1.33513,24.916
5990,2.46479,1.40494,24.4568
5991,2.36758,1.48148,24.007
5992,2.28721,1.56424,23.5667
5993,2.22266,1.65292,23.1359
5994,2.17297,1.7474,22.7148
5995,2.13727,1.84771,22.3033
5996,2.11481,1.95403,21.9017
5997,2.10491,2.06668,21.5099
5998,2.10699,2.18607,21.1283
5999,2.12058,2.31272,20.757
6000,2.14531,2.44722,20.3962
6001,2.18089,2.59026,20.0463
6002,2.22714,2.74261,19.7075
6003,2.28397,2.90507,19.3803
6004,2.35138,3.07856,19.0651
6005,2.42945,3.26401,18.7627
6006,2.51836,3.46246,18.4735
6007,2.61837,3.67495,18.1984
6008,2.7298,3.90262,17.9383
6009,2.85308,4.14662,17.6943
6010,2.98868,4.40815,17.4676
6011,3.13717,4.68843,17.2596
6012,3.29915,4.98868,17.072
6013,3.47531,5.31012,16.9066
6014,3.66636,5.65392,16.7656
6015,3.87308,6.02118,16.6514
6016,4.09625,6.41288,16.5669
6017,4.33667,6.82981,16.5152
6018,4.59513,7.27253,16.4999
6019,4.87239,7.74125,16.525
6020,5.16912,8.23576,16.5948
6021,5.48588,8.75526,16.7143
6022,5.8231,9.29826,16.8887
6023,6.18093,9.86238,17.1236
6024,6.55929,10.4442,17.4249
6025,6.95768,11.039,17.7988
6026,7.37515,11.6406,18.2511
6027,7.81016,12.2413,18.7875
6028,8.26051,12.8313,19.4132
6029,8.72317,13.3991,20.1319
6030,9.19423,13.9312,20.946
6031,9.66875,14.4122,21.8554
6032,10.1407,14.8253,22.8572
6033,10.6031,15.1527,23.9451
6034,11.0478,15.3762,25.1085
6035,11.4657,15.4785,26.3325
6036,11.847,15.4444,27.5974
6037,12.1817,15.2617,28.8793
6038,12.4597,14.9234,30.1508
6039,12.6714,14.4279,31.3818
6040,12.8084,13.7807,32.5418
6041,12.8639,12.9942,33.6009
6042,12.8333,12.0873,34.5327
6043,12.7145,11.0847,35.3158
6044,12.5081,10.0153,35.935
6045,12.2175,8.90979,36.3825
6046,11.8489,7.79886,36.6578
6047,11.4106,6.71109,36.7675
6048,10.9126,5.67132,36.7235
6049,10.3663,4.69951,36.5423
6050,9.78327,3.81024,36.2427
6051,9.17554,3.01268,35.8448
6052,8.55435,2.31102,35.3682
6053,7.93017,1.70521,34.8313
6054,7.31224,1.19183,34.2505
6055,6.7085,0.764982,33.6399
6056,6.12548,0.41713,33.011
6057,5.56832,0.139845,32.3733
6058,5.04085,-0.0756194,31.7337
6059,4.54572,-0.237883,31.0978
6060,4.0845,-0.355125,30.4692
6061,3.65789,-0.434885,29.8507
6062,3.26582,-0.483951,29.2438
6063,2.90763,-0.508311,28.6496
6064,2.58219,-0.51316,28.0684
6065,2.28802,-0.502935,27.5003
6066,2.02339,-0.481369,26.9453
6067,1.78642,-0.451558,26.4029
6068,1.57513,-0.416033,25.8729
6069,1.38752,-0.376831,25.3547
6070,1.2216,-0.335562,24.8481
6071,1.07545,-0.293473,24.3525
6072,0.947218,-0.251506,23.8675
6073,0.835144,-0.210348,23.3929
6074,0.737593,-0.170476,22.9282
6075,0.653044,-0.132198,22.4732
6076,0.580099,-0.095684,22.0275
6077,0.517483,-0.0609964,21.5909
6078,0.464038,-0.0281125,21.1631
6079,0.418725,0.00305539,20.744
6080,0.380612,0.0326438,20.3333
6081,0.348872,0.0608254,19.9309
6082,0.322775,0.0877987,19.5364
6083,0.301678,0.11378,19.1499
6084,0.285022,0.138998,18.7711
6085,0.272324,0.163688,18.3998
6086,0.263168,0.188092,18.0359
6087,0.257201,0.212452,17.6793
6088,0.254128,0.237015,17.3298
6089,0.253705,0.262027,16.9873
6090,0.255734,0.287738,16.6516
6091,0.260061,0.3144,16.3226
6092,0.26657,0.342273,16.0003
6093,0.275181,0.371619,15.6844
6094,0.285847,0.402713,15.3749
6095,0.298554,0.435839,15.0717
6096,0.313314,0.471295,14.7746
6097,0.330168,0.509395,14.4836
6098,0.349186,0.550475,14.1986
6099,0.370462,0.594894,13.9195
6100,0.394117,0.643037,13.6462
6101,0.4203,0.695319,13.3787
6102,0.449184,0.752194,13.1169
6103,0.480974,0.814152,12.8608
6104,0.515902,0.881729,12.6103
6105,0.554233,0.955513,12.3655
6106,0.596263,1.03615,12.1263
6107,0.642327,1.12433,11.8928
6108,0.692796,1.22085,11.665
6109,0.748084,1.32655,11.4431
6110,0.80865,1.44237,11.2272
6111,0.875005,1.56933,11.0174
6112,0.947713,1.70857,10.8141
6113,1.0274,1.86134,10.6174
6114,1.11474,2.029,10.4278
6115,1.21051,2.21305,10.2457
6116,1.31554,2.41515,10.0717
6117,1.43076,2.63709,9.90662
6118,1.55716,2.88084,9.75124
6119,1.69588,3.14854,9.60668
6120,1.84812,3.44253,9.47425
6121,2.01522,3.76532,9.35554
6122,2.19865,4.11961,9.2525
6123,2.39997,4.5083,9.16745
6124,2.62091,4.93444,9.10322
6125,2.86331,5.40123,9.06321
6126,3.12917,5.91196,9.05148
6127,3.42059,6.46996,9.07291
6128,3.7398,7.07846,9.13329
6129,4.08911,7.7405,9.23951
6130,4.47087,8.4587,9.39967
6131,4.88745,9.23503,9.62329
6132,5.34112,10.0704,9.92141
6133,5.83396,10.9644,10.3067
6134,6.36771,11.9143,10.7935
6135,6.94358,12.9151,11.3979
6136,7.562,13.958,12.1371
6137,8.22235,15.0298,13.0296
6138,8.92253,16.1121,14.0936
6139,9.65858,17.1797,15.3464
6140,10.4242,18.2008,16.8025
6141,11.2104,19.1358,18.4709
6142,12.0046,19.938,20.3528
6143,12.7911,20.5549,22.4382
6144,13.5503,20.9311,24.7029
6145,14.2591,21.0125,27.1059
6146,14.892,20.752,29.5885
6147,15.422,20.1162,32.0756
6148,15.8222,19.0923,34.4794
6149,16.0686,17.6929,36.707
6150,16.1417,15.9584,38.669
6151,16.0291,13.9555,40.2903
6152,15.7272,11.7706,41.5182
6153,15.2412,9.50116,42.3289
6154,14.5853,7.24415,42.7279
6155,13.7812,5.08648,42.7475
6156,12.856,3.09723,42.4398
6157,11.8397,1.32384,41.8686
6158,10.7629,-0.208218,41.1007
6159,9.65482,-1.49285,40.1998
6160,8.54154,-2.53919,39.2213
6161,7.4454,-3.36683,38.2104
6162,6.38436,-4.00144,37.2012
6163,5.3721,-4.47118,36.2179
6164,4.41831,-4.80409,35.276
6165,3.52915,-5.02637,34.3843
6166,2.70784,-5.16149,33.5464
6167,1.95521,-5.22976,32.7625
6168,1.27024,-5.24834,32.0304
6169,0.650501,-5.23146,31.3466
6170,0.0925805,-5.19071,30.707
6171,-0.4076,-5.13543,30.1073
6172,-0.854524,-5.07301,29.5433
6173,-1.25287,-5.0093,29.0111
6174,-1.60738,-4.94881,28.5073
6175,-1.92269,-4.89502,28.0289
6176,-2.20331,-4.85055,27.5736
6177,-2.45353,-4.81735,27.1391
6178,-2.67738,-4.79684,26.7239
6179,-2.87863,-4.79002,26.3267
6180,-3.06077,-4.79756,25.9463
6181,-3.22701,-4.81989,25.5823
6182,-3.38028,-4.85726,25.234
6183,-3.52325,-4.90976,24.9013
6184,-3.65835,-4.97741,24.5839
6185,-3.78776,-5.06013,24.2821
6186,-3.91344,-5.15781,23.9961
6187,-4.03719,-5.2703,23.7261
6188,-4.16057,-5.39743,23.4728
6189,-4.285,-5.539,23.2366
6190,-4.41176,-5.6948,23.0182
6191,-4.54196,-5.86459,22.8186
6192,-4.67659,-6.04808,22.6385
6193,-4.81653,-6.24498,22.4791
6194,-4.96252,-6.45488,22.3413
6195,-5.1152,-6.67733,22.2265
6196,-5.2751,-6.91178,22.1358
6197,-5.44265,-7.15752,22.0707
6198,-5.61816,-7.41374,22.0326
6199,-5.80181,-7.67939,22.023
6200,-5.99367,-7.95325,22.0433
6201,-6.19368,-8.23384,22.0951
6202,-6.40161,-8.5194,22.1799
6203,-6.61708,-8.80786,22.2991
6204,-6.83955,-9.09684,22.454
6205,-7.06826,-9.38359,22.6457
6206,-7.30226,-9.66499,22.8749
6207,-7.54037,-9.93756,23.1423
6208,-7.78119,-10.1975,23.4478
6209,-8.02304,-10.4406,23.7911
6210,-8.26402,-10.6625,24.171
6211,-8.50198,-10.8587,24.5859
6212,-8.73452,-11.0243,25.033
6213,-8.95904,-11.155,25.5091
6214,-9.17275,-11.2462,26.0098
6215,-9.37273,-11.2939,26.53
6216,-9.55598,-11.2948,27.0636
6217,-9.7195,-11.2463,27.6037
6218,-9.86038,-11.1465,28.143
6219,-9.97586,-10.9951,28.6735
6220,-10.0635,-10.7927,29.187
6221,-10.1211,-10.5412,29.6756
6222,-10.147,-10.244,30.1313
6223,-10.1402,-9.90554,30.547
6224,-10.1,-9.5314,30.9163
6225,-10.0266,-9.12809,31.2341
6226,-9.92066,-8.70275,31.4963
6227,-9.78357,-8.26284,31.7004
6228,-9.61726,-7.81594,31.8449
6229,-9.42421,-7.36935,31.9302
6230,-9.20733,-6.92996,31.9574
6231,-8.96987,-6.50395,31.929
6232,-8.71534,-6.09667,31.8482
6233,-8.44736,-5.71256,31.7191
6234,-8.16959,-5.35508,31.5461
6235,-7.88564,-5.02674,31.3339
6236,-7.59893,-4.72915,31.0871
6237,-7.31272,-4.46312,30.8106
6238,-7.02995,-4.22874,30.5089
6239,-6.75331,-4.02554,30.1862
6240,-6.48513,-3.85257,29.8464
6241,-6.22741,-3.70853,29.4932
6242,-5.98186,-3.59189,29.1296
6243,-5.74983,-3.50097,28.7586
6244,-5.5324,-3.43405,28.3827
6245,-5.33038,-3.38938,28.004
6246,-5.14435,-3.36529,27.6244
6247,-4.97466,-3.36021,27.2457
6248,-4.82149,-3.37267,26.8694
6249,-4.68488,-3.40137,26.4966
6250,-4.56474,-3.44515,26.1286
6251,-4.46089,-3.50301,25.7663
6252,-4.37308,-3.57412,25.4107
6253,-4.301,-3.65779,25.0627
6254,-4.24432,-3.75347,24.7231
6255,-4.20271,-3.86077,24.3927
6256,-4.17582,-3.97939,24.0722
6257,-4.16332,-4.10917,23.7624
6258,-4.16489,-4.25005,23.4641
6259,-4.18026,-4.40202,23.1781
6260,-4.20917,-4.56518,22.9053
6261,-4.25139,-4.73966,22.6466
6262,-4.30676,-4.92564,22.4028
6263,-4.37513,-5.12333,22.1751
6264,-4.45637,-5.33294,21.9645
6265,-4.55042,-5.55466,21.7722
6266,-4.65721,-5.78867,21.5996
6267,-4.7767,-6.03508,21.4479
6268,-4.90887,-6.29392,21.3187
6269,-5.0537,-6.56511,21.2136
6270,-5.21114,-6.84845,21.1343
6271,-5.38113,-7.14354,21.0826
6272,-5.56358,-7.4498,21.0605
6273,-5.75831,-7.76639,21.0698
6274,-5.9651,-8.09216,21.1128
6275,-6.18359,-8.42565,21.1914
6276,-6.41333,-8.76499,21.3078
6277,-6.65369,-9.10789,21.464
6278,-6.90387,-9.4516,21.6619
6279,-7.16286,-9.79283,21.9031
6280,-7.42941,-10.1278,22.1891
6281,-7.70199,-10.4522,22.5207
6282,-7.97879,-10.7611,22.8983
6283,-8.25768,-11.0492,23.3217
6284,-8.53622,-11.3108,23.7897
6285,-8.81161,-11.5397,24.3003
6286,-9.08076,-11.7299,24.8501
6287,-9.34027,-11.8752,25.4349
6288,-9.58649,-11.9697,26.049
6289,-9.81561,-12.0082,26.6854
6290,-10.0237,-11.9863,27.336
6291,-10.2068,-11.9007,27.9917
6292,-10.3613,-11.7497,28.6423
6293,-10.4834,-11.5329,29.2772
6294,-10.5702,-11.2521,29.8857
6295,-10.619,-10.9107,30.4571
6296,-10.628,-10.5141,30.9814
6297,-10.596,-10.0693,31.4499
6298,-10.5227,-9.5846,31.8551
6299,-10.4087,-9.06953,32.1913
6300,-10.2555,-8.53411,32.4546
6301,-10.0653,-7.98856,32.6432
6302,-9.84128,-7.44286,32.7573
6303,-9.58697,-6.9063,32.7988
6304,-9.30659,-6.38721,32.771
6305,-9.00464,-5.89268,32.6785
6306,-8.68578,-5.42847,32.527
6307,-8.35474,-4.99891,32.3226
6308,-8.01612,-4.60698,32.0716
6309,-7.67433,-4.25438,31.7804
6310,-7.33343,-3.94167,31.4553
6311,-6.99714,-3.66849,31.1022
6312,-6.66872,-3.43369,30.7263
6313,-6.351,-3.23554,30.3326
6314,-6.04635,-3.07192,29.9254
6315,-5.75669,-2.94045,29.5083
6316,-5.48354,-2.83862,29.0846
6317,-5.22802,-2.7639,28.657
6318,-4.99092,-2.71384,28.228
6319,-4.77272,-2.68612,27.7994
6320,-4.57364,-2.67858,27.3729
6321,-4.39368,-2.6893,26.9499
6322,-4.23268,-2.71654,26.5316
6323,-4.09033,-2.75881,26.1189
6324,-3.96623,-2.81486,25.7128
6325,-3.85989,-2.88363,25.3139
6326,-3.7708,-2.9643,24.9231
6327,-3.69841,-3.05622,24.5408
6328,-3.64218,-3.15892,24.1677
6329,-3.60158,-3.27212,23.8044
6330,-3.57613,-3.39567,23.4514
6331,-3.56535,-3.52955,23.1094
6332,-3.56884,-3.67387,22.7789
6333,-3.58625,-3.82882,22.4607
6334,-3.61727,-3.99471,22.1554
6335,-3.66166,-4.17189,21.8637
6336,-3.71926,-4.3608,21.5866
6337,-3.78994,-4.5619,21.325
6338,-3.87364,-4.77569,21.0798
6339,-3.97036,-5.00269,20.8522
6340,-4.08013,-5.24339,20.6434
6341,-4.20305,-5.49829,20.4548
6342,-4.33923,-5.76782,20.2879
6343,-4.48882,-6.05233,20.1444
6344,-4.65198,-6.35208,20.0261
6345,-4.82889,-6.66719,19.9351
6346,-5.01969,-6.99758,19.8734
6347,-5.2245,-7.34296,19.8434
6348,-5.44339,-7.70275,19.8478
6349,-5.67635,-8.07605,19.889
6350,-5.92327,-8.46153,19.97
6351,-6.1839,-8.85741,20.0936
6352,-6.4578,-9.26136,20.2627
6353,-6.74436,-9.67041,20.4802
6354,-7.04267,-10.0809,20.7488
6355,-7.35156,-10.4886,21.0709
6356,-7.6695,-10.8881,21.4487
6357,-7.99458,-11.2736,21.8835
6358,-8.32445,-11.6382,22.376
6359,-8.65632,-11.9745,22.9258
6360,-8.98692,-12.2744,23.5313
6361,-9.31249,-12.5294,24.1894
6362,-9.62882,-12.7307,24.8954
6363,-9.93126,-12.8699,25.6427
6364,-10.2148,-12.939,26.4228
6365,-10.4743,-12.9312,27.2254
6366,-10.7044,-12.8412,28.0384
6367,-10.9,-12.6654,28.8483
6368,-11.056,-12.403,29.6406
6369,-11.168,-12.0556,30.4002
6370,-11.2324,-11.6278,31.1125
6371,-11.2463,-11.1267,31.7635
6372,-11.2081,-10.5624,32.3409
6373,-11.1172,-9.94672,32.8346
6374,-10.9745,-9.29322,33.2371
6375,-10.7819,-8.61623,33.5438
6376,-10.5426,-7.9302,33.7533
6377,-10.261,-7.24899,33.8667
6378,-9.94203,-6.58523,33.8879
6379,-9.59159,-5.94987,33.8228
6380,-9.21578,-5.35185,33.6791
6381,-8.82092,-4.798,33.4651
6382,-8.41326,-4.29296,33.19
6383,-7.99881,-3.83942,32.8629
6384,-7.58317,-3.43826,32.4925
6385,-7.17142,-3.08889,32.0872
6386,-6.76805,-2.7895,31.6544
6387,-6.37688,-2.53742,31.2007
6388,-6.00111,-2.32937,30.7318
6389,-5.64328,-2.16171,30.2525
6390,-5.30535,-2.03064,29.7669
6391,-4.98872,-1.93237,29.2783
6392,-4.69431,-1.86327,28.7893
6393,-4.42261,-1.8199,28.3023
6394,-4.17376,-1.79914,27.8187
6395,-3.94759,-1.79817,27.3401
6396,-3.74371,-1.81451,26.8674
6397,-3.56153,-1.84602,26.4015
6398,-3.40035,-1.8909,25.943
6399,-3.25937,-1.94764,25.4925
6400,-3.13772,-2.01505,25.0504
6401,-3.03454,-2.09217,24.6171
6402,-2.94896,-2.17832,24.1928
6403,-2.88014,-2.27302,23.7779
6404,-2.82728,-2.376,23.3727
6405,-2.78965,-2.48715,22.9775
6406,-2.76657,-2.60652,22.5925
6407,-2.75745,-2.73431,22.2181
6408,-2.76178,-2.87082,21.8547
6409,-2.77913,-3.01649,21.5026
6410,-2.80915,-3.17182,21.1624
6411,-2.85159,-3.33742,20.8345
6412,-2.90628,-3.51397,20.5196
6413,-2.97312,-3.7022,20.2182
6414,-3.05211,-3.90292,19.9313
6415,-3.14332,-4.11696,19.6595
6416,-3.2469,-4.34521,19.4041
6417,-3.36306,-4.58856,19.166
6418,-3.4921,-4.84793,18.9465
6419,-3.63435,-5.12422,18.7472
6420,-3.79021,-5.41829,18.5697
6421,-3.96012,-5.73097,18.4158
6422,-4.14454,-6.06299,18.2877
6423,-4.34397,-6.41495,18.1877
6424,-4.5589,-6.78729,18.1184
6425,-4.7898,-7.18021,18.0828
6426,-5.03712,-7.59362,18.0841
6427,-5.30121,-8.02706,18.1257
6428,-5.58236,-8.4796,18.2114
6429,-5.88068,-8.94973,18.3453
6430,-6.19611,-9.43527,18.5317
6431,-6.52836,-9.93322,18.7748
6432,-6.87683,-10.4396,19.0791
6433,-7.24053,-10.9495,19.4488
6434,-7.61807,-11.4567,19.888
6435,-8.00752,-11.9536,20.3999
6436,-8.40635,-12.4316,20.987
6437,-8.81139,-12.8805,21.6506
6438,-9.21875,-13.289,22.3904
6439,-9.62376,-13.6447,23.204
6440,-10.021,-13.9348,24.0865
6441,-10.4044,-14.146,25.0303
6442,-10.767,-14.2658,26.0248
6443,-11.1016,-14.2825,27.0562
6444,-11.4006,-14.187,28.1077
6445,-11.6564,-13.9727,29.1598
6446,-11.8615,-13.6369,30.1913
6447,-12.0094,-13.1814,31.1797
6448,-12.0942,-12.6125,32.1029
6449,-12.1118,-11.9412,32.9398
6450,-12.0595,-11.1828,33.6723
6451,-11.9366,-10.3562,34.286
6452,-11.7442,-9.48235,34.7707
6453,-11.4856,-8.58363,35.1215
6454,-11.1657,-7.68192,35.3384
6455,-10.7912,-6.79768,35.4257
6456,-10.3698,-5.9488,35.3918
6457,-9.90998,-5.15,35.2479
6458,-9.42081,-4.41236,35.0072
6459,-8.91127,-3.74338,34.6837
6460,-8.39005,-3.14711,34.2917
6461,-7.86526,-2.6246,33.8445
6462,-7.34421,-2.17441,33.3546
6463,-6.83327,-1.79322,32.8331
6464,-6.33782,-1.47628,32.2893
6465,-5.86225,-1.21803,31.731
6466,-5.40996,-1.01243,31.1647
6467,-4.98344,-0.853326,30.5955
6468,-4.58437,-0.734723,30.0271
6469,-4.21372,-0.650951,29.4626
6470,-3.87184,-0.596789,28.9041
6471,-3.55858,-0.56753,28.353
6472,-3.27339,-0.559017,27.8106
6473,-3.01537,-0.567635,27.2774
6474,-2.78344,-0.590298,26.7538
6475,-2.5763,-0.624415,26.2402
6476,-2.39259,-0.667846,25.7364
6477,-2.23087,-0.718861,25.2426
6478,-2.08971,-0.776096,24.7588
6479,-1.96768,-0.838505,24.2847
6480,-1.86343,-0.905324,23.8203
6481,-1.77564,-0.976031,23.3656
6482,-1.70312,-1.05031,22.9203
6483,-1.64473,-1.12803,22.4845
6484,-1.59946,-1.20921,22.058
6485,-1.56639,-1.294,21.6409
6486,-1.54473,-1.38265,21.2329
6487,-1.53376,-1.47554,20.8343
6488,-1.5329,-1.57311,20.4448
6489,-1.54166,-1.67589,20.0647
6490,-1.55964,-1.78448,19.694
6491,-1.58654,-1.89952,19.3327
6492,-1.62218,-2.02176,18.981
6493,-1.66644,-2.15197,18.6391
6494,-1.71929,-2.291,18.3072
6495,-1.78081,-2.43976,17.9857
6496,-1.85115,-2.59921,17.6748
6497,-1.93052,-2.7704,17.3751
6498,-2.01924,-2.95441,17.087
6499,-2.11769,-3.15243,16.8111
6500,-2.22635,-3.36568,16.5483
6501,-2.34575,-3.59547,16.2994
6502,-2.47651,-3.84317,16.0654
6503,-2.61933,-4.11022,15.8476
6504,-2.77496,-4.3981,15.6473
6505,-2.94424,-4.70834,15.4664
6506,-3.12809,-5.04249,15.3066
6507,-3.32746,-5.40212,15.1704
6508,-3.54337,-5.78875,15.0603
6509,-3.77689,-6.20382,14.9793
6510,-4.02912,-6.64863,14.931
6511,-4.30116,-7.1243,14.9192
6512,-4.59411,-7.6316,14.9486
6513,-4.909,-8.17089,15.0243
6514,-5.24678,-8.74195,15.1519
6515,-5.60827,-9.3438,15.3378
6516,-5.99404,-9.9745,15.5888
6517,-6.4044,-10.6309,15.9125
6518,-6.83923,-11.3083,16.3167
6519,-7.29791,-12.0003,16.8093
6520,-7.77917,-12.6985,17.3985
6521,-8.28093,-13.3917,18.0914
6522,-8.80014,-14.0667,18.8946
6523,-9.33265,-14.7071,19.8126
6524,-9.87299,-15.294,20.8474
6525,-10.4143,-15.8061,21.9974
6526,-10.9483,-16.2202,23.2568
6527,-11.4652,-16.5123,24.6141
6528,-11.9538,-16.6588,26.0517
6529,-12.402,-16.6384,27.5456
6530,-12.7967,-16.4339,29.0657
6531,-13.1251,-16.0345,30.5764
6532,-13.3746,-15.4375,32.0383
6533,-13.5343,-14.6495,33.4108
6534,-13.5952,-13.6871,34.6548
6535,-13.5512,-12.5764,35.7357
6536,-13.4,-11.3514,36.6262
6537,-13.1426,-10.0513,37.3085
6538,-12.784,-8.71752,37.7751
6539,-12.3326,-7.39067,38.029
6540,-11.7998,-6.10736,38.0823
6541,-11.1989,-4.89816,37.9545
6542,-10.5447,-3.78624,37.6699
6543,-9.85223,-2.78697,37.2553
6544,-9.13641,-1.9083,36.7377
6545,-8.41101,-1.15172,36.1426
6546,-7.68841,-0.513558,35.4928
6547,-6.97929,0.0137013,34.8077
6548,-6.29243,0.440064,34.1033
6549,-5.6348,0.776916,33.3918
6550,-5.01153,1.03612,32.6827
6551,-4.4262,1.22935,31.9825
6552,-3.88092,1.36761,31.2957
6553,-3.37662,1.46099,30.6252
6554,-2.91323,1.51849,29.9724
6555,-2.48987,1.54798,29.3379
6556,-2.10508,1.55623,28.7217
6557,-1.75691,1.54898,28.1233
6558,-1.44311,1.53103,27.5421
6559,-1.16124,1.50634,26.9772
6560,-0.908733,1.47812,26.4277
6561,-0.683006,1.44897,25.8929
6562,-0.481493,1.42096,25.372
6563,-0.301699,1.39572,24.8641
6564,-0.141231,1.37449,24.3688
6565,0.00218007,1.35825,23.8853
6566,0.13067,1.34772,23.4133
6567,0.246229,1.34344,22.9522
6568,0.350703,1.34582,22.5017
6569,0.445797,1.35518,22.0614
6570,0.533079,1.37174,21.6312
6571,0.613988,1.39571,21.2107
6572,0.689843,1.42725,20.7999
6573,0.761856,1.46656,20.3984
6574,0.83114,1.51382,20.0062
6575,0.89872,1.56924,19.6233
6576,0.96555,1.63309,19.2495
6577,1.03251,1.70567,18.8848
6578,1.10045,1.78734,18.5293
6579,1.17015,1.87852,18.183
6580,1.24237,1.97969,17.846
6581,1.31786,2.09142,17.5184
6582,1.39733,2.21435,17.2005
6583,1.4815,2.3492,16.8924
6584,1.57111,2.49677,16.5945
6585,1.66688,2.65796,16.3072
6586,1.76958,2.83377,16.031
6587,1.87999,3.02527,15.7665
6588,1.99892,3.23365,15.5144
6589,2.12723,3.46019,15.2755
6590,2.26582,3.70628,15.0509
6591,2.41564,3.97338,14.8419
6592,2.57771,4.26305,14.6497
6593,2.75308,4.57694,14.4763
6594,2.94286,4.91673,14.3234
6595,3.14825,5.28415,14.1935
6596,3.37046,5.68094,14.0894
6597,3.61078,6.10879,14.0141
6598,3.8705,6.56927,13.9713
6599,4.15097,7.06379,13.9652
6600,4.4535,7.59346,14.0008
6601,4.77938,8.15898,14.0835
6602,5.1298,8.76045,14.2196
6603,5.50583,9.39721,14.416
6604,5.90832,10.0676,14.6804
6605,6.33781,10.7685,15.0213
6606,6.79443,11.4955,15.4476
6607,7.27777,12.2418,15.9687
6608,7.78672,12.9984,16.5938
6609,8.31929,13.7537,17.3321
6610,8.87239,14.4929,18.1914
6611,9.44171,15.1978,19.1778
6612,10.0214,15.8472,20.2946
6613,10.6041,16.4167,21.5412
6614,11.1806,16.8794,22.9117
6615,11.74,17.2075,24.394
6616,12.2697,17.373,25.9685
6617,12.7558,17.3507,27.6081
6618,13.1836,17.1202,29.2778
6619,13.5382,16.6686,30.9363
6620,13.8051,15.9926,32.5378
6621,13.9718,15.1006,34.0347
6622,14.028,14.0131,35.3816
6623,13.9672,12.7617,36.5391
6624,13.7868,11.3874,37.4767
6625,13.4887,9.93712,38.1758
6626,13.0793,8.45971,38.6306
6627,12.5689,7.00202,38.8477
6628,11.9709,5.60541,38.8441
6629,11.3013,4.30326,38.6454
6630,10.5771,3.11965,38.2816
6631,9.81553,2.06926,37.7848
6632,9.03319,1.1581,37.1865
6633,8.24531,0.38498,36.5156
6634,7.46525,-0.256867,35.797
6635,6.70427,-0.77802,35.0515
6636,5.97144,-1.19135,34.2954
6637,5.27367,-1.51074,33.5409
6638,4.61589,-1.75013,32.7968
6639,4.00125,-1.92285,32.069
6640,3.43139,-2.04118,31.361
6641,2.90667,-2.11613,30.6749
6642,2.42646,-2.15735,30.0111
6643,1.98932,-2.17313,29.3696
6644,1.59322,-2.17052,28.7495
6645,1.2357,-2.15539,28.15
6646,0.914058,-2.13258,27.5699
6647,0.6254,-2.10605,27.0079
6648,0.366783,-2.079,26.4628
6649,0.135273,-2.05395,25.9338
6650,-0.0720026,-2.03292,25.4196
6651,-0.257811,-2.01746,24.9196
6652,-0.424787,-2.0088,24.433
6653,-0.575416,-2.00786,23.9592
6654,-0.712024,-2.01536,23.4976
6655,-0.836776,-2.03183,23.0479
6656,-0.951677,-2.05773,22.6096
6657,-1.05858,-2.09339,22.1826
6658,-1.15918,-2.13912,21.7666
6659,-1.25507,-2.19521,21.3615
6660,-1.34768,-2.26195,20.9672
6661,-1.43835,-2.33964,20.5838
6662,-1.52833,-2.42862,20.2112
6663,-1.61878,-2.52928,19.8496
6664,-1.71078,-2.64207,19.4992
6665,-1.80537,-2.76748,19.1601
6666,-1.90353,-2.90611,18.8328
6667,-2.0062,-3.05859,18.5176
6668,-2.11431,-3.22567,18.215
6669,-2.22877,-3.40813,17.9256
6670,-2.35048,-3.60688,17.6501
6671,-2.48035,-3.82287,17.3895
6672,-2.61929,-4.05714,17.1446
6673,-2.76823,-4.31078,16.9166
6674,-2.92812,-4.58494,16.7071
6675,-3.09992,-4.88082,16.5174
6676,-3.28463,-5.19963,16.3496
6677,-3.48326,-5.54257,16.2058
6678,-3.69684,-5.9108,16.0884
6679,-3.9264,-6.30539,16.0003
6680,-4.17298,-6.72728,15.9447
6681,-4.43759,-7.17717,15.9253
6682,-4.72121,-7.65547,15.9461
6683,-5.02473,-8.16215,16.0119
6684,-5.34893,-8.69667,16.1277
6685,-5.69445,-9.25774,16.2991
6686,-6.06168,-9.84323,16.5322
6687,-6.45074,-10.4499,16.8333
6688,-6.86135,-11.0731,17.2093
6689,-7.29275,-11.7069,17.6667
6690,-7.74361,-12.3432,18.2122
6691,-8.21185,-12.9722,18.8517
6692,-8.69456,-13.5819,19.5901
6693,-9.18784,-14.1579,20.4306
6694,-9.68671,-14.6838,21.3743
6695,-10.185,-15.1414,22.4191
6696,-10.6753,-15.5111,23.5592
6697,-11.1491,-15.7726,24.7842
6698,-11.5966,-15.9064,26.0789
6699,-12.0074,-15.8946,27.4226
6700,-12.3703,-15.7232,28.7897
6701,-12.6743,-15.3827,30.1504
6702,-12.9086,-14.8707,31.4717
6703,-13.0638,-14.192,32.7194
6704,-13.132,-13.3595,33.8603
6705,-13.1079,-12.3937,34.8645
6706,-12.9888,-11.322,35.7078
6707,-12.7752,-10.1762,36.373
6708,-12.4707,-8.99076,36.8514
6709,-12.0819,-7.79992,37.1426
6710,-11.6177,-6.63558,37.2541
6711,-11.0894,-5.52528,37.1998
6712,-10.5092,-4.49096,36.9984
6713,-9.89012,-3.54834,36.6713
6714,-9.24509,-2.707,36.2409
6715,-8.58647,-1.97091,35.7293
6716,-7.92555,-1.33931,35.1566
6717,-7.2723,-0.807736,34.5408
6718,-6.63519,-0.369116,33.897
6719,-6.02112,-0.0146847,33.2376
6720,-5.43544,0.265176,32.5721
6721,-4.88208,0.480299,31.9079
6722,-4.36364,0.640256,31.2503
6723,-3.88162,0.754036,30.603
6724,-3.43654,0.829847,29.9683
6725,-3.02814,0.875012,29.3476
6726,-2.65552,0.895946,28.7415
6727,-2.31732,0.898173,28.1503
6728,-2.0118,0.886379,27.5738
6729,-1.737,0.864484,27.0116
6730,-1.49078,0.835724,26.4631
6731,-1.27096,0.802733,25.9279
6732,-1.07531,0.767625,25.4054
6733,-0.901652,0.732071,24.895
6734,-0.747873,0.697369,24.3962
6735,-0.611948,0.664504,23.9086
6736,-0.491966,0.634211,23.4316
6737,-0.386138,0.607017,22.965
6738,-0.292804,0.583285,22.5082
6739,-0.210432,0.563252,22.0611
6740,-0.137621,0.547059,21.6233
6741,-0.0730905,0.534774,21.1946
6742,-0.0156802,0.526415,20.7747
6743,0.0356609,0.521971,20.3634
6744,0.0818815,0.521411,19.9604
6745,0.123837,0.524697,19.5657
6746,0.162297,0.531797,19.1791
6747,0.197956,0.542689,18.8002
6748,0.231442,0.557369,18.4291
6749,0.263322,0.575854,18.0656
6750,0.294113,0.59819,17.7095
6751,0.324288,0.624452,17.3607
6752,0.354285,0.654747,17.0191
6753,0.384512,0.689218,16.6846
6754,0.415351,0.728048,16.357
6755,0.447171,0.771457,16.0363
6756,0.480325,0.819711,15.7224
6757,0.515164,0.873119,15.4153
6758,0.552032,0.932041,15.1148
6759,0.591283,0.996885,14.8209
6760,0.633274,1.06812,14.5337
6761,0.678378,1.14627,14.2531
6762,0.726985,1.23191,13.9792
6763,0.779505,1.32572,13.7119
6764,0.836378,1.42841,13.4514
6765,0.898073,1.54079,13.1978
6766,0.965098,1.66377,12.9512
6767,1.038,1.79834,12.7119
6768,1.11737,1.94557,12.4802
6769,1.20386,2.10667,12.2563
6770,1.29818,2.28296,12.0408
6771,1.40109,2.47587,11.8342
6772,1.51343,2.68698,11.6371
6773,1.63612,2.91801,11.4503
6774,1.77015,3.17081,11.2749
6775,1.91663,3.44741,11.112
6776,2.07672,3.74998,10.9631
6777,2.25172,4.08083,10.8299
6778,2.44303,4.44246,10.7144
6779,2.65213,4.83745,10.6193
6780,2.88065,5.26855,10.5473
6781,3.1303,5.73852,10.5022
6782,3.40291,6.25017,10.488
6783,3.7004,6.80624,10.5098
6784,4.02475,7.40927,10.5735
6785,4.37798,8.06146,10.6858
6786,4.76211,8.7645,10.8548
6787,5.17909,9.51925,11.0896
6788,5.6307,10.3254,11.4009
6789,6.11848,11.1811,11.8006
6790,6.64351,12.0824,12.3017
6791,7.20629,13.0225,12.9188
6792,7.80647,13.9915,13.667
6793,8.44258,14.975,14.5618
6794,9.1117,15.9538,15.6178
6795,9.80908,16.9031,16.8482
6796,10.5278,17.7922,18.2623
6797,11.2583,18.5844,19.8641
6798,11.9884,19.2377,21.6494
6799,12.7026,19.7068,23.6039
6800,13.3827,19.9452,25.7005
6801,14.0078,19.9099,27.8982
6802,14.5554,19.5657,30.1418
6803,15.0021,18.8905,32.364
6804,15.3259,17.8806,34.4892
6805,15.5072,16.5535,36.4397
6806,15.5312,14.9489,38.1432
6807,15.389,13.1266,39.5406
6808,15.0795,11.1609,40.5921
6809,14.6087,9.13322,41.2814
6810,13.9899,7.12347,41.6155
6811,13.2426,5.20274,41.6222
6812,12.3903,3.42762,41.3449
6813,11.4589,1.83733,40.8361
6814,10.4747,0.453577,40.1508
6815,9.46274,-0.717544,39.3418
6816,8.4457,-1.6824,38.4556
6817,7.44302,-2.45618,37.5308
6818,6.47054,-3.05949,36.5973
6819,5.5405,-3.51546,35.677
6820,4.66176,-3.84759,34.7846
6821,3.84011,-4.07824,33.9291
6822,3.07877,-4.2278,33.1151
6823,2.37885,-4.31422,32.3442
6824,1.73972,-4.35292,31.6156
6825,1.15951,-4.3569,30.9273
6826,0.635365,-4.33691,30.2765
6827,0.163803,-4.30172,29.6601
6828,-0.259092,-4.25842,29.075
6829,-0.637464,-4.21265,28.5182
6830,-0.975539,-4.16886,27.9871
6831,-1.27751,-4.13054,27.4793
6832,-1.54748,-4.10033,26.9929
6833,-1.78936,-4.08028,26.526
6834,-2.00687,-4.07191,26.0774
6835,-2.20349,-4.07633,25.646
6836,-2.38247,-4.09435,25.231
6837,-2.54682,-4.12654,24.8317
6838,-2.6993,-4.17331,24.4478
6839,-2.84243,-4.23492,24.0791
6840,-2.97853,-4.31156,23.7254
6841,-3.10971,-4.40336,23.3869
6842,-3.23787,-4.51043,23.0639
6843,-3.36477,-4.63283,22.7566
6844,-3.49199,-4.77065,22.4656
6845,-3.62096,-4.92397,22.1914
6846,-3.753,-5.09285,21.9348
6847,-3.88931,-5.27739,21.6966
6848,-4.03096,-5.47765,21.4778
6849,-4.17896,-5.69367,21.2795
6850,-4.33419,-5.92547,21.1029
6851,-4.49747,-6.173,20.9495
6852,-4.66952,-6.43614,20.8207
6853,-4.85099,-6.71465,20.7183
6854,-5.04242,-7.00816,20.6441
6855,-5.24427,-7.3161,20.6
6856,-5.45689,-7.63769,20.5881
6857,-5.68049,-7.97186,20.6108
6858,-5.91516,-8.31722,20.6702
6859,-6.16085,-8.67199,20.7687
6860,-6.41728,-9.03398,20.9087
6861,-6.68399,-9.40045,21.0926
6862,-6.96029,-9.76817,21.3224
6863,-7.24519,-10.1333,21.6001
6864,-7.53743,-10.4913,21.9272
6865,-7.83537,-10.8371,22.3048
6866,-8.13705,-11.165,22.7332
6867,-8.44011,-11.4687,23.2121
6868,-8.74179,-11.7415,23.74
6869,-9.03894,-11.9763,24.3143
6870,-9.32803,-12.1659,24.931
6871,-9.60517,-12.3033,25.5847
6872,-9.86622,-12.3817,26.2685
6873,-10.1068,-12.3955,26.9741
6874,-10.3225,-12.3398,27.6917
6875,-10.5088,-12.2116,28.4102
6876,-10.6617,-12.0093,29.1178
6877,-10.7771,-11.7336,29.8021
6878,-10.852,-11.3875,30.4507
6879,-10.8835,-10.976,31.0518
6880,-10.87,-10.5065,31.5944
6881,-10.8107,-9.98779,32.0693
6882,-10.7057,-9.43056,32.469
6883,-10.5562,-8.84623,32.7884
6884,-10.3646,-8.24666,33.0246
6885,-10.1339,-7.64358,33.1771
6886,-9.86796,-7.04805,33.2476
6887,-9.57148,-6.47007,33.2397
6888,-9.24941,-5.91823,33.1585
6889,-8.90703,-5.3995,33.0104
6890,-8.54968,-4.91917,32.8024
6891,-8.18265,-4.48088,32.5419
6892,-7.81096,-4.08671,32.2365
6893,-7.43929,-3.73736,31.8932
6894,-7.07191,-3.43238,31.519
6895,-6.71256,-3.1704,31.1199
6896,-6.36447,-2.94934,30.7015
6897,-6.03034,-2.76662,30.2688
6898,-5.71237,-2.61939,29.8258
6899,-5.41223,-2.50463,29.3761
6900,-5.13119,-2.41935,28.9227
6901,-4.87008,-2.3606,28.4682
6902,-4.62941,-2.32564,28.0146
6903,-4.40935,-2.31193,27.5635
6904,-4.20987,-2.31718,27.1163
6905,-4.0307,-2.33936,26.6743
6906,-3.87144,-2.37673,26.2382
6907,-3.73157,-2.42779,25.809
6908,-3.61048,-2.49132,25.3873
6909,-3.50752,-2.56634,24.9736
6910,-3.42202,-2.65208,24.5685
6911,-3.35331,-2.748,24.1725
6912,-3.30074,-2.85373,23.7861
6913,-3.26371,-2.96907,23.4096
6914,-3.24164,-3.09399,23.0436
6915,-3.23402,-3.22858,22.6886
6916,-3.24041,-3.37305,22.3451
6917,-3.26043,-3.52772,22.0136
6918,-3.29378,-3.69301,21.6948
6919,-3.34021,-3.86939,21.3893
6920,-3.39957,-4.05743,21.098
6921,-3.47177,-4.25773,20.8216
6922,-3.55677,-4.47093,20.5611
6923,-3.65462,-4.69771,20.3176
6924,-3.76543,-4.93873,20.0922
6925,-3.88934,-5.19468,19.8863
6926,-4.02657,-5.46619,19.7013
6927,-4.17735,-5.75384,19.539
6928,-4.34196,-6.05815,19.4011
6929,-4.52069,-6.37951,19.2898
6930,-4.71382,-6.71814,19.2071
6931,-4.92164,-7.07408,19.1557
6932,-5.14438,-7.4471,19.1381
6933,-5.38223,-7.83667,19.1574
6934,-5.63528,-8.24185,19.2165
6935,-5.90351,-8.66123,19.3187
6936,-6.18674,-9.09287,19.4675
6937,-6.48457,-9.53415,19.6663
6938,-6.7964,-9.98175,19.9185
6939,-7.12128,-10.4315,20.2274
6940,-7.45795,-10.8783,20.596
6941,-7.80471,-11.3161,21.0269
6942,-8.15943,-11.7379,21.5218
6943,-8.51943,-12.1357,22.0816
6944,-8.88151,-12.5005,22.706
6945,-9.24187,-12.8227,23.3929
6946,-9.59613,-13.0922,24.1388
6947,-9.93934,-13.2985,24.9378
6948,-10.2661,-13.4317,25.7818
6949,-10.5705,-13.4824,26.6604
6950,-10.8464,-13.4429,27.5611
6951,-11.0877,-13.3072,28.4689
6952,-11.2883,-13.0722,29.3676
6953,-11.4427,-12.7375,30.2395
6954,-11.5458,-12.3066,31.0671
6955,-11.5937,-11.786,31.8331
6956,-11.5835,-11.186,32.5217
6957,-11.5139,-10.5195,33.1197
6958,-11.3849,-9.80204,33.6165
6959,-11.1981,-9.05037,34.0052
6960,-10.9566,-8.28187,34.2827
6961,-10.6649,-7.51348,34.4495
6962,-10.3284,-6.7609,34.5091
6963,-9.95364,-6.0379,34.4683
6964,-9.54765,-5.35584,34.3356
6965,-9.11774,-4.72344,34.1211
6966,-8.67121,-4.14674,33.8357
6967,-8.21514,-3.62922,33.4904
6968,-7.75614,-3.17213,33.0958
6969,-7.30023,-2.7748,32.6618
6970,-6.8527,-2.43505,32.1973
6971,-6.41808,-2.14959,31.7101
6972,-6.00012,-1.91438,31.2069
6973,-5.6018,-1.72494,30.6932
6974,-5.22538,-1.57659,30.1738
6975,-4.87247,-1.46471,29.6521
6976,-4.54408,-1.38486,29.1313
6977,-4.24072,-1.33287,28.6134
6978,-3.96248,-1.30498,28.1003
6979,-3.70908,-1.29777,27.5932
6980,-3.47999,-1.30828,27.0931
6981,-3.27446,-1.33394,26.6007
6982,-3.09157,-1.37258,26.1166
6983,-2.93031,-1.4224,25.641
6984,-2.78962,-1.48195,25.1744
6985,-2.66841,-1.55008,24.7168
6986,-2.5656,-1.62592,24.2685
6987,-2.48014,-1.70886,23.8295
6988,-2.41102,-1.79851,23.4001
6989,-2.35734,-1.89467,22.9803
6990,-2.31822,-1.9973,22.5702
6991,-2.29291,-2.10653,22.1701
6992,-2.28074,-2.22262,21.7801
6993,-2.28111,-2.34594,21.4004
6994,-2.29356,-2.47697,21.0312
6995,-2.31768,-2.61627,20.6729
6996,-2.35319,-2.76451,20.3257
6997,-2.39989,-2.92242,19.9901
6998,-2.45768,-3.0908,19.6665
6999,-2.52653,-3.27053,19.3555
7000,-2.60652,-3.46252,19.0578
7001,-2.6978,-3.66777,18.774
7002,-2.8006,-3.88732,18.505
7003,-2.91526,-4.12222,18.2519
7004,-3.04214,-4.37361,18.0157
7005,-3.18171,-4.6426,17.7978
7006,-3.3345,-4.93034,17.5998
7007,-3.50108,-5.23796,17.4233
7008,-3.68209,-5.56654,17.2703
7009,-3.8782,-5.91711,17.1432
7010,-4.09011,-6.29058,17.0445
7011,-4.31853,-6.6877,16.977
7012,-4.56418,-7.10902,16.9442
7013,-4.82772,-7.55476,16.9495
7014,-5.10978,-8.02477,16.997
7015,-5.41087,-8.51841,17.0912
7016,-5.73138,-9.03438,17.2369
7017,-6.0715,-9.57064,17.4391
7018,-6.43114,-10.1242,17.7033
7019,-6.80991,-10.691,18.035
7020,-7.207,-11.2656,18.4398
7021,-7.62109,-11.8411,18.923
7022,-8.05026,-12.4092,19.4892
7023,-8.49187,-12.9595,20.1424
7024,-8.9425,-13.4802,20.8851
7025,-9.39782,-13.9576,21.7178
7026,-9.85253,-14.3766,22.6387
7027,-10.3004,-14.721,23.643
7028,-10.7341,-14.9742,24.7222
7029,-11.1456,-15.12,25.864
7030,-11.5259,-15.1434,27.0518
7031,-11.8659,-15.0321,28.2652
7032,-12.156,-14.7777,29.48
7033,-12.3873,-14.3764,30.6695
7034,-12.5513,-13.8305,31.8055
7035,-12.6411,-13.1484,32.86
7036,-12.6513,-12.3447,33.8071
7037,-12.5791,-11.4397,34.6246
7038,-12.4237,-10.4581,35.2955
7039,-12.1871,-9.42729,35.8089
7040,-11.8736,-8.37566,36.1607
7041,-11.49,-7.33066,36.3533
7042,-11.0449,-6.31718,36.3947
7043,-10.548,-5.35623,36.2978
7044,-10.0102,-4.46422,36.0785
7045,-9.44248,-3.65263,35.7545
7046,-8.85575,-2.92823,35.3441
7047,-8.26026,-2.2935,34.8651
7048,-7.66534,-1.74734,34.3336
7049,-7.07919,-1.2859,33.7641
7050,-6.50878,-0.903317,33.1688
7051,-5.95978,-0.592459,32.5579
7052,-5.43659,-0.34553,31.9395
7053,-4.94246,-0.154557,31.3197
7054,-4.47957,-0.0117535,30.7033
7055,-4.04917,0.0902248,30.0936
7056,-3.65173,0.158122,29.4928
7057,-3.28704,0.19799,28.9027
7058,-2.95441,0.215161,28.3239
7059,-2.6527,0.21425,27.7571
7060,-2.3805,0.199192,27.2023
7061,-2.13619,0.17329,26.6595
7062,-1.91801,0.139276,26.1284
7063,-1.72412,0.0993742,25.6089
7064,-1.5527,0.0553625,25.1005
7065,-1.40191,0.0086335,24.603
7066,-1.27001,-0.03975,24.1161
7067,-1.15532,-0.0890046,23.6393
7068,-1.05624,-0.138581,23.1725
7069,-0.971312,-0.188124,22.7153
7070,-0.89917,-0.23744,22.2674
7071,-0.838572,-0.286464,21.8287
7072,-0.788393,-0.335241,21.399
7073,-0.747624,-0.383898,20.978
7074,-0.715367,-0.432635,20.5656
7075,-0.690832,-0.481705,20.1615
7076,-0.673329,-0.531409,19.7657
7077,-0.662266,-0.582082,19.378
7078,-0.657139,-0.634096,18.9983
7079,-0.657531,-0.687845,18.6264
7080,-0.663102,-0.743752,18.2622
7081,-0.673585,-0.802265,17.9057
7082,-0.688783,-0.863856,17.5568
7083,-0.708566,-0.929021,17.2153
7084,-0.732861,-0.998289,16.8813
7085,-0.761657,-1.07222,16.5547
7086,-0.794996,-1.1514,16.2355
7087,-0.832978,-1.23646,15.9236
7088,-0.875752,-1.32809,15.6191
7089,-0.923522,-1.427,15.3221
7090,-0.976542,-1.53398,15.0326
7091,-1.03512,-1.64988,14.7508
7092,-1.09962,-1.77559,14.4768
7093,-1.17046,-1.91212,14.2109
7094,-1.24812,-2.06051,13.9532
7095,-1.33313,-2.22195,13.7043
7096,-1.4261,-2.39767,13.4645
7097,-1.52768,-2.58905,13.2343
7098,-1.63863,-2.79755,13.0145
7099,-1.75975,-3.02476,12.8057
7100,-1.89194,-3.27241,12.609
7101,-2.03618,-3.54233,12.4256
7102,-2.19354,-3.83649,12.2568
7103,-2.36517,-4.15698,12.1042
7104,-2.55234,-4.50603,11.97
7105,-2.75638,-4.88593,11.8563
7106,-2.97874,-5.29907,11.7661
7107,-3.22097,-5.74789,11.7026
7108,-3.48468,-6.23478,11.6697
7109,-3.77156,-6.76206,11.6719
7110,-4.08337,-7.33185,11.7148
7111,-4.42185,-7.94592,11.8043
7112,-4.78875,-8.60554,11.9479
7113,-5.18574,-9.31122,12.1536
7114,-5.61431,-10.0624,12.4307
7115,-6.07572,-10.8573,12.7899
7116,-6.57083,-11.6919,13.2425
7117,-7.09994,-12.5603,13.801
7118,-7.66262,-13.4534,14.4784
7119,-8.25744,-14.3586,15.2879
7120,-8.88173,-15.2593,16.2422
7121,-9.53126,-16.1341,17.3521
7122,-10.1999,-16.9568,18.6257
7123,-10.8795,-17.6962,20.0664
7124,-11.5593,-18.3167,21.6713
7125,-12.2261,-18.7797,23.4287
7126,-12.8644,-19.0458,25.3171
7127,-13.4561,-19.0773,27.3032
7128,-13.9819,-18.8426,29.3422
7129,-14.4215,-18.32,31.3786
7130,-14.7553,-17.5018,33.3491
7131,-14.9654,-16.3976,35.1873
7132,-15.0377,-15.035,36.8292
7133,-14.9626,-13.4592,38.2196
7134,-14.7368,-11.7291,39.3173
7135,-14.3631,-9.91222,40.0995
7136,-13.8507,-8.07788,40.5628
7137,-13.2143,-6.29083,40.7225
7138,-12.473,-4.60594,40.6086
7139,-11.6485,-3.06485,40.2618
7140,-10.764,-1.69463,39.7278
7141,-9.84203,-0.508449,39.0526
7142,-8.90396,0.492468,38.2793
7143,-7.96858,1.31615,37.4451
7144,-7.05183,1.97702,36.5807
7145,-6.16658,2.49327,35.7098
7146,-5.32264,2.88472,34.8496
7147,-4.52699,3.17123,34.0118
7148,-3.7841,3.37163,33.2038
7149,-3.0963,3.50302,32.4293
7150,-2.46417,3.58055,31.6898
7151,-1.88688,3.61727,30.985
7152,-1.36256,3.62422,30.3133
7153,-0.888535,3.61061,29.6729
7154,-0.461595,3.58401,29.0615
7155,-0.0781903,3.55056,28.4766
7156,0.265419,3.5152,27.9161
7157,0.573034,3.48186,27.378
7158,0.848427,3.4536,26.8604
7159,1.09527,3.43282,26.3617
7160,1.31708,3.42136,25.8807
7161,1.5172,3.42062,25.4163
7162,1.69878,3.43165,24.9676
7163,1.86472,3.45524,24.534
7164,2.01775,3.49198,24.115
7165,2.16037,3.54232,23.7102
7166,2.29487,3.60659,23.3196
7167,2.42338,3.68509,22.943
7168,2.54783,3.77807,22.5805
7169,2.67,3.88577,22.2323
7170,2.79151,4.00843,21.8988
7171,2.91386,4.14632,21.5803
7172,3.03844,4.29973,21.2774
7173,3.16653,4.46896,20.9908
7174,3.29931,4.65437,20.7211
7175,3.4379,4.8563,20.4694
7176,3.58333,5.07516,20.2366
7177,3.73658,5.3113,20.0241
7178,3.89857,5.5651,19.8331
7179,4.07016,5.83689,19.6652
7180,4.25217,6.12692,19.5222
7181,4.44535,6.43536,19.4061
7182,4.6504,6.76226,19.3189
7183,4.86792,7.10745,19.2631
7184,5.09846,7.47055,19.2412
7185,5.34246,7.85087,19.2562
7186,5.60023,8.24738,19.3109
7187,5.87192,8.65857,19.4086
7188,6.15751,9.0824,19.5525
7189,6.45677,9.51623,19.7461
7190,6.76919,9.9567,19.9926
7191,7.09395,10.3996,20.2954
7192,7.42987,10.84,20.6572
7193,7.77537,11.2718,21.0806
7194,8.12839,11.6881,21.5673
7195,8.48636,12.081,22.1181
7196,8.84618,12.4417,22.7327
7197,9.20415,12.7608,23.4091
7198,9.556,13.0282,24.1438
7199,9.8969,13.2339,24.9311
7200,10.2215,13.3678,25.7631
7201,10.5242,13.421,26.6296
7202,10.7989,13.3855,27.5183
7203,11.0395,13.2557,28.4147
7204,11.2402,13.0282,29.3029
7205,11.3954,12.7027,30.1656
7206,11.5002,12.2822,30.9855
7207,11.5506,11.7731,31.7456
7208,11.5439,11.1852,32.4305
7209,11.4786,10.5311,33.0269
7210,11.3547,9.82585,33.5242
7211,11.1736,9.08575,33.9155
7212,10.9383,8.32785,34.1974
7213,10.6531,7.56882,34.3701
7214,10.3234,6.82415,34.4369
7215,9.95549,6.10751,34.4041
7216,9.5562,5.43025,34.2799
7217,9.13272,4.80116,34.0742
7218,8.69227,4.22638,33.7975
7219,8.24181,3.7096,33.4606
7220,7.78792,3.25223,33.0739
7221,7.33656,2.85382,32.6473
7222,6.89301,2.51238,32.1895
7223,6.46182,2.22481,31.7085
7224,6.04674,1.98723,31.2108
7225,5.6508,1.79528,30.7021
7226,5.27629,1.64442,30.187
7227,4.92487,1.53011,29.6692
7228,4.59761,1.44798,29.1518
7229,4.29506,1.39393,28.637
7230,4.01736,1.3642,28.1266
7231,3.7643,1.35542,27.6219
7232,3.53538,1.36464,27.124
7233,3.32989,1.38928,26.6337
7234,3.14695,1.42718,26.1514
7235,2.98559,1.47654,25.6775
7236,2.84479,1.5359,25.2125
7237,2.72346,1.60409,24.7565
7238,2.62056,1.68024,24.3097
7239,2.53506,1.76373,23.8722
7240,2.46598,1.85415,23.4443
7241,2.4124,1.95129,23.0259
7242,2.37349,2.05512,22.6174
7243,2.34849,2.16576,22.2189
7244,2.33674,2.28345,21.8305
7245,2.33766,2.40856,21.4524
7246,2.35078,2.54157,21.0851
7247,2.37571,2.68305,20.7286
7248,2.41216,2.83364,20.3835
7249,2.45995,2.99407,20.0502
7250,2.51897,3.16516,19.729
7251,2.5892,3.34776,19.4207
7252,2.67072,3.54279,19.1258
7253,2.76368,3.75125,18.8451
7254,2.86832,3.97414,18.5796
7255,2.98496,4.21254,18.3303
7256,3.11398,4.46753,18.0983
7257,3.25583,4.74023,17.8851
7258,3.41104,5.03174,17.6922
7259,3.58017,5.34316,17.5213
7260,3.76385,5.67552,17.3746
7261,3.96273,6.0298,17.2544
7262,4.17749,6.40682,17.1633
7263,4.40882,6.80725,17.1042
7264,4.6574,7.23152,17.0805
7265,4.92385,7.67972,17.0959
7266,5.20875,8.15155,17.1544
7267,5.51254,8.64616,17.2604
7268,5.83554,9.16205,17.4188
7269,6.17783,9.69693,17.6347
7270,6.53925,10.2475,17.9134
7271,6.91925,10.8095,18.2602
7272,7.3169,11.3771,18.6806
7273,7.7307,11.9431,19.1795
7274,8.15856,12.4988,19.7613
7275,8.59767,13.0336,20.4294
7276,9.0444,13.5356,21.1856
7277,9.49424,13.9907,22.03
7278,9.94172,14.3842,22.9597
7279,10.3804,14.6998,23.9692
7280,10.803,14.9217,25.049
7281,11.2013,15.034,26.1861
7282,11.5665,15.0231,27.3632
7283,11.8895,14.8778,28.5593
7284,12.1612,14.591,29.7501
7285,12.3727,14.1605,30.909
7286,12.5163,13.5901,32.0086
7287,12.5856,12.8895,33.0219
7288,12.5759,12.0744,33.9245
7289,12.4849,11.1656,34.6959
7290,12.3125,10.1879,35.3206
7291,12.0612,9.16839,35.7899
7292,11.7359,8.13454,36.1009
7293,11.3436,7.11265,36.2573
7294,10.8929,6.12618,36.268
7295,10.3937,5.19467,36.1461
7296,9.85667,4.33312,35.9077
7297,9.29257,3.55179,35.57
7298,8.71193,2.8564,35.1508
7299,8.12462,2.24869,34.6671
7300,7.53955,1.72707,34.1344
7301,6.96452,1.28741,33.5664
7302,6.40611,0.923778,32.9746
7303,5.86962,0.629105,32.3686
7304,5.35918,0.395775,31.7559
7305,4.87776,0.216061,31.1424
7306,4.42734,0.082455,30.5325
7307,4.00901,-0.012093,29.9293
7308,3.62312,-0.0740373,29.335
7309,3.2694,-0.109157,28.7509
7310,2.94709,-0.122531,28.178
7311,2.65505,-0.118549,27.6167
7312,2.39186,-0.100945,27.067
7313,2.15593,-0.0728481,26.5291
7314,1.94552,-0.0368408,26.0027
7315,1.75886,0.00498205,25.4875
7316,1.59415,0.0509517,24.9832
7317,1.44964,0.0997689,24.4897
7318,1.32362,0.15045,24.0064
7319,1.21448,0.20228,23.5333
7320,1.12069,0.254769,23.0699
7321,1.04084,0.307613,22.6161
7322,0.973632,0.360665,22.1716
7323,0.917875,0.413905,21.7362
7324,0.872502,0.467418,21.3097
7325,0.836559,0.521372,20.8919
7326,0.809201,0.576006,20.4827
7327,0.789691,0.631619,20.0819
7328,0.777391,0.688553,19.6894
7329,0.771758,0.747194,19.305
7330,0.772342,0.807964,18.9287
7331,0.778774,0.871315,18.5603
7332,0.790767,0.937732,18.1998
7333,0.808108,1.00773,17.8471
7334,0.830656,1.08186,17.5022
7335,0.858335,1.16069,17.165
7336,0.891135,1.24486,16.8355
7337,0.929106,1.335,16.5138
7338,0.972361,1.43184,16.1998
7339,1.02107,1.53611,15.8936
7340,1.07545,1.64862,15.5955
7341,1.13581,1.77025,15.3053
7342,1.20247,1.90191,15.0235
7343,1.27584,2.04463,14.7502
7344,1.35639,2.19949,14.4858
7345,1.44465,2.36766,14.2306
7346,1.5412,2.55041,13.9852
7347,1.64672,2.74912,13.75
7348,1.76194,2.96525,13.526
7349,1.88767,3.20041,13.3138
7350,2.0248,3.45629,13.1146
7351,2.1743,3.73471,12.9297
7352,2.33725,4.03761,12.7604
7353,2.51477,4.36703,12.6086
7354,2.70812,4.72511,12.4765
7355,2.91863,5.11407,12.3664
7356,3.1477,5.53616,12.2814
7357,3.39683,5.99364,12.2249
7358,3.66759,6.4887,12.201
7359,3.9616,7.02339,12.2145
7360,4.2805,7.59948,12.2709
7361,4.62594,8.21834,12.3766
7362,4.99949,8.8807,12.5388
7363,5.40264,9.58648,12.7659
7364,5.83664,10.3344,13.0673
7365,6.30245,11.1217,13.4532
7366,6.80057,11.9436,13.9349
7367,7.3309,12.793,14.5243
7368,7.89252,13.6596,15.2337
7369,8.48346,14.5297,16.0751
7370,9.10044,15.3857,17.0594
7371,9.73859,16.2052,18.1955
7372,10.3912,16.9615,19.4889
7373,11.0493,17.6237,20.9401
7374,11.7019,18.1572,22.5425
7375,12.3355,18.5255,24.2813
7376,12.9344,18.6924,26.1316
7377,13.481,18.625,28.0579
7378,13.9568,18.2972,30.014
7379,14.3429,17.6939,31.9452
7380,14.6214,16.8138,33.7911
7381,14.7767,15.672,35.4902
7382,14.7972,14.3,36.9854
7383,14.6759,12.7445,38.2292
7384,14.4115,11.0633,39.1887
7385,14.0088,9.31995,39.8481
7386,13.4781,7.57792,40.2095
7387,12.8345,5.89502,40.2909
7388,12.0969,4.31903,40.123
7389,11.2862,2.88517,39.7448
7390,10.4239,1.61544,39.1988
7391,9.53128,0.519484,38.5272
7392,8.6277,-0.403455,37.7688
7393,7.73033,-1.16205,36.957
7394,6.85355,-1.77037,36.1189
7395,6.00891,-2.24555,35.2756
7396,5.20512,-2.60601,34.4422
7397,4.44833,-2.87006,33.6293
7398,3.74238,-3.05496,32.8433
7399,3.08921,-3.17641,32.0877
7400,2.48914,-3.24829,31.3637
7401,1.94123,-3.28258,30.6712
7402,1.44361,-3.28944,30.0089
7403,0.993663,-3.27736,29.3752
7404,0.588313,-3.25333,28.7681
7405,0.224168,-3.22303,28.1855
7406,-0.102327,-3.19106,27.6256
7407,-0.394779,-3.16106,27.0865
7408,-0.65676,-3.1359,26.5666
7409,-0.891742,-3.11782,26.0646
7410,-1.10306,-3.10856,25.5793
7411,-1.29386,-3.10944,25.1097
7412,-1.46713,-3.12146,24.6551
7413,-1.62562,-3.14538,24.2149
7414,-1.7719,-3.18178,23.7887
7415,-1.90835,-3.23112,23.3761
7416,-2.03715,-3.29375,22.9769
7417,-2.16031,-3.37,22.5912
7418,-2.27968,-3.46014,22.2189
7419,-2.39695,-3.56447,21.8603
7420,-2.51368,-3.68329,21.5155
7421,-2.63133,-3.81692,21.1849
7422,-2.75123,-3.96573,20.8691
7423,-2.87463,-4.13012,20.5686
7424,-3.00271,-4.31053,20.2841
7425,-3.13656,-4.50745,20.0164
7426,-3.27722,-4.72138,19.7665
7427,-3.42571,-4.95286,19.5356
7428,-3.58296,-5.20243,19.3249
7429,-3.7499,-5.47064,19.1359
7430,-3.9274,-5.75797,18.9704
7431,-4.11629,-6.06487,18.8301
7432,-4.31737,-6.39169,18.7172
7433,-4.53139,-6.73862,18.6341
7434,-4.75903,-7.10569,18.5835
7435,-5.00091,-7.49265,18.5681
7436,-5.25754,-7.89895,18.5912
7437,-5.5293,-8.32361,18.6562
7438,-5.81645,-8.76519,18.7667
7439,-6.11903,-9.22161,18.9265
7440,-6.43686,-9.69013,19.1395
7441,-6.76947,-10.1671,19.4097
7442,-7.11606,-10.6481,19.7409
7443,-7.47541,-11.1276,20.1366
7444,-7.84586,-11.5988,20.6
7445,-8.22518,-12.054,21.1333
7446,-8.61058,-12.4842,21.7378
7447,-8.99863,-12.8792,22.4134
7448,-9.38521,-13.2282,23.1582
7449,-9.76552,-13.5195,23.9684
7450,-10.1341,-13.7413,24.8375
7451,-10.4848,-13.8819,25.7565
7452,-10.8113,-13.9308,26.7138
7453,-11.1064,-13.8787,27.6949
7454,-11.3634,-13.7192,28.6829
7455,-11.5754,-13.4485,29.659
7456,-11.736,-13.0669,30.6032
7457,-11.8399,-12.5783,31.4952
7458,-11.8825,-11.9911,32.3156
7459,-11.8608,-11.3175,33.0468
7460,-11.7736,-10.5732,33.6741
7461,-11.6212,-9.77633,34.1866
7462,-11.4057,-8.94647,34.5774
7463,-11.1309,-8.10361,34.8442
7464,-10.8022,-7.26691,34.9889
7465,-10.4262,-6.45377,35.0171
7466,-10.0103,-5.67909,34.9373
7467,-9.56269,-4.95473,34.7605
7468,-9.09151,-4.28939,34.4987
7469,-8.60494,-3.68864,34.1647
7470,-8.11075,-3.15513,33.771
7471,-7.61609,-2.68908,33.3295
7472,-7.12734,-2.28866,32.8508
7473,-6.65004,-1.95051,32.3446
7474,-6.18883,-1.6702,31.8189
7475,-5.74742,-1.44264,31.2806
7476,-5.32869,-1.26242,30.7352
7477,-4.93473,-1.12409,30.1871
7478,-4.56691,-1.02237,29.6397
7479,-4.22598,-0.952289,29.0956
7480,-3.91217,-0.90928,28.5569
7481,-3.62527,-0.889244,28.0249
7482,-3.36473,-0.888566,27.5006
7483,-3.12973,-0.904112,26.9848
7484,-2.91924,-0.933212,26.478
7485,-2.73212,-0.973637,25.9803
7486,-2.56712,-1.02355,25.492
7487,-2.42298,-1.0815,25.0132
7488,-2.29841,-1.14634,24.5439
7489,-2.19216,-1.21721,24.0841
7490,-2.10303,-1.29351,23.6339
7491,-2.02989,-1.37488,23.1932
7492,-1.97169,-1.46113,22.762
7493,-1.92747,-1.55224,22.3403
7494,-1.89637,-1.64833,21.9282
7495,-1.87763,-1.74966,21.5257
7496,-1.87058,-1.8566,21.1329
7497,-1.87466,-1.96961,20.7499
7498,-1.88943,-2.08924,20.3768
7499,-1.91452,-2.21612,20.0138
7500,-1.94968,-2.35095,19.6612
7501,-1.99474,-2.49453,19.3192
7502,-2.04963,-2.64767,18.9881
7503,-2.11437,-2.81131,18.6683
7504,-2.18907,-2.98639,18.3604
7505,-2.27391,-3.17397,18.0649
7506,-2.36918,-3.37512,17.7824
7507,-2.47523,-3.59101,17.5138
7508,-2.59249,-3.82283,17.26
7509,-2.72148,-4.07185,17.022
7510,-2.86277,-4.33936,16.8012
7511,-3.01703,-4.6267,16.5989
7512,-3.18496,-4.93522,16.417
7513,-3.36735,-5.26627,16.2573
7514,-3.56503,-5.62116,16.1222
7515,-3.77887,-6.00115,16.0141
7516,-4.00979,-6.40735,15.9362
7517,-4.25869,-6.84075,15.8917
7518,-4.5265,-7.30203,15.8845
7519,-4.81408,-7.79157,15.9189
7520,-5.12225,-8.30927,15.9996
7521,-5.45169,-8.85441,16.132
7522,-5.80293,-9.42556,16.3218
7523,-6.17627,-10.0203,16.5752
7524,-6.57167,-10.635,16.8988
7525,-6.98871,-11.2647,17.2993
7526,-7.42646,-11.9029,17.7836
7527,-7.88336,-12.541,18.358
7528,-8.35707,-13.1684,19.0283
7529,-8.84439,-13.7725,19.7991
7530,-9.3411,-14.3382,20.6731
7531,-9.84184,-14.8486,21.6504
7532,-10.3401,-15.2846,22.7281
7533,-10.8279,-15.6263,23.8991
7534,-11.2965,-15.8535,25.1514
7535,-11.7358,-15.9467,26.4682
7536,-12.135,-15.8889,27.8274
7537,-12.4829,-15.6673,29.2016
7538,-12.7682,-15.2742,30.5598
7539,-12.9807,-14.7092,31.8682
7540,-13.1112,-13.9796,33.0924
7541,-13.1524,-13.1007,34.1999
7542,-13.0997,-12.0955,35.1619
7543,-12.9515,-10.9929,35.9561
7544,-12.709,-9.82627,36.5676
7545,-12.377,-8.63034,36.9904
7546,-11.9626,-7.43917,37.2264
7547,-11.4759,-6.28372,37.2855
7548,-10.9283,-5.19008,37.1833
7549,-10.3326,-4.17845,36.9397
7550,-9.70185,-3.2627,36.5767
7551,-9.04896,-2.45064,36.1171
7552,-8.38606,-1.74464,35.5825
7553,-7.72412,-1.14267,34.9926
7554,-7.07271,-0.639284,34.3646
7555,-6.43984,-0.226704,33.7128
7556,-5.83197,0.10425,33.0487
7557,-5.25399,0.3634,32.3812
7558,-4.70944,0.560611,31.7171
7559,-4.20054,0.705363,31.0611
7560,-3.72848,0.806474,30.4163
7561,-3.2935,0.871928,29.7848
7562,-2.89512,0.908805,29.1677
7563,-2.53228,0.923269,28.5655
7564,-2.20345,0.9206,27.9783
7565,-1.90682,0.905256,27.4057
7566,-1.64033,0.880952,26.8474
7567,-1.40182,0.850738,26.3027
7568,-1.18907,0.817088,25.7712
7569,-0.999856,0.781976,25.2522
7570,-0.831992,0.746956,24.7453
7571,-0.683382,0.713227,24.2498
7572,-0.552023,0.681695,23.7654
7573,-0.436031,0.653029,23.2916
7574,-0.333646,0.627706,22.8279
7575,-0.243239,0.60605,22.3741
7576,-0.163311,0.58827,21.9299
7577,-0.0924872,0.574487,21.4949
7578,-0.0295193,0.564759,21.069
7579,0.0267275,0.5591,20.6518
7580,0.0772797,0.557498,20.2431
7581,0.123064,0.55993,19.8428
7582,0.164917,0.566369,19.4507
7583,0.203593,0.576797,19.0666
7584,0.239773,0.59121,18.6904
7585,0.274076,0.609627,18.3218
7586,0.307062,0.632088,17.9608
7587,0.339245,0.658668,17.6072
7588,0.371098,0.68947,17.2609
7589,0.403061,0.724637,16.9219
7590,0.435547,0.764347,16.5899
7591,0.468949,0.808824,16.2649
7592,0.503646,0.85833,15.9468
7593,0.540008,0.91318,15.6356
7594,0.578403,0.973733,15.3313
7595,0.619198,1.04041,15.0336
7596,0.662771,1.11367,14.7428
7597,0.709509,1.19405,14.4587
7598,0.759817,1.28215,14.1814
7599,0.814122,1.37863,13.911
7600,0.872875,1.48424,13.6475
7601,0.936562,1.5998,13.391
7602,1.0057,1.72621,13.1418
7603,1.08086,1.86448,12.9002
7604,1.16264,2.01572,12.6663
7605,1.2517,2.18114,12.4405
7606,1.34878,2.36208,12.2234
7607,1.45464,2.55999,12.0155
7608,1.57014,2.77647,11.8175
7609,1.69623,3.01324,11.6303
7610,1.8339,3.27218,11.4549
7611,1.98427,3.55533,11.2926
7612,2.14853,3.86487,11.1449
7613,2.32798,4.20311,11.0135
7614,2.52404,4.57253,10.9008
7615,2.7382,4.97572,10.8093
7616,2.9721,5.41536,10.7421
7617,3.22745,5.89417,10.7028
7618,3.50607,6.41488,10.696
7619,3.80986,6.9801,10.7267
7620,4.14077,7.5922,10.801
7621,4.5008,8.25318,10.9259
7622,4.89189,8.96441,11.1098
7623,5.3159,9.72637,11.362
7624,5.7745,10.5383,11.6932
7625,6.26905,11.3977,12.1155
7626,6.80043,12.3,12.6422
7627,7.36889,13.2375,13.2876
7628,7.97374,14.1991,14.0667
7629,8.61311,15.1696,14.9943
7630,9.28361,16.1284,16.0844
7631,9.97997,17.0498,17.3489
7632,10.6947,17.9018,18.7953
7633,11.4176,18.6472,20.4255
7634,12.1358,19.2439,22.2325
7635,12.8334,19.6471,24.1991
7636,13.4919,19.8121,26.295
7637,14.0902,19.6986,28.4764
7638,14.606,19.2755,30.6859
7639,15.0167,18.5257,32.8555
7640,15.3011,17.4507,34.9101
7641,15.4413,16.0732,36.775
7642,15.4241,14.4373,38.3823
7643,15.2428,12.605,39.6786
7644,14.8979,10.6512,40.6304
7645,14.3973,8.65521,41.2273
7646,13.7554,6.69355,41.481
7647,12.9923,4.83249,41.4225
7648,12.1318,3.1235,41.0963
7649,11.1993,1.60101,40.5544
7650,10.2205,0.282768,39.8503
7651,9.21945,-0.828013,39.034
7652,8.21769,-1.73948,38.1496
7653,7.23354,-2.46766,37.2327
7654,6.28179,-3.03322,36.3111
7655,5.37374,-3.45885,35.4047
7656,4.51745,-3.76729,34.5267
7657,3.71808,-3.98004,33.6851
7658,2.97837,-4.11656,32.8841
7659,2.29905,-4.19393,32.1245
7660,1.67927,-4.22681,31.4057
7661,1.11698,-4.22751,30.7255
7662,0.60928,-4.20621,30.0813
7663,0.152638,-4.17123,29.47
7664,-0.256835,-4.12927,28.8888
7665,-0.623231,-4.08566,28.3348
7666,-0.950704,-4.04462,27.8055
7667,-1.24337,-4.00942,27.2988
7668,-1.50522,-3.9826,26.8127
7669,-1.74009,-3.96607,26.3457
7670,-1.95159,-3.96126,25.8965
7671,-2.14311,-3.96924,25.4642
7672,-2.31782,-3.99078,25.0479
7673,-2.47864,-4.02643,24.6471
7674,-2.62824,-4.07657,24.2615
7675,-2.76909,-4.14149,23.8909
7676,-2.90343,-4.22137,23.5353
7677,-3.03333,-4.31637,23.1947
7678,-3.16063,-4.4266,22.8694
7679,-3.28706,-4.55219,22.5599
7680,-3.41415,-4.69324,22.2665
7681,-3.54333,-4.84987,21.9899
7682,-3.67587,-5.0222,21.7309
7683,-3.81297,-5.21035,21.4902
7684,-3.95569,-5.41446,21.2689
7685,-4.10503,-5.63461,21.0682
7686,-4.26189,-5.87089,20.8893
7687,-4.42709,-6.12329,20.7336
7688,-4.60137,-6.39177,20.6026
7689,-4.78538,-6.67614,20.4983
7690,-4.9797,-6.97608,20.4223
7691,-5.1848,-7.2911,20.3769
7692,-5.40106,-7.62046,20.3641
7693,-5.62874,-7.96315,20.3863
7694,-5.86796,-8.3178,20.4459
7695,-6.11867,-8.68268,20.5454
7696,-6.38065,-9.05557,20.6874
7697,-6.65347,-9.43374,20.8744
7698,-6.93643,-9.81389,21.1086
7699,-7.22859,-10.1921,21.3921
7700,-7.52865,-10.5637,21.7269
7701,-7.835,-10.9235,22.114
7702,-8.14562,-11.2655,22.5541
7703,-8.4581,-11.5831,23.0469
7704,-8.7696,-11.8693,23.591
7705,-9.07687,-12.1165,24.1839
7706,-9.37624,-12.3172,24.8217
7707,-9.66365,-12.4637,25.4987
7708,-9.93475,-12.549,26.208
7709,-10.185,-12.5669,26.9407
7710,-10.4096,-12.512,27.6865
7711,-10.6039,-12.381,28.434
7712,-10.7635,-12.1722,29.1706
7713,-10.8844,-11.8862,29.8831
7714,-10.9628,-11.5259,30.5584
7715,-10.9962,-11.0969,31.1838
7716,-10.9825,-10.6067,31.7479
7717,-10.9209,-10.065,32.2407
7718,-10.8116,-9.4831,32.6544
7719,-10.6558,-8.87313,32.9837
7720,-10.456,-8.24776,33.2256
7721,-10.2154,-7.61947,33.3797
7722,-9.93832,-6.99999,33.4481
7723,-9.62948,-6.39984,33.4348
7724,-9.29422,-5.82802,33.3454
7725,-8.93812,-5.29177,33.1868
7726,-8.56683,-4.79649,32.9665
7727,-8.18587,-4.34582,32.6926
7728,-7.80052,-3.94172,32.3729
7729,-7.41566,-3.58472,32.0151
7730,-7.03571,-3.27413,31.6262
7731,-6.66455,-3.00829,31.2128
7732,-6.30547,-2.78485,30.7805
7733,-5.96124,-2.60094,30.3343
7734,-5.63406,-2.45345,29.8785
7735,-5.3256,-2.33911,29.4167
7736,-5.03709,-2.25471,28.9519
7737,-4.76933,-2.19712,28.4865
7738,-4.52274,-2.16342,28.0226
7739,-4.29746,-2.15096,27.5618
7740,-4.09336,-2.15732,27.1054
7741,-3.91011,-2.18039,26.6545
7742,-3.74723,-2.21837,26.21
7743,-3.60413,-2.26971,25.7726
7744,-3.48012,-2.33316,25.3429
7745,-3.37449,-2.4077,24.9214
7746,-3.28651,-2.49256,24.5087
7747,-3.21546,-2.58718,24.1051
7748,-3.16063,-2.6912,23.711
7749,-3.12136,-2.80444,23.3269
7750,-3.09705,-2.92686,22.9531
7751,-3.08715,-3.05857,22.5902
7752,-3.09119,-3.1998,22.2385
7753,-3.10875,-3.3509,21.8986
7754,-3.13952,-3.51229,21.5711
7755,-3.18324,-3.68451,21.2566
7756,-3.23973,-3.86813,20.9557
7757,-3.3089,-4.0638,20.6692
7758,-3.39071,-4.27223,20.3982
7759,-3.48523,-4.49412,20.1434
7760,-3.59254,-4.73024,19.9061
7761,-3.71283,-4.98132,19.6875
7762,-3.84632,-5.24811,19.489
7763,-3.99329,-5.53131,19.3122
7764,-4.15403,-5.83154,19.1589
7765,-4.3289,-6.14936,19.031
7766,-4.51824,-6.48519,18.9308
7767,-4.72241,-6.83924,18.8607
7768,-4.94172,-7.21155,18.8233
7769,-5.17646,-7.60185,18.8215
7770,-5.42685,-8.00949,18.8585
7771,-5.693,-8.43341,18.9376
7772,-5.9749,-8.87203,19.0624
7773,-6.27233,-9.32314,19.2366
7774,-6.58488,-9.78381,19.4638
7775,-6.91183,-10.2503,19.7477
7776,-7.25216,-10.7178,20.0919
7777,-7.60442,-11.1809,20.4996
7778,-7.96673,-11.6325,20.9732
7779,-8.33668,-12.065,21.5145
7780,-8.71131,-12.4694,22.1242
7781,-9.08701,-12.8359,22.8015
7782,-9.45957,-13.1539,23.5438
7783,-9.82414,-13.4122,24.3464
7784,-10.1753,-13.5998,25.2025
7785,-10.507,-13.7061,26.1024
7786,-10.8129,-13.7215,27.0341
7787,-11.0865,-13.6383,27.9832
7788,-11.3211,-13.4512,28.933
7789,-11.5105,-13.1579,29.8653
7790,-11.6488,-12.7597,30.761
7791,-11.7312,-12.2618,31.6013
7792,-11.7539,-11.6731,32.3682
7793,-11.7145,-11.0062,33.0458
7794,-11.6122,-10.2764,33.6212
7795,-11.4479,-9.50125,34.0851
7796,-11.224,-8.69941,34.4321
7797,-10.9446,-7.88951,34.6609
7798,-10.615,-7.08925,34.7741
7799,-10.2417,-6.31452,34.7774
7800,-9.83206,-5.57873,34.6796
7801,-9.39368,-4.8925,34.491
7802,-8.93443,-4.26346,34.2231
7803,-8.46199,-3.69637,33.8879
7804,-7.98364,-3.19339,33.497
7805,-7.50605,-2.75442,33.0614
7806,-7.03517,-2.37759,32.5911
7807,-6.57611,-2.05961,32.095
7808,-6.13315,-1.79629,31.5805
7809,-5.70974,-1.58283,31.054
7810,-5.30852,-1.41418,30.5207
7811,-4.93139,-1.28525,29.9846
7812,-4.57961,-1.19114,29.449
7813,-4.25384,-1.12723,28.9164
7814,-3.95428,-1.08929,28.3888
7815,-3.68071,-1.07351,27.8674
7816,-3.43261,-1.07654,27.3534
7817,-3.2092,-1.09547,26.8474
7818,-3.00952,-1.12785,26.3499
7819,-2.83249,-1.17161,25.8614
7820,-2.67696,-1.22507,25.3819
7821,-2.54172,-1.28689,24.9117
7822,-2.4256,-1.35603,24.4509
7823,-2.32743,-1.43173,23.9995
7824,-2.2461,-1.51347,23.5576
7825,-2.18057,-1.60095,23.1252
7826,-2.12987,-1.69404,22.7024
7827,-2.09312,-1.79277,22.2893
7828,-2.06955,-1.89733,21.8859
7829,-2.05847,-2.00801,21.4924
7830,-2.05928,-2.12523,21.1089
7831,-2.07151,-2.2495,20.7357
7832,-2.09477,-2.38142,20.3728
7833,-2.12876,-2.52166,20.0206
7834,-2.1733,-2.67097,19.6795
7835,-2.22828,-2.83019,19.3497
7836,-2.29369,-3.00018,19.0318
7837,-2.36962,-3.18192,18.7262
7838,-2.45622,-3.3764,18.4337
7839,-2.55375,-3.58469,18.155
7840,-2.66253,-3.80792,17.8909
7841,-2.78297,-4.04724,17.6425
7842,-2.91556,-4.30387,17.4109
7843,-3.06083,-4.57904,17.1975
7844,-3.21942,-4.874,17.0039
7845,-3.39198,-5.18999,16.8318
7846,-3.57927,-5.52824,16.6835
7847,-3.78204,-5.8899,16.5611
7848,-4.00111,-6.27602,16.4675
7849,-4.2373,-6.6875,16.4057
7850,-4.49142,-7.12502,16.3792
7851,-4.76428,-7.58894,16.3919
7852,-5.05659,-8.07923,16.4482
7853,-5.36899,-8.59532,16.5528
7854,-5.70199,-9.13599,16.7109
7855,-6.05585,-9.69917,16.9281
7856,-6.4306,-10.2818,17.2105
7857,-6.82591,-10.8795,17.5641
7858,-7.24099,-11.4867,17.9952
7859,-7.67451,-12.096,18.5098
7860,-8.12449,-12.6981,19.1131
7861,-8.58816,-13.282,19.8098
7862,-9.06187,-13.8345,20.6028
7863,-9.54096,-14.3406,21.4929
7864,-10.0197,-14.7835,22.4784
7865,-10.4913,-15.1453,23.5539
7866,-10.9477,-15.4074,24.7103
7867,-11.3801,-15.5516,25.9336
7868,-11.7786,-15.5615,27.2055
7869,-12.1332,-15.4237,28.5029
7870,-12.4333,-15.1289,29.7986
7871,-12.6691,-14.6738,31.0626
7872,-12.8315,-14.0617,32.2636
7873,-12.9129,-13.3031,33.3707
7874,-12.9081,-12.4156,34.3556
7875,-12.8139,-11.4228,35.1947
7876,-12.6303,-10.3533,35.8706
7877,-12.3599,-9.23823,36.3731
7878,-12.0082,-8.10919,36.6998
7879,-11.5831,-6.99623,36.8554
7880,-11.0944,-5.92596,36.8509
7881,-10.5533,-4.92021,36.7021
7882,-9.97181,-3.99535,36.4279
7883,-9.36202,-3.16214,36.0487
7884,-8.73564,-2.42608,35.5847
7885,-8.10357,-1.7881,35.0553
7886,-7.47559,-1.24541,34.4777
7887,-6.86011,-0.792483,33.867
7888,-6.26415,-0.421904,33.2355
7889,-5.69329,-0.12518,32.5934
7890,-5.15172,0.106627,31.9483
7891,-4.64241,0.282414,31.3061
7892,-4.1672,0.410684,30.671
7893,-3.72698,0.499315,30.0458
7894,-3.32185,0.55543,29.4324
7895,-2.95125,0.585335,28.8318
7896,-2.61411,0.594518,28.2447
7897,-2.30899,0.587676,27.671
7898,-2.03417,0.568775,27.1106
7899,-1.78775,0.541113,26.5633
7900,-1.56772,0.507393,26.0286
7901,-1.37204,0.469801,25.5061
7902,-1.19868,0.430072,24.9953
7903,-1.04564,0.38956,24.4958
7904,-0.911016,0.349295,24.0072
7905,-0.792991,0.310039,23.529
7906,-0.689862,0.272334,23.061
7907,-0.600045,0.236542,22.6027
7908,-0.522079,0.202883,22.1539
7909,-0.454628,0.171462,21.7144
7910,-0.396477,0.142295,21.2837
7911,-0.346527,0.115333,20.8618
7912,-0.303794,0.0904771,20.4484
7913,-0.267397,0.0675915,20.0433
7914,-0.236552,0.0465172,19.6462
7915,-0.210567,0.0270794,19.2571
7916,-0.188833,0.00909471,18.8758
7917,-0.170815,-0.00762374,18.502
7918,-0.15605,-0.0232626,18.1357
7919,-0.144133,-0.0380055,17.7766
7920,-0.134718,-0.0520318,17.4247
7921,-0.127505,-0.0655154,17.0797
7922,-0.122242,-0.0786243,16.7416
7923,-0.118716,-0.0915212,16.4102
7924,-0.11675,-0.104364,16.0854
7925,-0.116196,-0.117305,15.767
7926,-0.116937,-0.130496,15.4549
7927,-0.118881,-0.144084,15.149
7928,-0.121958,-0.158218,14.8493
7929,-0.12612,-0.173046,14.5554
7930,-0.131336,-0.18872,14.2674
7931,-0.137595,-0.205396,13.9852
7932,-0.1449,-0.223235,13.7086
7933,-0.153271,-0.242406,13.4375
7934,-0.162741,-0.263089,13.1718
7935,-0.173359,-0.285473,12.9114
7936,-0.185187,-0.309765,12.6563
7937,-0.198302,-0.336184,12.4063
7938,-0.212796,-0.36497,12.1613
7939,-0.228775,-0.396383,11.9214
7940,-0.246361,-0.430709,11.6863
7941,-0.265694,-0.468259,11.456
7942,-0.28693,-0.509376,11.2305
7943,-0.310245,-0.554437,11.0097
7944,-0.335837,-0.603856,10.7935
7945,-0.363926,-0.658091,10.582
7946,-0.394756,-0.717648,10.375
7947,-0.4286,-0.783085,10.1727
7948,-0.465759,-0.855019,9.97485
7949,-0.506569,-0.934131,9.78163
7950,-0.551402,-1.02118,9.59306
7951,-0.600669,-1.11699,9.4092
7952,-0.654827,-1.2225,9.23015
7953,-0.714381,-1.33872,9.05606
7954,-0.779891,-1.46678,8.88711
7955,-0.851977,-1.60794,8.72355
7956,-0.931324,-1.76357,8.56568
7957,-1.01869,-1.9352,8.41392
7958,-1.11492,-2.1245,8.26874
7959,-1.22093,-2.33333,8.13077
7960,-1.33776,-2.56372,8.00077
7961,-1.46652,-2.81791,7.87968
7962,-1.60847,-3.09835,7.76866
7963,-1.76497,-3.40771,7.66912
7964,-1.93754,-3.74887,7.58282
7965,-2.12782,-4.12499,7.51186
7966,-2.3376,-4.53943,7.45884
7967,-2.56886,-4.99577,7.42689
7968,-2.82372,-5.49779,7.41983
7969,-3.10447,-6.04939,7.44227
7970,-3.41355,-6.65454,7.49977
7971,-3.75355,-7.31715,7.59902
7972,-4.12718,-8.04088,7.74802
7973,-4.53722,-8.82896,7.95627
7974,-4.98645,-9.68379,8.235
7975,-5.47756,-10.6066,8.59734
7976,-6.01302,-11.5967,9.05848
7977,-6.59489,-12.651,9.63574
7978,-7.22458,-13.763,10.3485
7979,-7.90253,-14.9217,11.2177
7980,-8.62784,-16.1104,12.2656
7981,-9.39777,-17.3054,13.5142
7982,-10.2072,-18.4749,14.9839
7983,-11.048,-19.5778,16.6908
7984,-11.9086,-20.5639,18.6435
7985,-12.7731,-21.3741,20.8397
7986,-13.6213,-21.9432,23.2613
7987,-14.4286,-22.204,25.8712
7988,-15.1663,-22.0941,28.6104
7989,-15.8034,-21.5634,31.398
7990,-16.3077,-20.5839,34.1342
7991,-16.6491,-19.1571,36.7083
7992,-16.8019,-17.3191,39.0091
7993,-16.748,-15.1401,40.9385
7994,-16.4794,-12.7191,42.4239
7995,-15.9988,-10.1721,43.4271
7996,-15.3204,-7.61828,43.9477
7997,-14.4677,-5.16653,44.0201
7998,-13.4714,-2.90439,43.7057
7999,-12.3663,-0.892321,43.0817
