t,distance
0,9.52788e-008
0.01,9.97035e-008
0.02,1.10639e-007
0.03,1.2587e-007
0.04,1.44109e-007
0.05,1.64803e-007
0.06,1.87832e-007
0.07,2.13316e-007
0.08,2.41506e-007
0.09,2.72735e-007
0.1,3.0739e-007
0.11,3.45897e-007
0.12,3.88714e-007
0.13,4.36329e-007
0.14,4.89245e-007
0.15,5.47974e-007
0.16,6.13021e-007
0.17,6.84852e-007
0.18,7.63865e-007
0.19,8.50332e-007
0.2,9.44336e-007
0.21,1.04568e-006
0.22,1.15378e-006
0.23,1.26753e-006
0.24,1.3852e-006
0.25,1.5043e-006
0.26,1.62154e-006
0.27,1.73285e-006
0.28,1.83364e-006
0.29,1.91912e-006
0.3,1.98496e-006
0.31,2.02787e-006
0.32,2.04621e-006
0.33,2.0402e-006
0.34,2.01169e-006
0.35,1.96352e-006
0.36,1.8987e-006
0.37,1.81993e-006
0.38,1.72946e-006
0.39,1.62934e-006
0.4,1.52174e-006
0.41,1.40911e-006
0.42,1.29411e-006
0.43,1.17941e-006
0.44,1.06748e-006
0.45,9.60359e-007
0.46,8.59593e-007
0.47,7.66215e-007
0.48,6.80793e-007
0.49,6.03513e-007
0.5,5.34269e-007
0.51,4.72752e-007
0.52,4.18523e-007
0.53,3.71076e-007
0.54,3.29879e-007
0.55,2.94408e-007
0.56,2.64161e-007
0.57,2.38665e-007
0.58,2.1747e-007
0.59,2.00142e-007
0.6,1.86249e-007
0.61,1.75356e-007
0.62,1.67021e-007
0.63,1.60803e-007
0.64,1.5628e-007
0.65,1.5306e-007
0.66,1.50794e-007
0.67,1.49187e-007
0.68,1.47999e-007
0.69,1.47037e-007
0.7,1.46158e-007
0.71,1.45256e-007
0.72,1.44257e-007
0.73,1.43115e-007
0.74,1.41802e-007
0.75,1.40308e-007
0.76,1.38634e-007
0.77,1.36791e-007
0.78,1.34795e-007
0.79,1.3267e-007
0.8,1.30443e-007
0.81,1.28145e-007
0.82,1.2581e-007
0.83,1.23476e-007
0.84,1.21183e-007
0.85,1.18976e-007
0.86,1.16903e-007
0.87,1.15015e-007
0.88,1.13366e-007
0.89,1.12014e-007
0.9,1.11017e-007
0.91,1.10431e-007
0.92,1.10312e-007
0.93,1.10707e-007
0.94,1.11655e-007
0.95,1.13182e-007
0.96,1.15302e-007
0.97,1.18012e-007
0.98,1.21292e-007
0.99,1.25108e-007
1,1.2941e-007
1.01,1.34139e-007
1.02,1.3922e-007
1.03,1.44571e-007
1.04,1.50105e-007
1.05,1.55724e-007
1.06,1.6133e-007
1.07,1.6682e-007
1.08,1.7209e-007
1.09,1.77036e-007
1.1,1.81559e-007
1.11,1.85565e-007
1.12,1.88969e-007
1.13,1.91697e-007
1.14,1.93694e-007
1.15,1.94924e-007
1.16,1.95374e-007
1.17,1.95058e-007
1.18,1.94019e-007
1.19,1.92331e-007
1.2,1.90097e-007
1.21,1.87447e-007
1.22,1.84531e-007
1.23,1.81514e-007
1.24,1.78563e-007
1.25,1.75835e-007
1.26,1.73464e-007
1.27,1.7155e-007
1.28,1.70149e-007
1.29,1.6927e-007
1.3,1.68879e-007
1.31,1.68901e-007
1.32,1.69236e-007
1.33,1.69771e-007
1.34,1.70386e-007
1.35,1.70973e-007
1.36,1.71436e-007
1.37,1.71696e-007
1.38,1.71695e-007
1.39,1.71396e-007
1.4,1.70778e-007
1.41,1.69836e-007
1.42,1.68577e-007
1.43,1.67018e-007
1.44,1.65184e-007
1.45,1.63104e-007
1.46,1.60809e-007
1.47,1.58334e-007
1.48,1.55711e-007
1.49,1.52976e-007
1.5,1.5016e-007
1.51,1.47298e-007
1.52,1.44422e-007
1.53,1.41565e-007
1.54,1.38764e-007
1.55,1.36055e-007
1.56,1.33477e-007
1.57,1.31075e-007
1.58,1.28896e-007
1.59,1.26991e-007
1.6,1.25415e-007
1.61,1.24226e-007
1.62,1.23485e-007
1.63,1.2325e-007
1.64,1.23577e-007
1.65,1.24514e-007
1.66,1.261e-007
1.67,1.28361e-007
1.68,1.31308e-007
1.69,1.34935e-007
1.7,1.39218e-007
1.71,1.44119e-007
1.72,1.49582e-007
1.73,1.55538e-007
1.74,1.61905e-007
1.75,1.68591e-007
1.76,1.75493e-007
1.77,1.825e-007
1.78,1.89494e-007
1.79,1.96354e-007
1.8,2.02953e-007
1.81,2.09163e-007
1.82,2.14861e-007
1.83,2.19927e-007
1.84,2.24252e-007
1.85,2.27743e-007
1.86,2.30325e-007
1.87,2.31951e-007
1.88,2.32603e-007
1.89,2.32298e-007
1.9,2.31091e-007
1.91,2.29079e-007
1.92,2.26395e-007
1.93,2.23205e-007
1.94,2.19702e-007
1.95,2.16093e-007
1.96,2.12583e-007
1.97,2.09358e-007
1.98,2.06569e-007
1.99,2.04321e-007
2,2.02657e-007
2.01,2.01564e-007
2.02,2.00976e-007
2.03,2.00787e-007
2.04,2.00867e-007
2.05,2.01074e-007
2.06,2.01277e-007
2.07,2.01354e-007
2.08,2.01211e-007
2.09,2.00775e-007
2.1,2.00001e-007
2.11,1.98865e-007
2.12,1.97364e-007
2.13,1.9551e-007
2.14,1.93328e-007
2.15,1.90852e-007
2.16,1.88119e-007
2.17,1.85171e-007
2.18,1.82049e-007
2.19,1.78792e-007
2.2,1.75441e-007
2.21,1.72031e-007
2.22,1.68596e-007
2.23,1.65171e-007
2.24,1.61786e-007
2.25,1.58474e-007
2.26,1.55268e-007
2.27,1.52203e-007
2.28,1.49318e-007
2.29,1.46656e-007
2.3,1.44263e-007
2.31,1.42192e-007
2.32,1.405e-007
2.33,1.3925e-007
2.34,1.38507e-007
2.35,1.38336e-007
2.36,1.38802e-007
2.37,1.39962e-007
2.38,1.41866e-007
2.39,1.44552e-007
2.4,1.48041e-007
2.41,1.52338e-007
2.42,1.57428e-007
2.43,1.6328e-007
2.44,1.69842e-007
2.45,1.77049e-007
2.46,1.84815e-007
2.47,1.93046e-007
2.48,2.01629e-007
2.49,2.10441e-007
2.5,2.19348e-007
2.51,2.28206e-007
2.52,2.36861e-007
2.53,2.45156e-007
2.54,2.52931e-007
2.55,2.60025e-007
2.56,2.66288e-007
2.57,2.7158e-007
2.58,2.75784e-007
2.59,2.7881e-007
2.6,2.80604e-007
2.61,2.81156e-007
2.62,2.80502e-007
2.63,2.78735e-007
2.64,2.75998e-007
2.65,2.72482e-007
2.66,2.68421e-007
2.67,2.6407e-007
2.68,2.59692e-007
2.69,2.55533e-007
2.7,2.51798e-007
2.71,2.48633e-007
2.72,2.4611e-007
2.73,2.44228e-007
2.74,2.42913e-007
2.75,2.42043e-007
2.76,2.41462e-007
2.77,2.41e-007
2.78,2.405e-007
2.79,2.39822e-007
2.8,2.38858e-007
2.81,2.37531e-007
2.82,2.35799e-007
2.83,2.33646e-007
2.84,2.31082e-007
2.85,2.28136e-007
2.86,2.24849e-007
2.87,2.2127e-007
2.88,2.17455e-007
2.89,2.13455e-007
2.9,2.09325e-007
2.91,2.05112e-007
2.92,2.0086e-007
2.93,1.96608e-007
2.94,1.92393e-007
2.95,1.88243e-007
2.96,1.84189e-007
2.97,1.80258e-007
2.98,1.76476e-007
2.99,1.72872e-007
3,1.69477e-007
3.01,1.66328e-007
3.02,1.63465e-007
3.03,1.60936e-007
3.04,1.58794e-007
3.05,1.571e-007
3.06,1.5592e-007
3.07,1.55326e-007
3.08,1.55393e-007
3.09,1.56193e-007
3.1,1.57796e-007
3.11,1.60265e-007
3.12,1.63648e-007
3.13,1.6798e-007
3.14,1.73278e-007
3.15,1.7954e-007
3.16,1.86742e-007
3.17,1.94843e-007
3.18,2.0378e-007
3.19,2.13472e-007
3.2,2.23821e-007
3.21,2.34709e-007
3.22,2.46002e-007
3.23,2.57548e-007
3.24,2.6918e-007
3.25,2.80713e-007
3.26,2.91951e-007
3.27,3.02688e-007
3.28,3.12711e-007
3.29,3.2181e-007
3.3,3.29783e-007
3.31,3.36446e-007
3.32,3.41644e-007
3.33,3.45266e-007
3.34,3.47252e-007
3.35,3.47606e-007
3.36,3.46403e-007
3.37,3.43792e-007
3.38,3.39995e-007
3.39,3.35294e-007
3.4,3.30015e-007
3.41,3.24501e-007
3.42,3.19079e-007
3.43,3.14032e-007
3.44,3.09566e-007
3.45,3.05791e-007
3.46,3.02717e-007
3.47,3.00264e-007
3.48,2.98282e-007
3.49,2.96579e-007
3.5,2.94952e-007
3.51,2.9321e-007
3.52,2.91195e-007
3.53,2.8879e-007
3.54,2.8592e-007
3.55,2.82555e-007
3.56,2.78701e-007
3.57,2.74392e-007
3.58,2.69684e-007
3.59,2.64646e-007
3.6,2.59353e-007
3.61,2.5388e-007
3.62,2.483e-007
3.63,2.42678e-007
3.64,2.37074e-007
3.65,2.31534e-007
3.66,2.261e-007
3.67,2.20805e-007
3.68,2.15673e-007
3.69,2.10727e-007
3.7,2.05983e-007
3.71,2.01458e-007
3.72,1.9717e-007
3.73,1.93138e-007
3.74,1.89386e-007
3.75,1.85942e-007
3.76,1.82843e-007
3.77,1.80134e-007
3.78,1.77867e-007
3.79,1.76104e-007
3.8,1.74917e-007
3.81,1.74382e-007
3.82,1.74584e-007
3.83,1.75609e-007
3.84,1.77542e-007
3.85,1.80464e-007
3.86,1.84447e-007
3.87,1.89548e-007
3.88,1.95811e-007
3.89,2.03258e-007
3.9,2.11893e-007
3.91,2.21697e-007
3.92,2.32631e-007
3.93,2.44634e-007
3.94,2.57622e-007
3.95,2.71491e-007
3.96,2.8611e-007
3.97,3.01328e-007
3.98,3.16964e-007
3.99,3.32815e-007
4,3.48649e-007
4.01,3.6421e-007
4.02,3.79222e-007
4.03,3.93392e-007
4.04,4.06422e-007
4.05,4.18015e-007
4.06,4.27895e-007
4.07,4.35819e-007
4.08,4.416e-007
4.09,4.45124e-007
4.1,4.46368e-007
4.11,4.45415e-007
4.12,4.42456e-007
4.13,4.3779e-007
4.14,4.31806e-007
4.15,4.24951e-007
4.16,4.17693e-007
4.17,4.10469e-007
4.18,4.03637e-007
4.19,3.97439e-007
4.2,3.91979e-007
4.21,3.87226e-007
4.22,3.83034e-007
4.23,3.79186e-007
4.24,3.75431e-007
4.25,3.71526e-007
4.26,3.67269e-007
4.27,3.6251e-007
4.28,3.57163e-007
4.29,3.51201e-007
4.3,3.44651e-007
4.31,3.37577e-007
4.32,3.30071e-007
4.33,3.22244e-007
4.34,3.14209e-007
4.35,3.06077e-007
4.36,2.97951e-007
4.37,2.89923e-007
4.38,2.82066e-007
4.39,2.7444e-007
4.4,2.67088e-007
4.41,2.60041e-007
4.42,2.53318e-007
4.43,2.46926e-007
4.44,2.4087e-007
4.45,2.35146e-007
4.46,2.29752e-007
4.47,2.24685e-007
4.48,2.19948e-007
4.49,2.15544e-007
4.5,2.11486e-007
4.51,2.07794e-007
4.52,2.04499e-007
4.53,2.01639e-007
4.54,1.99265e-007
4.55,1.97439e-007
4.56,1.96235e-007
4.57,1.95737e-007
4.58,1.96037e-007
4.59,1.97237e-007
4.6,1.9944e-007
4.61,2.02751e-007
4.62,2.07272e-007
4.63,2.13096e-007
4.64,2.20304e-007
4.65,2.28962e-007
4.66,2.3912e-007
4.67,2.50808e-007
4.68,2.64037e-007
4.69,2.78796e-007
4.7,2.95053e-007
4.71,3.12749e-007
4.72,3.31803e-007
4.73,3.52102e-007
4.74,3.73499e-007
4.75,3.95814e-007
4.76,4.1882e-007
4.77,4.4225e-007
4.78,4.65787e-007
4.79,4.89068e-007
4.8,5.11686e-007
4.81,5.33197e-007
4.82,5.53133e-007
4.83,5.71019e-007
4.84,5.864e-007
4.85,5.98869e-007
4.86,6.08103e-007
4.87,6.13899e-007
4.88,6.16203e-007
4.89,6.15139e-007
4.9,6.11012e-007
4.91,6.04299e-007
4.92,5.9561e-007
4.93,5.8563e-007
4.94,5.75037e-007
4.95,5.64423e-007
4.96,5.54219e-007
4.97,5.44655e-007
4.98,5.35752e-007
4.99,5.27355e-007
5,5.19193e-007
5.01,5.10951e-007
5.02,5.02327e-007
5.03,4.93083e-007
5.04,4.83069e-007
5.05,4.72228e-007
5.06,4.60592e-007
5.07,4.48261e-007
5.08,4.35387e-007
5.09,4.22148e-007
5.1,4.08736e-007
5.11,3.95338e-007
5.12,3.82123e-007
5.13,3.69241e-007
5.14,3.56811e-007
5.15,3.44925e-007
5.16,3.33644e-007
5.17,3.23005e-007
5.18,3.13021e-007
5.19,3.03686e-007
5.2,2.94978e-007
5.21,2.86868e-007
5.22,2.79317e-007
5.23,2.72286e-007
5.24,2.65735e-007
5.25,2.59628e-007
5.26,2.53934e-007
5.27,2.48628e-007
5.28,2.43693e-007
5.29,2.3912e-007
5.3,2.34911e-007
5.31,2.31076e-007
5.32,2.27638e-007
5.33,2.2463e-007
5.34,2.22096e-007
5.35,2.20095e-007
5.36,2.18695e-007
5.37,2.17979e-007
5.38,2.18043e-007
5.39,2.18993e-007
5.4,2.20947e-007
5.41,2.24029e-007
5.42,2.28372e-007
5.43,2.34109e-007
5.44,2.41373e-007
5.45,2.50296e-007
5.46,2.61001e-007
5.47,2.73605e-007
5.48,2.88215e-007
5.49,3.0493e-007
5.5,3.23835e-007
5.51,3.45007e-007
5.52,3.68508e-007
5.53,3.94385e-007
5.54,4.22666e-007
5.55,4.53353e-007
5.56,4.86415e-007
5.57,5.21782e-007
5.58,5.59331e-007
5.59,5.98873e-007
5.6,6.40143e-007
5.61,6.82785e-007
5.62,7.2634e-007
5.63,7.70233e-007
5.64,8.13772e-007
5.65,8.56149e-007
5.66,8.96456e-007
5.67,9.33712e-007
5.68,9.66909e-007
5.69,9.95076e-007
5.7,1.01736e-006
5.71,1.03311e-006
5.72,1.04199e-006
5.73,1.044e-006
5.74,1.03958e-006
5.75,1.02952e-006
5.76,1.01493e-006
5.77,9.97084e-007
5.78,9.7723e-007
5.79,9.56413e-007
5.8,9.35338e-007
5.81,9.14318e-007
5.82,8.93307e-007
5.83,8.7201e-007
5.84,8.50028e-007
5.85,8.26981e-007
5.86,8.02614e-007
5.87,7.76835e-007
5.88,7.49728e-007
5.89,7.21518e-007
5.9,6.92541e-007
5.91,6.63188e-007
5.92,6.33875e-007
5.93,6.05e-007
5.94,5.76923e-007
5.95,5.49949e-007
5.96,5.24321e-007
5.97,5.00212e-007
5.98,4.77732e-007
5.99,4.5693e-007
6,4.37802e-007
6.01,4.20302e-007
6.02,4.04346e-007
6.03,3.89827e-007
6.04,3.76623e-007
6.05,3.64602e-007
6.06,3.53632e-007
6.07,3.43584e-007
6.08,3.34338e-007
6.09,3.25783e-007
6.1,3.17822e-007
6.11,3.10368e-007
6.12,3.03346e-007
6.13,2.96695e-007
6.14,2.90361e-007
6.15,2.843e-007
6.16,2.78476e-007
6.17,2.7286e-007
6.18,2.67428e-007
6.19,2.6216e-007
6.2,2.57041e-007
6.21,2.52058e-007
6.22,2.472e-007
6.23,2.42458e-007
6.24,2.37826e-007
6.25,2.33295e-007
6.26,2.28861e-007
6.27,2.24519e-007
6.28,2.20263e-007
6.29,2.16088e-007
6.3,2.1199e-007
6.31,2.07965e-007
6.32,2.04007e-007
6.33,2.00113e-007
6.34,1.96278e-007
6.35,1.92498e-007
6.36,1.8877e-007
6.37,1.85092e-007
6.38,1.81464e-007
6.39,1.77888e-007
6.4,1.7437e-007
6.41,1.7092e-007
6.42,1.67557e-007
6.43,1.64306e-007
6.44,1.61209e-007
6.45,1.5832e-007
6.46,1.55715e-007
6.47,1.53497e-007
6.48,1.51794e-007
6.49,1.50768e-007
6.5,1.50613e-007
6.51,1.51549e-007
6.52,1.53809e-007
6.53,1.5762e-007
6.54,1.6318e-007
6.55,1.70629e-007
6.56,1.80025e-007
6.57,1.91328e-007
6.58,2.04389e-007
6.59,2.18954e-007
6.6,2.34662e-007
6.61,2.51057e-007
6.62,2.676e-007
6.63,2.83697e-007
6.64,2.98728e-007
6.65,3.12094e-007
6.66,3.23268e-007
6.67,3.31851e-007
6.68,3.37619e-007
6.69,3.40547e-007
6.7,3.40811e-007
6.71,3.38745e-007
6.72,3.34784e-007
6.73,3.29383e-007
6.74,3.22946e-007
6.75,3.15781e-007
6.76,3.08085e-007
6.77,2.99958e-007
6.78,2.9144e-007
6.79,2.82545e-007
6.8,2.7329e-007
6.81,2.63716e-007
6.82,2.53892e-007
6.83,2.4391e-007
6.84,2.3388e-007
6.85,2.23922e-007
6.86,2.14155e-007
6.87,2.04695e-007
6.88,1.95644e-007
6.89,1.87095e-007
6.9,1.79129e-007
6.91,1.7181e-007
6.92,1.65193e-007
6.93,1.59321e-007
6.94,1.54225e-007
6.95,1.49928e-007
6.96,1.46445e-007
6.97,1.43783e-007
6.98,1.41943e-007
6.99,1.40918e-007
7,1.407e-007
7.01,1.41275e-007
7.02,1.42628e-007
7.03,1.44743e-007
7.04,1.47603e-007
7.05,1.51195e-007
7.06,1.55506e-007
7.07,1.60527e-007
7.08,1.6625e-007
7.09,1.72674e-007
7.1,1.79798e-007
7.11,1.87626e-007
7.12,1.96164e-007
7.13,2.05422e-007
7.14,2.15409e-007
7.15,2.26135e-007
7.16,2.37611e-007
7.17,2.49847e-007
7.18,2.62848e-007
7.19,2.76616e-007
7.2,2.91146e-007
7.21,3.06425e-007
7.22,3.2243e-007
7.23,3.39124e-007
7.24,3.56454e-007
7.25,3.74346e-007
7.26,3.92706e-007
7.27,4.11411e-007
7.28,4.30311e-007
7.29,4.49222e-007
7.3,4.67927e-007
7.31,4.86174e-007
7.32,5.03677e-007
7.33,5.20122e-007
7.34,5.35173e-007
7.35,5.48485e-007
7.36,5.59718e-007
7.37,5.68561e-007
7.38,5.74756e-007
7.39,5.78128e-007
7.4,5.78614e-007
7.41,5.76287e-007
7.42,5.71376e-007
7.43,5.64264e-007
7.44,5.55473e-007
7.45,5.45621e-007
7.46,5.35354e-007
7.47,5.25265e-007
7.48,5.15813e-007
7.49,5.07259e-007
7.5,4.99636e-007
7.51,4.92767e-007
7.52,4.86321e-007
7.53,4.79892e-007
7.54,4.7308e-007
7.55,4.65553e-007
7.56,4.57089e-007
7.57,4.4759e-007
7.58,4.37078e-007
7.59,4.25673e-007
7.6,4.1357e-007
7.61,4.01008e-007
7.62,3.88248e-007
7.63,3.75545e-007
7.64,3.63138e-007
7.65,3.51236e-007
7.66,3.4001e-007
7.67,3.2959e-007
7.68,3.20069e-007
7.69,3.11503e-007
7.7,3.03919e-007
7.71,2.97321e-007
7.72,2.91693e-007
7.73,2.87015e-007
7.74,2.83258e-007
7.75,2.80399e-007
7.76,2.78419e-007
7.77,2.77311e-007
7.78,2.77077e-007
7.79,2.77732e-007
7.8,2.79305e-007
7.81,2.81836e-007
7.82,2.85376e-007
7.83,2.89989e-007
7.84,2.95745e-007
7.85,3.02725e-007
7.86,3.11013e-007
7.87,3.20703e-007
7.88,3.3189e-007
7.89,3.44677e-007
7.9,3.59171e-007
7.91,3.75482e-007
7.92,3.93727e-007
7.93,4.14028e-007
7.94,4.36515e-007
7.95,4.61323e-007
7.96,4.88596e-007
7.97,5.18487e-007
7.98,5.51155e-007
7.99,5.86768e-007
8,6.25502e-007
8.01,6.67537e-007
8.02,7.13056e-007
8.03,7.62244e-007
8.04,8.15279e-007
8.05,8.72332e-007
8.06,9.33553e-007
8.07,9.99068e-007
8.08,1.06896e-006
8.09,1.14327e-006
8.1,1.22194e-006
8.11,1.30487e-006
8.12,1.39179e-006
8.13,1.48232e-006
8.14,1.57592e-006
8.15,1.67184e-006
8.16,1.76909e-006
8.17,1.86647e-006
8.18,1.9625e-006
8.19,2.05546e-006
8.2,2.1434e-006
8.21,2.2242e-006
8.22,2.2957e-006
8.23,2.35576e-006
8.24,2.40252e-006
8.25,2.43454e-006
8.26,2.45101e-006
8.27,2.45196e-006
8.28,2.43833e-006
8.29,2.41195e-006
8.3,2.37538e-006
8.31,2.3316e-006
8.32,2.28356e-006
8.33,2.23374e-006
8.34,2.1838e-006
8.35,2.13443e-006
8.36,2.0854e-006
8.37,2.03585e-006
8.38,1.98465e-006
8.39,1.93076e-006
8.4,1.87349e-006
8.41,1.81259e-006
8.42,1.74831e-006
8.43,1.68127e-006
8.44,1.61241e-006
8.45,1.5428e-006
8.46,1.47357e-006
8.47,1.40579e-006
8.48,1.34042e-006
8.49,1.27827e-006
8.5,1.21996e-006
8.51,1.16591e-006
8.52,1.11637e-006
8.53,1.07142e-006
8.54,1.03099e-006
8.55,9.94919e-007
8.56,9.62931e-007
8.57,9.34707e-007
8.58,9.09899e-007
8.59,8.88152e-007
8.6,8.69126e-007
8.61,8.52506e-007
8.62,8.38017e-007
8.63,8.25426e-007
8.64,8.14546e-007
8.65,8.05231e-007
8.66,7.9738e-007
8.67,7.90933e-007
8.68,7.85864e-007
8.69,7.8218e-007
8.7,7.79917e-007
8.71,7.7914e-007
8.72,7.79936e-007
8.73,7.82414e-007
8.74,7.86702e-007
8.75,7.92948e-007
8.76,8.01316e-007
8.77,8.11985e-007
8.78,8.25151e-007
8.79,8.41021e-007
8.8,8.59816e-007
8.81,8.81772e-007
8.82,9.07135e-007
8.83,9.36163e-007
8.84,9.69129e-007
8.85,1.00632e-006
8.86,1.04802e-006
8.87,1.09456e-006
8.88,1.14626e-006
8.89,1.20345e-006
8.9,1.26649e-006
8.91,1.33576e-006
8.92,1.41164e-006
8.93,1.49451e-006
8.94,1.58478e-006
8.95,1.68285e-006
8.96,1.78911e-006
8.97,1.90392e-006
8.98,2.02761e-006
8.99,2.16045e-006
9,2.30262e-006
9.01,2.45419e-006
9.02,2.61506e-006
9.03,2.78493e-006
9.04,2.9632e-006
9.05,3.14898e-006
9.06,3.34096e-006
9.07,3.53734e-006
9.08,3.7358e-006
9.09,3.93341e-006
9.1,4.12664e-006
9.11,4.31135e-006
9.12,4.48292e-006
9.13,4.63642e-006
9.14,4.76686e-006
9.15,4.86966e-006
9.16,4.94108e-006
9.17,4.97876e-006
9.18,4.9822e-006
9.19,4.95304e-006
9.2,4.89506e-006
9.21,4.81375e-006
9.22,4.71552e-006
9.23,4.6066e-006
9.24,4.49198e-006
9.25,4.37468e-006
9.26,4.25555e-006
9.27,4.13373e-006
9.28,4.00744e-006
9.29,3.87489e-006
9.3,3.73494e-006
9.31,3.58754e-006
9.32,3.43372e-006
9.33,3.2754e-006
9.34,3.11514e-006
9.35,2.95574e-006
9.36,2.80002e-006
9.37,2.65053e-006
9.38,2.50945e-006
9.39,2.3785e-006
9.4,2.25888e-006
9.41,2.15129e-006
9.42,2.05596e-006
9.43,1.97267e-006
9.44,1.90091e-006
9.45,1.83986e-006
9.46,1.78854e-006
9.47,1.74588e-006
9.48,1.71077e-006
9.49,1.68215e-006
9.5,1.65906e-006
9.51,1.64063e-006
9.52,1.62612e-006
9.53,1.61492e-006
9.54,1.60654e-006
9.55,1.6006e-006
9.56,1.59681e-006
9.57,1.59497e-006
9.58,1.59494e-006
9.59,1.59664e-006
9.6,1.60002e-006
9.61,1.60508e-006
9.62,1.61182e-006
9.63,1.62027e-006
9.64,1.63047e-006
9.65,1.64244e-006
9.66,1.65624e-006
9.67,1.67187e-006
9.68,1.68937e-006
9.69,1.70872e-006
9.7,1.7299e-006
9.71,1.75288e-006
9.72,1.77758e-006
9.73,1.80388e-006
9.74,1.83164e-006
9.75,1.86067e-006
9.76,1.8907e-006
9.77,1.92143e-006
9.78,1.9525e-006
9.79,1.98346e-006
9.8,2.01379e-006
9.81,2.0429e-006
9.82,2.07012e-006
9.83,2.09472e-006
9.84,2.11592e-006
9.85,2.13288e-006
9.86,2.1448e-006
9.87,2.15089e-006
9.88,2.15049e-006
9.89,2.1431e-006
9.9,2.12851e-006
9.91,2.10685e-006
9.92,2.07872e-006
9.93,2.04522e-006
9.94,2.00803e-006
9.95,1.96925e-006
9.96,1.93137e-006
9.97,1.89685e-006
9.98,1.86785e-006
9.99,1.84577e-006
10,1.83095e-006
10.01,1.82257e-006
10.02,1.81876e-006
10.03,1.81699e-006
10.04,1.81453e-006
10.05,1.80893e-006
10.06,1.79835e-006
10.07,1.78175e-006
10.08,1.75896e-006
10.09,1.73052e-006
10.1,1.69757e-006
10.11,1.66164e-006
10.12,1.62439e-006
10.13,1.58749e-006
10.14,1.55244e-006
10.15,1.52047e-006
10.16,1.49251e-006
10.17,1.46916e-006
10.18,1.45072e-006
10.19,1.43724e-006
10.2,1.42861e-006
10.21,1.42457e-006
10.22,1.42486e-006
10.23,1.42919e-006
10.24,1.43731e-006
10.25,1.44905e-006
10.26,1.4643e-006
10.27,1.48305e-006
10.28,1.50535e-006
10.29,1.53132e-006
10.3,1.56117e-006
10.31,1.59515e-006
10.32,1.63354e-006
10.33,1.67668e-006
10.34,1.72495e-006
10.35,1.77875e-006
10.36,1.83851e-006
10.37,1.9047e-006
10.38,1.9778e-006
10.39,2.05836e-006
10.4,2.14693e-006
10.41,2.24412e-006
10.42,2.35059e-006
10.43,2.46705e-006
10.44,2.59425e-006
10.45,2.73305e-006
10.46,2.88435e-006
10.47,3.04915e-006
10.48,3.22852e-006
10.49,3.42365e-006
10.5,3.63582e-006
10.51,3.86644e-006
10.52,4.11704e-006
10.53,4.38926e-006
10.54,4.68491e-006
10.55,5.00592e-006
10.56,5.35441e-006
10.57,5.73261e-006
10.58,6.14295e-006
10.59,6.58799e-006
10.6,7.07046e-006
10.61,7.59324e-006
10.62,8.15932e-006
10.63,8.77179e-006
10.64,9.43379e-006
10.65,1.01485e-005
10.66,1.09189e-005
10.67,1.17479e-005
10.68,1.26381e-005
10.69,1.35915e-005
10.7,1.46094e-005
10.71,1.56921e-005
10.72,1.68388e-005
10.73,1.80466e-005
10.74,1.93108e-005
10.75,2.0624e-005
10.76,2.19755e-005
10.77,2.33511e-005
10.78,2.47326e-005
10.79,2.60973e-005
10.8,2.74186e-005
10.81,2.86658e-005
10.82,2.98057e-005
10.83,3.08039e-005
10.84,3.16278e-005
10.85,3.22488e-005
10.86,3.2647e-005
10.87,3.28134e-005
10.88,3.27529e-005
10.89,3.24851e-005
10.9,3.20418e-005
10.91,3.14635e-005
10.92,3.07922e-005
10.93,3.00648e-005
10.94,2.93072e-005
10.95,2.85318e-005
10.96,2.77388e-005
10.97,2.69202e-005
10.98,2.6065e-005
10.99,2.51646e-005
11,2.42156e-005
11.01,2.3221e-005
11.02,2.21897e-005
11.03,2.11351e-005
11.04,2.00733e-005
11.05,1.90208e-005
11.06,1.7994e-005
11.07,1.70071e-005
11.08,1.60722e-005
11.09,1.51984e-005
11.1,1.43921e-005
11.11,1.3657e-005
11.12,1.29941e-005
11.13,1.24022e-005
11.14,1.18782e-005
11.15,1.14179e-005
11.16,1.10156e-005
11.17,1.06654e-005
11.18,1.03611e-005
11.19,1.00964e-005
11.2,9.86575e-006
11.21,9.66375e-006
11.22,9.4858e-006
11.23,9.32788e-006
11.24,9.18663e-006
11.25,9.05925e-006
11.26,8.94347e-006
11.27,8.8375e-006
11.28,8.73991e-006
11.29,8.6496e-006
11.3,8.5657e-006
11.31,8.48755e-006
11.32,8.41462e-006
11.33,8.34649e-006
11.34,8.28281e-006
11.35,8.22324e-006
11.36,8.16747e-006
11.37,8.11516e-006
11.38,8.06595e-006
11.39,8.01941e-006
11.4,7.97505e-006
11.41,7.93233e-006
11.42,7.89057e-006
11.43,7.84904e-006
11.44,7.80688e-006
11.45,7.76314e-006
11.46,7.71674e-006
11.47,7.66655e-006
11.48,7.61136e-006
11.49,7.54991e-006
11.5,7.48099e-006
11.51,7.40347e-006
11.52,7.31642e-006
11.53,7.21927e-006
11.54,7.11194e-006
11.55,6.99508e-006
11.56,6.87032e-006
11.57,6.74051e-006
11.58,6.60996e-006
11.59,6.48457e-006
11.6,6.37176e-006
11.61,6.28013e-006
11.62,6.21858e-006
11.63,6.1951e-006
11.64,6.21515e-006
11.65,6.28023e-006
11.66,6.38689e-006
11.67,6.52675e-006
11.68,6.68746e-006
11.69,6.85443e-006
11.7,7.01281e-006
11.71,7.1493e-006
11.72,7.25368e-006
11.73,7.31962e-006
11.74,7.34501e-006
11.75,7.33169e-006
11.76,7.28477e-006
11.77,7.21158e-006
11.78,7.12055e-006
11.79,7.02014e-006
11.8,6.9179e-006
11.81,6.81986e-006
11.82,6.7303e-006
11.83,6.65171e-006
11.84,6.58512e-006
11.85,6.53043e-006
11.86,6.48687e-006
11.87,6.45341e-006
11.88,6.42901e-006
11.89,6.41288e-006
11.9,6.40454e-006
11.91,6.40393e-006
11.92,6.41134e-006
11.93,6.42739e-006
11.94,6.45298e-006
11.95,6.48923e-006
11.96,6.5374e-006
11.97,6.59888e-006
11.98,6.6751e-006
11.99,6.76753e-006
12,6.87767e-006
12.01,7.00703e-006
12.02,7.15711e-006
12.03,7.32945e-006
12.04,7.52559e-006
12.05,7.74716e-006
12.06,7.99583e-006
12.07,8.27338e-006
12.08,8.58171e-006
12.09,8.92287e-006
12.1,9.29908e-006
12.11,9.71279e-006
12.12,1.01667e-005
12.13,1.06637e-005
12.14,1.1207e-005
12.15,1.18004e-005
12.16,1.24476e-005
12.17,1.3153e-005
12.18,1.39214e-005
12.19,1.47582e-005
12.2,1.5669e-005
12.21,1.66603e-005
12.22,1.77391e-005
12.23,1.89129e-005
12.24,2.01903e-005
12.25,2.15804e-005
12.26,2.30934e-005
12.27,2.47402e-005
12.28,2.65329e-005
12.29,2.84846e-005
12.3,3.06095e-005
12.31,3.29231e-005
12.32,3.54423e-005
12.33,3.81852e-005
12.34,4.11713e-005
12.35,4.44216e-005
12.36,4.79585e-005
12.37,5.18057e-005
12.38,5.59881e-005
12.39,6.05318e-005
12.4,6.54636e-005
12.41,7.08105e-005
12.42,7.65993e-005
12.43,8.28555e-005
12.44,8.96026e-005
12.45,9.68602e-005
12.46,0.000104642
12.47,0.000112955
12.48,0.000121794
12.49,0.000131139
12.5,0.000140954
12.51,0.00015118
12.52,0.000161727
12.53,0.000172478
12.54,0.000183278
12.55,0.000193933
12.56,0.000204215
12.57,0.000213862
12.58,0.000222591
12.59,0.000230114
12.6,0.000236167
12.61,0.000240529
12.62,0.000243064
12.63,0.00024374
12.64,0.000242643
12.65,0.000239974
12.66,0.00023602
12.67,0.000231104
12.68,0.000225525
12.69,0.000219514
12.7,0.000213203
12.71,0.00020663
12.72,0.000199768
12.73,0.000192569
12.74,0.000184997
12.75,0.000177056
12.76,0.000168795
12.77,0.000160302
12.78,0.000151696
12.79,0.000143106
12.8,0.000134663
12.81,0.000126489
12.82,0.000118686
12.83,0.000111339
12.84,0.000104508
12.85,9.82339e-005
12.86,9.25354e-005
12.87,8.74136e-005
12.88,8.28535e-005
12.89,7.8827e-005
12.9,7.52959e-005
12.91,7.22147e-005
12.92,6.9534e-005
12.93,6.7203e-005
12.94,6.51717e-005
12.95,6.33931e-005
12.96,6.18239e-005
12.97,6.04257e-005
12.98,5.91651e-005
12.99,5.80135e-005
13,5.69471e-005
13.01,5.59459e-005
13.02,5.4994e-005
13.03,5.4078e-005
13.04,5.31873e-005
13.05,5.23135e-005
13.06,5.14497e-005
13.07,5.05907e-005
13.08,4.97321e-005
13.09,4.88711e-005
13.1,4.80055e-005
13.11,4.71346e-005
13.12,4.62587e-005
13.13,4.53796e-005
13.14,4.4501e-005
13.15,4.36287e-005
13.16,4.27714e-005
13.17,4.1941e-005
13.18,4.11534e-005
13.19,4.04294e-005
13.2,3.97945e-005
13.21,3.92796e-005
13.22,3.89205e-005
13.23,3.87562e-005
13.24,3.88269e-005
13.25,3.91706e-005
13.26,3.98185e-005
13.27,4.07907e-005
13.28,4.20924e-005
13.29,4.37113e-005
13.3,4.56171e-005
13.31,4.77623e-005
13.32,5.00846e-005
13.33,5.25101e-005
13.34,5.49571e-005
13.35,5.73397e-005
13.36,5.95731e-005
13.37,6.15776e-005
13.38,6.32839e-005
13.39,6.46377e-005
13.4,6.56038e-005
13.41,6.61693e-005
13.42,6.63448e-005
13.43,6.61634e-005
13.44,6.56777e-005
13.45,6.49543e-005
13.46,6.40668e-005
13.47,6.3088e-005
13.48,6.20824e-005
13.49,6.11005e-005
13.5,6.01757e-005
13.51,5.93236e-005
13.52,5.85449e-005
13.53,5.78286e-005
13.54,5.71574e-005
13.55,5.65121e-005
13.56,5.58749e-005
13.57,5.52321e-005
13.58,5.4575e-005
13.59,5.39004e-005
13.6,5.32096e-005
13.61,5.25081e-005
13.62,5.18044e-005
13.63,5.11086e-005
13.64,5.0432e-005
13.65,4.97861e-005
13.66,4.91819e-005
13.67,4.86295e-005
13.68,4.81382e-005
13.69,4.77159e-005
13.7,4.73693e-005
13.71,4.71039e-005
13.72,4.69244e-005
13.73,4.68344e-005
13.74,4.68371e-005
13.75,4.6935e-005
13.76,4.71306e-005
13.77,4.7426e-005
13.78,4.78236e-005
13.79,4.83257e-005
13.8,4.89352e-005
13.81,4.96549e-005
13.82,5.04884e-005
13.83,5.14392e-005
13.84,5.25116e-005
13.85,5.371e-005
13.86,5.50392e-005
13.87,5.65042e-005
13.88,5.81103e-005
13.89,5.98628e-005
13.9,6.17669e-005
13.91,6.38277e-005
13.92,6.60501e-005
13.93,6.84381e-005
13.94,7.09952e-005
13.95,7.37238e-005
13.96,7.66246e-005
13.97,7.96967e-005
13.98,8.29365e-005
13.99,8.6338e-005
14,8.9891e-005
14.01,9.35816e-005
14.02,9.73903e-005
14.03,0.000101292
14.04,0.000105255
14.05,0.000109239
14.06,0.000113197
14.07,0.000117073
14.08,0.000120802
14.09,0.000124311
14.1,0.000127521
14.11,0.000130349
14.12,0.000132712
14.13,0.00013453
14.14,0.000135739
14.15,0.000136289
14.16,0.000136161
14.17,0.000135371
14.18,0.000133973
14.19,0.000132064
14.2,0.000129775
14.21,0.000127265
14.22,0.000124693
14.23,0.0001222
14.24,0.000119885
14.25,0.000117787
14.26,0.000115886
14.27,0.000114107
14.28,0.000112349
14.29,0.000110503
14.3,0.000108478
14.31,0.000106214
14.32,0.00010369
14.33,0.000100918
14.34,9.79429e-005
14.35,9.48304e-005
14.36,9.16575e-005
14.37,8.85047e-005
14.38,8.54486e-005
14.39,8.25568e-005
14.4,7.98843e-005
14.41,7.74723e-005
14.42,7.53473e-005
14.43,7.35225e-005
14.44,7.19998e-005
14.45,7.07722e-005
14.46,6.98261e-005
14.47,6.91451e-005
14.48,6.87111e-005
14.49,6.85073e-005
14.5,6.85193e-005
14.51,6.87358e-005
14.52,6.91496e-005
14.53,6.97577e-005
14.54,7.05609e-005
14.55,7.15638e-005
14.56,7.27748e-005
14.57,7.4205e-005
14.58,7.58686e-005
14.59,7.77822e-005
14.6,7.99646e-005
14.61,8.24367e-005
14.62,8.52215e-005
14.63,8.83437e-005
14.64,9.18301e-005
14.65,9.57097e-005
14.66,0.000100014
14.67,0.000104776
14.68,0.000110033
14.69,0.000115824
14.7,0.000122194
14.71,0.000129189
14.72,0.000136862
14.73,0.00014527
14.74,0.000154476
14.75,0.000164549
14.76,0.000175566
14.77,0.00018761
14.78,0.000200775
14.79,0.000215162
14.8,0.000230885
14.81,0.000248066
14.82,0.000266845
14.83,0.00028737
14.84,0.000309809
14.85,0.000334345
14.86,0.000361179
14.87,0.000390533
14.88,0.00042265
14.89,0.000457799
14.9,0.000496273
14.91,0.000538394
14.92,0.000584517
14.93,0.000635025
14.94,0.000690341
14.95,0.000750922
14.96,0.000817265
14.97,0.000889906
14.98,0.000969423
14.99,0.00105643
15,0.00115159
15.01,0.00125558
15.02,0.00136913
15.03,0.00149296
15.04,0.00162779
15.05,0.00177435
15.06,0.00193327
15.07,0.00210512
15.08,0.0022903
15.09,0.002489
15.1,0.00270111
15.11,0.00292611
15.12,0.00316295
15.13,0.00340993
15.14,0.00366456
15.15,0.00392339
15.16,0.004182
15.17,0.00443488
15.18,0.00467556
15.19,0.00489683
15.2,0.00509114
15.21,0.00525126
15.22,0.005371
15.23,0.00544612
15.24,0.00547504
15.25,0.00545926
15.26,0.0054032
15.27,0.00531344
15.28,0.00519744
15.29,0.00506209
15.3,0.00491258
15.31,0.00475193
15.32,0.00458132
15.33,0.00440084
15.34,0.00421051
15.35,0.0040109
15.36,0.00380353
15.37,0.00359076
15.38,0.00337557
15.39,0.00316122
15.4,0.00295087
15.41,0.00274741
15.42,0.00255328
15.43,0.00237039
15.44,0.00220012
15.45,0.00204334
15.46,0.00190048
15.47,0.00177158
15.48,0.0016563
15.49,0.00155405
15.5,0.00146399
15.51,0.00138514
15.52,0.00131638
15.53,0.00125653
15.54,0.00120442
15.55,0.00115891
15.56,0.00111892
15.57,0.00108349
15.58,0.00105176
15.59,0.00102299
15.6,0.000996564
15.61,0.000971967
15.62,0.000948801
15.63,0.000926756
15.64,0.000905611
15.65,0.000885222
15.66,0.000865516
15.67,0.000846492
15.68,0.00082821
15.69,0.000810802
15.7,0.000794463
15.71,0.000779462
15.72,0.000766135
15.73,0.000754887
15.74,0.000746186
15.75,0.000740548
15.76,0.00073851
15.77,0.000740607
15.78,0.000747323
15.79,0.000759047
15.8,0.000776035
15.81,0.000798367
15.82,0.000825931
15.83,0.000858413
15.84,0.000895307
15.85,0.000935925
15.86,0.000979429
15.87,0.00102485
15.88,0.00107112
15.89,0.00111709
15.9,0.0011616
15.91,0.00120346
15.92,0.00124155
15.93,0.00127483
15.94,0.0013024
15.95,0.00132359
15.96,0.00133796
15.97,0.00134538
15.98,0.00134603
15.99,0.00134044
16,0.00132943
16.01,0.00131409
16.02,0.00129568
16.03,0.00127556
16.04,0.00125502
16.05,0.00123522
16.06,0.00121703
16.07,0.00120103
16.08,0.00118743
16.09,0.00117615
16.1,0.00116684
16.11,0.00115898
16.12,0.00115202
16.13,0.00114537
16.14,0.00113855
16.15,0.00113115
16.16,0.00112291
16.17,0.00111367
16.18,0.00110339
16.19,0.00109209
16.2,0.00107989
16.21,0.00106693
16.22,0.00105338
16.23,0.0010394
16.24,0.00102517
16.25,0.00101083
16.26,0.000996519
16.27,0.000982333
16.28,0.00096835
16.29,0.000954622
16.3,0.000941175
16.31,0.000928015
16.32,0.00091513
16.33,0.000902494
16.34,0.000890068
16.35,0.000877807
16.36,0.000865659
16.37,0.00085357
16.38,0.000841484
16.39,0.000829348
16.4,0.000817112
16.41,0.000804732
16.42,0.000792172
16.43,0.000779407
16.44,0.000766424
16.45,0.000753233
16.46,0.000739862
16.47,0.000726371
16.48,0.000712857
16.49,0.00069946
16.5,0.000686375
16.51,0.000673863
16.52,0.000662254
16.53,0.00065196
16.54,0.00064347
16.55,0.000637347
16.56,0.0006342
16.57,0.000634649
16.58,0.000639274
16.59,0.000648543
16.6,0.00066275
16.61,0.000681956
16.62,0.000705954
16.63,0.000734262
16.64,0.000766138
16.65,0.000800627
16.66,0.000836603
16.67,0.000872833
16.68,0.000908043
16.69,0.000940977
16.7,0.000970471
16.71,0.000995517
16.72,0.00101533
16.73,0.00102941
16.74,0.00103755
16.75,0.00103991
16.76,0.00103695
16.77,0.00102941
16.78,0.00101827
16.79,0.00100461
16.8,0.000989534
16.81,0.000974069
16.82,0.000959053
16.83,0.000945089
16.84,0.00093252
16.85,0.000921444
16.86,0.000911759
16.87,0.000903224
16.88,0.000895532
16.89,0.000888363
16.9,0.000881434
16.91,0.000874525
16.92,0.000867494
16.93,0.000860273
16.94,0.000852864
16.95,0.000845324
16.96,0.000837754
16.97,0.000830278
16.98,0.000823039
16.99,0.000816179
17,0.000809837
17.01,0.000804144
17.02,0.000799211
17.03,0.000795138
17.04,0.000792005
17.05,0.000789878
17.06,0.000788806
17.07,0.000788829
17.08,0.000789974
17.09,0.000792261
17.1,0.000795704
17.11,0.000800313
17.12,0.000806095
17.13,0.000813056
17.14,0.000821199
17.15,0.00083053
17.16,0.00084105
17.17,0.00085276
17.18,0.00086566
17.19,0.000879746
17.2,0.000895006
17.21,0.000911425
17.22,0.000928976
17.23,0.000947623
17.24,0.000967312
17.25,0.000987975
17.26,0.00100952
17.27,0.00103183
17.28,0.00105476
17.29,0.00107814
17.3,0.00110174
17.31,0.00112532
17.32,0.00114858
17.33,0.00117117
17.34,0.0011927
17.35,0.00121274
17.36,0.00123081
17.37,0.00124643
17.38,0.00125908
17.39,0.00126827
17.4,0.00127354
17.41,0.00127453
17.42,0.00127098
17.43,0.00126285
17.44,0.00125031
17.45,0.0012338
17.46,0.0012141
17.47,0.00119225
17.48,0.00116957
17.49,0.00114749
17.5,0.0011274
17.51,0.00111043
17.52,0.00109723
17.53,0.00108789
17.54,0.00108182
17.55,0.00107796
17.56,0.00107491
17.57,0.00107123
17.58,0.00106567
17.59,0.00105728
17.6,0.00104557
17.61,0.00103046
17.62,0.00101227
17.63,0.000991592
17.64,0.000969229
17.65,0.00094607
17.66,0.000923011
17.67,0.000900877
17.68,0.000880369
17.69,0.000862039
17.7,0.000846278
17.71,0.000833318
17.72,0.000823261
17.73,0.000816099
17.74,0.000811755
17.75,0.000810107
17.76,0.000811021
17.77,0.000814373
17.78,0.000820064
17.79,0.000828031
17.8,0.000838249
17.81,0.000850738
17.82,0.000865554
17.83,0.000882793
17.84,0.00090258
17.85,0.00092507
17.86,0.000950443
17.87,0.000978898
17.88,0.00101066
17.89,0.00104595
17.9,0.00108504
17.91,0.00112819
17.92,0.00117569
17.93,0.00122784
17.94,0.00128499
17.95,0.00134747
17.96,0.00141566
17.97,0.00148998
17.98,0.00157086
17.99,0.00165877
18,0.00175421
18.01,0.00185773
18.02,0.00196991
18.03,0.00209136
18.04,0.00222275
18.05,0.00236477
18.06,0.00251816
18.07,0.00268366
18.08,0.00286207
18.09,0.00305417
18.1,0.00326077
18.11,0.00348264
18.12,0.00372052
18.13,0.00397506
18.14,0.00424682
18.15,0.00453619
18.16,0.00484334
18.17,0.00516818
18.18,0.0055102
18.19,0.00586848
18.2,0.00624149
18.21,0.00662703
18.22,0.00702207
18.23,0.00742269
18.24,0.00782392
18.25,0.00821976
18.26,0.00860311
18.27,0.00896595
18.28,0.00929952
18.29,0.00959473
18.3,0.00984269
18.31,0.0100355
18.32,0.0101669
18.33,0.0102335
18.34,0.0102352
18.35,0.0101757
18.36,0.0100626
18.37,0.00990674
18.38,0.00972053
18.39,0.00951642
18.4,0.00930483
18.41,0.00909263
18.42,0.00888249
18.43,0.00867325
18.44,0.00846113
18.45,0.00824133
18.46,0.00800954
18.47,0.00776304
18.48,0.00750118
18.49,0.00722534
18.5,0.00693861
18.51,0.00664523
18.52,0.00635005
18.53,0.00605803
18.54,0.00577385
18.55,0.0055016
18.56,0.00524463
18.57,0.00500547
18.58,0.00478578
18.59,0.00458642
18.6,0.00440753
18.61,0.00424863
18.62,0.00410876
18.63,0.0039866
18.64,0.00388064
18.65,0.00378928
18.66,0.00371092
18.67,0.00364408
18.68,0.0035874
18.69,0.00353973
18.7,0.00350014
18.71,0.00346787
18.72,0.0034424
18.73,0.00342336
18.74,0.0034106
18.75,0.00340407
18.76,0.0034039
18.77,0.00341032
18.78,0.00342366
18.79,0.00344437
18.8,0.00347296
18.81,0.00351001
18.82,0.00355619
18.83,0.00361221
18.84,0.00367883
18.85,0.00375689
18.86,0.00384725
18.87,0.00395082
18.88,0.00406856
18.89,0.00420147
18.9,0.00435059
18.91,0.004517
18.92,0.00470182
18.93,0.00490621
18.94,0.00513136
18.95,0.00537848
18.96,0.00564883
18.97,0.00594365
18.98,0.00626417
18.99,0.00661161
19,0.00698709
19.01,0.00739165
19.02,0.00782611
19.03,0.00829108
19.04,0.00878681
19.05,0.0093131
19.06,0.00986917
19.07,0.0104535
19.08,0.0110635
19.09,0.0116957
19.1,0.0123451
19.11,0.0130052
19.12,0.0136676
19.13,0.0143223
19.14,0.0149572
19.15,0.0155585
19.16,0.0161111
19.17,0.0165989
19.18,0.0170062
19.19,0.0173188
19.2,0.0175254
19.21,0.0176193
19.22,0.0176001
19.23,0.0174744
19.24,0.0172557
19.25,0.0169632
19.26,0.0166193
19.27,0.0162455
19.28,0.0158595
19.29,0.0154718
19.3,0.0150853
19.31,0.0146963
19.32,0.0142971
19.33,0.0138794
19.34,0.0134371
19.35,0.0129675
19.36,0.0124722
19.37,0.0119568
19.38,0.0114291
19.39,0.0108988
19.4,0.010376
19.41,0.00987013
19.42,0.00938975
19.43,0.00894169
19.44,0.00853104
19.45,0.00816106
19.46,0.00783322
19.47,0.00754744
19.48,0.00730229
19.49,0.00709533
19.5,0.00692341
19.51,0.006783
19.52,0.00667047
19.53,0.00658231
19.54,0.00651531
19.55,0.00646666
19.56,0.00643402
19.57,0.0064155
19.58,0.00640968
19.59,0.00641555
19.6,0.00643249
19.61,0.00646018
19.62,0.00649858
19.63,0.00654789
19.64,0.00660847
19.65,0.00668087
19.66,0.00676572
19.67,0.00686377
19.68,0.00697585
19.69,0.00710284
19.7,0.00724565
19.71,0.00740524
19.72,0.00758257
19.73,0.00777863
19.74,0.00799438
19.75,0.00823077
19.76,0.0084887
19.77,0.00876902
19.78,0.00907249
19.79,0.00939978
19.8,0.00975139
19.81,0.0101276
19.82,0.0105286
19.83,0.010954
19.84,0.0114034
19.85,0.0118755
19.86,0.0123687
19.87,0.0128809
19.88,0.0134088
19.89,0.0139484
19.9,0.0144947
19.91,0.0150415
19.92,0.0155814
19.93,0.0161057
19.94,0.0166045
19.95,0.0170668
19.96,0.0174811
19.97,0.0178353
19.98,0.0181178
19.99,0.0183184
20,0.0184291
20.01,0.0184455
20.02,0.0183681
20.03,0.0182026
20.04,0.0179608
20.05,0.0176599
20.06,0.0173208
20.07,0.0169659
20.08,0.0166153
20.09,0.0162837
20.1,0.0159782
20.11,0.0156969
20.12,0.0154313
20.13,0.0151678
20.14,0.0148925
20.15,0.0145931
20.16,0.014262
20.17,0.0138966
20.18,0.0134992
20.19,0.0130763
20.2,0.0126371
20.21,0.0121925
20.22,0.0117537
20.23,0.011331
20.24,0.0109335
20.25,0.0105686
20.26,0.0102413
20.27,0.00995496
20.28,0.00971084
20.29,0.00950872
20.3,0.00934713
20.31,0.00922382
20.32,0.0091361
20.33,0.00908118
20.34,0.00905646
20.35,0.00905969
20.36,0.00908914
20.37,0.00914361
20.38,0.00922249
20.39,0.00932572
20.4,0.00945377
20.41,0.00960758
20.42,0.0097885
20.43,0.00999826
20.44,0.0102389
20.45,0.0105128
20.46,0.0108227
20.47,0.0111712
20.48,0.0115617
20.49,0.0119975
20.5,0.0124823
20.51,0.0130199
20.52,0.0136148
20.53,0.0142714
20.54,0.0149949
20.55,0.0157906
20.56,0.0166646
20.57,0.0176235
20.58,0.0186743
20.59,0.0198249
20.6,0.0210841
20.61,0.0224614
20.62,0.0239674
20.63,0.0256135
20.64,0.0274126
20.65,0.0293788
20.66,0.0315276
20.67,0.0338763
20.68,0.0364437
20.69,0.0392508
20.7,0.0423206
20.71,0.0456786
20.72,0.0493526
20.73,0.0533738
20.74,0.0577762
20.75,0.0625973
20.76,0.0678786
20.77,0.0736656
20.78,0.0800086
20.79,0.0869627
20.8,0.0945886
20.81,0.102953
20.82,0.112128
20.83,0.122195
20.84,0.13324
20.85,0.145358
20.86,0.158653
20.87,0.173234
20.88,0.189223
20.89,0.206747
20.9,0.225941
20.91,0.246947
20.92,0.269912
20.93,0.294983
20.94,0.322309
20.95,0.352027
20.96,0.384263
20.97,0.419117
20.98,0.456651
20.99,0.496874
21,0.539723
21.01,0.585035
21.02,0.632526
21.03,0.681757
21.04,0.73211
21.05,0.782761
21.06,0.832669
21.07,0.880588
21.08,0.925098
21.09,0.964684
21.1,0.997855
21.11,1.0233
21.12,1.04004
21.13,1.04765
21.14,1.04629
21.15,1.03671
21.16,1.02014
21.17,0.998014
21.18,0.971697
21.19,0.942236
21.2,0.910273
21.21,0.876098
21.22,0.839808
21.23,0.801485
21.24,0.761331
21.25,0.719717
21.26,0.677174
21.27,0.634328
21.28,0.59184
21.29,0.550336
21.3,0.51037
21.31,0.472393
21.32,0.436752
21.33,0.403686
21.34,0.373337
21.35,0.345761
21.36,0.320941
21.37,0.2988
21.38,0.279207
21.39,0.261994
21.4,0.246962
21.41,0.233891
21.42,0.222553
21.43,0.212716
21.44,0.20416
21.45,0.196674
21.46,0.190071
21.47,0.184183
21.48,0.178867
21.49,0.174002
21.5,0.169492
21.51,0.16526
21.52,0.16125
21.53,0.15742
21.54,0.153749
21.55,0.150227
21.56,0.146858
21.57,0.14366
21.58,0.140666
21.59,0.13792
21.6,0.135477
21.61,0.133406
21.62,0.131786
21.63,0.130701
21.64,0.13024
21.65,0.130488
21.66,0.131522
21.67,0.133399
21.68,0.136156
21.69,0.139797
21.7,0.144298
21.71,0.1496
21.72,0.155615
21.73,0.162225
21.74,0.169293
21.75,0.176659
21.76,0.184152
21.77,0.191588
21.78,0.198783
21.79,0.205551
21.8,0.211716
21.81,0.217115
21.82,0.221611
21.83,0.225092
21.84,0.227488
21.85,0.228769
21.86,0.228958
21.87,0.228123
21.88,0.226383
21.89,0.223901
21.9,0.220872
21.91,0.21751
21.92,0.214033
21.93,0.210643
21.94,0.207511
21.95,0.204759
21.96,0.202459
21.97,0.200626
21.98,0.199224
21.99,0.198184
22,0.197409
22.01,0.196797
22.02,0.196247
22.03,0.19567
22.04,0.194994
22.05,0.194168
22.06,0.193159
22.07,0.191952
22.08,0.190547
22.09,0.188954
22.1,0.187189
22.11,0.185276
22.12,0.183238
22.13,0.181099
22.14,0.178882
22.15,0.176605
22.16,0.174285
22.17,0.171935
22.18,0.169563
22.19,0.167174
22.2,0.164772
22.21,0.162358
22.22,0.159929
22.23,0.157483
22.24,0.155016
22.25,0.152527
22.26,0.150013
22.27,0.147472
22.28,0.144906
22.29,0.14232
22.3,0.139722
22.31,0.137124
22.32,0.134546
22.33,0.132015
22.34,0.129564
22.35,0.12724
22.36,0.125098
22.37,0.123205
22.38,0.121641
22.39,0.120495
22.4,0.119864
22.41,0.119848
22.42,0.120539
22.43,0.122021
22.44,0.12435
22.45,0.127556
22.46,0.131629
22.47,0.136521
22.48,0.142146
22.49,0.148382
22.5,0.155075
22.51,0.162051
22.52,0.169115
22.53,0.176062
22.54,0.182689
22.55,0.188795
22.56,0.194198
22.57,0.198739
22.58,0.202294
22.59,0.204785
22.6,0.206179
22.61,0.206502
22.62,0.20583
22.63,0.204293
22.64,0.20206
22.65,0.199328
22.66,0.196306
22.67,0.193196
22.68,0.190175
22.69,0.187379
22.7,0.184899
22.71,0.182771
22.72,0.180987
22.73,0.179504
22.74,0.178253
22.75,0.177157
22.76,0.176138
22.77,0.17513
22.78,0.174078
22.79,0.172948
22.8,0.171717
22.81,0.170381
22.82,0.168944
22.83,0.167422
22.84,0.165834
22.85,0.164203
22.86,0.162554
22.87,0.160908
22.88,0.159288
22.89,0.157709
22.9,0.156187
22.91,0.154732
22.92,0.15335
22.93,0.152046
22.94,0.15082
22.95,0.14967
22.96,0.148591
22.97,0.147579
22.98,0.146624
22.99,0.14572
23,0.144856
23.01,0.144021
23.02,0.143206
23.03,0.142398
23.04,0.141585
23.05,0.140754
23.06,0.139893
23.07,0.138988
23.08,0.138025
23.09,0.13699
23.1,0.135869
23.11,0.134648
23.12,0.133315
23.13,0.131858
23.14,0.13027
23.15,0.128544
23.16,0.126682
23.17,0.12469
23.18,0.122588
23.19,0.120402
23.2,0.118177
23.21,0.115975
23.22,0.113874
23.23,0.111975
23.24,0.110394
23.25,0.109256
23.26,0.108688
23.27,0.108798
23.28,0.109663
23.29,0.111305
23.3,0.113685
23.31,0.116701
23.32,0.120192
23.33,0.123956
23.34,0.127769
23.35,0.131407
23.36,0.134665
23.37,0.137371
23.38,0.1394
23.39,0.140684
23.4,0.141207
23.41,0.14101
23.42,0.140179
23.43,0.138835
23.44,0.13712
23.45,0.135185
23.46,0.133171
23.47,0.131202
23.48,0.129375
23.49,0.127755
23.5,0.12638
23.51,0.125258
23.52,0.124382
23.53,0.123729
23.54,0.123272
23.55,0.122982
23.56,0.122837
23.57,0.122817
23.58,0.122913
23.59,0.123121
23.6,0.123444
23.61,0.123891
23.62,0.124474
23.63,0.125209
23.64,0.126114
23.65,0.127207
23.66,0.128508
23.67,0.130034
23.68,0.131805
23.69,0.133837
23.7,0.136148
23.71,0.138753
23.72,0.141668
23.73,0.144907
23.74,0.148487
23.75,0.152421
23.76,0.156725
23.77,0.161415
23.78,0.166505
23.79,0.172012
23.8,0.177952
23.81,0.184341
23.82,0.191195
23.83,0.198531
23.84,0.206362
23.85,0.214703
23.86,0.223565
23.87,0.232956
23.88,0.242881
23.89,0.25334
23.9,0.264325
23.91,0.275822
23.92,0.287806
23.93,0.300241
23.94,0.313077
23.95,0.326245
23.96,0.33966
23.97,0.353214
23.98,0.366776
23.99,0.38019
24,0.393273
24.01,0.405817
24.02,0.417591
24.03,0.428345
24.04,0.437819
24.05,0.445755
24.06,0.451911
24.07,0.456083
24.08,0.458124
24.09,0.457972
24.1,0.45567
24.11,0.451382
24.12,0.4454
24.13,0.438133
24.14,0.430074
24.15,0.421746
24.16,0.413634
24.17,0.406114
24.18,0.39939
24.19,0.393472
24.2,0.388186
24.21,0.383227
24.22,0.378231
24.23,0.372846
24.24,0.366793
24.25,0.3599
24.26,0.352109
24.27,0.343474
24.28,0.334135
24.29,0.324294
24.3,0.31419
24.31,0.304069
24.32,0.294167
24.33,0.284698
24.34,0.275838
24.35,0.267725
24.36,0.260456
24.37,0.254089
24.38,0.248648
24.39,0.244131
24.4,0.240517
24.41,0.237774
24.42,0.235863
24.43,0.234747
24.44,0.234396
24.45,0.234787
24.46,0.235909
24.47,0.237763
24.48,0.240361
24.49,0.243727
24.5,0.247897
24.51,0.252914
24.52,0.258832
24.53,0.265711
24.54,0.273619
24.55,0.282631
24.56,0.292826
24.57,0.304291
24.58,0.317117
24.59,0.331403
24.6,0.347255
24.61,0.364785
24.62,0.384117
24.63,0.40538
24.64,0.428719
24.65,0.454286
24.66,0.482249
24.67,0.512788
24.68,0.546099
24.69,0.582392
24.7,0.621894
24.71,0.664849
24.72,0.711516
24.73,0.76217
24.74,0.817103
24.75,0.876617
24.76,0.941025
24.77,1.01065
24.78,1.0858
24.79,1.16681
24.8,1.25395
24.81,1.34749
24.82,1.44765
24.83,1.55457
24.84,1.6683
24.85,1.78877
24.86,1.91572
24.87,2.0487
24.88,2.18703
24.89,2.32967
24.9,2.47527
24.91,2.62208
24.92,2.76789
24.93,2.9101
24.94,3.0457
24.95,3.17135
24.96,3.28355
24.97,3.37885
24.98,3.45413
24.99,3.50693
25,3.53581
25.01,3.54063
25.02,3.52272
25.03,3.48481
25.04,3.43079
25.05,3.36511
25.06,3.29209
25.07,3.21523
25.08,3.13672
25.09,3.05733
25.1,2.97659
25.11,2.89331
25.12,2.80616
25.13,2.71412
25.14,2.61679
25.15,2.51447
25.16,2.40808
25.17,2.29902
25.18,2.18894
25.19,2.07962
25.2,1.97272
25.21,1.86976
25.22,1.772
25.23,1.68043
25.24,1.59572
25.25,1.51828
25.26,1.44822
25.27,1.38545
25.28,1.32967
25.29,1.28043
25.3,1.23719
25.31,1.19935
25.32,1.16628
25.33,1.13738
25.34,1.11207
25.35,1.08982
25.36,1.07018
25.37,1.05276
25.38,1.03722
25.39,1.02329
25.4,1.01078
25.41,0.999497
25.42,0.989336
25.43,0.980202
25.44,0.972035
25.45,0.964796
25.46,0.958464
25.47,0.953031
25.48,0.948501
25.49,0.944881
25.5,0.942187
25.51,0.940432
25.52,0.939632
25.53,0.939798
25.54,0.940938
25.55,0.943053
25.56,0.946136
25.57,0.950166
25.58,0.955112
25.59,0.960924
25.6,0.967535
25.61,0.974852
25.62,0.982762
25.63,0.991119
25.64,0.999749
25.65,1.00844
25.66,1.01695
25.67,1.02499
25.68,1.03225
25.69,1.03837
25.7,1.04299
25.71,1.04571
25.72,1.04615
25.73,1.04397
25.74,1.03887
25.75,1.03069
25.76,1.01939
25.77,1.00517
25.78,0.988455
25.79,0.969982
25.8,0.950754
25.81,0.932001
25.82,0.915043
25.83,0.90109
25.84,0.891007
25.85,0.885096
25.86,0.882987
25.87,0.883677
25.88,0.885732
25.89,0.887567
25.9,0.887745
25.91,0.885191
25.92,0.879326
25.93,0.870076
25.94,0.857817
25.95,0.843253
25.96,0.827277
25.97,0.810839
25.98,0.794832
25.99,0.780005
26,0.766922
26.01,0.755946
26.02,0.747256
26.03,0.740879
26.04,0.736735
26.05,0.734678
26.06,0.734537
26.07,0.736148
26.08,0.73937
26.09,0.744101
26.1,0.750284
26.11,0.757905
26.12,0.766993
26.13,0.777614
26.14,0.789863
26.15,0.803866
26.16,0.819767
26.17,0.837732
26.18,0.857938
26.19,0.880579
26.2,0.905859
26.21,0.933996
26.22,0.965218
26.23,0.999769
26.24,1.03791
26.25,1.07991
26.26,1.12608
26.27,1.17674
26.28,1.23223
26.29,1.29294
26.3,1.35929
26.31,1.43172
26.32,1.51074
26.33,1.5969
26.34,1.6908
26.35,1.7931
26.36,1.90453
26.37,2.02589
26.38,2.15806
26.39,2.302
26.4,2.45878
26.41,2.62956
26.42,2.81563
26.43,3.01839
26.44,3.23938
26.45,3.48029
26.46,3.74298
26.47,4.02946
26.48,4.34196
26.49,4.68288
26.5,5.05487
26.51,5.46079
26.52,5.90374
26.53,6.3871
26.54,6.91447
26.55,7.48975
26.56,8.11708
26.57,8.80086
26.58,9.54571
26.59,10.3564
26.6,11.2379
26.61,12.1951
26.62,13.2328
26.63,14.3555
26.64,15.5674
26.65,16.8715
26.66,18.27
26.67,19.7633
26.68,21.3495
26.69,23.0242
26.7,24.7793
26.71,26.6026
26.72,28.4768
26.73,30.3794
26.74,32.2818
26.75,34.1498
26.76,35.9438
26.77,37.6198
26.78,39.1319
26.79,40.4339
26.8,41.4831
26.81,42.2429
26.82,42.6862
26.83,42.7977
26.84,42.5753
26.85,42.0307
26.86,41.1884
26.87,40.0843
26.88,38.7633
26.89,37.2769
26.9,35.6805
26.91,34.0309
26.92,32.3838
26.93,30.7904
26.94,29.2942
26.95,27.927
26.96,26.7053
26.97,25.6288
26.98,24.6808
26.99,23.8323
27,23.0478
27.01,22.2928
27.02,21.5394
27.03,20.7701
27.04,19.9791
27.05,19.1711
27.06,18.3586
27.07,17.559
27.08,16.7913
27.09,16.0737
27.1,15.4213
27.11,14.8453
27.12,14.3524
27.13,13.9447
27.14,13.6203
27.15,13.3746
27.16,13.2005
27.17,13.0904
27.18,13.036
27.19,13.0301
27.2,13.0658
27.21,13.1378
27.22,13.2418
27.23,13.3747
27.24,13.5347
27.25,13.7205
27.26,13.9321
27.27,14.1698
27.28,14.4345
27.29,14.7273
27.3,15.0499
27.31,15.4038
27.32,15.7908
27.33,16.2123
27.34,16.6699
27.35,17.1648
27.36,17.698
27.37,18.27
27.38,18.8808
27.39,19.5297
27.4,20.2156
27.41,20.9362
27.42,21.6883
27.43,22.4677
27.44,23.2688
27.45,24.0849
27.46,24.9077
27.47,25.7274
27.48,26.5329
27.49,27.3117
27.5,28.0501
27.51,28.7335
27.52,29.3469
27.53,29.8754
27.54,30.3047
27.55,30.6218
27.56,30.816
27.57,30.879
27.58,30.806
27.59,30.596
27.6,30.2516
27.61,29.7795
27.62,29.19
27.63,28.4962
27.64,27.7138
27.65,26.8602
27.66,25.9532
27.67,25.0109
27.68,24.0502
27.69,23.087
27.7,22.1349
27.71,21.2055
27.72,20.3081
27.73,19.4495
27.74,18.6347
27.75,17.8665
27.76,17.1462
27.77,16.4739
27.78,15.8488
27.79,15.2692
27.8,14.7335
27.81,14.2396
27.82,13.7857
27.83,13.3698
27.84,12.9904
27.85,12.6461
27.86,12.3355
27.87,12.0575
27.88,11.8113
27.89,11.5961
27.9,11.4111
27.91,11.2556
27.92,11.1293
27.93,11.0315
27.94,10.9619
27.95,10.9203
27.96,10.9063
27.97,10.92
27.98,10.9614
27.99,11.0306
28,11.128
28.01,11.254
28.02,11.4093
28.03,11.5947
28.04,11.8111
28.05,12.0596
28.06,12.3414
28.07,12.6578
28.08,13.0103
28.09,13.4004
28.1,13.8297
28.11,14.2997
28.12,14.8122
28.13,15.3687
28.14,15.9706
28.15,16.6193
28.16,17.3158
28.17,18.061
28.18,18.8551
28.19,19.698
28.2,20.5887
28.21,21.5253
28.22,22.5052
28.23,23.524
28.24,24.5763
28.25,25.6547
28.26,26.7498
28.27,27.8503
28.28,28.9423
28.29,30.0098
28.3,31.0341
28.31,31.9946
28.32,32.869
28.33,33.6336
28.34,34.2647
28.35,34.7393
28.36,35.0366
28.37,35.1393
28.38,35.0352
28.39,34.718
28.4,34.1886
28.41,33.4552
28.42,32.5332
28.43,31.4443
28.44,30.2149
28.45,28.8749
28.46,27.4555
28.47,25.9871
28.48,24.4982
28.49,23.014
28.5,21.5558
28.51,20.1405
28.52,18.781
28.53,17.4864
28.54,16.2628
28.55,15.1136
28.56,14.0403
28.57,13.0429
28.58,12.1206
28.59,11.2719
28.6,10.4948
28.61,9.78718
28.62,9.14687
28.63,8.57152
28.64,8.05876
28.65,7.60615
28.66,7.21116
28.67,6.87116
28.68,6.5834
28.69,6.34497
28.7,6.15286
28.71,6.004
28.72,5.89526
28.73,5.82357
28.74,5.786
28.75,5.77978
28.76,5.8024
28.77,5.85166
28.78,5.92567
28.79,6.02287
28.8,6.14201
28.81,6.28216
28.82,6.44269
28.83,6.62318
28.84,6.82348
28.85,7.04361
28.86,7.28376
28.87,7.54424
28.88,7.8255
28.89,8.12802
28.9,8.45236
28.91,8.7991
28.92,9.1688
28.93,9.56197
28.94,9.97905
28.95,10.4204
28.96,10.8861
28.97,11.3761
28.98,11.8902
28.99,12.4278
29,12.9877
29.01,13.5687
29.02,14.1688
29.03,14.7854
29.04,15.4156
29.05,16.0554
29.06,16.7006
29.07,17.3459
29.08,17.9856
29.09,18.613
29.1,19.2213
29.11,19.8029
29.12,20.3502
29.13,20.8554
29.14,21.311
29.15,21.7099
29.16,22.0459
29.17,22.3136
29.18,22.5091
29.19,22.63
29.2,22.6756
29.21,22.6468
29.22,22.5467
29.23,22.3801
29.24,22.1536
29.25,21.8759
29.26,21.5572
29.27,21.2095
29.28,20.8464
29.29,20.483
29.3,20.1351
29.31,19.8193
29.32,19.5516
29.33,19.3461
29.34,19.2135
29.35,19.159
29.36,19.1811
29.37,19.2702
29.38,19.4088
29.39,19.573
29.4,19.7348
29.41,19.8648
29.42,19.9366
29.43,19.9285
29.44,19.8268
29.45,19.6261
29.46,19.3297
29.47,18.9484
29.48,18.4987
29.49,18.0008
29.5,17.4765
29.51,16.9468
29.52,16.431
29.53,15.9451
29.54,15.5015
29.55,15.1088
29.56,14.7722
29.57,14.4934
29.58,14.2723
29.59,14.1066
29.6,13.9933
29.61,13.9288
29.62,13.9097
29.63,13.933
29.64,13.9962
29.65,14.0976
29.66,14.2362
29.67,14.4116
29.68,14.624
29.69,14.874
29.7,15.1627
29.71,15.4911
29.72,15.8604
29.73,16.2716
29.74,16.7253
29.75,17.222
29.76,17.7613
29.77,18.3422
29.78,18.963
29.79,19.6209
29.8,20.3121
29.81,21.0317
29.82,21.7735
29.83,22.53
29.84,23.2925
29.85,24.0511
29.86,24.7947
29.87,25.5114
29.88,26.1888
29.89,26.8142
29.9,27.375
29.91,27.8594
29.92,28.257
29.93,28.559
29.94,28.7587
29.95,28.8523
29.96,28.8385
29.97,28.7193
29.98,28.4993
29.99,28.1858
30,27.7887
30.01,27.3193
30.02,26.7908
30.03,26.2168
30.04,25.6113
30.05,24.9879
30.06,24.3594
30.07,23.7374
30.08,23.1315
30.09,22.5498
30.1,21.9976
30.11,21.4783
30.12,20.9929
30.13,20.5402
30.14,20.1174
30.15,19.7203
30.16,19.344
30.17,18.9831
30.18,18.6323
30.19,18.2871
30.2,17.9439
30.21,17.5999
30.22,17.2537
30.23,16.905
30.24,16.5544
30.25,16.2034
30.26,15.8543
30.27,15.5096
30.28,15.1724
30.29,14.8456
30.3,14.5322
30.31,14.235
30.32,13.9568
30.33,13.6999
30.34,13.4666
30.35,13.2587
30.36,13.0782
30.37,12.9267
30.38,12.8058
30.39,12.7171
30.4,12.6622
30.41,12.6427
30.42,12.6605
30.43,12.7173
30.44,12.8152
30.45,12.9562
30.46,13.1425
30.47,13.3762
30.48,13.6597
30.49,13.9949
30.5,14.384
30.51,14.8289
30.52,15.3312
30.53,15.892
30.54,16.5121
30.55,17.1917
30.56,17.9303
30.57,18.7263
30.58,19.5773
30.59,20.4794
30.6,21.4273
30.61,22.414
30.62,23.4309
30.63,24.467
30.64,25.5095
30.65,26.5435
30.66,27.5521
30.67,28.5167
30.68,29.4178
30.69,30.2351
30.7,30.9486
30.71,31.5398
30.72,31.9921
30.73,32.2925
30.74,32.4319
30.75,32.4059
30.76,32.2155
30.77,31.8669
30.78,31.3711
30.79,30.7436
30.8,30.0035
30.81,29.1721
30.82,28.2725
30.83,27.3278
30.84,26.3605
30.85,25.3914
30.86,24.4385
30.87,23.5168
30.88,22.6373
30.89,21.8073
30.9,21.0298
30.91,20.3045
30.92,19.628
30.93,18.9948
30.94,18.398
30.95,17.8305
30.96,17.2855
30.97,16.7572
30.98,16.2414
30.99,15.7352
31,15.2374
31.01,14.748
31.02,14.2681
31.03,13.7996
31.04,13.3445
31.05,12.9053
31.06,12.4842
31.07,12.0832
31.08,11.7038
31.09,11.3473
31.1,11.0144
31.11,10.7053
31.12,10.4199
31.13,10.158
31.14,9.91907
31.15,9.70234
31.16,9.50716
31.17,9.33286
31.18,9.17886
31.19,9.04473
31.2,8.93025
31.21,8.83538
31.22,8.76035
31.23,8.70564
31.24,8.67201
31.25,8.66047
31.26,8.67234
31.27,8.70919
31.28,8.77287
31.29,8.8655
31.3,8.98942
31.31,9.14721
31.32,9.34167
31.33,9.57578
31.34,9.85269
31.35,10.1757
31.36,10.5483
31.37,10.9739
31.38,11.4563
31.39,11.9991
31.4,12.6061
31.41,13.2812
31.42,14.0279
31.43,14.8501
31.44,15.751
31.45,16.734
31.46,17.8016
31.47,18.9557
31.48,20.1972
31.49,21.5258
31.5,22.9391
31.51,24.4325
31.52,25.9987
31.53,27.6266
31.54,29.3008
31.55,31.0012
31.56,32.7019
31.57,34.3714
31.58,35.9719
31.59,37.4606
31.6,38.7898
31.61,39.9097
31.62,40.7706
31.63,41.3266
31.64,41.5394
31.65,41.3827
31.66,40.8453
31.67,39.9338
31.68,38.6733
31.69,37.1063
31.7,35.289
31.71,33.287
31.72,31.1693
31.73,29.0028
31.74,26.8468
31.75,24.7499
31.76,22.7479
31.77,20.8639
31.78,19.1094
31.79,17.4868
31.8,15.9925
31.81,14.6189
31.82,13.3572
31.83,12.1986
31.84,11.1356
31.85,10.1617
31.86,9.27212
31.87,8.4631
31.88,7.73183
31.89,7.07602
31.9,6.49361
31.91,5.98251
31.92,5.54032
31.93,5.16418
31.94,4.85064
31.95,4.59564
31.96,4.39452
31.97,4.24224
31.98,4.13357
31.99,4.06339
32,4.02696
32.01,4.02011
32.02,4.0394
32.03,4.08211
32.04,4.14629
32.05,4.23066
32.06,4.33455
32.07,4.45775
32.08,4.60047
32.09,4.76326
32.1,4.94687
32.11,5.15229
32.12,5.38063
32.13,5.6331
32.14,5.91102
32.15,6.21576
32.16,6.54872
32.17,6.91135
32.18,7.3051
32.19,7.7314
32.2,8.19165
32.21,8.68718
32.22,9.21919
32.23,9.78872
32.24,10.3965
32.25,11.0431
32.26,11.7286
32.27,12.4523
32.28,13.2133
32.29,14.0097
32.3,14.8386
32.31,15.6961
32.32,16.5773
32.33,17.4758
32.34,18.384
32.35,19.2928
32.36,20.1919
32.37,21.07
32.38,21.9145
32.39,22.7128
32.4,23.4519
32.41,24.1194
32.42,24.704
32.43,25.196
32.44,25.588
32.45,25.8754
32.46,26.0564
32.47,26.1324
32.48,26.1077
32.49,25.9894
32.5,25.7869
32.51,25.5116
32.52,25.176
32.53,24.7935
32.54,24.3779
32.55,23.9431
32.56,23.5029
32.57,23.0708
32.58,22.6602
32.59,22.2844
32.6,21.9561
32.61,21.6881
32.62,21.4921
32.63,21.3781
32.64,21.3537
32.65,21.4226
32.66,21.5831
32.67,21.8272
32.68,22.1397
32.69,22.4985
32.7,22.8758
32.71,23.2396
32.72,23.5569
32.73,23.7964
32.74,23.9317
32.75,23.9438
32.76,23.8224
32.77,23.5673
32.78,23.1869
32.79,22.6975
32.8,22.1209
32.81,21.4819
32.82,20.8061
32.83,20.1179
32.84,19.4391
32.85,18.7877
32.86,18.1777
32.87,17.6189
32.88,17.1172
32.89,16.6752
32.9,16.2931
32.91,15.969
32.92,15.7
32.93,15.4824
32.94,15.3126
32.95,15.1873
32.96,15.1037
32.97,15.0597
32.98,15.0541
32.99,15.0864
33,15.157
33.01,15.267
33.02,15.4182
33.03,15.6128
33.04,15.8536
33.05,16.1437
33.06,16.4862
33.07,16.8845
33.08,17.3416
33.09,17.8605
33.1,18.4434
33.11,19.092
33.12,19.8071
33.13,20.5881
33.14,21.4331
33.15,22.3384
33.16,23.2984
33.17,24.305
33.18,25.3474
33.19,26.412
33.2,27.4822
33.21,28.5385
33.22,29.5584
33.23,30.5174
33.24,31.3894
33.25,32.1477
33.26,32.7666
33.27,33.223
33.28,33.4974
33.29,33.5763
33.3,33.4525
33.31,33.1261
33.32,32.605
33.33,31.904
33.34,31.0441
33.35,30.0509
33.36,28.9533
33.37,27.7817
33.38,26.5664
33.39,25.3363
33.4,24.1175
33.41,22.9331
33.42,21.8018
33.43,20.738
33.44,19.7516
33.45,18.8479
33.46,18.0279
33.47,17.2889
33.48,16.6252
33.49,16.0289
33.5,15.4909
33.51,15.0017
33.52,14.552
33.53,14.1338
33.54,13.7399
33.55,13.3651
33.56,13.0053
33.57,12.6578
33.58,12.3212
33.59,11.9947
33.6,11.6784
33.61,11.3727
33.62,11.078
33.63,10.795
33.64,10.5242
33.65,10.2659
33.66,10.0202
33.67,9.787
33.68,9.56604
33.69,9.35683
33.7,9.15873
33.71,8.97099
33.72,8.79281
33.73,8.62333
33.74,8.46168
33.75,8.307
33.76,8.15848
33.77,8.01533
33.78,7.87681
33.79,7.74225
33.8,7.611
33.81,7.4825
33.82,7.35621
33.83,7.23165
33.84,7.10839
33.85,6.98604
33.86,6.86428
33.87,6.74285
33.88,6.62156
33.89,6.50034
33.9,6.37924
33.91,6.25849
33.92,6.13855
33.93,6.02019
33.94,5.90454
33.95,5.79326
33.96,5.68859
33.97,5.5935
33.98,5.51179
33.99,5.44815
34,5.40812
34.01,5.39792
34.02,5.4241
34.03,5.49297
34.04,5.60984
34.05,5.77824
34.06,5.99918
34.07,6.27064
34.08,6.58742
34.09,6.94123
34.1,7.32108
34.11,7.71384
34.12,8.10495
34.13,8.47927
34.14,8.82206
34.15,9.12004
34.16,9.36245
34.17,9.54197
34.18,9.65544
34.19,9.70413
34.2,9.6935
34.21,9.63248
34.22,9.53228
34.23,9.40494
34.24,9.26185
34.25,9.11251
34.26,8.9637
34.27,8.81927
34.28,8.68036
34.29,8.54608
34.3,8.41428
34.31,8.28241
34.32,8.14805
34.33,8.00947
34.34,7.86571
34.35,7.71671
34.36,7.56319
34.37,7.40651
34.38,7.2485
34.39,7.09128
34.4,6.93712
34.41,6.78833
34.42,6.64712
34.43,6.51558
34.44,6.3956
34.45,6.28888
34.46,6.19692
34.47,6.12101
34.48,6.06227
34.49,6.02165
34.5,6.00001
34.51,5.9981
34.52,6.0166
34.53,6.05618
34.54,6.11752
34.55,6.2013
34.56,6.30826
34.57,6.43922
34.58,6.59507
34.59,6.77682
34.6,6.98559
34.61,7.22261
34.62,7.48926
34.63,7.78705
34.64,8.11763
34.65,8.48283
34.66,8.88459
34.67,9.32501
34.68,9.80636
34.69,10.331
34.7,10.9014
34.71,11.5203
34.72,12.1901
34.73,12.9138
34.74,13.6937
34.75,14.5326
34.76,15.4326
34.77,16.3958
34.78,17.4235
34.79,18.5167
34.8,19.6752
34.81,20.8976
34.82,22.1812
34.83,23.5214
34.84,24.9111
34.85,26.341
34.86,27.7984
34.87,29.2674
34.88,30.7281
34.89,32.1569
34.9,33.5265
34.91,34.8061
34.92,35.9619
34.93,36.9589
34.94,37.7619
34.95,38.3378
34.96,38.6578
34.97,38.7001
34.98,38.4515
34.99,37.91
35,37.0852
35.01,35.9985
35.02,34.6819
35.03,33.1756
35.04,31.5253
35.05,29.7784
35.06,27.9804
35.07,26.1725
35.08,24.3888
35.09,22.6559
35.1,20.9923
35.11,19.4095
35.12,17.9136
35.13,16.5061
35.14,15.1862
35.15,13.9513
35.16,12.7983
35.17,11.7243
35.18,10.7262
35.19,9.80137
35.2,8.94741
35.21,8.16199
35.22,7.44282
35.23,6.78754
35.24,6.19361
35.25,5.65831
35.26,5.17867
35.27,4.75152
35.28,4.37341
35.29,4.04073
35.3,3.74969
35.31,3.49639
35.32,3.27687
35.33,3.08723
35.34,2.92365
35.35,2.78254
35.36,2.66056
35.37,2.55465
35.38,2.46215
35.39,2.38071
35.4,2.30834
35.41,2.24337
35.42,2.18444
35.43,2.13042
35.44,2.0804
35.45,2.03369
35.46,1.9897
35.47,1.94801
35.48,1.90827
35.49,1.87023
35.5,1.83369
35.51,1.7985
35.52,1.76457
35.53,1.73182
35.54,1.7002
35.55,1.6697
35.56,1.6403
35.57,1.61202
35.58,1.5849
35.59,1.55896
35.6,1.53426
35.61,1.51087
35.62,1.48889
35.63,1.4684
35.64,1.44953
35.65,1.43241
35.66,1.41721
35.67,1.4041
35.68,1.39329
35.69,1.38501
35.7,1.3795
35.71,1.37704
35.72,1.37794
35.73,1.38253
35.74,1.39114
35.75,1.40414
35.76,1.4219
35.77,1.44479
35.78,1.47318
35.79,1.50744
35.8,1.54788
35.81,1.59482
35.82,1.64849
35.83,1.70909
35.84,1.77672
35.85,1.85137
35.86,1.93293
35.87,2.02111
35.88,2.11543
35.89,2.21518
35.9,2.31938
35.91,2.42671
35.92,2.53547
35.93,2.64357
35.94,2.74849
35.95,2.84731
35.96,2.9368
35.97,3.01356
35.98,3.07425
35.99,3.11594
36,3.13646
36.01,3.13484
36.02,3.11159
36.03,3.06882
36.04,3.01001
36.05,2.93945
36.06,2.86138
36.07,2.77918
36.08,2.69471
36.09,2.60831
36.1,2.51922
36.11,2.42635
36.12,2.32898
36.13,2.22725
36.14,2.12225
36.15,2.01586
36.16,1.91043
36.17,1.80846
36.18,1.71229
36.19,1.62388
36.2,1.5447
36.21,1.47567
36.22,1.41716
36.23,1.36906
36.24,1.33082
36.25,1.30161
36.26,1.2804
36.27,1.26604
36.28,1.2574
36.29,1.25342
36.3,1.25313
36.31,1.25569
36.32,1.26041
36.33,1.2667
36.34,1.27411
36.35,1.28227
36.36,1.29091
36.37,1.29982
36.38,1.30883
36.39,1.31782
36.4,1.32669
36.41,1.33536
36.42,1.34374
36.43,1.35178
36.44,1.35939
36.45,1.3665
36.46,1.37302
36.47,1.37885
36.48,1.38388
36.49,1.38797
36.5,1.39099
36.51,1.39279
36.52,1.39321
36.53,1.39207
36.54,1.38922
36.55,1.38448
36.56,1.37769
36.57,1.36873
36.58,1.3575
36.59,1.34394
36.6,1.3281
36.61,1.31008
36.62,1.29013
36.63,1.26862
36.64,1.24611
36.65,1.22333
36.66,1.2012
36.67,1.18081
36.68,1.16336
36.69,1.15008
36.7,1.1421
36.71,1.1403
36.72,1.14512
36.73,1.15648
36.74,1.17373
36.75,1.19568
36.76,1.22072
36.77,1.24702
36.78,1.27268
36.79,1.29592
36.8,1.31524
36.81,1.3295
36.82,1.33796
36.83,1.34036
36.84,1.33683
36.85,1.32791
36.86,1.31443
36.87,1.29744
36.88,1.27811
36.89,1.25765
36.9,1.23722
36.91,1.21783
36.92,1.20034
36.93,1.18536
36.94,1.17333
36.95,1.16444
36.96,1.15876
36.97,1.15619
36.98,1.15657
36.99,1.15969
37,1.16533
37.01,1.17328
37.02,1.18338
37.03,1.1955
37.04,1.20954
37.05,1.22547
37.06,1.24327
37.07,1.26296
37.08,1.28458
37.09,1.30818
37.1,1.33382
37.11,1.36157
37.12,1.39149
37.13,1.42365
37.14,1.45808
37.15,1.49484
37.16,1.53396
37.17,1.57546
37.18,1.61935
37.19,1.66562
37.2,1.71424
37.21,1.76517
37.22,1.81834
37.23,1.87365
37.24,1.93096
37.25,1.99011
37.26,2.05088
37.27,2.11301
37.28,2.17619
37.29,2.24002
37.3,2.30405
37.31,2.36774
37.32,2.4305
37.33,2.49161
37.34,2.55029
37.35,2.60568
37.36,2.65685
37.37,2.70281
37.38,2.74253
37.39,2.77502
37.4,2.79931
37.41,2.81457
37.42,2.82015
37.43,2.81567
37.44,2.80113
37.45,2.77696
37.46,2.74411
37.47,2.70412
37.48,2.65906
37.49,2.61147
37.5,2.5642
37.51,2.52012
37.52,2.48175
37.53,2.45094
37.54,2.42854
37.55,2.41425
37.56,2.40667
37.57,2.40352
37.58,2.40206
37.59,2.39946
37.6,2.39322
37.61,2.38139
37.62,2.36273
37.63,2.33676
37.64,2.30369
37.65,2.26428
37.66,2.21975
37.67,2.17159
37.68,2.12141
37.69,2.07084
37.7,2.02141
37.71,1.97448
37.72,1.9312
37.73,1.89248
37.74,1.859
37.75,1.8312
37.76,1.80937
37.77,1.79364
37.78,1.78403
37.79,1.78052
37.8,1.78306
37.81,1.7916
37.82,1.80612
37.83,1.82665
37.84,1.85325
37.85,1.88604
37.86,1.92518
37.87,1.97088
37.88,2.02337
37.89,2.08291
37.9,2.1498
37.91,2.22433
37.92,2.30681
37.93,2.39757
37.94,2.49692
37.95,2.60518
37.96,2.72269
37.97,2.84974
37.98,2.98666
37.99,3.13371
38,3.29118
38.01,3.45927
38.02,3.63817
38.03,3.828
38.04,4.02879
38.05,4.24045
38.06,4.46278
38.07,4.6954
38.08,4.93773
38.09,5.18896
38.1,5.448
38.11,5.71344
38.12,5.98349
38.13,6.25597
38.14,6.52829
38.15,6.79738
38.16,7.05974
38.17,7.31145
38.18,7.54822
38.19,7.76552
38.2,7.95872
38.21,8.12327
38.22,8.25503
38.23,8.3505
38.24,8.40722
38.25,8.42411
38.26,8.40178
38.27,8.34276
38.28,8.25165
38.29,8.13493
38.3,8.00061
38.31,7.85757
38.32,7.71461
38.33,7.57935
38.34,7.45725
38.35,7.35082
38.36,7.25942
38.37,7.17956
38.38,7.10575
38.39,7.03156
38.4,6.95075
38.41,6.85814
38.42,6.75019
38.43,6.62522
38.44,6.48335
38.45,6.32625
38.46,6.15676
38.47,5.97847
38.48,5.79535
38.49,5.61141
38.5,5.43042
38.51,5.25571
38.52,5.09007
38.53,4.93569
38.54,4.79414
38.55,4.66644
38.56,4.55314
38.57,4.45438
38.58,4.37006
38.59,4.29989
38.6,4.24351
38.61,4.2006
38.62,4.17089
38.63,4.15428
38.64,4.15081
38.65,4.16071
38.66,4.18439
38.67,4.22245
38.68,4.27566
38.69,4.34493
38.7,4.43128
38.71,4.53587
38.72,4.65992
38.73,4.80472
38.74,4.97162
38.75,5.162
38.76,5.37727
38.77,5.61886
38.78,5.88825
38.79,6.18691
38.8,6.51633
38.81,6.87804
38.82,7.27354
38.83,7.70431
38.84,8.1718
38.85,8.67739
38.86,9.22231
38.87,9.80761
38.88,10.4341
38.89,11.1022
38.9,11.8119
38.91,12.5625
38.92,13.3528
38.93,14.1806
38.94,15.0426
38.95,15.9343
38.96,16.8501
38.97,17.7828
38.98,18.7237
38.99,19.6626
39,20.5879
39.01,21.4869
39.02,22.346
39.03,23.1512
39.04,23.8885
39.05,24.5449
39.06,25.1087
39.07,25.5707
39.08,25.924
39.09,26.1652
39.1,26.2942
39.11,26.3143
39.12,26.2323
39.13,26.0576
39.14,25.8018
39.15,25.4786
39.16,25.1025
39.17,24.6888
39.18,24.2527
39.19,23.8093
39.2,23.3736
39.21,22.9599
39.22,22.5821
39.23,22.2535
39.24,21.9865
39.25,21.7923
39.26,21.6802
39.27,21.6563
39.28,21.7227
39.29,21.8759
39.3,22.1063
39.31,22.3972
39.32,22.7259
39.33,23.0641
39.34,23.3807
39.35,23.6439
39.36,23.8246
39.37,23.8988
39.38,23.8499
39.39,23.6705
39.4,23.3622
39.41,22.9349
39.42,22.4056
39.43,21.796
39.44,21.1303
39.45,20.4332
39.46,19.7276
39.47,19.034
39.48,18.3689
39.49,17.745
39.5,17.1711
39.51,16.6524
39.52,16.191
39.53,15.7864
39.54,15.4367
39.55,15.1385
39.56,14.8882
39.57,14.682
39.58,14.5162
39.59,14.3879
39.6,14.2946
39.61,14.2346
39.62,14.2071
39.63,14.212
39.64,14.2498
39.65,14.3218
39.66,14.4298
39.67,14.5762
39.68,14.7638
39.69,14.9959
39.7,15.276
39.71,15.6077
39.72,15.9949
39.73,16.4413
39.74,16.9505
39.75,17.526
39.76,18.1707
39.77,18.8868
39.78,19.676
39.79,20.5386
39.8,21.4737
39.81,22.4788
39.82,23.5493
39.83,24.6782
39.84,25.8557
39.85,27.0689
39.86,28.3014
39.87,29.5328
39.88,30.7392
39.89,31.893
39.9,32.9639
39.91,33.9194
39.92,34.7267
39.93,35.3541
39.94,35.7734
39.95,35.962
39.96,35.9048
39.97,35.5958
39.98,35.0392
39.99,34.2488
40,33.248
40.01,32.0674
40.02,30.7432
40.03,29.3146
40.04,27.821
40.05,26.3004
40.06,24.7873
40.07,23.3113
40.08,21.8962
40.09,20.5598
40.1,19.3137
40.11,18.1639
40.12,17.1113
40.13,16.1528
40.14,15.2821
40.15,14.4914
40.16,13.7715
40.17,13.1138
40.18,12.5098
40.19,11.9523
40.2,11.4355
40.21,10.9544
40.22,10.5056
40.23,10.0861
40.24,9.69412
40.25,9.32798
40.26,8.98644
40.27,8.66835
40.28,8.37259
40.29,8.09797
40.3,7.8432
40.31,7.60691
40.32,7.38764
40.33,7.18387
40.34,6.99406
40.35,6.81669
40.36,6.65033
40.37,6.49358
40.38,6.34521
40.39,6.2041
40.4,6.06926
40.41,5.93991
40.42,5.8154
40.43,5.69529
40.44,5.57931
40.45,5.46742
40.46,5.3598
40.47,5.25689
40.48,5.1594
40.49,5.06837
40.5,4.98521
40.51,4.91172
40.52,4.85016
40.53,4.80321
40.54,4.77405
40.55,4.76624
40.56,4.78366
40.57,4.8303
40.58,4.91008
40.59,5.02652
40.6,5.18249
40.61,5.37989
40.62,5.61945
40.63,5.9006
40.64,6.22135
40.65,6.5783
40.66,6.96661
40.67,7.38007
40.68,7.81114
40.69,8.25102
40.7,8.68986
40.71,9.117
40.72,9.52129
40.73,9.89161
40.74,10.2175
40.75,10.4897
40.76,10.7012
40.77,10.8476
40.78,10.9276
40.79,10.9436
40.8,10.9014
40.81,10.8099
40.82,10.6802
40.83,10.5246
40.84,10.355
40.85,10.1823
40.86,10.0144
40.87,9.85635
40.88,9.70988
40.89,9.57376
40.9,9.44464
40.91,9.31797
40.92,9.18891
40.93,9.05315
40.94,8.90733
40.95,8.7494
40.96,8.5786
40.97,8.39536
40.98,8.20109
40.99,7.99792
41,7.78844
41.01,7.57548
41.02,7.36186
41.03,7.15027
41.04,6.94315
41.05,6.7426
41.06,6.55035
41.07,6.36774
41.08,6.19575
41.09,6.03505
41.1,5.886
41.11,5.74873
41.12,5.6232
41.13,5.50925
41.14,5.40662
41.15,5.31506
41.16,5.23429
41.17,5.16409
41.18,5.10431
41.19,5.05488
41.2,5.01583
41.21,4.9873
41.22,4.96955
41.23,4.96295
41.24,4.96802
41.25,4.98537
41.26,5.01575
41.27,5.06003
41.28,5.11917
41.29,5.19427
41.3,5.28652
41.31,5.39721
41.32,5.52774
41.33,5.6796
41.34,5.85436
41.35,6.05369
41.36,6.27934
41.37,6.53318
41.38,6.81713
41.39,7.13325
41.4,7.48366
41.41,7.87059
41.42,8.29636
41.43,8.7634
41.44,9.27418
41.45,9.83124
41.46,10.4371
41.47,11.0944
41.48,11.8055
41.49,12.5727
41.5,13.3981
41.51,14.2833
41.52,15.2294
41.53,16.2369
41.54,17.3051
41.55,18.4325
41.56,19.6158
41.57,20.8502
41.58,22.129
41.59,23.443
41.6,24.7809
41.61,26.1285
41.62,27.4694
41.63,28.7847
41.64,30.0538
41.65,31.2548
41.66,32.3652
41.67,33.3634
41.68,34.2297
41.69,34.9471
41.7,35.503
41.71,35.8895
41.72,36.1043
41.73,36.1503
41.74,36.036
41.75,35.774
41.76,35.3809
41.77,34.8756
41.78,34.279
41.79,33.6124
41.8,32.8973
41.81,32.1549
41.82,31.4059
41.83,30.6704
41.84,29.9681
41.85,29.3182
41.86,28.7393
41.87,28.249
41.88,27.8623
41.89,27.5905
41.9,27.4386
41.91,27.4033
41.92,27.4709
41.93,27.6165
41.94,27.8048
41.95,27.9931
41.96,28.1347
41.97,28.1849
41.98,28.1061
41.99,27.8718
42,27.4701
42.01,26.9037
42.02,26.1891
42.03,25.3533
42.04,24.4302
42.05,23.4563
42.06,22.4676
42.07,21.4962
42.08,20.5691
42.09,19.7067
42.1,18.9229
42.11,18.2255
42.12,17.6168
42.13,17.0948
42.14,16.6545
42.15,16.2886
42.16,15.9888
42.17,15.7463
42.18,15.5529
42.19,15.4011
42.2,15.284
42.21,15.1962
42.22,15.1329
42.23,15.0908
42.24,15.0669
42.25,15.0595
42.26,15.0673
42.27,15.0895
42.28,15.1261
42.29,15.1771
42.3,15.243
42.31,15.3245
42.32,15.4227
42.33,15.5386
42.34,15.6734
42.35,15.8286
42.36,16.0055
42.37,16.2059
42.38,16.4312
42.39,16.6831
42.4,16.9633
42.41,17.2735
42.42,17.6154
42.43,17.9907
42.44,18.401
42.45,18.8478
42.46,19.3327
42.47,19.8569
42.48,20.4217
42.49,21.0278
42.5,21.6761
42.51,22.3667
42.52,23.0996
42.53,23.8742
42.54,24.6893
42.55,25.543
42.56,26.4327
42.57,27.3547
42.58,28.3042
42.59,29.2754
42.6,30.2607
42.61,31.2511
42.62,32.2358
42.63,33.2019
42.64,34.1345
42.65,35.0165
42.66,35.8288
42.67,36.55
42.68,37.1572
42.69,37.6267
42.7,37.9344
42.71,38.0574
42.72,37.9755
42.73,37.6726
42.74,37.139
42.75,36.3724
42.76,35.3792
42.77,34.1747
42.78,32.7824
42.79,31.2328
42.8,29.5611
42.81,27.8045
42.82,26.0002
42.83,24.1825
42.84,22.3823
42.85,20.6251
42.86,18.9316
42.87,17.3171
42.88,15.7924
42.89,14.3643
42.9,13.0362
42.91,11.8088
42.92,10.6808
42.93,9.64944
42.94,8.71072
42.95,7.85995
42.96,7.09201
42.97,6.4015
42.98,5.78301
42.99,5.23119
43,4.74087
43.01,4.30714
43.02,3.92544
43.03,3.59155
43.04,3.30164
43.05,3.05229
43.06,2.84046
43.07,2.66345
43.08,2.51886
43.09,2.40452
43.1,2.31842
43.11,2.2586
43.12,2.22313
43.13,2.21003
43.14,2.21733
43.15,2.24299
43.16,2.28501
43.17,2.34143
43.18,2.41033
43.19,2.48989
43.2,2.57833
43.21,2.67396
43.22,2.77512
43.23,2.88017
43.24,2.98749
43.25,3.09544
43.26,3.20236
43.27,3.30657
43.28,3.40637
43.29,3.50006
43.3,3.58594
43.31,3.66238
43.32,3.72786
43.33,3.78101
43.34,3.82068
43.35,3.84605
43.36,3.85666
43.37,3.85253
43.38,3.83421
43.39,3.80284
43.4,3.76016
43.41,3.70851
43.42,3.65075
43.43,3.59015
43.44,3.53012
43.45,3.47402
43.46,3.42481
43.47,3.38474
43.48,3.35513
43.49,3.33621
43.5,3.32713
43.51,3.32612
43.52,3.33074
43.53,3.33821
43.54,3.3457
43.55,3.35063
43.56,3.35083
43.57,3.34465
43.58,3.33102
43.59,3.30941
43.6,3.27978
43.61,3.24252
43.62,3.19832
43.63,3.14812
43.64,3.09302
43.65,3.03419
43.66,2.97283
43.67,2.91011
43.68,2.84715
43.69,2.78502
43.7,2.7247
43.71,2.66709
43.72,2.61304
43.73,2.56334
43.74,2.51877
43.75,2.48007
43.76,2.44796
43.77,2.42317
43.78,2.40643
43.79,2.39845
43.8,2.39993
43.81,2.41153
43.82,2.43382
43.83,2.46732
43.84,2.51241
43.85,2.56936
43.86,2.63828
43.87,2.71913
43.88,2.81173
43.89,2.91571
43.9,3.03058
43.91,3.15567
43.92,3.2902
43.93,3.43321
43.94,3.58358
43.95,3.74007
43.96,3.90124
43.97,4.0655
43.98,4.23109
43.99,4.39608
44,4.55836
44.01,4.71569
44.02,4.86571
44.03,5.00596
44.04,5.13397
44.05,5.24733
44.06,5.34374
44.07,5.42118
44.08,5.47798
44.09,5.51296
44.1,5.52561
44.11,5.51615
44.12,5.48567
44.13,5.4362
44.14,5.37071
44.15,5.29306
44.16,5.20778
44.17,5.11989
44.18,5.03443
44.19,4.95607
44.2,4.88863
44.21,4.83461
44.22,4.79497
44.23,4.76903
44.24,4.75465
44.25,4.74857
44.26,4.74691
44.27,4.74562
44.28,4.74093
44.29,4.72968
44.3,4.70948
44.31,4.6788
44.32,4.63696
44.33,4.58402
44.34,4.52066
44.35,4.44805
44.36,4.36768
44.37,4.28125
44.38,4.19054
44.39,4.09729
44.4,4.0032
44.41,3.9098
44.42,3.81851
44.43,3.73057
44.44,3.64708
44.45,3.56902
44.46,3.49725
44.47,3.43259
44.48,3.37581
44.49,3.32769
44.5,3.289
44.51,3.26057
44.52,3.24323
44.53,3.23788
44.54,3.2454
44.55,3.2667
44.56,3.30262
44.57,3.35395
44.58,3.42136
44.59,3.50541
44.6,3.60647
44.61,3.72475
44.62,3.86026
44.63,4.01282
44.64,4.18204
44.65,4.36732
44.66,4.56787
44.67,4.78264
44.68,5.01038
44.69,5.24959
44.7,5.4985
44.71,5.75505
44.72,6.0169
44.73,6.28136
44.74,6.54547
44.75,6.80594
44.76,7.05918
44.77,7.30141
44.78,7.52864
44.79,7.73684
44.8,7.92203
44.81,8.08044
44.82,8.20873
44.83,8.30416
44.84,8.36483
44.85,8.38988
44.86,8.37973
44.87,8.33621
44.88,8.26262
44.89,8.1638
44.9,8.04591
44.91,7.91614
44.92,7.78231
44.93,7.65216
44.94,7.5327
44.95,7.42942
44.96,7.3457
44.97,7.28243
44.98,7.238
44.99,7.20864
45,7.18903
45.01,7.17306
45.02,7.15464
45.03,7.12829
45.04,7.08963
45.05,7.03562
45.06,6.96461
45.07,6.8763
45.08,6.7715
45.09,6.65196
45.1,6.52006
45.11,6.37856
45.12,6.23042
45.13,6.07859
45.14,5.92583
45.15,5.77469
45.16,5.62736
45.17,5.48574
45.18,5.35138
45.19,5.22556
45.2,5.10932
45.21,5.0035
45.22,4.90887
45.23,4.82611
45.24,4.75593
45.25,4.6991
45.26,4.65645
45.27,4.62894
45.28,4.61766
45.29,4.62378
45.3,4.64858
45.31,4.69336
45.32,4.75946
45.33,4.84816
45.34,4.96063
45.35,5.09793
45.36,5.26091
45.37,5.45022
45.38,5.66626
45.39,5.90918
45.4,6.17884
45.41,6.47481
45.42,6.79634
45.43,7.14237
45.44,7.51144
45.45,7.90169
45.46,8.31081
45.47,8.73602
45.48,9.17399
45.49,9.62081
45.5,10.072
45.51,10.5225
45.52,10.9666
45.53,11.3983
45.54,11.811
45.55,12.1978
45.56,12.552
45.57,12.8669
45.58,13.1364
45.59,13.355
45.6,13.5187
45.61,13.6245
45.62,13.6717
45.63,13.6611
45.64,13.5961
45.65,13.4821
45.66,13.327
45.67,13.1402
45.68,12.933
45.69,12.7175
45.7,12.506
45.71,12.3097
45.72,12.138
45.73,11.9976
45.74,11.8911
45.75,11.8175
45.76,11.7719
45.77,11.7463
45.78,11.7306
45.79,11.7143
45.8,11.6867
45.81,11.6391
45.82,11.5645
45.83,11.4586
45.84,11.3196
45.85,11.1482
45.86,10.9468
45.87,10.7197
45.88,10.4721
45.89,10.2098
45.9,9.93879
45.91,9.66474
45.92,9.39284
45.93,9.12762
45.94,8.87285
45.95,8.63148
45.96,8.40576
45.97,8.19728
45.98,8.00711
45.99,7.83594
46,7.68421
46.01,7.55226
46.02,7.44045
46.03,7.34924
46.04,7.27929
46.05,7.2315
46.06,7.20704
46.07,7.20736
46.08,7.23419
46.09,7.28946
46.1,7.37527
46.11,7.49385
46.12,7.64743
46.13,7.83821
46.14,8.06822
46.15,8.33933
46.16,8.65309
46.17,9.01075
46.18,9.41317
46.19,9.86076
46.2,10.3535
46.21,10.8906
46.22,11.4711
46.23,12.093
46.24,12.7536
46.25,13.4494
46.26,14.1759
46.27,14.9277
46.28,15.6981
46.29,16.4794
46.3,17.263
46.31,18.039
46.32,18.7967
46.33,19.5251
46.34,20.2126
46.35,20.8478
46.36,21.4202
46.37,21.92
46.38,22.3392
46.39,22.6717
46.4,22.9138
46.41,23.0642
46.42,23.1243
46.43,23.0978
46.44,22.9909
46.45,22.8115
46.46,22.5692
46.47,22.2745
46.48,21.9388
46.49,21.5736
46.5,21.1908
46.51,20.802
46.52,20.4189
46.53,20.053
46.54,19.7155
46.55,19.4176
46.56,19.1704
46.57,18.9841
46.58,18.8679
46.59,18.8293
46.6,18.8729
46.61,18.9996
46.62,19.2055
46.63,19.4817
46.64,19.8135
46.65,20.1815
46.66,20.5621
46.67,20.9297
46.68,21.2581
46.69,21.523
46.7,21.7038
46.71,21.7852
46.72,21.7585
46.73,21.6218
46.74,21.3799
46.75,21.0432
46.76,20.6265
46.77,20.1476
46.78,19.6254
46.79,19.0788
46.8,18.525
46.81,17.9796
46.82,17.4549
46.83,16.961
46.84,16.5048
46.85,16.091
46.86,15.7222
46.87,15.3994
46.88,15.1224
46.89,14.8907
46.9,14.7033
46.91,14.5594
46.92,14.4586
46.93,14.4009
46.94,14.3869
46.95,14.4181
46.96,14.4962
46.97,14.6237
46.98,14.8036
46.99,15.0389
47,15.3328
47.01,15.6886
47.02,16.1087
47.03,16.5955
47.04,17.1501
47.05,17.7727
47.06,18.4621
47.07,19.2155
47.08,20.0283
47.09,20.8938
47.1,21.803
47.11,22.7446
47.12,23.7049
47.13,24.668
47.14,25.6157
47.15,26.5283
47.16,27.385
47.17,28.1648
47.18,28.8476
47.19,29.4148
47.2,29.851
47.21,30.1445
47.22,30.2885
47.23,30.281
47.24,30.1254
47.25,29.8299
47.26,29.4071
47.27,28.873
47.28,28.2464
47.29,27.5473
47.3,26.7965
47.31,26.0148
47.32,25.2222
47.33,24.4375
47.34,23.6782
47.35,22.9599
47.36,22.2964
47.37,21.6991
47.38,21.1772
47.39,20.7364
47.4,20.3793
47.41,20.1047
47.42,19.9074
47.43,19.7784
47.44,19.7053
47.45,19.6731
47.46,19.6653
47.47,19.6648
47.48,19.6552
47.49,19.622
47.5,19.553
47.51,19.4395
47.52,19.276
47.53,19.0604
47.54,18.7938
47.55,18.4799
47.56,18.1245
47.57,17.7349
47.58,17.3189
47.59,16.8848
47.6,16.4403
47.61,15.9927
47.62,15.5482
47.63,15.1119
47.64,14.6878
47.65,14.2788
47.66,13.8868
47.67,13.5128
47.68,13.1572
47.69,12.8196
47.7,12.4994
47.71,12.1957
47.72,11.9071
47.73,11.6327
47.74,11.3709
47.75,11.1208
47.76,10.881
47.77,10.6506
47.78,10.4287
47.79,10.2143
47.8,10.0069
47.81,9.80566
47.82,9.61017
47.83,9.41994
47.84,9.23457
47.85,9.05372
47.86,8.87712
47.87,8.70451
47.88,8.53568
47.89,8.37042
47.9,8.20858
47.91,8.05
47.92,7.89452
47.93,7.74201
47.94,7.59235
47.95,7.44539
47.96,7.30103
47.97,7.15915
47.98,7.01965
47.99,6.88245
48,6.74749
48.01,6.61475
48.02,6.48427
48.03,6.35617
48.04,6.2307
48.05,6.10825
48.06,5.98944
48.07,5.87519
48.08,5.76681
48.09,5.66614
48.1,5.57565
48.11,5.49864
48.12,5.43937
48.13,5.40321
48.14,5.39666
48.15,5.4273
48.16,5.50347
48.17,5.63378
48.18,5.82634
48.19,6.08788
48.2,6.42283
48.21,6.83265
48.22,7.31521
48.23,7.86458
48.24,8.47077
48.25,9.1198
48.26,9.79382
48.27,10.4715
48.28,11.1291
48.29,11.7414
48.3,12.2841
48.31,12.736
48.32,13.0811
48.33,13.3111
48.34,13.4262
48.35,13.4347
48.36,13.3515
48.37,13.1951
48.38,12.9838
48.39,12.7332
48.4,12.4544
48.41,12.1532
48.42,11.8317
48.43,11.4897
48.44,11.1264
48.45,10.7418
48.46,10.3375
48.47,9.9167
48.48,9.48384
48.49,9.04434
48.5,8.60398
48.51,8.1685
48.52,7.74327
48.53,7.33309
48.54,6.94211
48.55,6.57375
48.56,6.2308
48.57,5.91539
48.58,5.62916
48.59,5.37322
48.6,5.14828
48.61,4.95468
48.62,4.79241
48.63,4.66118
48.64,4.56037
48.65,4.48915
48.66,4.44646
48.67,4.43104
48.68,4.44155
48.69,4.47653
48.7,4.53452
48.71,4.61407
48.72,4.71381
48.73,4.83241
48.74,4.96869
48.75,5.12152
48.76,5.28987
48.77,5.47281
48.78,5.66944
48.79,5.8789
48.8,6.10033
48.81,6.33284
48.82,6.57549
48.83,6.82727
48.84,7.08702
48.85,7.35347
48.86,7.62516
48.87,7.90041
48.88,8.17736
48.89,8.45385
48.9,8.72752
48.91,8.99571
48.92,9.25551
48.93,9.50381
48.94,9.73725
48.95,9.95236
48.96,10.1456
48.97,10.3134
48.98,10.4525
48.99,10.5598
49,10.6327
49.01,10.6694
49.02,10.6689
49.03,10.6313
49.04,10.5581
49.05,10.4523
49.06,10.3186
49.07,10.1632
49.08,9.99405
49.09,9.82014
49.1,9.65123
49.11,9.49691
49.12,9.36563
49.13,9.26362
49.14,9.19395
49.15,9.15597
49.16,9.14529
49.17,9.15433
49.18,9.17343
49.19,9.19205
49.2,9.2001
49.21,9.18902
49.22,9.15245
49.23,9.08663
49.24,8.99043
49.25,8.86514
49.26,8.71403
49.27,8.54184
49.28,8.35428
49.29,8.1575
49.3,7.95763
49.31,7.76044
49.32,7.57108
49.33,7.39392
49.34,7.23248
49.35,7.08944
49.36,6.96675
49.37,6.86568
49.38,6.78701
49.39,6.73117
49.4,6.69835
49.41,6.68867
49.42,6.70222
49.43,6.73917
49.44,6.79977
49.45,6.88438
49.46,6.99346
49.47,7.12757
49.48,7.28729
49.49,7.47324
49.5,7.686
49.51,7.9261
49.52,8.19398
49.53,8.48996
49.54,8.81421
49.55,9.16675
49.56,9.54739
49.57,9.95571
49.58,10.3911
49.59,10.8525
49.6,11.3389
49.61,11.8485
49.62,12.3795
49.63,12.9295
49.64,13.4957
49.65,14.0748
49.66,14.6632
49.67,15.2565
49.68,15.8503
49.69,16.4393
49.7,17.0182
49.71,17.5813
49.72,18.1226
49.73,18.6364
49.74,19.1169
49.75,19.5584
49.76,19.9561
49.77,20.3055
49.78,20.6029
49.79,20.8456
49.8,21.0317
49.81,21.1604
49.82,21.2319
49.83,21.2474
49.84,21.2089
49.85,21.1194
49.86,20.9822
49.87,20.8015
49.88,20.5818
49.89,20.3278
49.9,20.0444
49.91,19.7371
49.92,19.4111
49.93,19.0722
49.94,18.7267
49.95,18.3811
49.96,18.0431
49.97,17.7209
49.98,17.4241
49.99,17.1632
50,16.9498
50.01,16.7961
50.02,16.7141
50.03,16.7145
50.04,16.8053
50.05,16.9902
50.06,17.2673
50.07,17.6279
50.08,18.0562
50.09,18.5304
50.1,19.0234
50.11,19.5054
50.12,19.9465
50.13,20.3187
50.14,20.5991
50.15,20.7712
50.16,20.8266
50.17,20.7652
50.18,20.5946
50.19,20.3289
50.2,19.9874
50.21,19.5917
50.22,19.1647
50.23,18.7281
50.24,18.3016
50.25,17.9017
50.26,17.5412
50.27,17.2294
50.28,16.9721
50.29,16.7725
50.3,16.6312
50.31,16.5474
50.32,16.5193
50.33,16.5444
50.34,16.6198
50.35,16.7428
50.36,16.9103
50.37,17.1196
50.38,17.3675
50.39,17.6506
50.4,17.9653
50.41,18.3071
50.42,18.6711
50.43,19.0517
50.44,19.4425
50.45,19.8367
50.46,20.227
50.47,20.6057
50.48,20.9651
50.49,21.2979
50.5,21.5971
50.51,21.8565
50.52,22.0711
50.53,22.237
50.54,22.3518
50.55,22.4145
50.56,22.4257
50.57,22.3873
50.58,22.3029
50.59,22.1769
50.6,22.0148
50.61,21.823
50.62,21.6083
50.63,21.3779
50.64,21.1392
50.65,20.8994
50.66,20.6659
50.67,20.4456
50.68,20.2453
50.69,20.0711
50.7,19.929
50.71,19.8242
50.72,19.7613
50.73,19.7441
50.74,19.7755
50.75,19.8573
50.76,19.99
50.77,20.1728
50.78,20.4031
50.79,20.6768
50.8,20.9882
50.81,21.3298
50.82,21.6926
50.83,22.0663
50.84,22.4397
50.85,22.8008
50.86,23.1376
50.87,23.4382
50.88,23.6919
50.89,23.8892
50.9,24.0223
50.91,24.0859
50.92,24.077
50.93,23.995
50.94,23.8419
50.95,23.6221
50.96,23.3419
50.97,23.0091
50.98,22.6328
50.99,22.223
51,21.7898
51.01,21.3436
51.02,20.8945
51.03,20.452
51.04,20.0252
51.05,19.6227
51.06,19.2521
51.07,18.9205
51.08,18.6342
51.09,18.3988
51.1,18.2188
51.11,18.0981
51.12,18.0392
51.13,18.0435
51.14,18.1108
51.15,18.2396
51.16,18.4266
51.17,18.6668
51.18,18.9534
51.19,19.2783
51.2,19.6319
51.21,20.0035
51.22,20.3816
51.23,20.7545
51.24,21.1103
51.25,21.4378
51.26,21.7268
51.27,21.9683
51.28,22.1551
51.29,22.2821
51.3,22.3462
51.31,22.3466
51.32,22.2847
51.33,22.1637
51.34,21.9885
51.35,21.7654
51.36,21.5017
51.37,21.2052
51.38,20.8841
51.39,20.5467
51.4,20.201
51.41,19.8546
51.42,19.5149
51.43,19.1885
51.44,18.882
51.45,18.6012
51.46,18.3518
51.47,18.1391
51.48,17.9684
51.49,17.8448
51.5,17.7731
51.51,17.758
51.52,17.804
51.53,17.9149
51.54,18.0939
51.55,18.3434
51.56,18.6644
51.57,19.0564
51.58,19.5172
51.59,20.0424
51.6,20.6256
51.61,21.2576
51.62,21.9274
51.63,22.6211
51.64,23.3232
51.65,24.0163
51.66,24.6818
51.67,25.3008
51.68,25.8547
51.69,26.3262
51.7,26.7005
51.71,26.9657
51.72,27.1136
51.73,27.1406
51.74,27.0472
51.75,26.8383
51.76,26.5226
51.77,26.1117
51.78,25.6199
51.79,25.0625
51.8,24.4558
51.81,23.8159
51.82,23.1583
51.83,22.4974
51.84,21.8467
51.85,21.2182
51.86,20.6229
51.87,20.0706
51.88,19.5701
51.89,19.1294
51.9,18.7555
51.91,18.4548
51.92,18.2321
51.93,18.0912
51.94,18.0338
51.95,18.0595
51.96,18.1657
51.97,18.3466
51.98,18.5938
51.99,18.8962
52,19.2402
52.01,19.6106
52.02,19.9905
52.03,20.363
52.04,20.7111
52.05,21.0192
52.06,21.2735
52.07,21.4629
52.08,21.5792
52.09,21.6176
52.1,21.5766
52.11,21.4582
52.12,21.2669
52.13,21.0097
52.14,20.6952
52.15,20.3333
52.16,19.934
52.17,19.5072
52.18,19.0623
52.19,18.6077
52.2,18.1508
52.21,17.6975
52.22,17.2525
52.23,16.8196
52.24,16.4011
52.25,15.9986
52.26,15.6132
52.27,15.2449
52.28,14.8936
52.29,14.5589
52.3,14.2402
52.31,13.9367
52.32,13.6478
52.33,13.3729
52.34,13.1114
52.35,12.8631
52.36,12.6276
52.37,12.4052
52.38,12.1961
52.39,12.0008
52.4,11.8201
52.41,11.6554
52.42,11.5079
52.43,11.3798
52.44,11.2732
52.45,11.1911
52.46,11.1367
52.47,11.114
52.48,11.1274
52.49,11.1821
52.5,11.2838
52.51,11.4387
52.52,11.6536
52.53,11.9354
52.54,12.2916
52.55,12.7297
52.56,13.2569
52.57,13.8804
52.58,14.6069
52.59,15.4426
52.6,16.3927
52.61,17.4616
52.62,18.652
52.63,19.9649
52.64,21.399
52.65,22.9497
52.66,24.6086
52.67,26.3623
52.68,28.1917
52.69,30.0708
52.7,31.9662
52.71,33.8369
52.72,35.6344
52.73,37.3045
52.74,38.7894
52.75,40.031
52.76,40.9758
52.77,41.579
52.78,41.8093
52.79,41.6521
52.8,41.1116
52.81,40.2101
52.82,38.9862
52.83,37.4914
52.84,35.7855
52.85,33.9325
52.86,31.9966
52.87,30.0395
52.88,28.1178
52.89,26.2813
52.9,24.5713
52.91,23.0194
52.92,21.6451
52.93,20.4552
52.94,19.443
52.95,18.5901
52.96,17.8688
52.97,17.2467
52.98,16.6919
52.99,16.176
53,15.6777
53.01,15.1833
53.02,14.6865
53.03,14.1876
53.04,13.6913
53.05,13.2054
53.06,12.7392
53.07,12.3015
53.08,11.9005
53.09,11.5424
53.1,11.2316
53.11,10.9704
53.12,10.7592
53.13,10.5971
53.14,10.4819
53.15,10.4111
53.16,10.3819
53.17,10.3915
53.18,10.4377
53.19,10.5186
53.2,10.6329
53.21,10.7797
53.22,10.9588
53.23,11.1702
53.24,11.4142
53.25,11.6914
53.26,12.0024
53.27,12.3476
53.28,12.7276
53.29,13.1426
53.3,13.5925
53.31,14.077
53.32,14.5954
53.33,15.1464
53.34,15.7285
53.35,16.3394
53.36,16.9763
53.37,17.636
53.38,18.3145
53.39,19.0072
53.4,19.709
53.41,20.4141
53.42,21.1162
53.43,21.8089
53.44,22.485
53.45,23.1376
53.46,23.7596
53.47,24.3443
53.48,24.8853
53.49,25.3768
53.5,25.8142
53.51,26.1936
53.52,26.5126
53.53,26.7699
53.54,26.9656
53.55,27.1013
53.56,27.18
53.57,27.2056
53.58,27.1835
53.59,27.1198
53.6,27.0213
53.61,26.8953
53.62,26.7493
53.63,26.5907
53.64,26.4265
53.65,26.2628
53.66,26.1045
53.67,25.9551
53.68,25.8161
53.69,25.687
53.7,25.5647
53.71,25.444
53.72,25.3178
53.73,25.1769
53.74,25.0116
53.75,24.8116
53.76,24.5675
53.77,24.2711
53.78,23.9169
53.79,23.5017
53.8,23.0254
53.81,22.491
53.82,21.9041
53.83,21.2727
53.84,20.6063
53.85,19.9154
53.86,19.211
53.87,18.5038
53.88,17.8042
53.89,17.1213
53.9,16.4634
53.91,15.8375
53.92,15.2496
53.93,14.7044
53.94,14.2061
53.95,13.7578
53.96,13.3621
53.97,13.0212
53.98,12.737
53.99,12.511
54,12.3445
54.01,12.2388
54.02,12.1945
54.03,12.2124
54.04,12.2923
54.05,12.4339
54.06,12.6361
54.07,12.8973
54.08,13.2149
54.09,13.5859
54.1,14.0064
54.11,14.4716
54.12,14.9763
54.13,15.5143
54.14,16.0788
54.15,16.6625
54.16,17.2573
54.17,17.8548
54.18,18.4464
54.19,19.0231
54.2,19.5763
54.21,20.0975
54.22,20.5788
54.23,21.0132
54.24,21.3946
54.25,21.7184
54.26,21.9814
54.27,22.1816
54.28,22.319
54.29,22.3947
54.3,22.4115
54.31,22.3731
54.32,22.2842
54.33,22.1504
54.34,21.9775
54.35,21.7717
54.36,21.539
54.37,21.2854
54.38,21.0164
54.39,20.7373
54.4,20.4528
54.41,20.1671
54.42,19.8839
54.43,19.6067
54.44,19.3385
54.45,19.0819
54.46,18.8397
54.47,18.6143
54.48,18.4081
54.49,18.2238
54.5,18.064
54.51,17.9319
54.52,17.8307
54.53,17.7643
54.54,17.7369
54.55,17.7532
54.56,17.8185
54.57,17.9386
54.58,18.1197
54.59,18.3686
54.6,18.6919
54.61,19.0967
54.62,19.5897
54.63,20.177
54.64,20.8641
54.65,21.6548
54.66,22.5513
54.67,23.5534
54.68,24.6575
54.69,25.8565
54.7,27.1387
54.71,28.4871
54.72,29.8787
54.73,31.2843
54.74,32.6682
54.75,33.9887
54.76,35.1996
54.77,36.2522
54.78,37.0981
54.79,37.6928
54.8,37.9999
54.81,37.9945
54.82,37.6658
54.83,37.0188
54.84,36.074
54.85,34.8649
54.86,33.4358
54.87,31.837
54.88,30.1216
54.89,28.3416
54.9,26.5456
54.91,24.7766
54.92,23.0714
54.93,21.4598
54.94,19.9646
54.95,18.6018
54.96,17.3809
54.97,16.3046
54.98,15.3696
54.99,14.567
55,13.8835
55.01,13.3023
55.02,12.8053
55.03,12.374
55.04,11.9917
55.05,11.6437
55.06,11.3183
55.07,11.007
55.08,10.704
55.09,10.4061
55.1,10.1121
55.11,9.82221
55.12,9.5378
55.13,9.26078
55.14,8.99334
55.15,8.7377
55.16,8.49595
55.17,8.26994
55.18,8.06127
55.19,7.87134
55.2,7.70133
55.21,7.55233
55.22,7.42538
55.23,7.32156
55.24,7.24204
55.25,7.18807
55.26,7.16106
55.27,7.16248
55.28,7.19387
55.29,7.25675
55.3,7.3525
55.31,7.48232
55.32,7.6471
55.33,7.84737
55.34,8.08317
55.35,8.35407
55.36,8.65908
55.37,8.99665
55.38,9.36466
55.39,9.76041
55.4,10.1806
55.41,10.6214
55.42,11.0785
55.43,11.5467
55.44,12.0208
55.45,12.4948
55.46,12.9624
55.47,13.4171
55.48,13.8522
55.49,14.2611
55.5,14.6371
55.51,14.9744
55.52,15.2674
55.53,15.5115
55.54,15.703
55.55,15.8394
55.56,15.9196
55.57,15.9438
55.58,15.9136
55.59,15.8321
55.6,15.7038
55.61,15.5344
55.62,15.3309
55.63,15.1016
55.64,14.8555
55.65,14.6025
55.66,14.353
55.67,14.1178
55.68,13.9074
55.69,13.7316
55.7,13.599
55.71,13.5157
55.72,13.4853
55.73,13.5079
55.74,13.5798
55.75,13.6937
55.76,13.8392
55.77,14.0035
55.78,14.1723
55.79,14.3313
55.8,14.4671
55.81,14.5678
55.82,14.6245
55.83,14.6308
55.84,14.584
55.85,14.484
55.86,14.3336
55.87,14.138
55.88,13.9041
55.89,13.6398
55.9,13.3534
55.91,13.0534
55.92,12.748
55.93,12.4444
55.94,12.149
55.95,11.8674
55.96,11.6042
55.97,11.363
55.98,11.1469
55.99,10.9585
56,10.7998
56.01,10.6728
56.02,10.5794
56.03,10.5216
56.04,10.5012
56.05,10.5204
56.06,10.5812
56.07,10.6857
56.08,10.8356
56.09,11.0324
56.1,11.2774
56.11,11.5708
56.12,11.9125
56.13,12.3013
56.14,12.7353
56.15,13.2116
56.16,13.7261
56.17,14.2741
56.18,14.8495
56.19,15.4455
56.2,16.0545
56.21,16.6681
56.22,17.2773
56.23,17.8726
56.24,18.4447
56.25,18.9841
56.26,19.482
56.27,19.9303
56.28,20.3219
56.29,20.6512
56.3,20.9141
56.31,21.1082
56.32,21.2328
56.33,21.2891
56.34,21.2798
56.35,21.2088
56.36,21.0813
56.37,20.9032
56.38,20.681
56.39,20.4211
56.4,20.1302
56.41,19.8146
56.42,19.48
56.43,19.1318
56.44,18.7748
56.45,18.4133
56.46,18.0512
56.47,17.6919
56.48,17.3389
56.49,16.9954
56.5,16.6649
56.51,16.3515
56.52,16.0597
56.53,15.7949
56.54,15.5636
56.55,15.3731
56.56,15.2321
56.57,15.1502
56.58,15.1374
56.59,15.2039
56.6,15.3586
56.61,15.6088
56.62,15.9583
56.63,16.4068
56.64,16.9488
56.65,17.5734
56.66,18.2639
56.67,18.9986
56.68,19.7515
56.69,20.4941
56.7,21.1964
56.71,21.8294
56.72,22.3673
56.73,22.7888
56.74,23.0795
56.75,23.2324
56.76,23.2487
56.77,23.1372
56.78,22.9132
56.79,22.5968
56.8,22.2114
56.81,21.7814
56.82,21.3306
56.83,20.8808
56.84,20.451
56.85,20.0567
56.86,19.7097
56.87,19.4186
56.88,19.1886
56.89,19.0227
56.9,18.9216
56.91,18.8846
56.92,18.9095
56.93,18.9933
56.94,19.1321
56.95,19.3208
56.96,19.5536
56.97,19.8235
56.98,20.1224
56.99,20.4408
57,20.7686
57.01,21.0943
57.02,21.4064
57.03,21.6929
57.04,21.9424
57.05,22.1445
57.06,22.2903
57.07,22.3727
57.08,22.3871
57.09,22.3314
57.1,22.2061
57.11,22.0139
57.12,21.7599
57.13,21.4511
57.14,21.0956
57.15,20.7026
57.16,20.2815
57.17,19.842
57.18,19.3934
57.19,18.9444
57.2,18.5033
57.21,18.0775
57.22,17.6736
57.23,17.2979
57.24,16.9558
57.25,16.6523
57.26,16.3921
57.27,16.1796
57.28,16.019
57.29,15.9142
57.3,15.8688
57.31,15.8861
57.32,15.969
57.33,16.1194
57.34,16.3385
57.35,16.6265
57.36,16.9822
57.37,17.4029
57.38,17.8842
57.39,18.4204
57.4,19.0036
57.41,19.6244
57.42,20.2718
57.43,20.9334
57.44,21.5955
57.45,22.2437
57.46,22.863
57.47,23.4389
57.48,23.9575
57.49,24.4062
57.5,24.7744
57.51,25.0541
57.52,25.2401
57.53,25.3302
57.54,25.3254
57.55,25.2297
57.56,25.0496
57.57,24.7937
57.58,24.4723
57.59,24.0968
57.6,23.679
57.61,23.2308
57.62,22.7638
57.63,22.2889
57.64,21.8165
57.65,21.356
57.66,20.9164
57.67,20.5056
57.68,20.1315
57.69,19.8012
57.7,19.5217
57.71,19.2996
57.72,19.1414
57.73,19.053
57.74,19.0395
57.75,19.1051
57.76,19.2526
57.77,19.4825
57.78,19.7932
57.79,20.1802
57.8,20.6357
57.81,21.1491
57.82,21.7061
57.83,22.29
57.84,22.8814
57.85,23.4594
57.86,24.0026
57.87,24.4897
57.88,24.901
57.89,25.2199
57.9,25.4329
57.91,25.5316
57.92,25.5121
57.93,25.3757
57.94,25.1283
57.95,24.7797
57.96,24.3427
57.97,23.8324
57.98,23.2646
57.99,22.6551
58,22.019
58.01,21.3702
58.02,20.7206
58.03,20.0805
58.04,19.4581
58.05,18.8601
58.06,18.2917
58.07,17.7568
58.08,17.2585
58.09,16.7995
58.1,16.3822
58.11,16.0092
58.12,15.6833
58.13,15.408
58.14,15.1871
58.15,15.0254
58.16,14.9281
58.17,14.9007
58.18,14.949
58.19,15.0783
58.2,15.2932
58.21,15.5969
58.22,15.9906
58.23,16.4732
58.24,17.0407
58.25,17.6863
58.26,18.3997
58.27,19.1674
58.28,19.9729
58.29,20.7973
58.3,21.619
58.31,22.4155
58.32,23.1635
58.33,23.8407
58.34,24.4264
58.35,24.9034
58.36,25.2587
58.37,25.4842
58.38,25.5775
58.39,25.5416
58.4,25.3847
58.41,25.1192
58.42,24.7603
58.43,24.3254
58.44,23.8324
58.45,23.2989
58.46,22.7412
58.47,22.1736
58.48,21.6083
58.49,21.0551
58.5,20.5216
58.51,20.0133
58.52,19.534
58.53,19.0862
58.54,18.6713
58.55,18.2903
58.56,17.944
58.57,17.6329
58.58,17.3583
58.59,17.1218
58.6,16.9259
58.61,16.7736
58.62,16.6693
58.63,16.618
58.64,16.6258
58.65,16.6995
58.66,16.8465
58.67,17.0743
58.68,17.3904
58.69,17.8013
58.7,18.3122
58.71,18.9262
58.72,19.6438
58.73,20.4618
58.74,21.3733
58.75,22.367
58.76,23.4265
58.77,24.5307
58.78,25.6539
58.79,26.7658
58.8,27.8333
58.81,28.8213
58.82,29.695
58.83,30.4222
58.84,30.9755
58.85,31.3348
58.86,31.4885
58.87,31.4349
58.88,31.1818
58.89,30.7455
58.9,30.149
58.91,29.4198
58.92,28.5878
58.93,27.6826
58.94,26.732
58.95,25.7609
58.96,24.7901
58.97,23.8366
58.98,22.9132
58.99,22.0294
59,21.1916
59.01,20.4042
59.02,19.6701
59.03,18.9914
59.04,18.3701
59.05,17.8088
59.06,17.3107
59.07,16.8803
59.08,16.5234
59.09,16.2465
59.1,16.057
59.11,15.962
59.12,15.9675
59.13,16.0771
59.14,16.291
59.15,16.6046
59.16,17.0086
59.17,17.488
59.18,18.0232
59.19,18.5907
59.2,19.1645
59.21,19.7173
59.22,20.2228
59.23,20.6571
59.24,21.0004
59.25,21.2385
59.26,21.3632
59.27,21.3733
59.28,21.2738
59.29,21.0753
59.3,20.7928
59.31,20.4443
59.32,20.0492
59.33,19.6271
59.34,19.1963
59.35,18.7734
59.36,18.3727
59.37,18.0056
59.38,17.6811
59.39,17.4057
59.4,17.1839
59.41,17.0187
59.42,16.9118
59.43,16.8638
59.44,16.8748
59.45,16.9443
59.46,17.071
59.47,17.2533
59.48,17.4885
59.49,17.773
59.5,18.1021
59.51,18.4699
59.52,18.869
59.53,19.2907
59.54,19.7253
59.55,20.1618
59.56,20.5887
59.57,20.9944
59.58,21.3671
59.59,21.6962
59.6,21.972
59.61,22.1867
59.62,22.3345
59.63,22.4119
59.64,22.4178
59.65,22.3535
59.66,22.2225
59.67,22.0302
59.68,21.7836
59.69,21.4906
59.7,21.1601
59.71,20.801
59.72,20.4223
59.73,20.0327
59.74,19.6404
59.75,19.2529
59.76,18.8772
59.77,18.5197
59.78,18.1861
59.79,17.8819
59.8,17.6121
59.81,17.3816
59.82,17.1952
59.83,17.0577
59.84,16.9738
59.85,16.9481
59.86,16.9851
59.87,17.0891
59.88,17.2636
59.89,17.5115
59.9,17.8345
59.91,18.233
59.92,18.7056
59.93,19.2489
59.94,19.8572
59.95,20.5225
59.96,21.2343
59.97,21.9797
59.98,22.7434
59.99,23.508
60,24.2547
60.01,24.9638
60.02,25.6152
60.03,26.19
60.04,26.6708
60.05,27.0433
60.06,27.2966
60.07,27.4243
60.08,27.4243
60.09,27.2995
60.1,27.0569
60.11,26.7072
60.12,26.2639
60.13,25.7426
60.14,25.1599
60.15,24.5324
60.16,23.8765
60.17,23.2074
60.18,22.5393
60.19,21.8848
60.2,21.2554
60.21,20.6611
60.22,20.1113
60.23,19.6141
60.24,19.1774
60.25,18.8082
60.26,18.5131
60.27,18.2977
60.28,18.1666
60.29,18.1229
60.3,18.1677
60.31,18.2993
60.32,18.5134
60.33,18.8023
60.34,19.1551
60.35,19.558
60.36,19.9946
60.37,20.4464
60.38,20.894
60.39,21.3178
60.4,21.699
60.41,22.0208
60.42,22.269
60.43,22.433
60.44,22.5061
60.45,22.4858
60.46,22.3736
60.47,22.1746
60.48,21.8972
60.49,21.5518
60.5,21.15
60.51,20.7045
60.52,20.2273
60.53,19.7299
60.54,19.2225
60.55,18.714
60.56,18.2113
60.57,17.72
60.58,17.2442
60.59,16.7863
60.6,16.348
60.61,15.9296
60.62,15.5311
60.63,15.1518
60.64,14.7906
60.65,14.4461
60.66,14.1172
60.67,13.8024
60.68,13.5003
60.69,13.2099
60.7,12.9298
60.71,12.6593
60.72,12.3973
60.73,12.1432
60.74,11.8963
60.75,11.6561
60.76,11.4222
60.77,11.1943
60.78,10.9721
60.79,10.7554
60.8,10.5441
60.81,10.3382
60.82,10.1378
60.83,9.9429
60.84,9.75381
60.85,9.57085
60.86,9.39448
60.87,9.22531
60.88,9.06416
60.89,8.91207
60.9,8.77037
60.91,8.64074
60.92,8.52526
60.93,8.42653
60.94,8.34773
60.95,8.29268
60.96,8.266
60.97,8.27309
60.98,8.3202
60.99,8.41442
61,8.56354
61.01,8.77598
61.02,9.06053
61.03,9.42607
61.04,9.88136
61.05,10.4347
61.06,11.0938
61.07,11.8655
61.08,12.7556
61.09,13.7683
61.1,14.9066
61.11,16.1711
61.12,17.5595
61.13,19.0661
61.14,20.6805
61.15,22.3868
61.16,24.1627
61.17,25.9782
61.18,27.7963
61.19,29.5727
61.2,31.258
61.21,32.8
61.22,34.148
61.23,35.2574
61.24,36.0943
61.25,36.6401
61.26,36.8937
61.27,36.8722
61.28,36.6086
61.29,36.1487
61.3,35.5458
61.31,34.8552
61.32,34.1303
61.33,33.418
61.34,32.7569
61.35,32.1759
61.36,31.6941
61.37,31.3215
61.38,31.0602
61.39,30.9055
61.4,30.8472
61.41,30.8708
61.42,30.9575
61.43,31.0851
61.44,31.2282
61.45,31.3587
61.46,31.4464
61.47,31.46
61.48,31.3694
61.49,31.1474
61.5,30.7722
61.51,30.2297
61.52,29.5149
61.53,28.6329
61.54,27.5979
61.55,26.4321
61.56,25.1634
61.57,23.8224
61.58,22.4405
61.59,21.047
61.6,19.6683
61.61,18.3264
61.62,17.0388
61.63,15.8185
61.64,14.6744
61.65,13.6115
61.66,12.6324
61.67,11.737
61.68,10.9237
61.69,10.1898
61.7,9.53172
61.71,8.94598
61.72,8.42899
61.73,7.97744
61.74,7.58846
61.75,7.25958
61.76,6.98873
61.77,6.77406
61.78,6.61377
61.79,6.50589
61.8,6.44808
61.81,6.43742
61.82,6.47042
61.83,6.54291
61.84,6.65019
61.85,6.78709
61.86,6.94814
61.87,7.12772
61.88,7.32015
61.89,7.51983
61.9,7.72135
61.91,7.91952
61.92,8.10947
61.93,8.28671
61.94,8.44718
61.95,8.58733
61.96,8.70418
61.97,8.79534
61.98,8.85911
61.99,8.89451
62,8.90127
62.01,8.87993
62.02,8.83181
62.03,8.75899
62.04,8.66436
62.05,8.55152
62.06,8.4248
62.07,8.28911
62.08,8.1499
62.09,8.01296
62.1,7.88423
62.11,7.76955
62.12,7.6743
62.13,7.60307
62.14,7.55931
62.15,7.54499
62.16,7.56042
62.17,7.6042
62.18,7.67328
62.19,7.76325
62.2,7.86867
62.21,7.9835
62.22,8.10147
62.23,8.21652
62.24,8.32304
62.25,8.41612
62.26,8.49174
62.27,8.54683
62.28,8.57929
62.29,8.588
62.3,8.57273
62.31,8.53406
62.32,8.47326
62.33,8.39219
62.34,8.29315
62.35,8.1788
62.36,8.05202
62.37,7.91588
62.38,7.77352
62.39,7.62815
62.4,7.483
62.41,7.34133
62.42,7.2064
62.43,7.08145
62.44,6.96976
62.45,6.87455
62.46,6.79897
62.47,6.746
62.48,6.7184
62.49,6.71851
62.5,6.74821
62.51,6.80869
62.52,6.90044
62.53,7.02309
62.54,7.17543
62.55,7.35544
62.56,7.56032
62.57,7.78657
62.58,8.03014
62.59,8.28653
62.6,8.55089
62.61,8.81818
62.62,9.08325
62.63,9.34098
62.64,9.58638
62.65,9.8147
62.66,10.0216
62.67,10.2031
62.68,10.356
62.69,10.4775
62.7,10.5656
62.71,10.6194
62.72,10.6384
62.73,10.6233
62.74,10.5755
62.75,10.4973
62.76,10.392
62.77,10.2636
62.78,10.1168
62.79,9.95702
62.8,9.79033
62.81,9.6232
62.82,9.4624
62.83,9.31476
62.84,9.18686
62.85,9.08466
62.86,9.01312
62.87,8.97581
62.88,8.97453
62.89,9.0091
62.9,9.07733
62.91,9.1751
62.92,9.29671
62.93,9.43525
62.94,9.58312
62.95,9.73251
62.96,9.87588
62.97,10.0063
62.98,10.1178
62.99,10.2055
63,10.2658
63.01,10.2965
63.02,10.2965
63.03,10.266
63.04,10.2063
63.05,10.1195
63.06,10.0083
63.07,9.87622
63.08,9.72685
63.09,9.56415
63.1,9.39217
63.11,9.21493
63.12,9.03644
63.13,8.86061
63.14,8.69127
63.15,8.53217
63.16,8.387
63.17,8.25938
63.18,8.15284
63.19,8.07082
63.2,8.01656
63.21,7.99302
63.22,8.00275
63.23,8.04777
63.24,8.12935
63.25,8.24799
63.26,8.40321
63.27,8.59362
63.28,8.81683
63.29,9.06954
63.3,9.34765
63.31,9.64632
63.32,9.96014
63.33,10.2833
63.34,10.6096
63.35,10.9328
63.36,11.2466
63.37,11.5449
63.38,11.822
63.39,12.0725
63.4,12.2918
63.41,12.4759
63.42,12.6218
63.43,12.7273
63.44,12.7913
63.45,12.8137
63.46,12.7955
63.47,12.7385
63.48,12.6456
63.49,12.5205
63.5,12.3678
63.51,12.1927
63.52,12.0011
63.53,11.7994
63.54,11.5946
63.55,11.3939
63.56,11.2048
63.57,11.0348
63.58,10.8912
63.59,10.7805
63.6,10.7083
63.61,10.6787
63.62,10.6939
63.63,10.754
63.64,10.8565
63.65,10.9968
63.66,11.1681
63.67,11.3619
63.68,11.5687
63.69,11.7786
63.7,11.9813
63.71,12.1678
63.72,12.3295
63.73,12.4596
63.74,12.553
63.75,12.6063
63.76,12.6178
63.77,12.5877
63.78,12.5177
63.79,12.4109
63.8,12.2713
63.81,12.1037
63.82,11.9136
63.83,11.7066
63.84,11.4883
63.85,11.2642
63.86,11.0396
63.87,10.8198
63.88,10.6094
63.89,10.4129
63.9,10.2348
63.91,10.079
63.92,9.94964
63.93,9.85036
63.94,9.78475
63.95,9.75607
63.96,9.76716
63.97,9.82029
63.98,9.917
63.99,10.0579
64,10.2427
64.01,10.4698
64.02,10.7366
64.03,11.0393
64.04,11.3731
64.05,11.7322
64.06,12.1099
64.07,12.4992
64.08,12.8923
64.09,13.2814
64.1,13.6586
64.11,14.0162
64.12,14.3472
64.13,14.645
64.14,14.9039
64.15,15.1194
64.16,15.288
64.17,15.4076
64.18,15.4774
64.19,15.4977
64.2,15.4701
64.21,15.3974
64.22,15.2831
64.23,15.1316
64.24,14.948
64.25,14.7377
64.26,14.5067
64.27,14.261
64.28,14.0071
64.29,13.7517
64.3,13.5014
64.31,13.2634
64.32,13.0448
64.33,12.8529
64.34,12.6951
64.35,12.5784
64.36,12.5093
64.37,12.4931
64.38,12.5337
64.39,12.6328
64.4,12.7896
64.41,13.0006
64.42,13.2593
64.43,13.5569
64.44,13.882
64.45,14.2219
64.46,14.5629
64.47,14.8909
64.48,15.1928
64.49,15.4566
64.5,15.6722
64.51,15.832
64.52,15.9309
64.53,15.9669
64.54,15.9406
64.55,15.8549
64.56,15.7152
64.57,15.5284
64.58,15.3027
64.59,15.0466
64.6,14.7694
64.61,14.4798
64.62,14.1864
64.63,13.897
64.64,13.6188
64.65,13.3582
64.66,13.1211
64.67,12.9127
64.68,12.7378
64.69,12.6006
64.7,12.505
64.71,12.4546
64.72,12.4523
64.73,12.5005
64.74,12.6008
64.75,12.7538
64.76,12.9589
64.77,13.2144
64.78,13.5168
64.79,13.8614
64.8,14.2423
64.81,14.6519
64.82,15.0817
64.83,15.5224
64.84,15.964
64.85,16.3962
64.86,16.8091
64.87,17.193
64.88,17.539
64.89,17.8397
64.9,18.0888
64.91,18.2818
64.92,18.416
64.93,18.4904
64.94,18.506
64.95,18.4649
64.96,18.371
64.97,18.229
64.98,18.0443
64.99,17.8229
65,17.5709
65.01,17.2943
65.02,16.9988
65.03,16.6897
65.04,16.3719
65.05,16.0497
65.06,15.727
65.07,15.4073
65.08,15.0938
65.09,14.7897
65.1,14.498
65.11,14.2221
65.12,13.9659
65.13,13.7334
65.14,13.5297
65.15,13.3604
65.16,13.232
65.17,13.1517
65.18,13.127
65.19,13.1656
65.2,13.2748
65.21,13.4606
65.22,13.7273
65.23,14.0765
65.24,14.5067
65.25,15.0126
65.26,15.5854
65.27,16.2122
65.28,16.8772
65.29,17.5613
65.3,18.2438
65.31,18.9025
65.32,19.5157
65.33,20.0628
65.34,20.5258
65.35,20.8905
65.36,21.1474
65.37,21.2921
65.38,21.3259
65.39,21.255
65.4,21.0904
65.41,20.8464
65.42,20.5396
65.43,20.1883
65.44,19.8104
65.45,19.4234
65.46,19.043
65.47,18.6833
65.48,18.3559
65.49,18.0705
65.5,17.8345
65.51,17.6534
65.52,17.5309
65.53,17.4693
65.54,17.4689
65.55,17.5288
65.56,17.6466
65.57,17.818
65.58,18.0372
65.59,18.2966
65.6,18.5871
65.61,18.898
65.62,19.2175
65.63,19.5329
65.64,19.8315
65.65,20.1007
65.66,20.3291
65.67,20.5067
65.68,20.6255
65.69,20.68
65.7,20.6674
65.71,20.5875
65.72,20.4423
65.73,20.2365
65.74,19.9763
65.75,19.6691
65.76,19.3233
65.77,18.9476
65.78,18.5505
65.79,18.1401
65.8,17.7238
65.81,17.3082
65.82,16.8989
65.83,16.5005
65.84,16.117
65.85,15.7514
65.86,15.4062
65.87,15.0834
65.88,14.7848
65.89,14.5118
65.9,14.2661
65.91,14.0493
65.92,13.8632
65.93,13.7101
65.94,13.5926
65.95,13.5138
65.96,13.4772
65.97,13.4868
65.98,13.5472
65.99,13.6632
66,13.8399
66.01,14.0826
66.02,14.3964
66.03,14.7862
66.04,15.2563
66.05,15.8103
66.06,16.4506
66.07,17.1784
66.08,17.9933
66.09,18.8929
66.1,19.8724
66.11,20.9246
66.12,22.0395
66.13,23.2037
66.14,24.4005
66.15,25.6097
66.16,26.808
66.17,27.969
66.18,29.0647
66.19,30.066
66.2,30.9444
66.21,31.6739
66.22,32.2324
66.23,32.6034
66.24,32.7776
66.25,32.753
66.26,32.5354
66.27,32.1377
66.28,31.5786
66.29,30.8813
66.3,30.0718
66.31,29.1772
66.32,28.2247
66.33,27.2403
66.34,26.248
66.35,25.2699
66.36,24.3259
66.37,23.4339
66.38,22.6096
66.39,21.8671
66.4,21.218
66.41,20.6717
66.42,20.234
66.43,19.9068
66.44,19.6874
66.45,19.5673
66.46,19.5331
66.47,19.5663
66.48,19.6451
66.49,19.7456
66.5,19.8436
66.51,19.9167
66.52,19.9455
66.53,19.9153
66.54,19.8163
66.55,19.6441
66.56,19.3994
66.57,19.0872
66.58,18.7161
66.59,18.2972
66.6,17.8428
66.61,17.3656
66.62,16.8779
66.63,16.3905
66.64,15.9131
66.65,15.4532
66.66,15.0169
66.67,14.6084
66.68,14.2304
66.69,13.8845
66.7,13.5716
66.71,13.2917
66.72,13.0447
66.73,12.8305
66.74,12.6492
66.75,12.5012
66.76,12.3875
66.77,12.3096
66.78,12.2694
66.79,12.2698
66.8,12.3139
66.81,12.4055
66.82,12.5485
66.83,12.7473
66.84,13.0061
66.85,13.3288
66.86,13.7191
66.87,14.1798
66.88,14.7129
66.89,15.3192
66.9,15.9983
66.91,16.748
66.92,17.5644
66.93,18.4418
66.94,19.3722
66.95,20.3452
66.96,21.3484
66.97,22.3667
66.98,23.383
66.99,24.3783
67,25.3324
67.01,26.2243
67.02,27.0335
67.03,27.7408
67.04,28.3295
67.05,28.7863
67.06,29.1023
67.07,29.2735
67.08,29.3009
67.09,29.1904
67.1,28.9522
67.11,28.6
67.12,28.1499
67.13,27.6197
67.14,27.0272
67.15,26.3903
67.16,25.7256
67.17,25.0483
67.18,24.3721
67.19,23.709
67.2,23.0696
67.21,22.4636
67.22,21.8994
67.23,21.3855
67.24,20.9299
67.25,20.5405
67.26,20.2257
67.27,19.9937
67.28,19.8521
67.29,19.8079
67.3,19.866
67.31,20.0287
67.32,20.2947
67.33,20.658
67.34,21.1076
67.35,21.6273
67.36,22.1959
67.37,22.788
67.38,23.3753
67.39,23.9284
67.4,24.4182
67.41,24.8184
67.42,25.1071
67.43,25.2685
67.44,25.2939
67.45,25.1819
67.46,24.9384
67.47,24.5755
67.48,24.1099
67.49,23.5617
67.5,22.9521
67.51,22.3024
67.52,21.6321
67.53,20.9586
67.54,20.2963
67.55,19.6564
67.56,19.0471
67.57,18.4737
67.58,17.9392
67.59,17.4445
67.6,16.989
67.61,16.5713
67.62,16.1891
67.63,15.84
67.64,15.5216
67.65,15.2315
67.66,14.9678
67.67,14.729
67.68,14.514
67.69,14.3224
67.7,14.1541
67.71,14.0099
67.72,13.8908
67.73,13.7986
67.74,13.7356
67.75,13.7047
67.76,13.7094
67.77,13.7536
67.78,13.842
67.79,13.9795
67.8,14.1717
67.81,14.4245
67.82,14.7441
67.83,15.1368
67.84,15.6091
67.85,16.1671
67.86,16.8166
67.87,17.5632
67.88,18.4113
67.89,19.3643
67.9,20.4244
67.91,21.5918
67.92,22.8643
67.93,24.2369
67.94,25.7009
67.95,27.2432
67.96,28.8455
67.97,30.4839
67.98,32.1279
67.99,33.7403
68,35.2782
68.01,36.6931
68.02,37.9337
68.03,38.9484
68.04,39.6888
68.05,40.1142
68.06,40.1949
68.07,39.9162
68.08,39.2802
68.09,38.3059
68.1,37.0283
68.11,35.4951
68.12,33.7632
68.13,31.8939
68.14,29.9493
68.15,27.9878
68.16,26.0619
68.17,24.2155
68.18,22.4829
68.19,20.8874
68.2,19.4418
68.21,18.1486
68.22,17.0014
68.23,15.9872
68.24,15.0887
68.25,14.2866
68.26,13.5626
68.27,12.9004
68.28,12.2872
68.29,11.7137
68.3,11.1741
68.31,10.6653
68.32,10.1864
68.33,9.73805
68.34,9.32144
68.35,8.9381
68.36,8.58937
68.37,8.27616
68.38,7.99885
68.39,7.75728
68.4,7.55081
68.41,7.37843
68.42,7.23893
68.43,7.13103
68.44,7.05356
68.45,7.00554
68.46,6.98627
68.47,6.99539
68.48,7.03285
68.49,7.09891
68.5,7.19412
68.51,7.31922
68.52,7.47508
68.53,7.66265
68.54,7.88286
68.55,8.13656
68.56,8.42448
68.57,8.74716
68.58,9.10489
68.59,9.49773
68.6,9.92537
68.61,10.3872
68.62,10.8821
68.63,11.4087
68.64,11.965
68.65,12.5484
68.66,13.1558
68.67,13.7835
68.68,14.4271
68.69,15.0815
68.7,15.7407
68.71,16.3986
68.72,17.0479
68.73,17.6812
68.74,18.2907
68.75,18.8686
68.76,19.407
68.77,19.8985
68.78,20.3363
68.79,20.7146
68.8,21.0285
68.81,21.2747
68.82,21.4513
68.83,21.5577
68.84,21.5952
68.85,21.5663
68.86,21.4749
68.87,21.3259
68.88,21.1253
68.89,20.8797
68.9,20.5963
68.91,20.2825
68.92,19.9463
68.93,19.5956
68.94,19.2389
68.95,18.8849
68.96,18.5428
68.97,18.2223
68.98,17.9339
68.99,17.6884
69,17.4969
69.01,17.3704
69.02,17.3187
69.03,17.3494
69.04,17.4667
69.05,17.6701
69.06,17.9536
69.07,18.305
69.08,18.7064
69.09,19.1352
69.1,19.5652
69.11,19.969
69.12,20.3204
69.13,20.596
69.14,20.7777
69.15,20.8539
69.16,20.82
69.17,20.6786
69.18,20.4386
69.19,20.1143
69.2,19.7235
69.21,19.2857
69.22,18.821
69.23,18.3483
69.24,17.8845
69.25,17.4437
69.26,17.0373
69.27,16.6736
69.28,16.3582
69.29,16.0947
69.3,15.8848
69.31,15.7289
69.32,15.6269
69.33,15.5782
69.34,15.5822
69.35,15.6383
69.36,15.7462
69.37,15.9056
69.38,16.1166
69.39,16.3787
69.4,16.6915
69.41,17.0538
69.42,17.4638
69.43,17.9186
69.44,18.4144
69.45,18.946
69.46,19.5069
69.47,20.0892
69.48,20.684
69.49,21.2811
69.5,21.8695
69.51,22.4375
69.52,22.9734
69.53,23.4656
69.54,23.9035
69.55,24.2774
69.56,24.5794
69.57,24.8037
69.58,24.9468
69.59,25.0076
69.6,24.9875
69.61,24.8902
69.62,24.7217
69.63,24.4895
69.64,24.2027
69.65,23.8714
69.66,23.5061
69.67,23.1177
69.68,22.7172
69.69,22.3151
69.7,21.9216
69.71,21.5465
69.72,21.1987
69.73,20.8868
69.74,20.6183
69.75,20.4003
69.76,20.2383
69.77,20.137
69.78,20.0995
69.79,20.127
69.8,20.2189
69.81,20.3719
69.82,20.5808
69.83,20.8376
69.84,21.132
69.85,21.4519
69.86,21.7833
69.87,22.1113
69.88,22.4208
69.89,22.6967
69.9,22.9255
69.91,23.0952
69.92,23.1964
69.93,23.2226
69.94,23.1704
69.95,23.0398
69.96,22.8335
69.97,22.5572
69.98,22.2185
69.99,21.8267
70,21.3921
70.01,20.9254
70.02,20.4373
70.03,19.9378
70.04,19.4366
70.05,18.9421
70.06,18.462
70.07,18.003
70.08,17.571
70.09,17.1712
70.1,16.8083
70.11,16.4867
70.12,16.2105
70.13,15.9839
70.14,15.8109
70.15,15.6956
70.16,15.6423
70.17,15.6547
70.18,15.7366
70.19,15.8909
70.2,16.1201
70.21,16.4251
70.22,16.8056
70.23,17.2598
70.24,17.7836
70.25,18.3712
70.26,19.0144
70.27,19.7031
70.28,20.4247
70.29,21.165
70.3,21.9081
70.31,22.6367
70.32,23.333
70.33,23.9794
70.34,24.5588
70.35,25.056
70.36,25.4582
70.37,25.7557
70.38,25.9424
70.39,26.0163
70.4,25.9792
70.41,25.8366
70.42,25.5972
70.43,25.2721
70.44,24.8741
70.45,24.4169
70.46,23.9145
70.47,23.3804
70.48,22.8271
70.49,22.2664
70.5,21.7082
70.51,21.1616
70.52,20.6343
70.53,20.1329
70.54,19.6633
70.55,19.2311
70.56,18.8415
70.57,18.4996
70.58,18.211
70.59,17.9812
70.6,17.8165
70.61,17.723
70.62,17.7073
70.63,17.7753
70.64,17.9322
70.65,18.1817
70.66,18.5257
70.67,18.9632
70.68,19.49
70.69,20.0983
70.7,20.7764
70.71,21.5086
70.72,22.2758
70.73,23.0553
70.74,23.8224
70.75,24.5509
70.76,25.2146
70.77,25.789
70.78,26.2524
70.79,26.5878
70.8,26.7837
70.81,26.835
70.82,26.7432
70.83,26.5156
70.84,26.1651
70.85,25.7081
70.86,25.1639
70.87,24.5525
70.88,23.8939
70.89,23.2064
70.9,22.5065
70.91,21.8079
70.92,21.1215
70.93,20.4557
70.94,19.8161
70.95,19.2063
70.96,18.6282
70.97,18.082
70.98,17.5673
70.99,17.0827
71,16.6266
71.01,16.1974
71.02,15.7935
71.03,15.4139
71.04,15.0575
71.05,14.7244
71.06,14.415
71.07,14.1305
71.08,13.8734
71.09,13.6467
71.1,13.4549
71.11,13.3035
71.12,13.1993
71.13,13.1502
71.14,13.1652
71.15,13.2538
71.16,13.4257
71.17,13.6903
71.18,14.0555
71.19,14.527
71.2,15.1078
71.21,15.7971
71.22,16.5898
71.23,17.4764
71.24,18.4423
71.25,19.4684
71.26,20.5309
71.27,21.6018
71.28,22.6504
71.29,23.6439
71.3,24.55
71.31,25.3384
71.32,25.9838
71.33,26.4672
71.34,26.7786
71.35,26.9169
71.36,26.8907
71.37,26.7167
71.38,26.4187
71.39,26.0247
71.4,25.565
71.41,25.0698
71.42,24.567
71.43,24.0815
71.44,23.6335
71.45,23.2388
71.46,22.9088
71.47,22.6504
71.48,22.4671
71.49,22.3591
71.5,22.324
71.51,22.3572
71.52,22.4521
71.53,22.5999
71.54,22.7903
71.55,23.0107
71.56,23.247
71.57,23.4837
71.58,23.704
71.59,23.891
71.6,24.0281
71.61,24.1004
71.62,24.0953
71.63,24.0034
71.64,23.8192
71.65,23.5414
71.66,23.1729
71.67,22.7203
71.68,22.1934
71.69,21.6044
71.7,20.9669
71.71,20.2949
71.72,19.6025
71.73,18.9027
71.74,18.2076
71.75,17.5275
71.76,16.8714
71.77,16.2465
71.78,15.6587
71.79,15.1128
71.8,14.6126
71.81,14.1611
71.82,13.7611
71.83,13.4149
71.84,13.1247
71.85,12.893
71.86,12.7218
71.87,12.6136
71.88,12.5702
71.89,12.5934
71.9,12.6846
71.91,12.844
71.92,13.0712
71.93,13.3647
71.94,13.7217
71.95,14.1381
71.96,14.6086
71.97,15.1263
71.98,15.6835
71.99,16.2711
72,16.879
72.01,17.4964
72.02,18.1116
72.03,18.7129
72.04,19.2884
72.05,19.8266
72.06,20.317
72.07,20.7499
72.08,21.1175
72.09,21.4137
72.1,21.6346
72.11,21.7785
72.12,21.846
72.13,21.8396
72.14,21.7638
72.15,21.6245
72.16,21.4285
72.17,21.1836
72.18,20.8978
72.19,20.5788
72.2,20.2342
72.21,19.8708
72.22,19.4947
72.23,19.1113
72.24,18.7252
72.25,18.3399
72.26,17.9587
72.27,17.584
72.28,17.2179
72.29,16.8623
72.3,16.5191
72.31,16.1902
72.32,15.8777
72.33,15.5846
72.34,15.3141
72.35,15.0706
72.36,14.8594
72.37,14.6869
72.38,14.5609
72.39,14.4901
72.4,14.4841
72.41,14.5533
72.42,14.7076
72.43,14.9562
72.44,15.306
72.45,15.7609
72.46,16.321
72.47,16.9813
72.48,17.7315
72.49,18.5561
72.5,19.4341
72.51,20.34
72.52,21.2448
72.53,22.1171
72.54,22.9252
72.55,23.6392
72.56,24.2329
72.57,24.6861
72.58,24.9862
72.59,25.1295
72.6,25.1207
72.61,24.973
72.62,24.7061
72.63,24.3445
72.64,23.9152
72.65,23.4459
72.66,22.9626
72.67,22.4888
72.68,22.0442
72.69,21.6445
72.7,21.3012
72.71,21.0223
72.72,20.812
72.73,20.6722
72.74,20.6024
72.75,20.6002
72.76,20.6618
72.77,20.7822
72.78,20.955
72.79,21.1723
72.8,21.4251
72.81,21.7028
72.82,21.9933
72.83,22.2837
72.84,22.5599
72.85,22.8077
72.86,23.0135
72.87,23.1645
72.88,23.2497
72.89,23.2608
72.9,23.1923
72.91,23.0419
72.92,22.8108
72.93,22.5031
72.94,22.1257
72.95,21.6876
72.96,21.1995
72.97,20.6728
72.98,20.1191
72.99,19.5501
73,18.9765
73.01,18.4083
73.02,17.8543
73.03,17.3225
73.04,16.8195
73.05,16.3511
73.06,15.9225
73.07,15.5381
73.08,15.2018
73.09,14.9174
73.1,14.6883
73.11,14.5177
73.12,14.4088
73.13,14.3642
73.14,14.3864
73.15,14.477
73.16,14.6372
73.17,14.8668
73.18,15.1648
73.19,15.5287
73.2,15.9547
73.21,16.4373
73.22,16.9699
73.23,17.544
73.24,18.1502
73.25,18.7775
73.26,19.4142
73.27,20.0474
73.28,20.6643
73.29,21.2517
73.3,21.7971
73.31,22.2887
73.32,22.7163
73.33,23.0715
73.34,23.3479
73.35,23.5418
73.36,23.6521
73.37,23.68
73.38,23.6292
73.39,23.5054
73.4,23.3158
73.41,23.0689
73.42,22.7738
73.43,22.4399
73.44,22.0764
73.45,21.692
73.46,21.295
73.47,20.8927
73.48,20.4915
73.49,20.0971
73.5,19.7146
73.51,19.3481
73.52,19.0016
73.53,18.6786
73.54,18.3826
73.55,18.1169
73.56,17.8851
73.57,17.6914
73.58,17.54
73.59,17.4359
73.6,17.3845
73.61,17.3921
73.62,17.465
73.63,17.6102
73.64,17.8345
73.65,18.1445
73.66,18.5461
73.67,19.044
73.68,19.6413
73.69,20.3384
73.7,21.1333
73.71,22.0202
73.72,22.9895
73.73,24.0273
73.74,25.115
73.75,26.2293
73.76,27.3427
73.77,28.4239
73.78,29.4389
73.79,30.3528
73.8,31.1319
73.81,31.7458
73.82,32.1695
73.83,32.3861
73.84,32.3877
73.85,32.1757
73.86,31.7613
73.87,31.1635
73.88,30.4074
73.89,29.5222
73.9,28.5389
73.91,27.488
73.92,26.3982
73.93,25.2957
73.94,24.2028
73.95,23.1388
73.96,22.1197
73.97,21.1586
73.98,20.2668
73.99,19.4537
74,18.7278
74.01,18.0965
74.02,17.5663
74.03,17.1423
74.04,16.8274
74.05,16.622
74.06,16.5227
74.07,16.5223
74.08,16.6088
74.09,16.7668
74.1,16.9771
74.11,17.2189
74.12,17.4703
74.13,17.7102
74.14,17.9193
74.15,18.0811
74.16,18.1832
74.17,18.2173
74.18,18.1795
74.19,18.0701
74.2,17.8931
74.21,17.6558
74.22,17.3676
74.23,17.0391
74.24,16.682
74.25,16.3074
74.26,15.9261
74.27,15.5476
74.28,15.1803
74.29,14.8313
74.3,14.5063
74.31,14.2101
74.32,13.9463
74.33,13.7181
74.34,13.5282
74.35,13.3792
74.36,13.2734
74.37,13.2135
74.38,13.2019
74.39,13.2414
74.4,13.3344
74.41,13.4834
74.42,13.6901
74.43,13.9558
74.44,14.2807
74.45,14.6637
74.46,15.1026
74.47,15.5934
74.48,16.1307
74.49,16.7074
74.5,17.3148
74.51,17.9428
74.52,18.58
74.53,19.2142
74.54,19.8323
74.55,20.4212
74.56,20.9682
74.57,21.4614
74.58,21.8902
74.59,22.2459
74.6,22.5221
74.61,22.715
74.62,22.8233
74.63,22.8485
74.64,22.7941
74.65,22.6661
74.66,22.4719
74.67,22.22
74.68,21.9195
74.69,21.5796
74.7,21.2095
74.71,20.8174
74.72,20.4108
74.73,19.9964
74.74,19.5796
74.75,19.1647
74.76,18.7554
74.77,18.3541
74.78,17.9625
74.79,17.5819
74.8,17.2128
74.81,16.8554
74.82,16.5097
74.83,16.1752
74.84,15.8516
74.85,15.5384
74.86,15.235
74.87,14.9408
74.88,14.6553
74.89,14.378
74.9,14.1084
74.91,13.8462
74.92,13.5909
74.93,13.3422
74.94,13.0999
74.95,12.8636
74.96,12.6331
74.97,12.4083
74.98,12.1888
74.99,11.9744
75,11.765
75.01,11.5603
75.02,11.3601
75.03,11.164
75.04,10.9719
75.05,10.7833
75.06,10.598
75.07,10.4154
75.08,10.2352
75.09,10.0569
75.1,9.88005
75.11,9.70408
75.12,9.52858
75.13,9.35316
75.14,9.1776
75.15,9.00194
75.16,8.82661
75.17,8.65262
75.18,8.4818
75.19,8.31715
75.2,8.16312
75.21,8.02609
75.22,7.91461
75.23,7.83961
75.24,7.81418
75.25,7.85265
75.26,7.96905
75.27,8.17474
75.28,8.47574
75.29,8.87056
75.3,9.34887
75.31,9.89169
75.32,10.4728
75.33,11.0609
75.34,11.6232
75.35,12.1281
75.36,12.5494
75.37,12.8688
75.38,13.078
75.39,13.1789
75.4,13.1824
75.41,13.1053
75.42,12.9671
75.43,12.786
75.44,12.5766
75.45,12.3488
75.46,12.1081
75.47,11.8563
75.48,11.5937
75.49,11.3199
75.5,11.035
75.51,10.7402
75.52,10.4378
75.53,10.1311
75.54,9.82376
75.55,9.52016
75.56,9.22447
75.57,8.94077
75.58,8.67276
75.59,8.42371
75.6,8.19639
75.61,7.99305
75.62,7.81542
75.63,7.66475
75.64,7.54184
75.65,7.44709
75.66,7.38053
75.67,7.3419
75.68,7.33067
75.69,7.34615
75.7,7.38749
75.71,7.4538
75.72,7.5441
75.73,7.65746
75.74,7.79294
75.75,7.94969
75.76,8.12691
75.77,8.32389
75.78,8.53996
75.79,8.77457
75.8,9.0272
75.81,9.29738
75.82,9.58469
75.83,9.88871
75.84,10.209
75.85,10.5452
75.86,10.8968
75.87,11.2631
75.88,11.6437
75.89,12.0376
75.9,12.4442
75.91,12.8622
75.92,13.2905
75.93,13.7277
75.94,14.1722
75.95,14.6221
75.96,15.0754
75.97,15.5297
75.98,15.9826
75.99,16.4312
76,16.8728
76.01,17.3041
76.02,17.7219
76.03,18.123
76.04,18.504
76.05,18.8615
76.06,19.1923
76.07,19.4934
76.08,19.7619
76.09,19.9951
76.1,20.1909
76.11,20.3474
76.12,20.4631
76.13,20.5371
76.14,20.5689
76.15,20.5583
76.16,20.5058
76.17,20.4123
76.18,20.2791
76.19,20.1082
76.2,19.9017
76.21,19.6627
76.22,19.3945
76.23,19.1017
76.24,18.7892
76.25,18.4635
76.26,18.1322
76.27,17.8044
76.28,17.4911
76.29,17.2046
76.3,16.9591
76.31,16.7693
76.32,16.6496
76.33,16.6125
76.34,16.6662
76.35,16.8131
76.36,17.0475
76.37,17.3555
76.38,17.7148
76.39,18.0973
76.4,18.4714
76.41,18.8053
76.42,19.0708
76.43,19.2455
76.44,19.3156
76.45,19.2764
76.46,19.1323
76.47,18.8956
76.48,18.5849
76.49,18.2221
76.5,17.8308
76.51,17.4336
76.52,17.0507
76.53,16.6985
76.54,16.3893
76.55,16.131
76.56,15.9279
76.57,15.7808
76.58,15.6882
76.59,15.647
76.6,15.6531
76.61,15.7024
76.62,15.7905
76.63,15.9136
76.64,16.0681
76.65,16.2511
76.66,16.4597
76.67,16.6914
76.68,16.9439
76.69,17.2148
76.7,17.5015
76.71,17.8013
76.72,18.1112
76.73,18.4282
76.74,18.7487
76.75,19.0691
76.76,19.3858
76.77,19.695
76.78,19.993
76.79,20.2762
76.8,20.5415
76.81,20.786
76.82,21.0073
76.83,21.2036
76.84,21.3738
76.85,21.5174
76.86,21.6345
76.87,21.726
76.88,21.7933
76.89,21.8386
76.9,21.8646
76.91,21.8742
76.92,21.871
76.93,21.8588
76.94,21.8414
76.95,21.8228
76.96,21.807
76.97,21.7978
76.98,21.7988
76.99,21.8131
77,21.8433
77.01,21.8916
77.02,21.9592
77.03,22.0466
77.04,22.1533
77.05,22.2777
77.06,22.4174
77.07,22.5687
77.08,22.727
77.09,22.8869
77.1,23.042
77.11,23.1858
77.12,23.3111
77.13,23.4112
77.14,23.4795
77.15,23.5103
77.16,23.4987
77.17,23.4414
77.18,23.3362
77.19,23.1827
77.2,22.982
77.21,22.7367
77.22,22.4508
77.23,22.1295
77.24,21.779
77.25,21.4063
77.26,21.0187
77.27,20.6237
77.28,20.2289
77.29,19.8417
77.3,19.4691
77.31,19.1175
77.32,18.793
77.33,18.5007
77.34,18.2452
77.35,18.0302
77.36,17.8585
77.37,17.7321
77.38,17.652
77.39,17.6182
77.4,17.6298
77.41,17.6849
77.42,17.7808
77.43,17.9138
77.44,18.0794
77.45,18.2727
77.46,18.4881
77.47,18.7198
77.48,18.9615
77.49,19.2074
77.5,19.4513
77.51,19.6877
77.52,19.9114
77.53,20.1177
77.54,20.303
77.55,20.4641
77.56,20.599
77.57,20.7063
77.58,20.7858
77.59,20.8381
77.6,20.8647
77.61,20.8677
77.62,20.8499
77.63,20.8149
77.64,20.7666
77.65,20.7092
77.66,20.6472
77.67,20.5854
77.68,20.5285
77.69,20.4812
77.7,20.4483
77.71,20.4342
77.72,20.4433
77.73,20.4794
77.74,20.546
77.75,20.6461
77.76,20.7821
77.77,20.9552
77.78,21.1661
77.79,21.4142
77.8,21.6975
77.81,22.0129
77.82,22.3556
77.83,22.7197
77.84,23.0974
77.85,23.48
77.86,23.8574
77.87,24.2188
77.88,24.5529
77.89,24.8485
77.9,25.0948
77.91,25.2819
77.92,25.4016
77.93,25.4476
77.94,25.416
77.95,25.3051
77.96,25.1162
77.97,24.8529
77.98,24.521
77.99,24.1286
78,23.6849
78.01,23.2005
78.02,22.6867
78.03,22.1547
78.04,21.616
78.05,21.0815
78.06,20.5613
78.07,20.0648
78.08,19.6005
78.09,19.1758
78.1,18.7966
78.11,18.468
78.12,18.1935
78.13,17.975
78.14,17.8133
78.15,17.7074
78.16,17.655
78.17,17.6522
78.18,17.694
78.19,17.7742
78.2,17.8858
78.21,18.021
78.22,18.1721
78.23,18.3311
78.24,18.4904
78.25,18.6427
78.26,18.7819
78.27,18.9025
78.28,19.0002
78.29,19.0718
78.3,19.1152
78.31,19.1298
78.32,19.1158
78.33,19.0744
78.34,19.0079
78.35,18.9191
78.36,18.8114
78.37,18.6887
78.38,18.5553
78.39,18.4153
78.4,18.2733
78.41,18.1336
78.42,18.0005
78.43,17.8783
78.44,17.7711
78.45,17.6831
78.46,17.6182
78.47,17.5804
78.48,17.5736
78.49,17.6017
78.5,17.6684
78.51,17.7776
78.52,17.9329
78.53,18.1377
78.54,18.3952
78.55,18.7081
78.56,19.0787
78.57,19.5082
78.58,19.997
78.59,20.5445
78.6,21.1483
78.61,21.8047
78.62,22.508
78.63,23.2502
78.64,24.0216
78.65,24.8098
78.66,25.6003
78.67,26.3768
78.68,27.1212
78.69,27.8142
78.7,28.4361
78.71,28.9679
78.72,29.3919
78.73,29.6929
78.74,29.8593
78.75,29.8837
78.76,29.7636
78.77,29.5013
78.78,29.1042
78.79,28.5839
78.8,27.9558
78.81,27.2378
78.82,26.4498
78.83,25.6124
78.84,24.7461
78.85,23.8707
78.86,23.0045
78.87,22.1642
78.88,21.3643
78.89,20.6168
78.9,19.9314
78.91,19.3148
78.92,18.7708
78.93,18.3004
78.94,17.9017
78.95,17.5702
78.96,17.2989
78.97,17.0793
78.98,16.9015
78.99,16.7552
79,16.6301
79.01,16.5165
79.02,16.406
79.03,16.2915
79.04,16.1675
79.05,16.03
79.06,15.8768
79.07,15.7069
79.08,15.5208
79.09,15.3195
79.1,15.1053
79.11,14.8806
79.12,14.6482
79.13,14.4109
79.14,14.1715
79.15,13.9326
79.16,13.6966
79.17,13.4653
79.18,13.2406
79.19,13.0238
79.2,12.816
79.21,12.618
79.22,12.4305
79.23,12.2539
79.24,12.0886
79.25,11.9348
79.26,11.7928
79.27,11.6629
79.28,11.5454
79.29,11.4405
79.3,11.3488
79.31,11.2708
79.32,11.207
79.33,11.1582
79.34,11.1253
79.35,11.1093
79.36,11.1114
79.37,11.1328
79.38,11.1749
79.39,11.2393
79.4,11.3276
79.41,11.4417
79.42,11.5834
79.43,11.7549
79.44,11.9581
79.45,12.1952
79.46,12.4684
79.47,12.78
79.48,13.132
79.49,13.5269
79.5,13.9665
79.51,14.4529
79.52,14.9879
79.53,15.5732
79.54,16.21
79.55,16.8994
79.56,17.642
79.57,18.4379
79.58,19.2864
79.59,20.1864
79.6,21.1357
79.61,22.1311
79.62,23.1685
79.63,24.2422
79.64,25.3456
79.65,26.4703
79.66,27.6066
79.67,28.7435
79.68,29.8684
79.69,30.9679
79.7,32.0276
79.71,33.0327
79.72,33.9681
79.73,34.8196
79.74,35.5738
79.75,36.2189
79.76,36.7453
79.77,37.1459
79.78,37.4163
79.79,37.5555
79.8,37.5656
79.81,37.4516
79.82,37.2217
79.83,36.8863
79.84,36.4576
79.85,35.949
79.86,35.3734
79.87,34.7424
79.88,34.0642
79.89,33.3432
79.9,32.5785
79.91,31.7645
79.92,30.892
79.93,29.9506
79.94,28.9314
79.95,27.83
79.96,26.6484
79.97,25.3959
79.98,24.0885
79.99,22.7474
