i,x,y,z
0,1.01257,1.25992,0.984891
1,1.04882,1.524,0.973114
2,1.10721,1.79831,0.965159
3,1.18687,2.08854,0.961737
4,1.28756,2.40015,0.963806
5,1.40957,2.73855,0.972608
6,1.55369,3.10915,0.989731
7,1.72115,3.51757,1.01719
8,1.9136,3.96962,1.05751
9,2.13311,4.47141,1.1139
10,2.38215,5.02942,1.19035
11,2.66358,5.65044,1.29189
12,2.98067,6.34162,1.42479
13,3.33705,7.11033,1.59684
14,3.73672,7.96407,1.81776
15,4.18401,8.91014,2.0995
16,4.68351,9.95533,2.45679
17,5.23997,11.1053,2.90756
18,5.85813,12.3637,3.47343
19,6.54251,13.7311,4.18019
20,7.29703,15.2036,5.05802
21,8.12455,16.7703,6.14146
22,9.02622,18.4116,7.46878
23,10.0006,20.0956,9.08053
24,11.0428,21.7754,11.0167
25,12.1429,23.3861,13.3125
26,13.2849,24.843,15.9914
27,14.4454,26.0422,19.0573
28,15.5922,26.8642,22.4841
29,16.6848,27.1835,26.2063
30,17.6746,26.8836,30.1121
31,18.5081,25.8771,34.0436
32,19.1306,24.1273,37.8058
33,19.4923,21.666,41.1886
34,19.555,18.6007,43.9957
35,19.2977,15.1056,46.0775
36,18.7202,11.398,47.3557
37,17.8438,7.70426,47.834
38,16.7082,4.22576,47.5908
39,15.3665,1.11376,46.758
40,13.8779,-1.54167,45.4933
41,12.3018,-3.70914,43.954
42,10.6926,-5.40421,42.2781
43,9.09626,-6.6737,40.5745
44,7.54906,-7.58083,38.9208
45,6.07756,-8.19338,37.3664
46,4.69941,-8.57591,35.9377
47,3.42479,-8.78542,34.6448
48,2.25793,-8.86968,33.4865
49,1.19856,-8.86714,32.4549
50,0.243203,-8.80787,31.5389
51,-0.61381,-8.71478,30.7258
52,-1.37948,-8.60497,30.0031
53,-2.06156,-8.49093,29.3594
54,-2.66804,-8.38158,28.7842
55,-3.20688,-8.28315,28.2687
56,-3.68579,-8.19979,27.8055
57,-4.11203,-8.13416,27.3884
58,-4.49238,-8.08776,27.0123
59,-4.83309,-8.06126,26.6732
60,-5.13981,-8.05472,26.368
61,-5.41768,-8.06773,26.0942
62,-5.67126,-8.09957,25.8499
63,-5.90461,-8.14925,25.6338
64,-6.1213,-8.2156,25.4449
65,-6.32443,-8.29729,25.2824
66,-6.51669,-8.39291,25.1459
67,-6.70037,-8.5009,25.0351
68,-6.87738,-8.61966,24.9498
69,-7.0493,-8.74747,24.89
70,-7.21738,-8.88256,24.8556
71,-7.38261,-9.02307,24.8465
72,-7.54566,-9.16706,24.8627
73,-7.70699,-9.31251,24.9039
74,-7.8668,-9.45734,24.9698
75,-8.02506,-9.5994,25.0599
76,-8.18156,-9.7365,25.1737
77,-8.33588,-9.86639,25.3102
78,-8.48744,-9.98686,25.4683
79,-8.63549,-10.0957,25.6466
80,-8.77916,-10.1907,25.8435
81,-8.91745,-10.2698,26.0569
82,-9.04926,-10.3312,26.2846
83,-9.17345,-10.3731,26.524
84,-9.2888,-10.3941,26.7721
85,-9.39411,-10.393,27.026
86,-9.4882,-10.3691,27.2823
87,-9.56992,-10.3218,27.5375
88,-9.63824,-10.2512,27.788
89,-9.69223,-10.1579,28.0303
90,-9.73114,-10.0426,28.261
91,-9.75436,-9.90674,28.4765
92,-9.76152,-9.75214,28.6739
93,-9.75247,-9.58091,28.8503
94,-9.72728,-9.39555,29.0032
95,-9.68627,-9.19878,29.1307
96,-9.63,-8.99352,29.2312
97,-9.55927,-8.7828,29.3036
98,-9.47508,-8.56965,29.3474
99,-9.37862,-8.35706,29.3624
100,-9.27125,-8.14789,29.3491
101,-9.15446,-7.9448,29.3083
102,-9.02986,-7.75023,29.2411
103,-8.8991,-7.56633,29.149
104,-8.76387,-7.39498,29.0337
105,-8.62588,-7.23771,28.8973
106,-8.48679,-7.09578,28.7419
107,-8.3482,-6.97014,28.5696
108,-8.21167,-6.86145,28.3827
109,-8.07862,-6.77015,28.1835
110,-7.9504,-6.69643,27.9742
111,-7.82822,-6.6403,27.757
112,-7.71316,-6.60159,27.5342
113,-7.6062,-6.58001,27.3076
114,-7.50818,-6.57517,27.0794
115,-7.41982,-6.58658,26.8513
116,-7.34172,-6.6137,26.6253
117,-7.27436,-6.65596,26.403
118,-7.21815,-6.71272,26.186
119,-7.17336,-6.78335,25.976
120,-7.1402,-6.86721,25.7743
121,-7.11879,-6.96362,25.5825
122,-7.10917,-7.0719,25.4018
123,-7.11131,-7.19136,25.2337
124,-7.12514,-7.32128,25.0792
125,-7.15048,-7.46089,24.9398
126,-7.18714,-7.60942,24.8165
127,-7.23484,-7.76602,24.7104
128,-7.29326,-7.92978,24.6227
129,-7.36201,-8.09972,24.5542
130,-7.44064,-8.27477,24.506
131,-7.52865,-8.45377,24.4789
132,-7.62546,-8.63544,24.4736
133,-7.73042,-8.81838,24.4908
134,-7.8428,-9.0011,24.531
135,-7.96179,-9.18193,24.5944
136,-8.08651,-9.35914,24.6814
137,-8.21598,-9.53083,24.7917
138,-8.34911,-9.69503,24.9251
139,-8.48476,-9.84968,25.081
140,-8.62167,-9.99266,25.2585
141,-8.7585,-10.1218,25.4565
142,-8.89385,-10.2351,25.6733
143,-9.02624,-10.3303,25.9071
144,-9.15415,-10.4057,26.1557
145,-9.27602,-10.4593,26.4164
146,-9.39029,-10.4898,26.6862
147,-9.49542,-10.4959,26.962
148,-9.58991,-10.4768,27.2403
149,-9.67234,-10.432,27.5174
150,-9.74143,-10.3616,27.7895
151,-9.79602,-10.2661,28.0527
152,-9.83515,-10.1464,28.3034
153,-9.85805,-10.004,28.5379
154,-9.86421,-9.84096,28.7527
155,-9.85336,-9.65956,28.9449
156,-9.8255,-9.46253,29.1118
157,-9.7809,-9.25288,29.2511
158,-9.72012,-9.03382,29.3613
159,-9.64395,-8.80869,29.4411
160,-9.55345,-8.58081,29.49
161,-9.44988,-8.35346,29.5079
162,-9.33468,-8.12976,29.4952
163,-9.20945,-7.91264,29.4529
164,-9.0759,-7.70472,29.3823
165,-8.93582,-7.50835,29.285
166,-8.79102,-7.32551,29.163
167,-8.64332,-7.15785,29.0184
168,-8.49451,-7.00669,28.8535
169,-8.34632,-6.87299,28.6707
170,-8.20038,-6.75744,28.4725
171,-8.05822,-6.66044,28.2613
172,-7.92127,-6.58214,28.0394
173,-7.7908,-6.5225,27.8094
174,-7.66797,-6.4813,27.5733
175,-7.55378,-6.45817,27.3335
176,-7.44912,-6.45266,27.0919
177,-7.35472,-6.46422,26.8506
178,-7.2712,-6.49224,26.6113
179,-7.19907,-6.5361,26.376
180,-7.13872,-6.59513,26.1462
181,-7.09044,-6.66864,25.9237
182,-7.05441,-6.75597,25.7098
183,-7.03077,-6.85641,25.5061
184,-7.01954,-6.96928,25.3141
185,-7.0207,-7.09387,25.1349
186,-7.03414,-7.22946,24.97
187,-7.0597,-7.37529,24.8207
188,-7.09717,-7.53059,24.688
189,-7.14628,-7.69451,24.5733
190,-7.2067,-7.86615,24.4775
191,-7.27803,-8.04455,24.4019
192,-7.35984,-8.22863,24.3474
193,-7.45161,-8.41722,24.3149
194,-7.55276,-8.60903,24.3053
195,-7.66263,-8.80264,24.3193
196,-7.7805,-8.99651,24.3575
197,-7.90555,-9.18894,24.4203
198,-8.03686,-9.37809,24.508
199,-8.17344,-9.562,24.6206
200,-8.31419,-9.73856,24.7579
201,-8.4579,-9.90559,24.9193
202,-8.60328,-10.0608,25.1041
203,-8.74893,-10.2019,25.3111
204,-8.89336,-10.3265,25.5387
205,-9.03502,-10.4324,25.7851
206,-9.17228,-10.5174,26.0478
207,-9.30348,-10.5795,26.3242
208,-9.42693,-10.6171,26.6113
209,-9.54096,-10.6286,26.9055
210,-9.64393,-10.6131,27.2032
211,-9.73429,-10.5699,27.5004
212,-9.8106,-10.499,27.7929
213,-9.87157,-10.4008,28.0767
214,-9.91612,-10.2763,28.3476
215,-9.94335,-10.1269,28.6016
216,-9.95267,-9.95487,28.8349
217,-9.94373,-9.76257,29.0442
218,-9.91648,-9.553,29.2265
219,-9.87117,-9.3294,29.3794
220,-9.80836,-9.09529,29.5009
221,-9.72888,-8.85429,29.5898
222,-9.63385,-8.61007,29.6455
223,-9.52461,-8.36621,29.6678
224,-9.40272,-8.12615,29.6572
225,-9.2699,-7.89307,29.6146
226,-9.12799,-7.66985,29.5416
227,-8.97892,-7.45902,29.4399
228,-8.82466,-7.26274,29.3117
229,-8.66719,-7.08278,29.1593
230,-8.50842,-6.92053,28.9852
231,-8.35022,-6.77701,28.7919
232,-8.19435,-6.65291,28.5823
233,-8.04246,-6.54861,28.3588
234,-7.89606,-6.46423,28.124
235,-7.75652,-6.39968,27.8805
236,-7.62507,-6.35466,27.6306
237,-7.50277,-6.32875,27.3767
238,-7.39055,-6.32142,27.1209
239,-7.28918,-6.33205,26.8653
240,-7.19932,-6.35998,26.6118
241,-7.12147,-6.4045,26.3623
242,-7.05604,-6.4649,26.1186
243,-7.00332,-6.54047,25.8822
244,-6.96352,-6.63049,25.6548
245,-6.93674,-6.73424,25.4379
246,-6.92302,-6.85102,25.2329
247,-6.92232,-6.98012,25.0412
248,-6.93454,-7.12082,24.8641
249,-6.95951,-7.27237,24.7031
250,-6.99702,-7.434,24.5593
251,-7.04681,-7.6049,24.434
252,-7.10852,-7.78418,24.3284
253,-7.1818,-7.97088,24.2435
254,-7.26618,-8.16395,24.1806
255,-7.36117,-8.36224,24.1406
256,-7.46619,-8.56444,24.1245
257,-7.58059,-8.76915,24.1331
258,-7.70365,-8.97477,24.1672
259,-7.83453,-9.17958,24.2272
260,-7.97233,-9.38169,24.3135
261,-8.11605,-9.57904,24.4263
262,-8.26454,-9.76944,24.5655
263,-8.4166,-9.95054,24.7308
264,-8.57087,-10.1199,24.9213
265,-8.7259,-10.275,25.1359
266,-8.88016,-10.4134,25.3733
267,-9.03199,-10.5325,25.6314
268,-9.17967,-10.6298,25.908
269,-9.32142,-10.7032,26.2002
270,-9.45542,-10.7507,26.5049
271,-9.57986,-10.7704,26.8184
272,-9.69295,-10.7613,27.1368
273,-9.79297,-10.7224,27.4558
274,-9.87832,-10.6534,27.7711
275,-9.94754,-10.5547,28.078
276,-9.99937,-10.4272,28.372
277,-10.0328,-10.2724,28.6487
278,-10.0471,-10.0924,28.9039
279,-10.0418,-9.8899,29.1339
280,-10.0167,-9.66801,29.3353
281,-9.97215,-9.43026,29.5054
282,-9.90858,-9.18047,29.6419
283,-9.82687,-8.92262,29.7434
284,-9.72816,-8.66072,29.809
285,-9.61389,-8.39873,29.8387
286,-9.48572,-8.14043,29.8328
287,-9.34548,-7.88933,29.7924
288,-9.19517,-7.64862,29.719
289,-9.03688,-7.42108,29.6147
290,-8.87273,-7.20908,29.4817
291,-8.70485,-7.01454,29.3225
292,-8.53535,-6.83897,29.1399
293,-8.36623,-6.68347,28.9368
294,-8.19941,-6.54874,28.7159
295,-8.03667,-6.43517,28.4801
296,-7.87963,-6.34285,28.2322
297,-7.72978,-6.27163,27.9749
298,-7.58841,-6.22115,27.7106
299,-7.45668,-6.19093,27.4419
300,-7.33556,-6.18034,27.1711
301,-7.22588,-6.1887,26.9002
302,-7.12833,-6.21525,26.6314
303,-7.04343,-6.25924,26.3666
304,-6.97161,-6.3199,26.1075
305,-6.91317,-6.39646,25.856
306,-6.86832,-6.48817,25.6135
307,-6.83717,-6.59428,25.3817
308,-6.81974,-6.71408,25.162
309,-6.81601,-6.84685,24.9559
310,-6.82587,-6.99188,24.7648
311,-6.84915,-7.14842,24.5901
312,-6.88564,-7.31575,24.433
313,-6.93507,-7.49306,24.2949
314,-6.99712,-7.6795,24.177
315,-7.07141,-7.87414,24.0805
316,-7.15751,-8.07598,24.0067
317,-7.25493,-8.28386,23.9566
318,-7.3631,-8.49654,23.9313
319,-7.48139,-8.71259,23.9318
320,-7.60909,-8.93045,23.9589
321,-7.74538,-9.14836,24.0133
322,-7.88936,-9.36438,24.0955
323,-8.04003,-9.57642,24.2058
324,-8.19625,-9.78217,24.3444
325,-8.35678,-9.97918,24.5109
326,-8.52025,-10.1649,24.7047
327,-8.68518,-10.3365,24.925
328,-8.84996,-10.4913,25.1704
329,-9.01287,-10.6266,25.4389
330,-9.17209,-10.7396,25.7283
331,-9.32572,-10.8277,26.0358
332,-9.47183,-10.8886,26.3581
333,-9.60843,-10.9204,26.6914
334,-9.73357,-10.9213,27.0316
335,-9.84534,-10.8902,27.3742
336,-9.94196,-10.8266,27.7144
337,-10.0217,-10.7306,28.0472
338,-10.0833,-10.6029,28.3677
339,-10.1253,-10.445,28.6709
340,-10.1469,-10.2589,28.9522
341,-10.1476,-10.0476,29.2073
342,-10.1269,-9.81415,29.4325
343,-10.0851,-9.56248,29.6244
344,-10.0226,-9.29668,29.7806
345,-9.94026,-9.02111,29.8992
346,-9.83923,-8.74018,29.9791
347,-9.72099,-8.45827,30.0202
348,-9.58731,-8.1796,30.0228
349,-9.44014,-7.90807,29.9879
350,-9.28163,-7.64724,29.9171
351,-9.11403,-7.40021,29.8126
352,-8.93964,-7.16962,29.6769
353,-8.76079,-6.95763,29.5127
354,-8.57976,-6.7659,29.323
355,-8.39874,-6.59562,29.1108
356,-8.21981,-6.44759,28.8793
357,-8.04491,-6.32219,28.6316
358,-7.87583,-6.2195,28.3705
359,-7.71415,-6.13933,28.0991
360,-7.5613,-6.08125,27.82
361,-7.41852,-6.0447,27.5358
362,-7.28686,-6.02898,27.2491
363,-7.16721,-6.03329,26.9619
364,-7.0603,-6.05683,26.6766
365,-6.96669,-6.09874,26.3951
366,-6.88683,-6.15819,26.1193
367,-6.82105,-6.23436,25.8509
368,-6.76955,-6.32643,25.5916
369,-6.73245,-6.43365,25.343
370,-6.70979,-6.55527,25.1067
371,-6.70152,-6.69057,24.8842
372,-6.70755,-6.83884,24.6768
373,-6.72772,-6.99937,24.486
374,-6.7618,-7.17143,24.3131
375,-6.80955,-7.35428,24.1596
376,-6.87064,-7.5471,24.0266
377,-6.94471,-7.74902,23.9156
378,-7.03135,-7.95907,23.8279
379,-7.13009,-8.17617,23.7645
380,-7.24038,-8.39911,23.7267
381,-7.36162,-8.62651,23.7157
382,-7.49311,-8.85683,23.7323
383,-7.63408,-9.08833,23.7775
384,-7.78365,-9.31907,23.852
385,-7.94082,-9.54693,23.9563
386,-8.10448,-9.76953,24.0906
387,-8.27339,-9.98433,24.2549
388,-8.44619,-10.1886,24.4489
389,-8.62135,-10.3794,24.6717
390,-8.79723,-10.5539,24.9223
391,-8.97206,-10.7089,25.1988
392,-9.14394,-10.8413,25.4991
393,-9.31086,-10.9484,25.8205
394,-9.47075,-11.0274,26.1596
395,-9.62147,-11.0757,26.5127
396,-9.76089,-11.0915,26.8754
397,-9.88689,-11.073,27.2429
398,-9.99746,-11.0195,27.6102
399,-10.0907,-10.9306,27.9719
400,-10.1649,-10.8068,28.3225
401,-10.2186,-10.6494,28.6566
402,-10.2507,-10.4604,28.9689
403,-10.2604,-10.2426,29.2546
404,-10.2471,-9.99939,29.5092
405,-10.2109,-9.73476,29.7289
406,-10.1521,-9.45317,29.9107
407,-10.0714,-9.15935,30.0524
408,-9.9701,-8.8582,30.1526
409,-9.8496,-8.55456,30.2106
410,-9.71174,-8.25316,30.2267
411,-9.55861,-7.9584,30.202
412,-9.39249,-7.6743,30.138
413,-9.2158,-7.40438,30.0371
414,-9.03105,-7.15165,29.9018
415,-8.84076,-6.91857,29.7351
416,-8.64743,-6.70704,29.5403
417,-8.45347,-6.51841,29.3207
418,-8.26116,-6.35359,29.0797
419,-8.07264,-6.21303,28.8207
420,-7.88986,-6.09681,28.5468
421,-7.71458,-6.00469,28.2612
422,-7.54837,-5.93621,27.967
423,-7.39257,-5.89071,27.6667
424,-7.24835,-5.86739,27.3632
425,-7.11667,-5.86538,27.0587
426,-6.99833,-5.88375,26.7556
427,-6.89394,-5.92156,26.456
428,-6.80399,-5.9779,26.1617
429,-6.72882,-6.05186,25.8747
430,-6.66865,-6.14259,25.5967
431,-6.62363,-6.24928,25.3294
432,-6.59378,-6.37114,25.0742
433,-6.57908,-6.50746,24.8328
434,-6.57942,-6.65751,24.6065
435,-6.59464,-6.82062,24.397
436,-6.62453,-6.99608,24.2054
437,-6.66885,-7.1832,24.0334
438,-6.7273,-7.38121,23.8822
439,-6.79952,-7.58932,23.7532
440,-6.88512,-7.80663,23.6479
441,-6.98366,-8.03213,23.5674
442,-7.09463,-8.26469,23.5132
443,-7.21747,-8.50302,23.4865
444,-7.35151,-8.74563,23.4884
445,-7.49603,-8.99085,23.52
446,-7.65018,-9.23679,23.5822
447,-7.81301,-9.48131,23.6758
448,-7.98346,-9.72204,23.8012
449,-8.1603,-9.95638,23.9587
450,-8.3422,-10.1815,24.1482
451,-8.52764,-10.3944,24.3693
452,-8.71496,-10.5917,24.6209
453,-8.90236,-10.7704,24.9017
454,-9.08789,-10.9269,25.2097
455,-9.26944,-11.0579,25.5423
456,-9.44483,-11.1603,25.8963
457,-9.61177,-11.2311,26.2679
458,-9.76793,-11.2679,26.6528
459,-9.91098,-11.2684,27.046
460,-10.0387,-11.2312,27.4421
461,-10.1488,-11.1556,27.8354
462,-10.2394,-11.0417,28.2199
463,-10.3087,-10.8902,28.5895
464,-10.3553,-10.7031,28.9384
465,-10.378,-10.4828,29.261
466,-10.3761,-10.2329,29.552
467,-10.3493,-9.95757,29.8071
468,-10.2979,-9.66141,30.0223
469,-10.2223,-9.3496,30.1949
470,-10.1237,-9.02749,30.3229
471,-10.0036,-8.70052,30.4053
472,-9.86379,-8.37397,30.4422
473,-9.70642,-8.05287,30.4342
474,-9.53392,-7.74183,30.3829
475,-9.34889,-7.44493,30.2908
476,-9.15405,-7.16567,30.1605
477,-8.95214,-6.90693,29.9952
478,-8.74591,-6.67094,29.7986
479,-8.53802,-6.45935,29.5741
480,-8.331,-6.27323,29.3255
481,-8.12722,-6.11314,29.0565
482,-7.92887,-5.97921,28.7707
483,-7.73791,-5.87122,28.4714
484,-7.55608,-5.78863,28.1619
485,-7.38489,-5.73071,27.8452
486,-7.22564,-5.69657,27.5241
487,-7.0794,-5.68521,27.2013
488,-6.94706,-5.6956,26.8791
489,-6.82931,-5.72669,26.5598
490,-6.72669,-5.77744,26.2454
491,-6.63957,-5.84687,25.9379
492,-6.56821,-5.93403,25.6391
493,-6.51276,-6.03805,25.3506
494,-6.47327,-6.15811,25.074
495,-6.44971,-6.29345,24.8111
496,-6.44198,-6.44337,24.5631
497,-6.44993,-6.60717,24.3317
498,-6.47335,-6.78421,24.1182
499,-6.51201,-6.97383,23.9242
500,-6.56562,-7.17534,23.751
501,-6.63384,-7.38801,23.6002
502,-6.71632,-7.61106,23.473
503,-6.81264,-7.84357,23.3711
504,-6.92234,-8.08452,23.2958
505,-7.04489,-8.33274,23.2484
506,-7.1797,-8.58687,23.2303
507,-7.32609,-8.84534,23.2429
508,-7.48327,-9.10635,23.2871
509,-7.65039,-9.36784,23.3641
510,-7.82641,-9.6275,23.4746
511,-8.0102,-9.88273,23.6192
512,-8.20046,-10.1307,23.7982
513,-8.39572,-10.3682,24.0114
514,-8.59437,-10.5919,24.2583
515,-8.7946,-10.7983,24.5378
516,-8.99442,-10.9837,24.8483
517,-9.1917,-11.1443,25.1875
518,-9.38416,-11.2766,25.5526
519,-9.56937,-11.377,25.9398
520,-9.74484,-11.4423,26.345
521,-9.90802,-11.4699,26.7631
522,-10.0564,-11.4574,27.1886
523,-10.1874,-11.4036,27.6153
524,-10.2989,-11.3077,28.037
525,-10.3885,-11.1701,28.4469
526,-10.4546,-10.992,28.8385
527,-10.4956,-10.7759,29.2051
528,-10.5104,-10.5248,29.5409
529,-10.4983,-10.243,29.8403
530,-10.4593,-9.93526,30.0987
531,-10.3937,-9.60714,30.3123
532,-10.3024,-9.26445,30.4784
533,-10.1867,-8.91321,30.5953
534,-10.0484,-8.55941,30.6625
535,-9.88966,-8.20881,30.6804
536,-9.71307,-7.86676,30.6505
537,-9.52135,-7.53809,30.5748
538,-9.31742,-7.22696,30.4563
539,-9.10427,-6.93685,30.2984
540,-8.88493,-6.67051,30.1048
541,-8.66236,-6.42999,29.8795
542,-8.43938,-6.21665,29.6266
543,-8.21867,-6.03127,29.3501
544,-8.00268,-5.87411,29.0539
545,-7.79366,-5.74498,28.7419
546,-7.59357,-5.64334,28.4177
547,-7.40414,-5.56838,28.0844
548,-7.22687,-5.51911,27.7454
549,-7.06297,-5.49441,27.4033
550,-6.91346,-5.49311,27.0608
551,-6.77913,-5.51401,26.7204
552,-6.66061,-5.55594,26.3841
553,-6.55832,-5.61779,26.054
554,-6.47258,-5.6985,25.732
555,-6.40355,-5.79711,25.4199
556,-6.3513,-5.91272,25.1193
557,-6.31581,-6.04453,24.8318
558,-6.297,-6.19179,24.5589
559,-6.29471,-6.35384,24.3022
560,-6.30875,-6.53004,24.0632
561,-6.33888,-6.71976,23.8433
562,-6.38483,-6.92241,23.644
563,-6.44629,-7.13735,23.4667
564,-6.52292,-7.36388,23.3131
565,-6.61435,-7.60124,23.1846
566,-6.72016,-7.84856,23.0826
567,-6.83987,-8.10481,23.0089
568,-6.97296,-8.36881,22.9647
569,-7.11882,-8.63915,22.9517
570,-7.27678,-8.9142,22.9711
571,-7.44603,-9.19207,23.0243
572,-7.62566,-9.47057,23.1124
573,-7.81463,-9.74721,23.2363
574,-8.01175,-10.0192,23.3967
575,-8.21563,-10.2833,23.5939
576,-8.42474,-10.5363,23.8279
577,-8.63733,-10.7743,24.0981
578,-8.85146,-10.9935,24.4034
579,-9.06499,-11.1898,24.7421
580,-9.27561,-11.359,25.1116
581,-9.48081,-11.4971,25.5088
582,-9.67796,-11.6002,25.9297
583,-9.86432,-11.6647,26.3695
584,-10.0371,-11.6876,26.8227
585,-10.1935,-11.6666,27.283
586,-10.3308,-11.6001,27.7437
587,-10.4465,-11.4875,28.1977
588,-10.5383,-11.3294,28.6375
589,-10.6042,-11.1273,29.0558
590,-10.6425,-10.8841,29.4454
591,-10.6522,-10.6034,29.7999
592,-10.6326,-10.2903,30.1133
593,-10.5838,-9.95023,30.3807
594,-10.5062,-9.58952,30.5981
595,-10.4009,-9.21476,30.7631
596,-10.2696,-8.8327,30.874
597,-10.1143,-8.44998,30.9307
598,-9.93762,-8.07288,30.9342
599,-9.74237,-7.70717,30.8862
600,-9.53165,-7.35794,30.7897
601,-9.30873,-7.02951,30.648
602,-9.07692,-6.72539,30.4652
603,-8.83951,-6.44823,30.2456
604,-8.5997,-6.19992,29.9936
605,-8.36053,-5.98161,29.7138
606,-8.12482,-5.7938,29.4105
607,-7.89514,-5.63644,29.0881
608,-7.6738,-5.50904,28.7505
609,-7.46282,-5.41076,28.4014
610,-7.26392,-5.34051,28.0444
611,-7.07858,-5.29706,27.6826
612,-6.90797,-5.27906,27.3188
613,-6.75307,-5.28513,26.9558
614,-6.6146,-5.31395,26.5958
615,-6.49309,-5.36421,26.241
616,-6.38892,-5.4347,25.8935
617,-6.3023,-5.52433,25.555
618,-6.23334,-5.63208,25.2274
619,-6.18203,-5.75705,24.9123
620,-6.1483,-5.89846,24.6111
621,-6.13201,-6.05558,24.3255
622,-6.13295,-6.22779,24.0569
623,-6.15089,-6.41449,23.8068
624,-6.18557,-6.61515,23.5768
625,-6.2367,-6.82921,23.3683
626,-6.30397,-7.0561,23.1828
627,-6.38701,-7.29521,23.022
628,-6.48548,-7.54584,22.8874
629,-6.59894,-7.80715,22.7807
630,-6.72696,-8.07818,22.7034
631,-6.869,-8.35777,22.6572
632,-7.0245,-8.64452,22.6437
633,-7.19277,-8.93679,22.6645
634,-7.37302,-9.23262,22.721
635,-7.56436,-9.52976,22.8146
636,-7.76573,-9.82558,22.9463
637,-7.9759,-10.1171,23.1171
638,-8.19347,-10.401,23.3274
639,-8.41683,-10.6735,23.5773
640,-8.64415,-10.9306,23.8664
641,-8.8734,-11.168,24.1937
642,-9.10229,-11.3812,24.5573
643,-9.32832,-11.5656,24.9549
644,-9.54881,-11.7165,25.3829
645,-9.76088,-11.8296,25.8371
646,-9.96155,-11.9009,26.3124
647,-10.1477,-11.9268,26.8027
648,-10.3163,-11.9046,27.3011
649,-10.4644,-11.8325,27.8002
650,-10.589,-11.7097,28.2921
651,-10.6877,-11.5368,28.7685
652,-10.7582,-11.3155,29.2211
653,-10.7987,-11.049,29.6421
654,-10.8079,-10.7415,30.0242
655,-10.7853,-10.3986,30.3607
656,-10.7307,-10.0266,30.6464
657,-10.6448,-9.63257,30.8769
658,-10.5288,-9.22399,31.0496
659,-10.3845,-8.80843,31.1631
660,-10.2144,-8.3933,31.2172
661,-10.0213,-7.98555,31.2134
662,-9.8084,-7.59151,31.154
663,-9.57913,-7.2167,31.0423
664,-9.33713,-6.8657,30.8825
665,-9.08606,-6.54216,30.679
666,-8.82954,-6.24877,30.4368
667,-8.57104,-5.98733,30.1608
668,-8.31385,-5.75881,29.8562
669,-8.061,-5.5635,29.5276
670,-7.81521,-5.40107,29.1798
671,-7.57892,-5.27074,28.817
672,-7.35422,-5.17139,28.4431
673,-7.1429,-5.10165,28.0618
674,-6.94642,-5.06001,27.6763
675,-6.76597,-5.04489,27.2896
676,-6.60247,-5.05472,26.9044
677,-6.45661,-5.08798,26.523
678,-6.32887,-5.14324,26.1475
679,-6.21956,-5.21918,25.7801
680,-6.12883,-5.31462,25.4224
681,-6.05671,-5.42852,25.0762
682,-6.00315,-5.55994,24.7431
683,-5.96801,-5.7081,24.4246
684,-5.9511,-5.87232,24.1223
685,-5.95217,-6.05201,23.8375
686,-5.97097,-6.24663,23.5719
687,-6.00721,-6.45572,23.3268
688,-6.06057,-6.67882,23.1039
689,-6.13075,-6.91545,22.9047
690,-6.2174,-7.16508,22.7308
691,-6.32016,-7.42714,22.5839
692,-6.43866,-7.70089,22.4657
693,-6.57246,-7.98546,22.378
694,-6.72109,-8.27979,22.3225
695,-6.884,-8.58256,22.3011
696,-7.06057,-8.89219,22.3154
697,-7.25006,-9.20676,22.3671
698,-7.4516,-9.52401,22.4579
699,-7.66418,-9.84127,22.5892
700,-7.88659,-10.1555,22.762
701,-8.11745,-10.4631,22.9773
702,-8.35515,-10.7603,23.2353
703,-8.59782,-11.0426,23.536
704,-8.84336,-11.3054,23.8785
705,-9.0894,-11.5438,24.2614
706,-9.33331,-11.7525,24.6821
707,-9.57223,-11.9263,25.1375
708,-9.80307,-12.0603,25.6231
709,-10.0226,-12.1496,26.1335
710,-10.2273,-12.1902,26.6624
711,-10.414,-12.1784,27.2024
712,-10.5791,-12.1121,27.7453
713,-10.7195,-11.9899,28.2823
714,-10.8323,-11.8121,28.8043
715,-10.9147,-11.5802,29.3021
716,-10.9648,-11.2976,29.7665
717,-10.9809,-10.9687,30.1893
718,-10.9621,-10.5996,30.563
719,-10.9084,-10.1973,30.8813
720,-10.8202,-9.76974,31.1394
721,-10.6989,-9.32536,31.334
722,-10.5463,-8.87269,31.4634
723,-10.3651,-8.42012,31.5276
724,-10.1584,-7.97552,31.5281
725,-9.92976,-7.54604,31.4676
726,-9.68298,-7.13784,31.3499
727,-9.42208,-6.75607,31.1796
728,-9.15113,-6.40471,30.9619
729,-8.87411,-6.08667,30.7024
730,-8.59489,-5.80381,30.4066
731,-8.31706,-5.55707,30.0802
732,-8.04394,-5.34658,29.7284
733,-7.77852,-5.17181,29.3564
734,-7.52341,-5.03171,28.9688
735,-7.28087,-4.92488,28.5699
736,-7.05278,-4.84964,28.1635
737,-6.8407,-4.80421,27.753
738,-6.64584,-4.78674,27.3415
739,-6.46915,-4.7954,26.9319
740,-6.31128,-4.82847,26.5264
741,-6.1727,-4.88433,26.1273
742,-6.05367,-4.96152,25.7365
743,-5.95428,-5.05874,25.356
744,-5.87453,-5.17486,24.9872
745,-5.8143,-5.30892,24.6318
746,-5.77338,-5.46011,24.2913
747,-5.75155,-5.62775,23.9672
748,-5.74853,-5.81128,23.6609
749,-5.764,-6.01024,23.3739
750,-5.79767,-6.22424,23.1077
751,-5.84921,-6.45292,22.8638
752,-5.9183,-6.69592,22.6437
753,-6.00463,-6.95287,22.4492
754,-6.10784,-7.22331,22.282
755,-6.2276,-7.50669,22.1438
756,-6.36353,-7.80231,22.0366
757,-6.51521,-8.10927,21.9622
758,-6.68217,-8.42645,21.9226
759,-6.86387,-8.75242,21.9198
760,-7.05965,-9.08543,21.9557
761,-7.26874,-9.42334,22.0322
762,-7.49023,-9.7636,22.1511
763,-7.72302,-10.1032,22.314
764,-7.96579,-10.4385,22.522
765,-8.21701,-10.7657,22.776
766,-8.47489,-11.0802,23.0765
767,-8.73733,-11.3769,23.4231
768,-9.00196,-11.6506,23.8149
769,-9.2661,-11.8954,24.2497
770,-9.52679,-12.1057,24.7249
771,-9.78076,-12.2754,25.2361
772,-10.0245,-12.399,25.7782
773,-10.2544,-12.4713,26.3448
774,-10.4666,-12.4877,26.9282
775,-10.6574,-12.4449,27.5197
776,-10.8229,-12.3407,28.1097
777,-10.9598,-12.1744,28.6883
778,-11.0649,-11.947,29.2448
779,-11.1354,-11.6612,29.769
780,-11.1694,-11.3216,30.251
781,-11.1655,-10.9342,30.6819
782,-11.1231,-10.5067,31.0541
783,-11.0425,-10.0477,31.3613
784,-10.9247,-9.56665,31.5994
785,-10.7716,-9.07322,31.7658
786,-10.586,-8.57707,31.86
787,-10.371,-8.08738,31.8832
788,-10.1306,-7.6125,31.8382
789,-9.86887,-7.15971,31.7291
790,-9.59028,-6.73508,31.561
791,-9.29934,-6.34336,31.3397
792,-9.00056,-5.98801,31.0714
793,-8.69824,-5.67126,30.7626
794,-8.39647,-5.3942,30.4194
795,-8.09897,-5.15699,30.048
796,-7.80912,-4.959,29.654
797,-7.52986,-4.79899,29.2426
798,-7.26372,-4.67527,28.8186
799,-7.01281,-4.58587,28.3862
800,-6.77884,-4.52866,27.949
801,-6.56316,-4.50148,27.5106
802,-6.36679,-4.50218,27.0736
803,-6.19044,-4.52875,26.6407
804,-6.03457,-4.57931,26.2142
805,-5.89944,-4.65217,25.7959
806,-5.78512,-4.74586,25.3879
807,-5.69154,-4.85909,24.9916
808,-5.61856,-4.99081,24.6086
809,-5.5659,-5.14011,24.2404
810,-5.53329,-5.30631,23.8884
811,-5.52039,-5.48884,23.554
812,-5.52686,-5.68727,23.2387
813,-5.55236,-5.9013,22.9438
814,-5.59654,-6.13065,22.6708
815,-5.65907,-6.37511,22.4214
816,-5.73964,-6.63446,22.1971
817,-5.83794,-6.90845,21.9998
818,-5.95364,-7.19675,21.8311
819,-6.08645,-7.49889,21.693
820,-6.23601,-7.81427,21.5876
821,-6.40197,-8.14204,21.517
822,-6.58387,-8.48109,21.4833
823,-6.78122,-8.82998,21.4887
824,-6.9934,-9.1869,21.5355
825,-7.21965,-9.54959,21.6258
826,-7.45905,-9.91529,21.7617
827,-7.71049,-10.2807,21.9449
828,-7.9726,-10.642,22.1771
829,-8.24378,-10.9948,22.4593
830,-8.52211,-11.3339,22.7921
831,-8.80534,-11.6538,23.1753
832,-9.09088,-11.9484,23.6079
833,-9.37579,-12.2112,24.0878
834,-9.6568,-12.4355,24.6117
835,-9.93027,-12.6146,25.1752
836,-10.1923,-12.7421,25.7722
837,-10.4388,-12.8121,26.3954
838,-10.6655,-12.8194,27.0362
839,-10.8682,-12.7602,27.6845
840,-11.0426,-12.6323,28.3295
841,-11.1849,-12.435,28.9595
842,-11.2915,-12.1698,29.5627
843,-11.3597,-11.8402,30.1273
844,-11.387,-11.4518,30.6424
845,-11.3723,-11.0122,31.0981
846,-11.315,-10.5302,31.486
847,-11.2157,-10.0162,31.8
848,-11.0758,-9.48121,32.0358
849,-10.8977,-8.93633,32.1914
850,-10.6847,-8.39249,32.267
851,-10.4407,-7.85987,32.265
852,-10.1701,-7.34753,32.1891
853,-9.87783,-6.86318,32.0447
854,-9.56888,-6.41302,31.8381
855,-9.24834,-6.00168,31.5763
856,-8.92117,-5.63228,31.2666
857,-8.59208,-5.30656,30.9161
858,-8.26545,-5.02503,30.5319
859,-7.94524,-4.7872,30.1205
860,-7.63493,-4.59178,29.6881
861,-7.33753,-4.4369,29.2401
862,-7.05556,-4.32026,28.7813
863,-6.79108,-4.23939,28.316
864,-6.5457,-4.19169,27.848
865,-6.32062,-4.17461,27.3805
866,-6.11673,-4.18572,26.9163
867,-5.93456,-4.22275,26.4578
868,-5.77443,-4.28367,26.0071
869,-5.63641,-4.36668,25.5661
870,-5.52043,-4.47024,25.1364
871,-5.42628,-4.59305,24.7195
872,-5.35367,-4.73408,24.3169
873,-5.30224,-4.89249,23.9299
874,-5.27159,-5.06766,23.5599
875,-5.26132,-5.25914,23.2081
876,-5.27102,-5.46663,22.876
877,-5.30031,-5.68994,22.5649
878,-5.34883,-5.92897,22.2762
879,-5.41623,-6.18366,22.0116
880,-5.50222,-6.45397,21.7727
881,-5.60649,-6.73983,21.5612
882,-5.7288,-7.04109,21.3791
883,-5.86886,-7.35748,21.2284
884,-6.02643,-7.68859,21.1113
885,-6.20119,-8.03374,21.03
886,-6.39281,-8.39199,20.9869
887,-6.60087,-8.76208,20.9845
888,-6.82486,-9.14228,21.0253
889,-7.06412,-9.53045,21.1119
890,-7.31782,-9.92384,21.2466
891,-7.58494,-10.3192,21.4319
892,-7.86419,-10.7124,21.6696
893,-8.154,-11.0989,21.9615
894,-8.45248,-11.4733,22.3086
895,-8.75734,-11.8294,22.7112
896,-9.06594,-12.1607,23.1688
897,-9.37519,-12.4597,23.6797
898,-9.68161,-12.7189,24.2409
899,-9.98129,-12.9306,24.8479
900,-10.27,-13.0871,25.4947
901,-10.5431,-13.1812,26.1734
902,-10.796,-13.2067,26.8748
903,-11.0237,-13.1586,27.5878
904,-11.2214,-13.0336,28.3003
905,-11.3847,-12.8305,28.9991
906,-11.5093,-12.5503,29.6705
907,-11.5918,-12.1966,30.3011
908,-11.6295,-11.7753,30.878
909,-11.6205,-11.2948,31.3895
910,-11.5643,-10.7653,31.826
911,-11.4611,-10.1987,32.1799
912,-11.3125,-9.60757,32.4463
913,-11.1211,-9.0049,32.6228
914,-10.8906,-8.40336,32.7098
915,-10.6253,-7.81472,32.7099
916,-10.3303,-7.24941,32.6278
917,-10.011,-6.71623,32.4698
918,-9.67323,-6.22214,32.2434
919,-9.32269,-5.77222,31.9567
920,-8.96496,-5.36976,31.6181
921,-8.60535,-5.0164,31.236
922,-8.24872,-4.71237,30.8181
923,-7.89945,-4.45675,30.3721
924,-7.56136,-4.24774,29.9045
925,-7.23771,-4.08288,29.4214
926,-6.9312,-3.95933,28.928
927,-6.64397,-3.87401,28.4289
928,-6.37768,-3.82383,27.9278
929,-6.13353,-3.80576,27.4281
930,-5.91234,-3.81696,26.9327
931,-5.71456,-3.85481,26.4438
932,-5.54041,-3.917,25.9635
933,-5.38984,-4.0015,25.4937
934,-5.26265,-4.10662,25.0357
935,-5.15851,-4.23095,24.5911
936,-5.07699,-4.37338,24.1611
937,-5.01762,-4.53304,23.747
938,-4.97991,-4.70935,23.3499
939,-4.96335,-4.9019,22.9711
940,-4.96746,-5.11047,22.6118
941,-4.9918,-5.335,22.2733
942,-5.03597,-5.57553,21.957
943,-5.0996,-5.83219,21.6643
944,-5.18239,-6.10513,21.397
945,-5.28407,-6.39453,21.1566
946,-5.40441,-6.70049,20.945
947,-5.54323,-7.02306,20.7644
948,-5.70032,-7.36213,20.617
949,-5.87552,-7.71739,20.505
950,-6.06862,-8.08829,20.4311
951,-6.27936,-8.47392,20.398
952,-6.50741,-8.87302,20.4084
953,-6.75231,-9.28382,20.4653
954,-7.01348,-9.704,20.5716
955,-7.29012,-10.1306,20.7303
956,-7.58119,-10.56,20.944
957,-7.88538,-10.9877,21.2152
958,-8.20103,-11.4083,21.5459
959,-8.52609,-11.8159,21.9376
960,-8.85809,-12.2033,22.3908
961,-9.19408,-12.5628,22.905
962,-9.53061,-12.886,23.4784
963,-9.86376,-13.164,24.1077
964,-10.1891,-13.3876,24.7876
965,-10.5018,-13.548,25.5111
966,-10.7965,-13.6368,26.2692
967,-11.068,-13.6468,27.0507
968,-11.3105,-13.5724,27.8427
969,-11.5186,-13.4101,28.6309
970,-11.6871,-13.159,29.3998
971,-11.8115,-12.8209,30.1334
972,-11.8879,-12.4007,30.8163
973,-11.9133,-11.9064,31.4337
974,-11.8861,-11.3484,31.9728
975,-11.8058,-10.7396,32.4232
976,-11.6734,-10.0942,32.7773
977,-11.491,-9.42745,33.0308
978,-11.262,-8.75447,33.1824
979,-10.9911,-8.0897,33.234
980,-10.6837,-7.44619,33.1901
981,-10.3457,-6.83517,33.0575
982,-9.98375,-6.26566,32.8444
983,-9.60431,-5.74443,32.5601
984,-9.2139,-5.27598,32.2145
985,-8.81873,-4.86275,31.8175
986,-8.42454,-4.50536,31.3783
987,-8.03652,-4.20292,30.9059
988,-7.65923,-3.9534,30.408
989,-7.29654,-3.75391,29.8919
990,-6.95166,-3.60103,29.3635
991,-6.62716,-3.49106,28.8281
992,-6.325,-3.4202,28.2901
993,-6.04659,-3.38476,27.7531
994,-5.79287,-3.38125,27.2201
995,-5.56438,-3.40647,26.6938
996,-5.36131,-3.45759,26.1762
997,-5.18357,-3.53212,25.669
998,-5.03089,-3.62796,25.1738
999,-4.90282,-3.74341,24.6919
1000,-4.79881,-3.87708,24.2244
1001,-4.71826,-4.02794,23.7724
1002,-4.66054,-4.19526,23.337
1003,-4.625,-4.37857,22.9191
1004,-4.61106,-4.57763,22.52
1005,-4.61814,-4.79241,22.1406
1006,-4.64575,-5.02304,21.7822
1007,-4.69346,-5.26978,21.4461
1008,-4.76091,-5.53299,21.1336
1009,-4.84779,-5.81307,20.8463
1010,-4.9539,-6.11046,20.586
1011,-5.07906,-6.42555,20.3545
1012,-5.22317,-6.75868,20.1539
1013,-5.38614,-7.11006,19.9864
1014,-5.56793,-7.4797,19.8547
1015,-5.76847,-7.86739,19.7614
1016,-5.98768,-8.2726,19.7094
1017,-6.22539,-8.69438,19.702
1018,-6.48137,-9.13132,19.7423
1019,-6.75523,-9.5814,19.8339
1020,-7.04638,-10.0419,19.9801
1021,-7.35402,-10.5095,20.1846
1022,-7.67705,-10.9796,20.4504
1023,-8.01399,-11.4471,20.7806
1024,-8.36297,-11.9055,21.1775
1025,-8.72163,-12.3475,21.6428
1026,-9.08708,-12.7645,22.177
1027,-9.45586,-13.1472,22.7794
1028,-9.82389,-13.4854,23.4474
1029,-10.1865,-13.7684,24.1766
1030,-10.5384,-13.9854,24.9604
1031,-10.8739,-14.1259,25.7896
1032,-11.1867,-14.1806,26.6527
1033,-11.4705,-14.1415,27.5358
1034,-11.7188,-14.0028,28.4227
1035,-11.9253,-13.7619,29.2957
1036,-12.0843,-13.4194,30.1362
1037,-12.1908,-12.9793,30.9255
1038,-12.2409,-12.4497,31.6457
1039,-12.2319,-11.8421,32.2807
1040,-12.1628,-11.1709,32.8172
1041,-12.034,-10.4528,33.2451
1042,-11.8475,-9.70556,33.5585
1043,-11.607,-8.94757,33.755
1044,-11.3175,-8.19626,33.8365
1045,-10.985,-7.46753,33.8078
1046,-10.6164,-6.77506,33.677
1047,-10.2192,-6.12984,33.4538
1048,-9.80109,-5.54003,33.1495
1049,-9.36951,-5.01096,32.7758
1050,-8.93171,-4.5454,32.3443
1051,-8.49437,-4.14384,31.8663
1052,-8.06348,-3.80498,31.352
1053,-7.64428,-3.52606,30.8107
1054,-7.24117,-3.30338,30.2503
1055,-6.85779,-3.13258,29.6778
1056,-6.49696,-3.00903,29.0989
1057,-6.1608,-2.92806,28.5183
1058,-5.8508,-2.88514,27.9399
1059,-5.56789,-2.87604,27.3667
1060,-5.31251,-2.89693,26.8013
1061,-5.08474,-2.94441,26.2457
1062,-4.88432,-3.01555,25.7015
1063,-4.71079,-3.10789,25.1699
1064,-4.56351,-3.21943,24.6522
1065,-4.44172,-3.3486,24.1493
1066,-4.34461,-3.4942,23.662
1067,-4.27136,-3.65543,23.1912
1068,-4.22116,-3.83178,22.7377
1069,-4.19324,-4.02303,22.3023
1070,-4.1869,-4.2292,21.8859
1071,-4.20151,-4.45053,21.4895
1072,-4.23654,-4.68742,21.1142
1073,-4.29155,-4.94042,20.761
1074,-4.36622,-5.21017,20.4314
1075,-4.46028,-5.49738,20.1269
1076,-4.5736,-5.8028,19.849
1077,-4.70611,-6.12715,19.5997
1078,-4.85782,-6.47112,19.3811
1079,-5.0288,-6.83528,19.1956
1080,-5.21916,-7.22003,19.0457
1081,-5.42902,-7.62557,18.9345
1082,-5.6585,-8.05176,18.865
1083,-5.90769,-8.49809,18.8408
1084,-6.17657,-8.96357,18.8655
1085,-6.46502,-9.44657,18.9432
1086,-6.77274,-9.94476,19.0781
1087,-7.0992,-10.455,19.2742
1088,-7.44356,-10.973,19.5359
1089,-7.80462,-11.4936,19.8672
1090,-8.18073,-12.0102,20.2715
1091,-8.5697,-12.5151,20.7519
1092,-8.96876,-12.9989,21.3102
1093,-9.37446,-13.4514,21.9469
1094,-9.78263,-13.8607,22.6609
1095,-10.1883,-14.2145,23.4487
1096,-10.5858,-14.4994,24.3043
1097,-10.9688,-14.7026,25.2188
1098,-11.3302,-14.8116,26.1801
1099,-11.6625,-14.8155,27.1733
1100,-11.9582,-14.7058,28.1802
1101,-12.2096,-14.4771,29.1803
1102,-12.4094,-14.1283,30.1515
1103,-12.5514,-13.6625,31.0711
1104,-12.6301,-13.0876,31.9168
1105,-12.6419,-12.4162,32.6685
1106,-12.5846,-11.665,33.3087
1107,-12.4582,-10.8538,33.8244
1108,-12.2647,-10.0042,34.2071
1109,-12.0077,-9.13853,34.4537
1110,-11.693,-8.27848,34.5656
1111,-11.3274,-7.4437,34.5488
1112,-10.9191,-6.65108,34.413
1113,-10.4768,-5.91409,34.1703
1114,-10.0095,-5.24256,33.8346
1115,-9.5263,-4.64271,33.4202
1116,-9.03557,-4.1175,32.9414
1117,-8.54517,-3.66703,32.4117
1118,-8.06212,-3.28915,31.8433
1119,-7.59243,-2.98003,31.2471
1120,-7.14115,-2.73469,30.6321
1121,-6.71232,-2.54746,30.0062
1122,-6.30906,-2.41242,29.3757
1123,-5.93361,-2.3237,28.7454
1124,-5.58746,-2.27568,28.1195
1125,-5.27143,-2.26319,27.5009
1126,-4.98582,-2.28158,26.8921
1127,-4.73047,-2.32678,26.2947
1128,-4.50487,-2.39532,25.7102
1129,-4.30827,-2.48431,25.1396
1130,-4.13975,-2.59141,24.5837
1131,-3.99825,-2.71481,24.0432
1132,-3.88269,-2.85314,23.5187
1133,-3.79198,-3.00549,23.0106
1134,-3.72505,-3.1713,22.5196
1135,-3.68091,-3.35034,22.046
1136,-3.65865,-3.54268,21.5906
1137,-3.65747,-3.74862,21.154
1138,-3.67667,-3.96869,20.7369
1139,-3.7157,-4.20359,20.3402
1140,-3.77413,-4.45415,19.9648
1141,-3.85163,-4.72135,19.612
1142,-3.94803,-5.00624,19.283
1143,-4.06327,-5.3099,18.9794
1144,-4.19739,-5.63347,18.7029
1145,-4.35055,-5.97806,18.4556
1146,-4.52299,-6.34472,18.2396
1147,-4.71501,-6.73438,18.0576
1148,-4.92699,-7.14782,17.9126
1149,-5.15931,-7.58556,17.8078
1150,-5.41236,-8.04781,17.7469
1151,-5.6865,-8.53432,17.7339
1152,-5.982,-9.04432,17.7732
1153,-6.29899,-9.57635,17.8697
1154,-6.63741,-10.1281,18.0283
1155,-6.99697,-10.6962,18.2544
1156,-7.37698,-11.2762,18.5533
1157,-7.77637,-11.8622,18.9303
1158,-8.19352,-12.4468,19.3902
1159,-8.62616,-13.0209,19.9371
1160,-9.07133,-13.5735,20.574
1161,-9.52518,-14.0922,21.3025
1162,-9.98299,-14.5626,22.1219
1163,-10.439,-14.9692,23.0286
1164,-10.8866,-15.2956,24.0161
1165,-11.3181,-15.5252,25.074
1166,-11.7251,-15.6424,26.1877
1167,-12.0985,-15.6332,27.3386
1168,-12.4289,-15.4868,28.5043
1169,-12.707,-15.1968,29.659
1170,-12.9241,-14.7618,30.7751
1171,-13.0722,-14.1869,31.8239
1172,-13.1452,-13.4831,32.7781
1173,-13.1387,-12.6677,33.6129
1174,-13.0507,-11.763,34.3083
1175,-12.8818,-10.7951,34.8497
1176,-12.6348,-9.7919,35.2293
1177,-12.3154,-8.78162,35.4459
1178,-11.9309,-7.79065,35.5045
1179,-11.4906,-6.84218,35.4155
1180,-11.0048,-5.95516,35.1934
1181,-10.4844,-5.14373,34.8552
1182,-9.94029,-4.41713,34.4192
1183,-9.38316,-3.78007,33.9037
1184,-8.82279,-3.23329,33.326
1185,-8.268,-2.77434,32.7018
1186,-7.72639,-2.39839,32.0449
1187,-7.2043,-2.09898,31.3668
1188,-6.70681,-1.86874,30.6772
1189,-6.23778,-1.69989,29.9836
1190,-5.79998,-1.58475,29.2919
1191,-5.39518,-1.51599,28.6065
1192,-5.02433,-1.48685,27.9307
1193,-4.68767,-1.49133,27.2669
1194,-4.38487,-1.52413,26.6167
1195,-4.11521,-1.58078,25.9813
1196,-3.87759,-1.65754,25.3614
1197,-3.67074,-1.75136,24.7574
1198,-3.49323,-1.85987,24.1696
1199,-3.34357,-1.98126,23.5983
1200,-3.22027,-2.11424,23.0436
1201,-3.12189,-2.25799,22.5055
1202,-3.04705,-2.41206,21.9843
1203,-2.99449,-2.57637,21.4801
1204,-2.96307,-2.75112,20.9931
1205,-2.95179,-2.93678,20.5236
1206,-2.95981,-3.13402,20.072
1207,-2.98643,-3.34373,19.6388
1208,-3.03112,-3.56692,19.2246
1209,-3.09349,-3.80479,18.83
1210,-3.17333,-4.05862,18.456
1211,-3.27055,-4.32982,18.1036
1212,-3.38523,-4.61986,17.7742
1213,-3.51757,-4.93028,17.469
1214,-3.6679,-5.26265,17.1899
1215,-3.83669,-5.61856,16.939
1216,-4.02448,-5.99954,16.7185
1217,-4.23193,-6.40708,16.5312
1218,-4.45976,-6.84252,16.3803
1219,-4.70875,-7.30699,16.2692
1220,-4.97968,-7.80135,16.2021
1221,-5.27333,-8.32602,16.1837
1222,-5.59044,-8.88092,16.2189
1223,-5.93161,-9.46523,16.3136
1224,-6.29727,-10.0773,16.4739
1225,-6.68761,-10.7142,16.7065
1226,-7.10246,-11.3719,17.0183
1227,-7.5412,-12.0445,17.4166
1228,-8.00261,-12.7243,17.9083
1229,-8.48476,-13.4015,18.5001
1230,-8.98486,-14.0639,19.1975
1231,-9.49911,-14.6967,20.0045
1232,-10.0225,-15.2828,20.9228
1233,-10.5489,-15.8029,21.9509
1234,-11.0706,-16.2357,23.0835
1235,-11.5787,-16.5593,24.3103
1236,-12.0631,-16.7519,25.6155
1237,-12.5126,-16.7934,26.9776
1238,-12.9152,-16.6671,28.3692
1239,-13.259,-16.362,29.7582
1240,-13.5321,-15.8736,31.1086
1241,-13.724,-15.206,32.3825
1242,-13.8259,-14.3724,33.5433
1243,-13.8317,-13.3944,34.5575
1244,-13.7379,-12.3013,35.3977
1245,-13.545,-11.1281,36.0446
1246,-13.2563,-9.91227,36.4881
1247,-12.879,-8.69168,36.7279
1248,-12.4225,-7.5013,36.7722
1249,-11.899,-6.37125,36.6367
1250,-11.3216,-5.32531,36.3421
1251,-10.7044,-4.38024,35.9125
1252,-10.0613,-3.54592,35.3728
1253,-9.40558,-2.82599,34.7473
1254,-8.74921,-2.2189,34.0583
1255,-8.10277,-1.71914,33.3252
1256,-7.47516,-1.31845,32.5645
1257,-6.87353,-1.00688,31.7894
1258,-6.30339,-0.773765,31.0104
1259,-5.76868,-0.60836,30.2353
1260,-5.27197,-0.500395,29.4696
1261,-4.81465,-0.44039,28.7174
1262,-4.39711,-0.419852,27.9811
1263,-4.01895,-0.431361,27.2624
1264,-3.67917,-0.468579,26.562
1265,-3.37628,-0.526203,25.8803
1266,-3.10851,-0.599897,25.2172
1267,-2.87387,-0.686193,24.5725
1268,-2.67027,-0.782395,23.946
1269,-2.4956,-0.886481,23.3371
1270,-2.34777,-0.997008,22.7454
1271,-2.2248,-1.11303,22.1707
1272,-2.12482,-1.23402,21.6124
1273,-2.04609,-1.35979,21.0703
1274,-1.98706,-1.49048,20.5442
1275,-1.94634,-1.62645,20.0338
1276,-1.92271,-1.76827,19.539
1277,-1.91514,-1.91672,19.0597
1278,-1.92277,-2.0727,18.5959
1279,-1.94493,-2.23728,18.1477
1280,-1.9811,-2.41161,17.7151
1281,-2.03094,-2.597,17.2985
1282,-2.09428,-2.79484,16.8982
1283,-2.17107,-3.00662,16.5145
1284,-2.26145,-3.23397,16.1482
1285,-2.36569,-3.47858,15.7998
1286,-2.48419,-3.74225,15.4704
1287,-2.61751,-4.0269,15.1611
1288,-2.76632,-4.33451,14.8731
1289,-2.93144,-4.66718,14.6083
1290,-3.1138,-5.02704,14.3684
1291,-3.31446,-5.4163,14.1558
1292,-3.53457,-5.83717,13.9734
1293,-3.77541,-6.29183,13.8244
1294,-4.03832,-6.78238,13.7126
1295,-4.3247,-7.31072,13.6425
1296,-4.636,-7.87848,13.6192
1297,-4.97367,-8.48684,13.6487
1298,-5.33909,-9.13638,13.7379
1299,-5.73352,-9.82678,13.8944
1300,-6.15805,-10.5566,14.1267
1301,-6.61343,-11.323,14.4444
1302,-7.1,-12.1212,14.8575
1303,-7.61747,-12.9441,15.3768
1304,-8.16481,-13.7817,16.013
1305,-8.73997,-14.6209,16.7766
1306,-9.33967,-15.4448,17.6768
1307,-9.95914,-16.2327,18.7207
1308,-10.5919,-16.9595,19.9122
1309,-11.2295,-17.5967,21.2501
1310,-11.8615,-18.1126,22.7272
1311,-12.4752,-18.4741,24.3284
1312,-13.0561,-18.6487,26.0295
1313,-13.5881,-18.6068,27.7969
1314,-14.054,-18.3255,29.5879
1315,-14.4367,-17.7914,31.3519
1316,-14.7198,-17.0039,33.0339
1317,-14.8893,-15.9764,34.5776
1318,-14.9343,-14.7375,35.931
1319,-14.8486,-13.3286,37.0506
1320,-14.6308,-11.8016,37.9054
1321,-14.285,-10.2136,38.4797
1322,-13.8204,-8.62201,38.7737
1323,-13.2505,-7.07965,38.802
1324,-12.5923,-5.63085,38.5908
1325,-11.8648,-4.30897,38.1742
1326,-11.0878,-3.13565,37.5903
1327,-10.2807,-2.12132,36.8772
1328,-9.46163,-1.26682,36.0709
1329,-8.64669,-0.565445,35.2028
1330,-7.8495,-0.00524528,34.2991
1331,-7.08108,0.428954,33.3804
1332,-6.34989,0.753807,32.4624
1333,-5.66198,0.986126,31.5564
1334,-5.02124,1.14196,30.6697
1335,-4.42975,1.23604,29.8071
1336,-3.88805,1.28141,28.9711
1337,-3.39547,1.2894,28.1625
1338,-2.95041,1.26957,27.3813
1339,-2.55062,1.2299,26.6269
1340,-2.19334,1.17687,25.8981
1341,-1.87553,1.1157,25.1936
1342,-1.59402,1.05049,24.5121
1343,-1.34556,0.984414,23.8524
1344,-1.12697,0.91987,23.2131
1345,-0.935187,0.858619,22.5933
1346,-0.767267,0.801916,21.9918
1347,-0.620467,0.750609,21.4078
1348,-0.492236,0.705234,20.8405
1349,-0.380226,0.666088,20.2891
1350,-0.282293,0.633292,19.7531
1351,-0.196494,0.606845,19.2319
1352,-0.121072,0.58666,18.7249
1353,-0.0544506,0.572603,18.2316
1354,0.00478329,0.564517,17.7518
1355,0.0578932,0.562242,17.2848
1356,0.106008,0.565635,16.8304
1357,0.150136,0.574578,16.3883
1358,0.191181,0.588991,15.958
1359,0.229954,0.608838,15.5393
1360,0.26719,0.634136,15.1319
1361,0.303556,0.664953,14.7356
1362,0.339666,0.70142,14.35
1363,0.37609,0.743728,13.9749
1364,0.413368,0.792137,13.6102
1365,0.452013,0.846973,13.2556
1366,0.492525,0.908637,12.9108
1367,0.5354,0.977609,12.5759
1368,0.581133,1.05445,12.2505
1369,0.630234,1.1398,11.9347
1370,0.683226,1.23441,11.6284
1371,0.740659,1.33912,11.3314
1372,0.803119,1.45488,11.0439
1373,0.871227,1.58276,10.7658
1374,0.945657,1.72394,10.4973
1375,1.02714,1.87978,10.2386
1376,1.11646,2.05174,9.99
1377,1.21449,2.24147,9.7518
1378,1.32219,2.45079,9.52454
1379,1.44058,2.68171,9.30888
1380,1.57081,2.93645,9.10564
1381,1.71414,3.21742,8.91588
1382,1.87195,3.52728,8.74091
1383,2.04574,3.86892,8.58236
1384,2.23716,4.24545,8.44222
1385,2.44802,4.66024,8.32297
1386,2.68028,5.11687,8.2276
1387,2.93607,5.6191,8.1598
1388,3.21768,6.17085,8.12401
1389,3.52755,6.7761,8.1256
1390,3.86827,7.43877,8.17106
1391,4.24257,8.16258,8.26813
1392,4.65321,8.95078,8.42604
1393,5.10301,9.80586,8.65567
1394,5.59466,10.7291,8.96976
1395,6.13068,11.7201,9.38305
1396,6.71317,12.776,9.91232
1397,7.3436,13.8904,10.5763
1398,8.02252,15.0528,11.3954
1399,8.74914,16.2471,12.391
1400,9.52091,17.4503,13.5845
1401,10.3329,18.6313,14.9954
1402,11.1774,19.7503,16.6392
1403,12.0431,20.7581,18.5243
1404,12.9146,21.597,20.648
1405,13.7723,22.2031,22.9926
1406,14.5921,22.5104,25.5219
1407,15.3461,22.4569,28.178
1408,16.0037,21.9929,30.8817
1409,16.5335,21.0894,33.5352
1410,16.9055,19.7462,36.0294
1411,17.0941,17.9967,38.2545
1412,17.0813,15.9082,40.1126
1413,16.8584,13.5762,41.5304
1414,16.4275,11.1141,42.4679
1415,15.8018,8.63892,42.9221
1416,15.0039,6.25851,42.9245
1417,14.0636,4.06023,42.5338
1418,13.015,2.10503,41.8247
1419,11.8933,0.426273,40.8779
1420,10.7324,-0.967477,39.7703
1421,9.56277,-2.08712,38.5695
1422,8.4102,-2.95692,37.33
1423,7.29536,-3.6087,36.0927
1424,6.23372,-4.07722,34.8861
1425,5.236,-4.39679,33.7283
1426,4.30871,-4.59916,32.629
1427,3.45493,-4.71239,31.5923
1428,2.67495,-4.76044,30.6179
1429,1.96696,-4.76324,29.7035
1430,1.32759,-4.73703,28.8449
1431,0.752423,-4.69477,28.0378
1432,0.236369,-4.6467,27.2774
1433,-0.226049,-4.60073,26.5596
1434,-0.640442,-4.56295,25.8805
1435,-1.01239,-4.53794,25.2368
1436,-1.34732,-4.52911,24.6256
1437,-1.65043,-4.53899,24.0448
1438,-1.92662,-4.5694,23.4925
1439,-2.18046,-4.62166,22.9676
1440,-2.41622,-4.6967,22.4689
1441,-2.63781,-4.7952,21.996
1442,-2.84884,-4.91769,21.5487
1443,-3.05263,-5.06454,21.127
1444,-3.25219,-5.23611,20.7313
1445,-3.4503,-5.43271,20.3622
1446,-3.64948,-5.65461,20.0206
1447,-3.85206,-5.90212,19.7076
1448,-4.06017,-6.17551,19.4247
1449,-4.27575,-6.47503,19.1737
1450,-4.50059,-6.80084,18.9566
1451,-4.73632,-7.15303,18.7757
1452,-4.9844,-7.5315,18.6338
1453,-5.24615,-7.93595,18.5338
1454,-5.52271,-8.36574,18.4791
1455,-5.81504,-8.81983,18.4735
1456,-6.12387,-9.29665,18.521
1457,-6.44971,-9.79399,18.6258
1458,-6.79274,-10.3088,18.7925
1459,-7.15281,-10.8372,19.0256
1460,-7.52935,-11.374,19.3296
1461,-7.92131,-11.913,19.7088
1462,-8.32706,-12.4465,20.167
1463,-8.74433,-12.9653,20.7069
1464,-9.17013,-13.4589,21.3304
1465,-9.60068,-13.9152,22.0374
1466,-10.0313,-14.3209,22.8258
1467,-10.4566,-14.662,23.6911
1468,-10.8702,-14.924,24.6255
1469,-11.2649,-15.0925,25.618
1470,-11.633,-15.1547,26.6541
1471,-11.9665,-15.0994,27.7158
1472,-12.2569,-14.9187,28.7822
1473,-12.4962,-14.6087,29.8298
1474,-12.677,-14.1703,30.834
1475,-12.7929,-13.6097,31.77
1476,-12.839,-12.9382,32.6143
1477,-12.8121,-12.1723,33.3466
1478,-12.711,-11.3321,33.9502
1479,-12.537,-10.441,34.4139
1480,-12.2933,-9.52333,34.7318
1481,-11.9851,-8.60331,34.9038
1482,-11.6195,-7.70352,34.9349
1483,-11.2049,-6.84363,34.8346
1484,-10.7505,-6.03972,34.6154
1485,-10.266,-5.30378,34.2922
1486,-9.76124,-4.64371,33.8808
1487,-9.24554,-4.0636,33.397
1488,-8.72762,-3.56424,32.8559
1489,-8.2153,-3.14369,32.2711
1490,-7.71538,-2.79799,31.655
1491,-7.23354,-2.52177,31.0178
1492,-6.77438,-2.30881,30.3681
1493,-6.34144,-2.15253,29.7131
1494,-5.9373,-2.04633,29.0581
1495,-5.56369,-1.98392,28.4075
1496,-5.22156,-1.95945,27.7647
1497,-4.91129,-1.96765,27.1321
1498,-4.63271,-2.00392,26.5115
1499,-4.38529,-2.06428,25.9042
1500,-4.16819,-2.14545,25.3112
1501,-3.98037,-2.24472,24.7333
1502,-3.82066,-2.35999,24.171
1503,-3.68782,-2.48966,23.6247
1504,-3.58062,-2.63261,23.0947
1505,-3.49783,-2.78811,22.5816
1506,-3.43831,-2.95584,22.0856
1507,-3.401,-3.13575,21.6071
1508,-3.38496,-3.32809,21.1467
1509,-3.38937,-3.53335,20.7048
1510,-3.41355,-3.7522,20.2822
1511,-3.45695,-3.98552,19.8795
1512,-3.51915,-4.23429,19.4978
1513,-3.59991,-4.49963,19.138
1514,-3.69908,-4.78276,18.8015
1515,-3.81666,-5.08493,18.4897
1516,-3.95279,-5.40745,18.2042
1517,-4.10769,-5.75163,17.947
1518,-4.2817,-6.11872,17.7203
1519,-4.47525,-6.50992,17.5268
1520,-4.68881,-6.92625,17.3692
1521,-4.92292,-7.36854,17.2511
1522,-5.17811,-7.83732,17.176
1523,-5.45492,-8.33272,17.1481
1524,-5.75381,-8.85435,17.1721
1525,-6.07513,-9.40119,17.253
1526,-6.41905,-9.97134,17.3961
1527,-6.78552,-10.562,17.6073
1528,-7.17414,-11.1689,17.8924
1529,-7.58412,-11.7867,18.2575
1530,-8.01413,-12.4083,18.7084
1531,-8.46218,-13.0246,19.2502
1532,-8.92555,-13.6247,19.8872
1533,-9.40064,-14.1956,20.6223
1534,-9.88284,-14.7226,21.4562
1535,-10.3665,-15.1888,22.3868
1536,-10.8449,-15.5764,23.4089
1537,-11.31,-15.8669,24.513
1538,-11.7531,-16.042,25.6852
1539,-12.1644,-16.085,26.907
1540,-12.5338,-15.9822,28.155
1541,-12.8507,-15.7242,29.402
1542,-13.1052,-15.3072,30.6178
1543,-13.2883,-14.7341,31.7705
1544,-13.3922,-14.0151,32.829
1545,-13.4114,-13.1673,33.7645
1546,-13.3428,-12.2143,34.5529
1547,-13.186,-11.1844,35.1763
1548,-12.9438,-10.1087,35.6242
1549,-12.6212,-9.01895,35.8936
1550,-12.2263,-7.94537,35.9891
1551,-11.7686,-6.91472,35.9216
1552,-11.2594,-5.94903,35.7067
1553,-10.7106,-5.06486,35.3635
1554,-10.1342,-4.2731,34.9125
1555,-9.54214,-3.57937,34.3744
1556,-8.94516,-2.98466,33.7686
1557,-8.35309,-2.48622,33.1129
1558,-7.77437,-2.07856,32.4226
1559,-7.21603,-1.7543,31.7108
1560,-6.68366,-1.50502,30.9877
1561,-6.1815,-1.32187,30.2617
1562,-5.71254,-1.19612,29.539
1563,-5.27868,-1.11946,28.8242
1564,-4.88088,-1.08431,28.1208
1565,-4.51931,-1.08387,27.4309
1566,-4.19355,-1.11225,26.7562
1567,-3.90268,-1.16442,26.0974
1568,-3.64543,-1.23621,25.4553
1569,-3.42031,-1.32422,24.83
1570,-3.22565,-1.42579,24.2216
1571,-3.05976,-1.53888,23.6301
1572,-2.92091,-1.66202,23.0555
1573,-2.80744,-1.79424,22.4976
1574,-2.71776,-1.93497,21.9563
1575,-2.65041,-2.08403,21.4318
1576,-2.60407,-2.24155,20.9238
1577,-2.57754,-2.40791,20.4326
1578,-2.56983,-2.58374,19.9583
1579,-2.58007,-2.76986,19.501
1580,-2.60759,-2.96726,19.0613
1581,-2.65186,-3.17709,18.6394
1582,-2.71254,-3.40063,18.2359
1583,-2.78944,-3.63927,17.8515
1584,-2.88252,-3.89453,17.4871
1585,-2.99191,-4.168,17.1438
1586,-3.11785,-4.46136,16.8227
1587,-3.26076,-4.77635,16.5253
1588,-3.42117,-5.11476,16.2534
1589,-3.59972,-5.4784,16.0092
1590,-3.79717,-5.86905,15.7949
1591,-4.01439,-6.28848,15.6135
1592,-4.25231,-6.73829,15.4683
1593,-4.51193,-7.21993,15.363
1594,-4.79426,-7.73457,15.302
1595,-5.10032,-8.28297,15.2902
1596,-5.4311,-8.86535,15.3334
1597,-5.78744,-9.48123,15.4376
1598,-6.17005,-10.1291,15.6099
1599,-6.57935,-10.8065,15.8576
1600,-7.01543,-11.5092,16.1889
1601,-7.47787,-12.2312,16.6118
1602,-7.96563,-12.9646,17.1349
1603,-8.47691,-13.6989,17.7659
1604,-9.00893,-14.4208,18.512
1605,-9.55778,-15.1142,19.3784
1606,-10.1182,-15.7597,20.3681
1607,-10.6836,-16.3357,21.4804
1608,-11.2456,-16.8177,22.7104
1609,-11.7945,-17.1804,24.0471
1610,-12.3188,-17.3982,25.4737
1611,-12.806,-17.4475,26.9658
1612,-13.2425,-17.3084,28.4927
1613,-13.6146,-16.9676,30.0171
1614,-13.9088,-16.4197,31.4975
1615,-14.113,-15.6697,32.8902
1616,-14.2172,-14.733,34.1525
1617,-14.2144,-13.6359,35.2462
1618,-14.101,-12.4132,36.1405
1619,-13.8777,-11.1064,36.8144
1620,-13.5489,-9.75957,37.2584
1621,-13.1232,-8.41648,37.4743
1622,-12.6119,-7.11691,37.4743
1623,-12.0291,-5.89422,37.2788
1624,-11.3902,-4.77377,36.9135
1625,-10.7112,-3.77243,36.4073
1626,-10.0076,-2.89892,35.7895
1627,-9.29409,-2.15487,35.0876
1628,-8.58381,-1.53623,34.3264
1629,-7.888,-1.03478,33.527
1630,-7.21592,-0.63965,32.7066
1631,-6.57484,-0.338501,31.8789
1632,-5.97014,-0.118584,31.0538
1633,-5.40549,0.0325429,30.2388
1634,-4.88303,0.12651,29.4389
1635,-4.40369,0.173838,28.6572
1636,-3.96734,0.183787,27.8956
1637,-3.57304,0.164322,27.155
1638,-3.21927,0.122153,26.4356
1639,-2.90404,0.0628173,25.7371
1640,-2.62511,-0.00920318,25.0591
1641,-2.38004,-0.0903627,24.4009
1642,-2.16634,-0.177927,23.7618
1643,-1.98154,-0.269856,23.1411
1644,-1.82322,-0.364695,22.5381
1645,-1.68909,-0.461478,21.9521
1646,-1.57701,-0.559646,21.3827
1647,-1.48499,-0.658969,20.8292
1648,-1.41124,-0.759491,20.2912
1649,-1.35414,-0.861477,19.7683
1650,-1.31226,-0.965372,19.2601
1651,-1.28438,-1.07177,18.7664
1652,-1.26942,-1.18138,18.2867
1653,-1.2665,-1.29503,17.821
1654,-1.27491,-1.41363,17.369
1655,-1.29409,-1.53818,16.9307
1656,-1.32362,-1.66973,16.5058
1657,-1.36324,-1.80945,16.0945
1658,-1.41284,-1.95857,15.6968
1659,-1.47241,-2.11838,15.3128
1660,-1.5421,-2.2903,14.9426
1661,-1.62216,-2.47581,14.5866
1662,-1.71298,-2.67651,14.2451
1663,-1.81505,-2.8941,13.9187
1664,-1.92902,-3.13042,13.6081
1665,-2.0556,-3.38741,13.3141
1666,-2.19569,-3.66716,13.0377
1667,-2.35025,-3.97188,12.7802
1668,-2.5204,-4.30393,12.5433
1669,-2.70739,-4.66579,12.3289
1670,-2.91256,-5.06005,12.1393
1671,-3.1374,-5.4894,11.9773
1672,-3.38351,-5.95657,11.8462
1673,-3.6526,-6.4643,11.75
1674,-3.94646,-7.01524,11.6934
1675,-4.26698,-7.61183,11.682
1676,-4.61607,-8.2562,11.7223
1677,-4.99564,-8.9499,11.8218
1678,-5.40752,-9.6937,11.9891
1679,-5.8534,-10.4873,12.2342
1680,-6.33471,-11.3287,12.5683
1681,-6.85245,-12.2141,13.0035
1682,-7.40706,-13.137,13.5533
1683,-7.99816,-14.0877,14.2315
1684,-8.62427,-15.0524,15.0524
1685,-9.28258,-16.013,16.0293
1686,-9.96851,-16.9458,17.1737
1687,-10.6754,-17.8219,18.4938
1688,-11.3944,-18.6066,19.9924
1689,-12.1135,-19.2608,21.6647
1690,-12.8185,-19.7418,23.4966
1691,-13.492,-20.0063,25.462
1692,-14.1145,-20.0139,27.5219
1693,-14.6646,-19.7316,29.6245
1694,-15.1206,-19.1383,31.7064
1695,-15.4615,-18.2296,33.6967
1696,-15.6687,-17.0207,35.5222
1697,-15.7279,-15.5472,37.1146
1698,-15.6307,-13.8635,38.4169
1699,-15.3751,-12.038,39.3899
1700,-14.9662,-10.146,40.0155
1701,-14.416,-8.26276,40.2975
1702,-13.7422,-6.45583,40.2593
1703,-12.9666,-4.78,39.9394
1704,-12.1132,-3.27421,39.3857
1705,-11.207,-1.9611,38.6492
1706,-10.2717,-0.84844,37.7799
1707,-9.32912,0.0681379,36.8224
1708,-8.39798,0.801853,35.8146
1709,-7.49372,1.37156,34.7863
1710,-6.62836,1.799,33.7601
1711,-5.81065,2.10661,32.7516
1712,-5.0464,2.31603,31.7711
1713,-4.33888,2.44718,30.8248
1714,-3.68927,2.5177,29.9153
1715,-3.09708,2.54282,29.0434
1716,-2.56052,2.53537,28.2084
1717,-2.07687,2.50597,27.4085
1718,-1.64274,2.46325,26.6418
1719,-1.25435,2.41413,25.906
1720,-0.907687,2.36404,25.1989
1721,-0.598646,2.31723,24.5184
1722,-0.323175,2.27695,23.8629
1723,-0.0773345,2.24566,23.2305
1724,0.142645,2.22518,22.62
1725,0.340322,2.21689,22.0301
1726,0.519028,2.22176,21.4599
1727,0.681861,2.24056,20.9084
1728,0.831682,2.27383,20.3751
1729,0.971133,2.32205,19.8594
1730,1.10264,2.38564,19.3609
1731,1.22845,2.465,18.8794
1732,1.35061,2.56058,18.4145
1733,1.47105,2.6729,17.9664
1734,1.59156,2.80254,17.535
1735,1.71379,2.95021,17.1205
1736,1.83936,3.11673,16.7232
1737,1.96977,3.30306,16.3434
1738,2.1065,3.51028,15.9819
1739,2.251,3.73961,15.6392
1740,2.4047,3.99245,15.3165
1741,2.56903,4.27029,15.0148
1742,2.74544,4.5748,14.7356
1743,2.9354,4.90774,14.4807
1744,3.14041,5.27097,14.2522
1745,3.36203,5.66645,14.0526
1746,3.60183,6.09613,13.8848
1747,3.86143,6.56197,13.7525
1748,4.14249,7.0658,13.6596
1749,4.44665,7.60925,13.6111
1750,4.77555,8.19362,13.6124
1751,5.13077,8.81971,13.6699
1752,5.5138,9.4876,13.7909
1753,5.92593,10.1964,13.9835
1754,6.36818,10.9439,14.2568
1755,6.84121,11.7263,14.6204
1756,7.34514,12.5377,15.085
1757,7.87939,13.3695,15.6613
1758,8.4425,14.2103,16.3601
1759,9.03188,15.0451,17.1913
1760,9.64357,15.8549,18.1634
1761,10.272,16.6168,19.2819
1762,10.9097,17.304,20.5485
1763,11.5473,17.886,21.9592
1764,12.1733,18.3302,23.503
1765,12.7739,18.6033,25.1604
1766,13.3337,18.6737,26.9026
1767,13.8361,18.5147,28.6911
1768,14.2637,18.1076,30.4789
1769,14.5994,17.4451,32.2126
1770,14.828,16.5332,33.8358
1771,14.9368,15.3933,35.2935
1772,14.9172,14.0606,36.5373
1773,14.7651,12.5824,37.5293
1774,14.482,11.0142,38.2461
1775,14.0746,9.41385,38.6797
1776,13.5544,7.83741,38.838
1777,12.9369,6.33393,38.7419
1778,12.2402,4.94258,38.4221
1779,11.484,3.69091,37.9155
1780,10.6881,2.59481,37.2606
1781,9.87144,1.65965,36.4949
1782,9.05116,0.882168,35.6524
1783,8.2422,0.252687,34.7619
1784,7.45694,-0.242671,33.847
1785,6.7051,-0.620077,32.9257
1786,5.99391,-0.896468,32.0115
1787,5.32831,-1.08842,31.1135
1788,4.71124,-1.21142,30.2376
1789,4.14395,-1.2794,29.3875
1790,3.62634,-1.3046,28.5646
1791,3.15722,-1.29745,27.7694
1792,2.73463,-1.26674,27.0014
1793,2.35603,-1.21967,26.2596
1794,2.01848,-1.16207,25.543
1795,1.71885,-1.0986,24.85
1796,1.45391,-1.03287,24.1794
1797,1.22043,-0.967645,23.53
1798,1.01526,-0.904995,22.9005
1799,0.835397,-0.846415,22.2899
1800,0.677982,-0.792945,21.6973
1801,0.54036,-0.745271,21.1217
1802,0.420072,-0.703804,20.5625
1803,0.314869,-0.668751,20.0189
1804,0.222699,-0.64017,19.4904
1805,0.141709,-0.61802,18.9764
1806,0.0702267,-0.602193,18.4764
1807,0.00675274,-0.59255,17.99
1808,-0.0500563,-0.588941,17.5167
1809,-0.101402,-0.591223,17.0562
1810,-0.148359,-0.599277,16.6082
1811,-0.191889,-0.613017,16.1721
1812,-0.232857,-0.632403,15.7479
1813,-0.272045,-0.657441,15.3351
1814,-0.310162,-0.688193,14.9335
1815,-0.347859,-0.724783,14.5428
1816,-0.385741,-0.767395,14.1629
1817,-0.424374,-0.816282,13.7933
1818,-0.464299,-0.871768,13.4341
1819,-0.50604,-0.934252,13.0849
1820,-0.550113,-1.00421,12.7456
1821,-0.597032,-1.0822,12.4161
1822,-0.647323,-1.16888,12.0963
1823,-0.701527,-1.26499,11.7861
1824,-0.760208,-1.37137,11.4855
1825,-0.823964,-1.48899,11.1944
1826,-0.893432,-1.61891,10.913
1827,-0.969297,-1.76235,10.6414
1828,-1.0523,-1.92065,10.3797
1829,-1.14325,-2.0953,10.1283
1830,-1.24302,-2.28796,9.88759
1831,-1.35257,-2.50046,9.65806
1832,-1.47296,-2.73483,9.44039
1833,-1.60535,-2.9933,9.23546
1834,-1.75099,-3.27829,9.04434
1835,-1.91129,-3.59248,8.8684
1836,-2.08776,-3.93877,8.70931
1837,-2.28207,-4.32028,8.56913
1838,-2.49603,-4.74037,8.4504
1839,-2.73162,-5.20262,8.35622
1840,-2.99097,-5.71078,8.29035
1841,-3.27638,-6.26873,8.25735
1842,-3.59028,-6.8804,8.26274
1843,-3.93528,-7.54963,8.31314
1844,-4.31407,-8.28001,8.41645
1845,-4.72939,-9.07464,8.58207
1846,-5.18402,-9.93579,8.82108
1847,-5.6806,-10.8645,9.14639
1848,-6.22154,-11.8599,9.57291
1849,-6.80883,-12.9185,10.1175
1850,-7.44378,-14.0337,10.7991
1851,-8.12673,-15.194,11.6378
1852,-8.85662,-16.3825,12.655
1853,-9.63058,-17.5752,13.8715
1854,-10.4433,-18.7402,15.3061
1855,-11.2867,-19.8366,16.9731
1856,-12.1488,-20.8145,18.8793
1857,-13.0138,-21.6159,21.0198
1858,-13.8617,-22.1772,23.3747
1859,-14.6681,-22.4334,25.905
1860,-15.4049,-22.3248,28.5505
1861,-16.0417,-21.8048,31.2302
1862,-16.5473,-20.8485,33.8455
1863,-16.8928,-19.4602,36.288
1864,-17.0538,-17.6775,38.4504
1865,-17.0134,-15.5709,40.2389
1866,-16.7646,-13.2375,41.585
1867,-16.311,-10.7901,42.4539
1868,-15.6669,-8.3439,42.8471
1869,-14.8556,-6.00288,42.7996
1870,-13.9072,-3.85029,42.3712
1871,-12.8558,-1.94297,41.6371
1872,-11.7362,-0.310806,40.6764
1873,-10.5813,1.04014,39.5643
1874,-9.42102,2.12232,38.3658
1875,-8.28016,2.96063,37.1334
1876,-7.17862,3.5869,35.906
1877,-6.13117,4.03546,34.7106
1878,-5.14794,4.33994,33.5641
1879,-4.23501,4.53129,32.4756
1880,-3.3951,4.63683,31.4487
1881,-2.62827,4.67981,30.483
1882,-1.93255,4.67957,29.5758
1883,-1.3045,4.65181,28.7233
1884,-0.739673,4.60911,27.921
1885,-0.232972,4.56136,27.1645
1886,0.221039,4.51623,26.4497
1887,0.62792,4.47959,25.7727
1888,0.99319,4.45588,25.1304
1889,1.32221,4.44842,24.5201
1890,1.62009,4.45963,23.9396
1891,1.89167,4.49129,23.3873
1892,2.14146,4.54467,22.8619
1893,2.37365,4.62072,22.3624
1894,2.59211,4.72009,21.8885
1895,2.80038,4.8433,21.4397
1896,3.00173,4.99077,21.0163
1897,3.19914,5.16286,20.6187
1898,3.39535,5.35991,20.2473
1899,3.59285,5.58224,19.9031
1900,3.79396,5.83019,19.5873
1901,4.00077,6.10409,19.3014
1902,4.21524,6.40423,19.047
1903,4.43914,6.73085,18.8262
1904,4.6741,7.08412,18.6413
1905,4.92161,7.46401,18.4952
1906,5.183,7.8703,18.3907
1907,5.45943,8.30246,18.3314
1908,5.7519,8.75957,18.3209
1909,6.06119,9.24016,18.3633
1910,6.38783,9.74213,18.4631
1911,6.73208,10.2626,18.6248
1912,7.09384,10.7977,18.8532
1913,7.47261,11.3425,19.1528
1914,7.8674,11.8908,19.5283
1915,8.27667,12.4349,19.9835
1916,8.6982,12.9658,20.5218
1917,9.12908,13.4727,21.145
1918,9.56555,13.9437,21.8537
1919,10.003,14.3651,22.6461
1920,10.436,14.7225,23.5179
1921,10.8581,15.0011,24.4617
1922,11.2621,15.1861,25.4667
1923,11.6401,15.2637,26.5186
1924,11.9839,15.2222,27.5992
1925,12.285,15.053,28.6875
1926,12.5348,14.7515,29.7595
1927,12.7258,14.3179,30.7899
1928,12.8512,13.7579,31.753
1929,12.9057,13.0827,32.6247
1930,12.8858,12.3088,33.3833
1931,12.7902,11.4567,34.0114
1932,12.6198,10.5502,34.4969
1933,12.3777,9.61438,34.8333
1934,12.0692,8.67445,35.02
1935,11.7014,7.7538,35.0619
1936,11.2827,6.87299,34.9684
1937,10.8227,6.04881,34.7526
1938,10.3313,5.29387,34.4296
1939,9.81852,4.61651,34.0157
1940,9.29402,4.02108,33.5273
1941,8.76679,3.50845,32.98
1942,8.24488,3.07669,32.388
1943,7.7353,2.7217,31.7639
1944,7.24392,2.43793,31.1183
1945,6.77549,2.21893,30.4601
1946,6.33366,2.05788,29.7965
1947,5.92107,1.94796,29.1333
1948,5.53948,1.88261,28.4747
1949,5.18991,1.85579,27.8242
1950,4.87268,1.86204,27.1841
1951,4.58765,1.89658,26.5563
1952,4.33422,1.95532,25.9421
1953,4.11153,2.03483,25.3425
1954,3.91849,2.13232,24.758
1955,3.75388,2.24561,24.1893
1956,3.61641,2.37304,23.6367
1957,3.50478,2.51343,23.1004
1958,3.41772,2.66603,22.5809
1959,3.35405,2.83046,22.0785
1960,3.31266,3.00667,21.5934
1961,3.29255,3.1949,21.1262
1962,3.29286,3.39562,20.6772
1963,3.31288,3.6095,20.2472
1964,3.35202,3.83742,19.8368
1965,3.40984,4.08038,19.4468
1966,3.48605,4.33951,19.0783
1967,3.5805,4.61604,18.7323
1968,3.69318,4.91129,18.4102
1969,3.82418,5.22661,18.1137
1970,3.97376,5.56335,17.8446
1971,4.14223,5.92288,17.6049
1972,4.33004,6.30649,17.3972
1973,4.5377,6.71533,17.2242
1974,4.76577,7.15042,17.0892
1975,5.01483,7.61249,16.9956
1976,5.28549,8.10193,16.9477
1977,5.57829,8.61868,16.9498
1978,5.8937,9.16205,17.007
1979,6.23204,9.73061,17.1246
1980,6.59341,10.322,17.3085
1981,6.97764,10.9327,17.5647
1982,7.38415,11.5577,17.8994
1983,7.81191,12.1907,18.3189
1984,8.25925,12.8234,18.8289
1985,8.72381,13.4454,19.4345
1986,9.20235,14.0445,20.1393
1987,9.69066,14.6061,20.9455
1988,10.1835,15.1138,21.8524
1989,10.6744,15.5497,22.8564
1990,11.1558,15.8945,23.9498
1991,11.6191,16.1291,25.1206
1992,12.0545,16.2352,26.3517
1993,12.4517,16.197,27.6212
1994,12.8,16.0024,28.9026
1995,13.0887,15.6447,30.1657
1996,13.308,15.1238,31.3781
1997,13.4492,14.4468,32.5067
1998,13.5056,13.6288,33.5205
1999,13.4729,12.6915,34.3921
2000,13.3493,11.6626,35.1001
2001,13.1365,10.5735,35.6304
2002,12.8387,9.4574,35.9771
2003,12.463,8.34649,36.1419
2004,12.0188,7.27015,36.134
2005,11.5172,6.25327,35.9681
2006,10.9702,5.31515,35.6629
2007,10.3904,4.46919,35.2394
2008,9.78998,3.72302,34.7193
2009,9.18067,3.07916,34.1234
2010,8.57298,2.53592,33.4708
2011,7.97609,2.08834,32.7783
2012,7.39776,1.72924,32.06
2013,6.84423,1.45006,31.3277
2014,6.3203,1.24163,30.5904
2015,5.82944,1.09475,29.8552
2016,5.37394,1.0006,29.1272
2017,4.95503,0.950997,28.4103
2018,4.57313,0.93862,27.7069
2019,4.22793,0.95704,27.0189
2020,3.9186,1.00076,26.3471
2021,3.6439,1.06517,25.6923
2022,3.40232,1.14652,25.0545
2023,3.19216,1.24179,24.434
2024,3.01164,1.34868,23.8306
2025,2.85897,1.46547,23.2442
2026,2.73236,1.59098,22.6747
2027,2.63014,1.72449,22.1218
2028,2.55073,1.86565,21.5855
2029,2.49267,2.01446,21.0658
2030,2.45468,2.17119,20.5625
2031,2.43562,2.33638,20.0757
2032,2.43454,2.51075,19.6056
2033,2.45063,2.69523,19.1524
2034,2.48328,2.89087,18.7164
2035,2.53203,3.09891,18.2979
2036,2.59659,3.32068,17.8976
2037,2.67683,3.55763,17.5161
2038,2.77278,3.81133,17.1542
2039,2.88462,4.08343,16.8129
2040,3.01268,4.37567,16.4935
2041,3.1574,4.68984,16.1975
2042,3.31938,5.0278,15.9265
2043,3.49934,5.39144,15.6826
2044,3.69809,5.78265,15.4683
2045,3.91657,6.20326,15.2863
2046,4.15578,6.65503,15.1401
2047,4.41679,7.13951,15.0334
2048,4.7007,7.65804,14.9705
2049,5.00862,8.21154,14.9567
2050,5.34162,8.80042,14.9974
2051,5.70068,9.42439,15.0992
2052,6.0866,10.0822,15.2691
2053,6.49994,10.7715,15.5149
2054,6.9409,11.4882,15.8448
2055,7.40922,12.2268,16.2675
2056,7.904,12.9792,16.7919
2057,8.42356,13.735,17.4265
2058,8.96523,14.4809,18.1788
2059,9.52521,15.2004,19.0551
2060,10.0983,15.8739,20.059
2061,10.6778,16.4787,21.1906
2062,11.2554,16.9897,22.4456
2063,11.8211,17.3802,23.8136
2064,12.3631,17.623,25.2777
2065,12.8685,17.6929,26.8136
2066,13.3232,17.5682,28.3895
2067,13.7127,17.234,29.967
2068,14.0229,16.6836,31.5026
2069,14.2408,15.9212,32.9504
2070,14.3558,14.9624,34.2653
2071,14.3601,13.8338,35.4064
2072,14.2499,12.5721,36.3407
2073,14.0254,11.2206,37.0457
2074,13.6912,9.82608,37.5109
2075,13.2559,8.43473,37.7382
2076,12.7315,7.08868,37.7403
2077,12.1325,5.8232,37.5388
2078,11.4751,4.66503,37.1611
2079,10.7761,3.63178,36.6379
2080,10.0516,2.73238,35.9999
2081,9.31706,1.96824,35.2764
2082,8.58608,1.33475,34.4933
2083,7.87035,0.822962,33.6726
2084,7.17944,0.421153,32.8323
2085,6.52084,0.116173,31.9861
2086,5.90002,-0.105505,31.1444
2087,5.32069,-0.257008,30.3146
2088,4.78496,-0.350553,29.5016
2089,4.29367,-0.397143,28.7084
2090,3.84657,-0.406427,27.9367
2091,3.4426,-0.386677,27.1873
2092,3.08007,-0.344838,26.46
2093,2.75685,-0.286631,25.7546
2094,2.47053,-0.216673,25.0704
2095,2.21853,-0.138614,24.4066
2096,1.99822,-0.0552701,23.7623
2097,1.80697,0.0312527,23.1368
2098,1.64225,0.119444,22.5292
2099,1.50163,0.208285,21.9389
2100,1.38285,0.297163,21.3652
2101,1.28383,0.385794,20.8075
2102,1.20264,0.474158,20.2652
2103,1.13759,0.56245,19.7379
2104,1.08714,0.651032,19.2252
2105,1.04995,0.740404,18.7266
2106,1.02487,0.831175,18.2419
2107,1.01091,0.924044,17.7706
2108,1.00725,1.01978,17.3127
2109,1.01322,1.11923,16.8678
2110,1.02831,1.2233,16.4357
2111,1.05212,1.33293,16.0163
2112,1.08441,1.44915,15.6095
2113,1.12504,1.57304,15.2152
2114,1.17402,1.70575,14.8334
2115,1.23144,1.84851,14.4642
2116,1.29752,2.00261,14.1076
2117,1.37259,2.16945,13.7638
2118,1.45706,2.35054,13.4332
2119,1.55148,2.54749,13.116
2120,1.65649,2.76204,12.8129
2121,1.77286,2.99605,12.5244
2122,1.90144,3.25153,12.2515
2123,2.04322,3.53066,11.9951
2124,2.19932,3.83575,11.7565
2125,2.37094,4.16929,11.5373
2126,2.55946,4.53391,11.3396
2127,2.76635,4.9324,11.1655
2128,2.99323,5.36765,11.018
2129,3.24183,5.84267,10.9005
2130,3.51403,6.36048,10.817
2131,3.8118,6.92407,10.7723
2132,4.13719,7.53627,10.7724
2133,4.49233,8.1996,10.8238
2134,4.87935,8.91606,10.9347
2135,5.30035,9.68688,11.114
2136,5.75728,10.5122,11.3725
2137,6.25184,11.3904,11.7222
2138,6.78534,12.3181,12.1763
2139,7.3585,13.2888,12.7495
2140,7.9712,14.2928,13.4573
2141,8.62218,15.3159,14.3156
2142,9.30875,16.3389,15.3398
2143,10.0263,17.3367,16.5435
2144,10.7681,18.278,17.9366
2145,11.5247,19.1248,19.5235
2146,12.2835,19.8339,21.3006
2147,13.029,20.3578,23.2532
2148,13.7425,20.6477,25.3536
2149,14.4025,20.6579,27.5593
2150,14.9856,20.3508,29.8127
2151,15.4675,19.7025,32.0432
2152,15.8251,18.708,34.1712
2153,16.0379,17.385,36.1149
2154,16.0903,15.775,37.7978
2155,15.973,13.9405,39.1577
2156,15.6846,11.9597,40.1529
2157,15.2315,9.91789,40.7665
2158,14.6277,7.89905,41.0067
2159,13.8934,5.97713,40.9036
2160,13.0532,4.21047,40.5035
2161,12.134,2.63878,39.8619
2162,11.1631,1.28312,39.037
2163,10.1663,0.148083,38.0839
2164,9.16665,-0.774702,37.0508
2165,8.18393,-1.50265,35.9775
2166,7.23397,-2.05856,34.8948
2167,6.32883,-2.46752,33.8247
2168,5.47698,-2.75471,32.7824
2169,4.68379,-2.94384,31.7768
2170,3.95196,-3.05632,30.8128
2171,3.282,-3.11079,29.892
2172,2.67277,-3.12312,29.014
2173,2.12184,-3.10651,28.177
2174,1.62587,-3.07172,27.3785
2175,1.18094,-3.02743,26.616
2176,0.78273,-2.98051,25.8866
2177,0.426789,-2.93631,25.1879
2178,0.108622,-2.89898,24.5175
2179,-0.176177,-2.87167,23.8734
2180,-0.43186,-2.85677,23.2538
2181,-0.662466,-2.85604,22.6574
2182,-0.871799,-2.87081,22.0829
2183,-1.06341,-2.90208,21.5294
2184,-1.24059,-2.95062,20.9962
2185,-1.40639,-3.01704,20.4827
2186,-1.56362,-3.1019,19.9885
2187,-1.71487,-3.20572,19.5136
2188,-1.86256,-3.32904,19.0578
2189,-2.00888,-3.47245,18.6213
2190,-2.15594,-3.63664,18.2043
2191,-2.30565,-3.82237,17.8073
2192,-2.45988,-4.03052,17.4311
2193,-2.62035,-4.26208,17.0763
2194,-2.78877,-4.51815,16.7441
2195,-2.96677,-4.79994,16.4358
2196,-3.15594,-5.10877,16.1529
2197,-3.35786,-5.44601,15.8974
2198,-3.57408,-5.8131,15.6716
2199,-3.80617,-6.21148,15.4781
2200,-4.05566,-6.64253,15.3201
2201,-4.32405,-7.10753,15.2011
2202,-4.61284,-7.60755,15.1255
2203,-4.92346,-8.14332,15.098
2204,-5.25724,-8.71513,15.1241
2205,-5.61541,-9.32261,15.2099
2206,-5.99898,-9.96454,15.3623
2207,-6.40872,-10.6386,15.5887
2208,-6.84502,-11.3411,15.8972
2209,-7.30782,-12.0665,16.2963
2210,-7.79642,-12.8074,16.7946
2211,-8.30939,-13.5539,17.4004
2212,-8.84435,-14.2932,18.1214
2213,-9.39778,-15.0097,18.964
2214,-9.96488,-15.6846,19.932
2215,-10.5394,-16.2962,21.0264
2216,-11.1133,-16.8201,22.2436
2217,-11.6773,-17.2303,23.5746
2218,-12.22,-17.5003,25.0041
2219,-12.7289,-17.6045,26.5094
2220,-13.1904,-17.5211,28.0608
2221,-13.5903,-17.2338,29.6218
2222,-13.9145,-16.7344,31.1506
2223,-14.1502,-16.0247,32.6024
2224,-14.2862,-15.1177,33.9323
2225,-14.3143,-14.0372,35.0993
2226,-14.2299,-12.8172,36.069
2227,-14.0323,-11.4991,36.817
2228,-13.7251,-10.1282,37.3303
2229,-13.3161,-8.75029,37.6079
2230,-12.8162,-7.40775,37.66
2231,-12.2393,-6.13691,37.5059
2232,-11.6011,-4.96607,37.1713
2233,-10.9178,-3.91464,36.6858
2234,-10.2058,-2.99341,36.0796
2235,-9.48027,-2.20549,35.3819
2236,-8.75516,-1.54773,34.6189
2237,-8.04245,-1.01233,33.8134
2238,-7.3521,-0.588409,32.9839
2239,-6.692,-0.263356,32.145
2240,-6.06802,-0.0239541,31.3079
2241,-5.48426,0.142806,30.4804
2242,-4.9432,0.249161,29.6681
2243,-4.44597,0.30623,28.8744
2244,-3.99261,0.323834,28.1013
2245,-3.58228,0.310446,27.3499
2246,-3.21347,0.273225,26.6204
2247,-2.88421,0.218098,25.9125
2248,-2.5922,0.149877,25.2256
2249,-2.33495,0.0723893,24.5591
2250,-2.10987,-0.0113968,23.9121
2251,-1.9144,-0.0992433,23.284
2252,-1.74602,-0.18953,22.6739
2253,-1.60233,-0.281149,22.0811
2254,-1.48106,-0.373421,21.505
2255,-1.38013,-0.466008,20.9451
2256,-1.29763,-0.558858,20.4007
2257,-1.23184,-0.652144,19.8714
2258,-1.18121,-0.746222,19.3568
2259,-1.14442,-0.841598,18.8565
2260,-1.12029,-0.938895,18.3703
2261,-1.10784,-1.03884,17.8977
2262,-1.10624,-1.14223,17.4387
2263,-1.11484,-1.24997,16.9929
2264,-1.13312,-1.36299,16.5602
2265,-1.16072,-1.48231,16.1405
2266,-1.19739,-1.60902,15.7338
2267,-1.24303,-1.74427,15.3399
2268,-1.29766,-1.8893,14.959
2269,-1.36142,-2.04539,14.5912
2270,-1.43456,-2.21397,14.2366
2271,-1.51744,-2.39652,13.8955
2272,-1.61055,-2.59465,13.5684
2273,-1.71448,-2.81008,13.2557
2274,-1.82993,-3.04466,12.958
2275,-1.95772,-3.30039,12.6763
2276,-2.09879,-3.57938,12.4116
2277,-2.25421,-3.88392,12.1651
2278,-2.42515,-4.21644,11.9384
2279,-2.61292,-4.57951,11.7336
2280,-2.81897,-4.97583,11.5528
2281,-3.04484,-5.40823,11.399
2282,-3.29223,-5.87958,11.2755
2283,-3.56293,-6.39282,11.1862
2284,-3.85885,-6.95078,11.1361
2285,-4.18199,-7.55616,11.1308
2286,-4.53437,-8.21131,11.1769
2287,-4.91805,-8.91808,11.2821
2288,-5.33503,-9.67753,11.4556
2289,-5.78714,-10.4896,11.7074
2290,-6.27599,-11.3526,12.0494
2291,-6.80278,-12.263,12.4943
2292,-7.36813,-13.2144,13.0563
2293,-7.9718,-14.197,13.7503
2294,-8.61251,-15.197,14.5915
2295,-9.28751,-16.1955,15.5945
2296,-9.99227,-17.1683,16.7719
2297,-10.7201,-18.0849,18.1333
2298,-11.4617,-18.9089,19.6824
2299,-12.205,-19.5987,21.4152
2300,-12.9349,-20.1087,23.3176
2301,-13.6333,-20.3925,25.3625
2302,-14.2795,-20.4064,27.5092
2303,-14.8509,-20.1144,29.7025
2304,-15.3244,-19.4935,31.8751
2305,-15.6776,-18.5386,33.9508
2306,-15.8907,-17.266,35.8513
2307,-15.9485,-15.7146,37.5033
2308,-15.842,-13.9431,38.8463
2309,-15.5694,-12.0256,39.8393
2310,-15.1365,-10.0436,40.4643
2311,-14.5563,-8.07731,40.7274
2312,-13.8479,-6.19855,40.6557
2313,-13.0348,-4.46453,40.2922
2314,-12.1427,-2.91501,39.689
2315,-11.1979,-1.57203,38.9017
2316,-10.2255,-0.44174,37.9832
2317,-9.24819,0.482422,36.9807
2318,-8.28528,1.21607,35.9333
2319,-7.35256,1.78035,34.8716
2320,-6.46214,2.19903,33.8179
2321,-5.62267,2.49622,32.7878
2322,-4.83975,2.69486,31.791
2323,-4.11635,2.81582,30.8326
2324,-3.45328,2.87741,29.915
2325,-2.84968,2.89532,29.0382
2326,-2.30339,2.88264,28.2007
2327,-1.81132,2.85014,27.4006
2328,-1.36978,2.8065,26.6353
2329,-0.974659,2.75866,25.9023
2330,-0.621671,2.71203,25.1993
2331,-0.306478,2.67082,24.5239
2332,-0.0248072,2.63823,23.8743
2333,0.227477,2.6167,23.2488
2334,0.454314,2.60803,22.6459
2335,0.659418,2.61358,22.0643
2336,0.84626,2.63433,21.5033
2337,1.01807,2.67107,20.9619
2338,1.17782,2.7244,20.4395
2339,1.32826,2.79485,19.9358
2340,1.47194,2.8829,19.4505
2341,1.6112,2.98905,18.9833
2342,1.74821,3.11387,18.5344
2343,1.88498,3.25796,18.1037
2344,2.02341,3.42205,17.6918
2345,2.16529,3.60697,17.2988
2346,2.3123,3.81367,16.9256
2347,2.4661,4.04323,16.5728
2348,2.62825,4.29684,16.2415
2349,2.80033,4.57584,15.9329
2350,2.98387,4.88166,15.6486
2351,3.1804,5.21583,15.3903
2352,3.39147,5.57996,15.1603
2353,3.61861,5.97568,14.9612
2354,3.8634,6.40463,14.796
2355,4.12738,6.86833,14.6682
2356,4.4121,7.36819,14.5821
2357,4.71909,7.9053,14.5424
2358,5.04982,8.48039,14.5546
2359,5.40564,9.09356,14.6248
2360,5.78777,9.74416,14.7602
2361,6.1972,10.4305,14.9683
2362,6.63459,11.1495,15.2576
2363,7.10017,11.8964,15.6371
2364,7.59362,12.6645,16.1161
2365,8.11385,13.4444,16.704
2366,8.6589,14.2241,17.4098
2367,9.22566,14.9883,18.2411
2368,9.80971,15.7182,19.2039
2369,10.4051,16.3917,20.3011
2370,11.0042,16.9836,21.5311
2371,11.5975,17.4662,22.8872
2372,12.1739,17.8105,24.356
2373,12.7203,17.988,25.9163
2374,13.2225,17.9729,27.539
2375,13.6652,17.7448,29.187
2376,14.0333,17.2911,30.8166
2377,14.3122,16.6097,32.38
2378,14.489,15.7106,33.8279
2379,14.5537,14.6162,35.1137
2380,14.5,13.3607,36.1977
2381,14.3259,11.9873,37.0498
2382,14.0339,10.5449,37.6527
2383,13.6312,9.08373,38.0022
2384,13.1288,7.65141,38.1072
2385,12.5409,6.28927,37.9869
2386,11.8842,5.03002,37.6688
2387,11.176,3.89655,37.1845
2388,10.4341,2.902,36.5676
2389,9.67497,2.05076,35.8502
2390,8.91396,1.34002,35.0615
2391,8.16422,0.761592,34.2268
2392,7.43672,0.303693,33.3666
2393,6.74014,-0.0474729,32.4971
2394,6.08102,-0.306442,31.6304
2395,5.46384,-0.487546,30.7752
2396,4.89139,-0.604265,29.9373
2397,4.36492,-0.668832,29.1204
2398,3.88448,-0.692043,28.3263
2399,3.44917,-0.683194,27.556
2400,3.05736,-0.650131,26.8094
2401,2.70689,-0.599343,26.0862
2402,2.39524,-0.536102,25.3854
2403,2.11969,-0.464607,24.7063
2404,1.87743,-0.388129,24.0477
2405,1.66565,-0.309154,23.4088
2406,1.48157,-0.229514,22.7887
2407,1.32257,-0.150495,22.1864
2408,1.18616,-0.0729433,21.6012
2409,1.07001,0.00265185,21.0324
2410,0.972009,0.0760842,20.4793
2411,0.890216,0.147371,19.9414
2412,0.822893,0.216702,19.4182
2413,0.768493,0.284401,18.9092
2414,0.72565,0.350893,18.414
2415,0.693174,0.416683,17.9321
2416,0.670037,0.482331,17.4632
2417,0.655366,0.548445,17.0071
2418,0.648432,0.61567,16.5633
2419,0.648636,0.68468,16.1316
2420,0.655502,0.756181,15.7117
2421,0.668669,0.830905,15.3035
2422,0.687881,0.909618,14.9066
2423,0.71298,0.99312,14.5209
2424,0.743903,1.08225,14.1463
2425,0.780672,1.1779,13.7825
2426,0.823398,1.281,13.4296
2427,0.87227,1.39257,13.0873
2428,0.927561,1.51368,12.7559
2429,0.989624,1.64549,12.4351
2430,1.05889,1.78927,12.1253
2431,1.13589,1.94638,11.8264
2432,1.22121,2.11829,11.5388
2433,1.31555,2.30662,11.2629
2434,1.4197,2.51314,10.999
2435,1.53455,2.73975,10.7479
2436,1.66109,2.98855,10.5102
2437,1.80043,3.26181,10.287
2438,1.9538,3.56199,10.0794
2439,2.12254,3.89175,9.88915
2440,2.30816,4.25396,9.71792
2441,2.51227,4.65169,9.56807
2442,2.73666,5.08816,9.44237
2443,2.98324,5.56679,9.34421
2444,3.25408,6.0911,9.27765
2445,3.5514,6.66464,9.2476
2446,3.87753,7.29089,9.25995
2447,4.2349,7.97316,9.32169
2448,4.62602,8.71431,9.4411
2449,5.05339,9.51653,9.62792
2450,5.51943,10.381,9.89349
2451,6.02639,11.3072,10.2509
2452,6.57615,12.2928,10.7148
2453,7.17006,13.3324,11.302
2454,7.80864,14.417,12.0301
2455,8.4913,15.5327,12.9183
2456,9.21591,16.66,13.9852
2457,9.97838,17.7727,15.2486
2458,10.7721,18.8367,16.7228
2459,11.5876,19.8102,18.4166
2460,12.4117,20.6438,20.3298
2461,13.2277,21.2821,22.4504
2462,14.0151,21.6669,24.7507
2463,14.7495,21.7417,27.1853
2464,15.4042,21.4584,29.6899
2465,15.9509,20.7843,32.1832
2466,16.362,19.7092,34.5714
2467,16.6128,18.2505,36.7565
2468,16.6842,16.4553,38.6462
2469,16.5646,14.3975,40.1647
2470,16.2516,12.1709,41.2621
2471,15.7525,9.87824,41.9189
2472,15.0836,7.62014,42.1475
2473,14.2688,5.48416,41.9867
2474,13.337,3.53764,41.495
2475,12.3196,1.82441,40.7409
2476,11.2482,0.365267,39.7945
2477,10.1524,-0.838718,38.721
2478,9.05802,-1.80141,37.5758
2479,7.98695,-2.54651,36.4034
2480,6.95627,-3.10298,35.2367
2481,5.9786,-3.50146,34.0985
2482,5.06247,-3.77175,33.003
2483,4.21289,-3.94119,31.9581
2484,3.43192,-4.03389,30.9669
2485,2.71931,-4.07044,30.0293
2486,2.07305,-4.06802,29.1431
2487,1.48982,-4.04067,28.3051
2488,0.965442,-3.99964,27.5118
2489,0.495159,-3.95387,26.7594
2490,0.073927,-3.91031,26.0444
2491,-0.303404,-3.87433,25.3636
2492,-0.641939,-3.85,24.7143
2493,-0.946634,-3.84039,24.0942
2494,-1.22223,-3.84779,23.5014
2495,-1.47319,-3.87388,22.9344
2496,-1.70371,-3.91992,22.3921
2497,-1.91768,-3.98684,21.8735
2498,-2.11869,-4.07537,21.3783
2499,-2.31007,-4.18611,20.906
2500,-2.49487,-4.31957,20.4567
2501,-2.67591,-4.47628,20.0306
2502,-2.85578,-4.65673,19.6282
2503,-3.03687,-4.8615,19.25
2504,-3.22142,-5.09116,18.8971
2505,-3.41149,-5.34638,18.5706
2506,-3.60902,-5.62783,18.272
2507,-3.81584,-5.93623,18.003
2508,-4.03365,-6.27228,17.7656
2509,-4.26409,-6.63663,17.5623
2510,-4.50865,-7.02985,17.3959
2511,-4.76878,-7.45234,17.2696
2512,-5.04578,-7.90423,17.1869
2513,-5.34084,-8.38532,17.1521
2514,-5.65499,-8.89494,17.1694
2515,-5.98908,-9.43181,17.2441
2516,-6.34369,-9.99383,17.3814
2517,-6.71915,-10.578,17.587
2518,-7.11536,-11.18,17.8669
2519,-7.5318,-11.7942,18.2271
2520,-7.96738,-12.4135,18.6733
2521,-8.42032,-13.0288,19.2109
2522,-8.88809,-13.6291,19.8441
2523,-9.36722,-14.2014,20.5759
2524,-9.85326,-14.7306,21.4071
2525,-10.3407,-15.2001,22.336
2526,-10.8227,-15.5919,23.3571
2527,-11.2917,-15.887,24.4614
2528,-11.7387,-16.0673,25.635
2529,-12.1541,-16.1157,26.8594
2530,-12.5275,-16.0182,28.1114
2531,-12.8487,-15.765,29.3637
2532,-13.1075,-15.3521,30.586
2533,-13.2948,-14.7821,31.7463
2534,-13.4027,-14.0649,32.8131
2535,-13.4257,-13.2175,33.7574
2536,-13.3605,-12.2633,34.5546
2537,-13.2066,-11.2308,35.1864
2538,-12.9666,-10.1513,35.6421
2539,-12.6457,-9.05654,35.9183
2540,-12.2517,-7.97718,36.0195
2541,-11.7944,-6.94025,35.9565
2542,-11.2848,-5.9681,35.7449
2543,-10.7351,-5.07755,35.4038
2544,-10.1574,-4.27972,34.9539
2545,-9.5634,-3.58039,34.4158
2546,-8.96425,-2.98065,33.8095
2547,-8.36976,-2.4778,33.1526
2548,-7.78847,-2.06636,32.4609
2549,-7.22746,-1.73891,31.7472
2550,-6.69241,-1.48699,31.0222
2551,-6.18759,-1.30168,30.2941
2552,-5.71604,-1.17417,29.5694
2553,-5.27969,-1.0961,28.8526
2554,-4.87951,-1.05979,28.1472
2555,-4.51569,-1.0584,27.4555
2556,-4.18781,-1.08596,26.7789
2557,-3.89495,-1.13741,26.1185
2558,-3.63584,-1.20851,25.4747
2559,-3.40895,-1.29585,24.8478
2560,-3.21265,-1.39672,24.2378
2561,-3.04519,-1.50906,23.6448
2562,-2.90485,-1.63138,23.0686
2563,-2.78995,-1.76267,22.5092
2564,-2.69888,-1.90238,21.9665
2565,-2.63017,-2.05029,21.4403
2566,-2.58248,-2.20652,20.9308
2567,-2.55461,-2.37145,20.438
2568,-2.54553,-2.54569,19.962
2569,-2.55438,-2.73005,19.5031
2570,-2.58046,-2.92553,19.0615
2571,-2.62325,-3.13325,18.6376
2572,-2.68237,-3.3545,18.232
2573,-2.75763,-3.59067,17.8454
2574,-2.84899,-3.84326,17.4786
2575,-2.95655,-4.11386,17.1326
2576,-3.08056,-4.40415,16.8086
2577,-3.22142,-4.71588,16.508
2578,-3.37965,-5.05085,16.2326
2579,-3.55589,-5.41087,15.9844
2580,-3.75091,-5.79775,15.7658
2581,-3.96556,-6.21328,15.5795
2582,-4.20078,-6.65911,15.4288
2583,-4.45757,-7.13673,15.3174
2584,-4.73696,-7.6474,15.2497
2585,-5.04,-8.19195,15.2304
2586,-5.36767,-8.77075,15.2651
2587,-5.72089,-9.38343,15.36
2588,-6.10039,-10.0287,15.5219
2589,-6.50667,-10.7043,15.7583
2590,-6.93989,-11.4061,16.0772
2591,-7.39973,-12.1288,16.4868
2592,-7.88529,-12.8645,16.9956
2593,-8.39488,-13.6031,17.6118
2594,-8.9259,-14.3318,18.3425
2595,-9.47462,-15.0348,19.1936
2596,-10.036,-15.6931,20.1685
2597,-10.6036,-16.2852,21.2672
2598,-11.1694,-16.7869,22.4856
2599,-11.7236,-17.1726,23.8137
2600,-12.2552,-17.4165,25.2355
2601,-12.7515,-17.4942,26.7278
2602,-13.1991,-17.385,28.2604
2603,-13.584,-17.0741,29.7967
2604,-13.8927,-16.5547,31.2955
2605,-14.1126,-15.8302,32.7126
2606,-14.2331,-14.9145,34.0048
2607,-14.2468,-13.8325,35.1324
2608,-14.1496,-12.6183,36.0631
2609,-13.9412,-11.3128,36.7742
2610,-13.6259,-9.96064,37.2543
2611,-13.2114,-8.6061,37.5037
2612,-12.7091,-7.29013,37.5333
2613,-12.1326,-6.04745,37.3626
2614,-11.4973,-4.90484,37.0173
2615,-10.8194,-3.88049,36.5261
2616,-10.1147,-2.98425,35.9187
2617,-9.39811,-2.21864,35.2232
2618,-8.68303,-1.58021,34.465
2619,-7.98109,-1.06112,33.6661
2620,-7.3019,-0.650634,32.8442
2621,-6.65304,-0.336409,32.0135
2622,-6.04015,-0.105569,31.1846
2623,-5.46715,0.0545264,30.3652
2624,-4.93637,0.155749,29.5606
2625,-4.44888,0.208871,28.7741
2626,-4.00466,0.223404,28.0078
2627,-3.60286,0.207548,27.2627
2628,-3.24199,0.168226,26.5389
2629,-2.92011,0.111166,25.8362
2630,-2.63495,0.0410148,25.1543
2631,-2.38409,-0.0385398,24.4923
2632,-2.165,-0.124643,23.8496
2633,-1.97519,-0.215152,23.2255
2634,-1.8122,-0.308528,22.6192
2635,-1.6737,-0.403732,22.0301
2636,-1.5575,-0.500144,21.4576
2637,-1.46158,-0.597483,20.9011
2638,-1.3841,-0.695747,20.3601
2639,-1.32339,-0.795162,19.8343
2640,-1.27799,-0.896134,19.3232
2641,-1.24662,-0.999224,18.8266
2642,-1.22818,-1.10511,18.344
2643,-1.22173,-1.21458,17.8753
2644,-1.22652,-1.32852,17.4203
2645,-1.24196,-1.44787,16.9787
2646,-1.26758,-1.57368,16.5507
2647,-1.3031,-1.70704,16.1359
2648,-1.34834,-1.84914,15.7346
2649,-1.40327,-2.00125,15.3467
2650,-1.46799,-2.1647,14.9723
2651,-1.5427,-2.34094,14.6118
2652,-1.62776,-2.53149,14.2654
2653,-1.72362,-2.73801,13.9335
2654,-1.83085,-2.96225,13.6169
2655,-1.95015,-3.20608,13.316
2656,-2.08233,-3.47154,13.0321
2657,-2.22832,-3.76076,12.766
2658,-2.38919,-4.07603,12.5193
2659,-2.56611,-4.41979,12.2937
2660,-2.76038,-4.79459,12.0912
2661,-2.97345,-5.20309,11.9145
2662,-3.20685,-5.64804,11.7663
2663,-3.46226,-6.13224,11.6505
2664,-3.74145,-6.65843,11.5711
2665,-4.04629,-7.22927,11.5334
2666,-4.3787,-7.84716,11.5432
2667,-4.74063,-8.51409,11.6075
2668,-5.13402,-9.23142,11.7343
2669,-5.5607,-9.9996,11.9328
2670,-6.02231,-10.8178,12.2137
2671,-6.52017,-11.6835,12.5885
2672,-7.05515,-12.5918,13.0703
2673,-7.62743,-13.5351,13.6729
2674,-8.23627,-14.5023,14.4107
2675,-8.87976,-15.4777,15.2979
2676,-9.55441,-16.4408,16.3476
2677,-10.2549,-17.3659,17.5707
2678,-10.9737,-18.2211,18.9735
2679,-11.7006,-18.9693,20.5566
2680,-12.4226,-19.5691,22.3119
2681,-13.1241,-19.9763,24.2204
2682,-13.7865,-20.1476,26.2508
2683,-14.3891,-20.0439,28.3584
2684,-14.91,-19.6358,30.4855
2685,-15.3271,-18.9078,32.5639
2686,-15.6197,-17.863,34.5197
2687,-15.7706,-16.5253,36.2794
2688,-15.7675,-14.9392,37.7771
2689,-15.6041,-13.1664,38.9615
2690,-15.2815,-11.2807,39.8013
2691,-14.8078,-9.35985,40.2873
2692,-14.1978,-7.47802,40.4322
2693,-13.4712,-5.6992,40.2672
2694,-12.6516,-4.07263,39.8364
2695,-11.7639,-2.63081,39.1907
2696,-10.8331,-1.38997,38.3823
2697,-9.8827,-0.352204,37.4602
2698,-8.93347,0.491362,36.467
2699,-8.00304,1.15718,35.4378
2700,-7.10555,1.66614,34.3995
2701,-6.25171,2.04098,33.3718
2702,-5.44902,2.30439,32.368
2703,-4.70216,2.47772,31.3964
2704,-4.01346,2.58028,30.4615
2705,-3.38326,2.6289,29.5649
2706,-2.81043,2.63797,28.7065
2707,-2.29266,2.61948,27.885
2708,-1.82685,2.58325,27.0985
2709,-1.40935,2.53723,26.3446
2710,-1.03618,2.48771,25.6212
2711,-0.703189,2.43962,24.9259
2712,-0.406238,2.39679,24.2568
2713,-0.141247,2.36211,23.6122
2714,0.0957121,2.33778,22.9904
2715,0.308374,2.32541,22.3901
2716,0.50025,2.32621,21.8102
2717,0.674617,2.34107,21.2499
2718,0.834513,2.37066,20.7083
2719,0.982743,2.41552,20.1848
2720,1.12189,2.4761,19.6791
2721,1.25435,2.55285,19.1908
2722,1.3823,2.6462,18.7196
2723,1.50778,2.75667,18.2655
2724,1.63268,2.88483,17.8286
2725,1.75878,3.03135,17.4089
2726,1.88774,3.19703,17.0069
2727,2.02116,3.38278,16.6228
2728,2.16057,3.58965,16.2573
2729,2.30747,3.81882,15.9111
2730,2.46333,4.07163,15.5853
2731,2.62962,4.34953,15.2809
2732,2.8078,4.65412,14.9996
2733,2.99938,4.98709,14.743
2734,3.20585,5.35024,14.5132
2735,3.42877,5.74544,14.3129
2736,3.66972,6.17456,14.145
2737,3.93028,6.63943,14.0129
2738,4.21209,7.14177,13.921
2739,4.51675,7.68309,13.8738
2740,4.84588,8.26451,13.8771
2741,5.20097,8.88666,13.9369
2742,5.58345,9.54942,14.0607
2743,5.99453,10.2517,14.2562
2744,6.43514,10.9911,14.5325
2745,6.90582,11.7635,14.8991
2746,7.40657,12.5628,15.3661
2747,7.9367,13.3804,15.944
2748,8.49461,14.2045,16.643
2749,9.07757,15.0201,17.4725
2750,9.68151,15.8085,18.4402
2751,10.3008,16.5468,19.5511
2752,10.9279,17.2087,20.8058
2753,11.5535,17.7647,22.1999
2754,12.166,18.1829,23.7215
2755,12.7521,18.4316,25.3509
2756,13.2966,18.4806,27.0591
2757,13.7833,18.3049,28.8082
2758,14.1953,17.8877,30.5522
2759,14.5165,17.2227,32.2392
2760,14.7321,16.3172,33.8149
2761,14.8301,15.1925,35.2267
2762,14.8026,13.8836,36.4284
2763,14.646,12.4365,37.3843
2764,14.3621,10.9046,38.0726
2765,13.9576,9.34372,38.4863
2766,13.4438,7.80747,38.6332
2767,12.8359,6.3428,38.5337
2768,12.1514,4.98714,38.2174
2769,11.4095,3.76685,37.7197
2770,10.6292,2.69719,37.0776
2771,9.82893,1.78338,36.3271
2772,9.0253,1.02241,35.5009
2773,8.23278,0.405119,34.6268
2774,7.46335,-0.0817145,33.7275
2775,6.72651,-0.453547,32.8209
2776,6.02931,-0.726615,31.9197
2777,5.3766,-0.916862,31.0333
2778,4.77129,-1.03921,30.1676
2779,4.21468,-1.10715,29.3261
2780,3.70672,-1.13251,28.5105
2781,3.24633,-1.12545,27.7215
2782,2.83164,-1.09451,26.9588
2783,2.46022,-1.04671,26.2214
2784,2.12927,-0.987756,25.5084
2785,1.83578,-0.922184,24.8185
2786,1.57664,-0.853533,24.1505
2787,1.34872,-0.784505,23.5032
2788,1.149,-0.717113,22.8755
2789,0.974555,-0.652803,22.2664
2790,0.822641,-0.592569,21.6749
2791,0.690691,-0.537048,21.1004
2792,0.576338,-0.486599,20.5419
2793,0.477416,-0.441369,19.999
2794,0.391959,-0.401352,19.4709
2795,0.318195,-0.366428,18.9572
2796,0.254536,-0.336402,18.4574
2797,0.199564,-0.311036,17.971
2798,0.152022,-0.290063,17.4975
2799,0.110799,-0.273213,17.0367
2800,0.0749141,-0.260218,16.5882
2801,0.043504,-0.250831,16.1515
2802,0.0158111,-0.244822,15.7265
2803,-0.0088298,-0.241992,15.3126
2804,-0.0310034,-0.242172,14.9097
2805,-0.051224,-0.245226,14.5175
2806,-0.0699457,-0.251052,14.1356
2807,-0.0875716,-0.259584,13.7638
2808,-0.104462,-0.270789,13.4019
2809,-0.12094,-0.284674,13.0496
2810,-0.137303,-0.301278,12.7065
2811,-0.153823,-0.320677,12.3726
2812,-0.170756,-0.342985,12.0476
2813,-0.188348,-0.368354,11.7312
2814,-0.206836,-0.396972,11.4232
2815,-0.226454,-0.429071,11.1235
2816,-0.247439,-0.464924,10.8319
2817,-0.270033,-0.504848,10.5481
2818,-0.294488,-0.549209,10.272
2819,-0.321068,-0.598426,10.0034
2820,-0.350056,-0.652971,9.74226
2821,-0.381756,-0.71338,9.48836
2822,-0.416495,-0.780254,9.24162
2823,-0.454632,-0.854268,9.00195
2824,-0.496559,-0.936177,8.76927
2825,-0.542706,-1.02683,8.54354
2826,-0.593549,-1.12715,8.32476
2827,-0.649611,-1.23822,8.11295
2828,-0.711473,-1.36118,7.90819
2829,-0.779777,-1.49735,7.7106
2830,-0.855236,-1.64816,7.52039
2831,-0.93864,-1.81525,7.33781
2832,-1.03086,-2.00037,7.16326
2833,-1.13288,-2.20553,6.9972
2834,-1.24577,-2.4329,6.84028
2835,-1.37073,-2.68492,6.6933
2836,-1.50907,-2.96425,6.55729
2837,-1.66228,-3.27383,6.43352
2838,-1.83195,-3.61689,6.3236
2839,-2.01989,-3.99692,6.22952
2840,-2.22804,-4.41774,6.15374
2841,-2.45858,-4.88347,6.0993
2842,-2.71384,-5.39847,6.06995
2843,-2.99639,-5.96736,6.07027
2844,-3.30899,-6.59493,6.10587
2845,-3.6546,-7.28602,6.18358
2846,-4.03634,-8.04535,6.31165
2847,-4.45751,-8.87732,6.50006
2848,-4.92143,-9.7856,6.76072
2849,-5.43143,-10.7728,7.10778
2850,-5.9907,-11.8395,7.55783
2851,-6.60206,-12.9841,8.13009
2852,-7.26771,-14.2009,8.84636
2853,-7.98892,-15.4797,9.73087
2854,-8.76553,-16.8035,10.8096
2855,-9.59542,-18.1474,12.109
2856,-10.4738,-19.4768,13.6543
2857,-11.3927,-20.7457,15.4667
2858,-12.3396,-21.8964,17.559
2859,-13.2974,-22.8598,19.9314
2860,-14.2436,-23.5581,22.5658
2861,-15.1501,-23.9096,25.4207
2862,-15.9838,-23.8374,28.427
2863,-16.7082,-23.2794,31.4881
2864,-17.2855,-22.2002,34.4833
2865,-17.6798,-20.6019,37.2777
2866,-17.8612,-18.5304,39.7367
2867,-17.8087,-16.0751,41.7435
2868,-17.5138,-13.3597,43.2152
2869,-16.9819,-10.5275,44.1137
2870,-16.2312,-7.72253,44.449
2871,-15.2916,-5.07129,44.2735
2872,-14.2006,-2.67067,43.6699
2873,-12.9997,-0.581785,42.7368
2874,-11.7306,1.16902,41.5743
2875,-10.432,2.58454,40.2733
2876,-9.13758,3.68866,38.9094
2877,-7.87486,4.5181,37.5403
2878,-6.66495,5.11543,36.2065
2879,-5.52281,5.52381,34.9338
2880,-4.45799,5.78362,33.7363
2881,-3.47549,5.93065,32.6196
2882,-2.5767,5.99537,31.5836
2883,-1.76023,6.00297,30.6246
2884,-1.02266,5.97373,29.7369
2885,-0.35917,5.92373,28.9143
2886,0.235932,5.86546,28.1502
2887,0.768853,5.80848,27.4387
2888,1.246,5.75999,26.7744
2889,1.67376,5.72533,26.1529
2890,2.05834,5.7084,25.5701
2891,2.40569,5.71196,25.0232
2892,2.7214,5.73791,24.5097
2893,3.01066,5.7875,24.0278
2894,3.2783,5.86153,23.5764
2895,3.52871,5.9604,23.1546
2896,3.76591,6.0843,22.7621
2897,3.99354,6.2332,22.3989
2898,4.21488,6.40693,22.0655
2899,4.43288,6.60522,21.7625
2900,4.65017,6.82769,21.4908
2901,4.86911,7.07386,21.2517
2902,5.09177,7.34315,21.0468
2903,5.31995,7.63481,20.8777
2904,5.55522,7.94793,20.7463
2905,5.79889,8.28134,20.655
2906,6.05202,8.63362,20.606
2907,6.31543,9.00298,20.6019
2908,6.58967,9.38719,20.6453
2909,6.87497,9.78354,20.7389
2910,7.17131,10.1887,20.8853
2911,7.47826,10.5988,21.0871
2912,7.79508,11.009,21.3466
2913,8.12058,11.4139,21.6655
2914,8.45313,11.8073,22.0451
2915,8.79062,12.182,22.4859
2916,9.13045,12.5304,22.9872
2917,9.46947,12.8439,23.5472
2918,9.80403,13.1138,24.1625
2919,10.13,13.3311,24.8279
2920,10.4427,13.487,25.5365
2921,10.7371,13.5733,26.2795
2922,11.0081,13.5829,27.0458
2923,11.2503,13.5102,27.823
2924,11.4584,13.3517,28.5969
2925,11.6274,13.1065,29.3524
2926,11.7528,12.7761,30.0741
2927,11.8309,12.3655,30.7466
2928,11.8589,11.8819,31.3556
2929,11.8352,11.3357,31.8886
2930,11.7591,10.7392,32.3351
2931,11.6317,10.1062,32.6877
2932,11.4549,9.45153,32.9418
2933,11.2323,8.78989,33.0962
2934,10.9681,8.13543,33.1523
2935,10.6676,7.50097,33.1145
2936,10.3368,6.89759,32.989
2937,9.98193,6.33425,32.7839
2938,9.60943,5.81774,32.5082
2939,9.22569,5.35265,32.1714
2940,8.8368,4.94154,31.7832
2941,8.44844,4.58519,31.3527
2942,8.06576,4.28289,30.8886
2943,7.69327,4.03278,30.3987
2944,7.33484,3.83215,29.89
2945,6.99369,3.67773,29.3686
2946,6.67241,3.56595,28.8397
2947,6.37297,3.49313,28.3077
2948,6.09684,3.45569,27.7763
2949,5.845,3.4502,27.2486
2950,5.61801,3.47354,26.7271
2951,5.41613,3.52288,26.2141
2952,5.23931,3.59578,25.7112
2953,5.08731,3.69016,25.2201
2954,4.95973,3.80431,24.742
2955,4.85605,3.93685,24.2783
2956,4.77569,4.08673,23.8299
2957,4.71805,4.25321,23.398
2958,4.68252,4.4358,22.9837
2959,4.66852,4.63422,22.588
2960,4.67549,4.84844,22.2121
2961,4.70295,5.07854,21.8572
2962,4.75048,5.32475,21.5245
2963,4.8177,5.58739,21.2156
2964,4.90433,5.86684,20.9319
2965,5.01013,6.16347,20.6753
2966,5.13495,6.47764,20.4475
2967,5.27864,6.80962,20.2507
2968,5.44112,7.15958,20.0872
2969,5.6223,7.52748,19.9594
2970,5.82212,7.91302,19.87
2971,6.04044,8.31562,19.8221
2972,6.27708,8.73427,19.8185
2973,6.53176,9.16747,19.8627
2974,6.80405,9.61314,19.9579
2975,7.09334,10.0685,20.1076
2976,7.39876,10.5301,20.315
2977,7.71917,10.9935,20.5833
2978,8.05306,11.4533,20.9153
2979,8.39851,11.9032,21.3131
2980,8.75312,12.3358,21.7783
2981,9.11399,12.7428,22.3111
2982,9.47762,13.1147,22.9105
2983,9.83995,13.4418,23.5739
2984,10.1963,13.7134,24.2967
2985,10.5415,13.9192,25.0719
2986,10.8699,14.0491,25.8906
2987,11.1753,14.094,26.7411
2988,11.4515,14.0465,27.6096
2989,11.6922,13.9012,28.4801
2990,11.8914,13.6559,29.3354
2991,12.0434,13.3114,30.1572
2992,12.1435,12.8722,30.9273
2993,12.1881,12.3463,31.6285
2994,12.1746,11.7451,32.2452
2995,12.1021,11.0828,32.7648
2996,11.9712,10.3758,33.1777
2997,11.784,9.64158,33.4783
2998,11.5442,8.89773,33.6646
2999,11.2566,8.16122,33.7383
3000,10.9272,7.44742,33.7047
3001,10.563,6.76952,33.5713
3002,10.171,6.13812,33.3478
3003,9.75888,5.56106,33.0451
3004,9.33388,5.04349,32.6746
3005,8.90307,4.58804,32.2477
3006,8.47294,4.19521,31.7752
3007,8.04935,3.86372,31.2671
3008,7.63739,3.59091,30.7324
3009,7.24136,3.3732,30.179
3010,6.8648,3.20641,29.6135
3011,6.51049,3.08604,29.0415
3012,6.1805,3.00757,28.4678
3013,5.87629,2.96664,27.8962
3014,5.59879,2.95914,27.3296
3015,5.34845,2.98135,26.7707
3016,5.12534,3.02999,26.2214
3017,4.92926,3.1022,25.6833
3018,4.75975,3.19562,25.1578
3019,4.61621,3.30828,24.6461
3020,4.49791,3.43865,24.1491
3021,4.40409,3.5856,23.6678
3022,4.33395,3.74832,23.2029
3023,4.28671,3.92632,22.7555
3024,4.26164,4.1194,22.3262
3025,4.25805,4.32757,21.9162
3026,4.27536,4.55106,21.5263
3027,4.31304,4.79025,21.1576
3028,4.37068,5.04567,20.8115
3029,4.44794,5.31793,20.4892
3030,4.54461,5.60769,20.1924
3031,4.66053,5.91566,19.9226
3032,4.79563,6.24249,19.6819
3033,4.94991,6.5888,19.4724
3034,5.12343,6.95507,19.2965
3035,5.31627,7.3416,19.1569
3036,5.52853,7.74846,19.0564
3037,5.76028,8.17538,18.9984
3038,6.01154,8.62169,18.9862
3039,6.28226,9.08619,19.0237
3040,6.57223,9.56708,19.1146
3041,6.88106,10.0618,19.2631
3042,7.20812,10.5669,19.4733
3043,7.55245,11.078,19.7492
3044,7.91272,11.5896,20.0945
3045,8.28714,12.0949,20.5126
3046,8.67339,12.5858,21.0058
3047,9.06854,13.0531,21.5758
3048,9.46899,13.4862,22.2223
3049,9.87042,13.8735,22.9436
3050,10.2678,14.2027,23.7356
3051,10.6554,14.4609,24.5916
3052,11.0267,14.6357,25.5021
3053,11.3748,14.7154,26.4545
3054,11.6923,14.6901,27.4332
3055,11.9718,14.5522,28.4201
3056,12.206,14.2977,29.3947
3057,12.388,13.9264,30.3354
3058,12.5119,13.4428,31.22
3059,12.5728,12.8555,32.0274
3060,12.5676,12.178,32.7386
3061,12.4947,11.4271,33.3377
3062,12.3545,10.6225,33.813
3063,12.1494,9.78556,34.1575
3064,11.8834,8.93774,34.3691
3065,11.5624,8.09967,34.4503
3066,11.1934,7.28989,34.4076
3067,10.7845,6.52411,34.2509
3068,10.3443,5.81468,33.9924
3069,9.88153,5.17044,33.6456
3070,9.40489,4.5968,33.2245
3071,8.92254,4.0961,32.7427
3072,8.44197,3.66806,32.2132
3073,7.96982,3.3103,31.6477
3074,7.51181,3.01892,31.0562
3075,7.07266,2.78901,30.4475
3076,6.65618,2.61504,29.829
3077,6.26526,2.49131,29.2066
3078,5.90196,2.41218,28.5849
3079,5.56764,2.3723,27.9679
3080,5.26304,2.36676,27.3583
3081,4.98838,2.39114,26.7585
3082,4.74347,2.44161,26.1703
3083,4.5278,2.5149,25.5948
3084,4.34061,2.6083,25.0332
3085,4.18101,2.71964,24.4864
3086,4.04799,2.84723,23.9549
3087,3.94051,2.98984,23.4395
3088,3.85752,3.14664,22.9406
3089,3.79801,3.31714,22.459
3090,3.76104,3.50119,21.995
3091,3.74577,3.69889,21.5495
3092,3.75144,3.9106,21.1231
3093,3.77741,4.13686,20.7166
3094,3.82318,4.37837,20.3311
3095,3.88834,4.63599,19.9675
3096,3.97264,4.91065,19.6271
3097,4.07591,5.20337,19.3114
3098,4.19813,5.51522,19.0219
3099,4.33937,5.84724,18.7606
3100,4.49978,6.20046,18.5296
3101,4.6796,6.57582,18.3312
3102,4.87913,6.9741,18.1683
3103,5.09871,7.39589,18.0439
3104,5.33868,7.84149,17.9614
3105,5.59937,8.31083,17.9245
3106,5.88104,8.80332,17.9375
3107,6.18386,9.31781,18.0049
3108,6.5078,9.85235,18.1313
3109,6.85264,10.4041,18.3219
3110,7.21786,10.9692,18.5818
3111,7.60253,11.5424,18.916
3112,8.00528,12.1171,19.3295
3113,8.42414,12.6852,19.8264
3114,8.8565,13.237,20.4103
3115,9.29897,13.7608,21.083
3116,9.7473,14.2435,21.8447
3117,10.1963,14.6708,22.6934
3118,10.64,15.027,23.624
3119,11.0712,15.2962,24.6278
3120,11.4822,15.4627,25.6927
3121,11.8644,15.5123,26.8024
3122,12.2088,15.4332,27.9368
3123,12.5063,15.2171,29.0725
3124,12.7481,14.8603,30.1834
3125,12.9262,14.3648,31.2423
3126,13.0338,13.7384,32.222
3127,13.0657,12.995,33.0971
3128,13.019,12.1538,33.8461
3129,12.8929,11.2381,34.4519
3130,12.689,10.2744,34.9039
3131,12.4117,9.28965,35.1974
3132,12.0671,8.31046,35.3343
3133,11.6633,7.36089,35.3218
3134,11.2099,6.46145,35.1721
3135,10.7172,5.62831,34.9001
3136,10.1957,4.87295,34.523
3137,9.65605,4.20231,34.0584
3138,9.10815,3.61921,33.5237
3139,8.56113,3.12299,32.9349
3140,8.02301,2.71028,32.3064
3141,7.50066,2.37575,31.6506
3142,6.9997,2.11278,30.9779
3143,6.52456,1.91413,30.2967
3144,6.07854,1.77233,29.6138
3145,5.66392,1.68013,28.9343
3146,5.28211,1.63071,28.2621
3147,4.93375,1.61788,27.6
3148,4.61886,1.63611,26.9503
3149,4.33697,1.68066,26.3142
3150,4.08726,1.7475,25.6929
3151,3.86862,1.83331,25.087
3152,3.67975,1.93544,24.4969
3153,3.51928,2.05182,23.923
3154,3.38579,2.18094,23.3655
3155,3.27785,2.32176,22.8246
3156,3.19413,2.47365,22.3005
3157,3.13335,2.63635,21.7933
3158,3.09437,2.80994,21.3035
3159,3.07615,2.99474,20.8312
3160,3.07781,3.19132,20.3769
3161,3.09863,3.40045,19.941
3162,3.13801,3.62309,19.5243
3163,3.19553,3.86031,19.1274
3164,3.2709,4.11336,18.7512
3165,3.364,4.38354,18.3968
3166,3.47484,4.67227,18.0654
3167,3.60356,4.98101,17.7585
3168,3.75044,5.31127,17.4779
3169,3.91587,5.66453,17.2255
3170,4.10035,6.04229,17.0037
3171,4.30447,6.44591,16.8151
3172,4.52887,6.87665,16.6629
3173,4.77426,7.33557,16.5505
3174,5.04137,7.82339,16.482
3175,5.33089,8.34046,16.4619
3176,5.64348,8.88657,16.4951
3177,5.97967,9.46085,16.5871
3178,6.3398,10.0615,16.744
3179,6.72399,10.6857,16.972
3180,7.13199,11.3292,17.2781
3181,7.56311,11.9863,17.6688
3182,8.01609,12.6493,18.1509
3183,8.48898,13.3087,18.7306
3184,8.97896,13.9525,19.413
3185,9.48226,14.5666,20.2017
3186,9.99399,15.1342,21.0981
3187,10.5081,15.6369,22.1004
3188,11.0171,16.0544,23.2031
3189,11.5124,16.3658,24.3961
3190,11.9843,16.5502,25.6642
3191,12.4219,16.5887,26.9864
3192,12.8138,16.4658,28.3366
3193,13.1484,16.1706,29.6839
3194,13.4146,15.6995,30.9939
3195,13.6023,15.0561,32.2309
3196,13.703,14.2529,33.3595
3197,13.7107,13.3104,34.348
3198,13.6224,12.2562,35.1699
3199,13.4381,11.1235,35.8066
3200,13.1611,9.94781,36.2479
3201,12.798,8.76521,36.4929
3202,12.358,7.6092,36.5489
3203,11.8523,6.50886,36.4301
3204,11.2937,5.48736,36.156
3205,10.6956,4.56132,35.7491
3206,10.0713,3.74084,35.233
3207,9.4336,3.03007,34.631
3208,8.79426,2.42815,33.9645
3209,8.16356,1.93033,33.2525
3210,7.55025,1.52911,32.5111
3211,6.96143,1.21529,31.7534
3212,6.4026,0.978821,30.9898
3213,5.87778,0.809507,30.2282
3214,5.38963,0.697519,29.4744
3215,4.93969,0.633725,28.7325
3216,4.52848,0.609896,28.0053
3217,4.15578,0.618806,27.2946
3218,3.82071,0.654252,26.6013
3219,3.52198,0.711026,25.9259
3220,3.25793,0.784848,25.2687
3221,3.02672,0.872287,24.6294
3222,2.82638,0.970667,24.0078
3223,2.65492,1.07797,23.4037
3224,2.51035,1.19277,22.8167
3225,2.39078,1.31411,22.2466
3226,2.29444,1.44148,21.693
3227,2.21967,1.5747,21.1557
3228,2.16498,1.71392,20.6346
3229,2.12904,1.85951,20.1294
3230,2.11072,2.0121,19.6402
3231,2.10903,2.17247,19.1669
3232,2.12317,2.34158,18.7096
3233,2.15253,2.52053,18.2685
3234,2.19665,2.71054,17.8439
3235,2.25524,2.91297,17.4361
3236,2.32818,3.12927,17.0455
3237,2.41549,3.361,16.6729
3238,2.51737,3.60983,16.319
3239,2.63412,3.87752,15.9847
3240,2.76622,4.16591,15.6712
3241,2.91428,4.47694,15.3799
3242,3.07902,4.81262,15.1125
3243,3.26131,5.175,14.871
3244,3.4621,5.56618,14.6577
3245,3.6825,5.98821,14.4756
3246,3.92365,6.44314,14.3279
3247,4.18682,6.93284,14.2185
3248,4.4733,7.45901,14.1517
3249,4.7844,8.02299,14.1329
3250,5.12144,8.62566,14.1678
3251,5.48564,9.26723,14.2631
3252,5.87809,9.94702,14.4265
3253,6.29967,10.6632,14.666
3254,6.75091,11.4123,14.9909
3255,7.23189,12.1893,15.4107
3256,7.74209,12.9865,15.9354
3257,8.28019,13.7938,16.5749
3258,8.84385,14.5977,17.3386
3259,9.42954,15.3813,18.2345
3260,10.0323,16.1242,19.2683
3261,10.6454,16.8022,20.4422
3262,11.2605,17.3877,21.7536
3263,11.8671,17.851,23.1938
3264,12.4529,18.1612,24.7466
3265,13.0038,18.2885,26.3875
3266,13.5045,18.2069,28.0831
3267,13.9389,17.8968,29.7922
3268,14.2908,17.3478,31.4666
3269,14.5456,16.5617,33.0547
3270,14.6903,15.5534,34.5048
3271,14.7157,14.3511,35.7694
3272,14.6164,12.9948,36.8096
3273,14.392,11.5332,37.5982
3274,14.0469,10.0193,38.1221
3275,13.5903,8.50624,38.3825
3276,13.0351,7.0422,38.3938
3277,12.3974,5.66764,38.1804
3278,11.6953,4.413,37.7741
3279,10.9472,3.29799,37.2099
3280,10.1714,2.33221,36.5232
3281,9.38473,1.51651,35.7469
3282,8.60237,0.844888,34.9103
3283,7.8371,0.306485,34.0377
3284,7.09931,-0.112551,33.1487
3285,6.39701,-0.427504,32.258
3286,5.73598,-0.653884,31.3765
3287,5.11999,-0.806572,30.5116
3288,4.5511,-0.899271,29.6678
3289,4.02992,-0.944208,28.848
3290,3.55593,-0.952012,28.0534
3291,3.12774,-0.93172,27.2841
3292,2.74327,-0.890869,26.5397
3293,2.40001,-0.835629,25.8194
3294,2.09517,-0.770957,25.1222
3295,1.82579,-0.700766,24.4469
3296,1.58886,-0.628071,23.7924
3297,1.38143,-0.555146,23.1577
3298,1.20061,-0.483644,22.5417
3299,1.04369,-0.414719,21.9436
3300,0.90811,-0.349121,21.3625
3301,0.791491,-0.287283,20.7977
3302,0.691665,-0.229391,20.2485
3303,0.606656,-0.17544,19.7144
3304,0.534685,-0.125284,19.1948
3305,0.474163,-0.0786774,18.6892
3306,0.423676,-0.0352981,18.1971
3307,0.38198,0.00522205,17.7182
3308,0.347986,0.0432824,17.2521
3309,0.320747,0.0792992,16.7983
3310,0.299445,0.113696,16.3565
3311,0.283383,0.146898,15.9265
3312,0.271968,0.179326,15.5079
3313,0.264705,0.211399,15.1003
3314,0.261184,0.243527,14.7035
3315,0.261075,0.27612,14.3173
3316,0.264117,0.309584,13.9413
3317,0.270113,0.344328,13.5753
3318,0.278923,0.380762,13.2191
3319,0.290461,0.419309,12.8723
3320,0.304688,0.460403,12.5349
3321,0.321614,0.504496,12.2065
3322,0.341289,0.552064,11.8871
3323,0.363807,0.603612,11.5763
3324,0.389301,0.65968,11.274
3325,0.417947,0.720849,10.9801
3326,0.44996,0.78775,10.6944
3327,0.485598,0.86107,10.4168
3328,0.525163,0.941558,10.1471
3329,0.569001,1.03004,9.88545
3330,0.617511,1.12742,9.63164
3331,0.671142,1.23469,9.3857
3332,0.7304,1.35297,9.14766
3333,0.795855,1.48345,8.91762
3334,0.868144,1.6275,8.69573
3335,0.947977,1.7866,8.4822
3336,1.03615,1.9624,8.27734
3337,1.13354,2.1567,8.08156
3338,1.24112,2.37153,7.89542
3339,1.36,2.60909,7.7196
3340,1.49137,2.87183,7.55501
3341,1.63656,3.16241,7.40274
3342,1.79705,3.48377,7.26422
3343,1.97447,3.83911,7.14117
3344,2.1706,4.23189,7.03576
3345,2.38741,4.66586,6.95063
3346,2.62704,5.14502,6.88905
3347,2.89182,5.67359,6.855
3348,3.18427,6.25599,6.85337
3349,3.50709,6.89671,6.89007
3350,3.86317,7.60021,6.97227
3351,4.25552,8.37073,7.10858
3352,4.68726,9.212,7.30933
3353,5.16151,10.1269,7.58676
3354,5.68133,11.1169,7.95528
3355,6.24951,12.1816,8.43164
3356,6.86843,13.3175,9.03496
3357,7.53971,14.5172,9.78668
3358,8.26389,15.7684,10.7102
3359,9.03996,17.0519,11.8299
3360,9.86482,18.3403,13.17
3361,10.7326,19.5969,14.7526
3362,11.6339,20.7743,16.594
3363,12.5554,21.8142,18.7018
3364,13.4788,22.6489,21.0694
3365,14.3808,23.2043,23.6717
3366,15.2333,23.4054,26.4606
3367,16.0039,23.1849,29.3624
3368,16.6576,22.493,32.2791
3369,17.1595,21.3079,35.093
3370,17.4774,19.6443,37.6777
3371,17.5857,17.5573,39.9121
3372,17.4682,15.1401,41.6957
3373,17.1208,12.5135,42.9624
3374,16.5517,9.81169,43.6886
3375,15.7814,7.165,43.8935
3376,14.8397,4.68484,43.6326
3377,13.7632,2.45379,42.9864
3378,12.5911,0.521772,42.0467
3379,11.3619,-1.0922,40.9046
3380,10.1114,-2.39437,39.6419
3381,8.87007,-3.40893,38.3259
3382,7.66287,-4.17077,37.0075
3383,6.50868,-4.71942,35.7225
3384,5.42081,-5.09457,34.4936
3385,4.40765,-5.33324,33.3332
3386,3.47345,-5.46819,32.2463
3387,2.61917,-5.52737,31.2329
3388,1.84327,-5.53394,30.2896
3389,1.14235,-5.50667,29.4116
3390,0.511751,-5.46045,28.5933
3391,-0.0540089,-5.40693,27.8289
3392,-0.560856,-5.35509,27.1132
3393,-1.0149,-5.31174,26.4415
3394,-1.42223,-5.28194,25.8096
3395,-1.78878,-5.26946,25.2142
3396,-2.1202,-5.27697,24.6525
3397,-2.42185,-5.30639,24.1225
3398,-2.69871,-5.35901,23.6226
3399,-2.95539,-5.4357,23.1516
3400,-3.19612,-5.53701,22.709
3401,-3.4248,-5.66326,22.2944
3402,-3.64493,-5.81459,21.9079
3403,-3.85974,-5.99107,21.55
3404,-4.07212,-6.19265,21.2214
3405,-4.28468,-6.41924,20.9229
3406,-4.49977,-6.67066,20.656
3407,-4.71952,-6.94665,20.4222
3408,-4.94579,-7.24685,20.2232
3409,-5.18025,-7.57076,20.0612
3410,-5.42433,-7.91767,19.9385
3411,-5.67928,-8.28661,19.8577
3412,-5.9461,-8.67629,19.8216
3413,-6.22554,-9.08503,19.8334
3414,-6.51812,-9.5106,19.8961
3415,-6.82406,-9.95021,20.0132
3416,-7.14326,-10.4004,20.1879
3417,-7.47526,-10.8567,20.4234
3418,-7.81918,-11.3141,20.7227
3419,-8.17371,-11.7663,21.0882
3420,-8.53699,-12.2061,21.5219
3421,-8.90663,-12.6253,22.0246
3422,-9.27962,-13.0148,22.5959
3423,-9.65234,-13.3645,23.234
3424,-10.0205,-13.664,23.9351
3425,-10.3793,-13.9023,24.6935
3426,-10.7232,-14.0688,25.5009
3427,-11.0464,-14.1537,26.3468
3428,-11.3426,-14.1484,27.218
3429,-11.6054,-14.0464,28.0993
3430,-11.8287,-13.8436,28.9737
3431,-12.0066,-13.5395,29.8229
3432,-12.1337,-13.1367,30.6282
3433,-12.2059,-12.6417,31.3714
3434,-12.2201,-12.0647,32.0359
3435,-12.1745,-11.419,32.6072
3436,-12.0692,-10.7202,33.0741
3437,-11.9055,-9.98574,33.429
3438,-11.6865,-9.23377,33.6683
3439,-11.4166,-8.48196,33.7923
3440,-11.1016,-7.74676,33.8046
3441,-10.748,-7.04265,33.7121
3442,-10.363,-6.38158,33.5239
3443,-9.95426,-5.77273,33.2505
3444,-9.52923,-5.22248,32.9037
3445,-9.09528,-4.73454,32.4949
3446,-8.65928,-4.31024,32.0355
3447,-8.22744,-3.94894,31.5362
3448,-7.80528,-3.64844,31.0064
3449,-7.39751,-3.4054,30.4546
3450,-7.00803,-3.21572,29.8882
3451,-6.63996,-3.07489,29.3132
3452,-6.29569,-2.97828,28.7347
3453,-5.97695,-2.92133,28.1569
3454,-5.68486,-2.89971,27.5832
3455,-5.42005,-2.90947,27.0163
3456,-5.18275,-2.94705,26.4584
3457,-4.97282,-3.00937,25.9112
3458,-4.7899,-3.09381,25.3762
3459,-4.63339,-3.1982,24.8546
3460,-4.50261,-3.32082,24.3473
3461,-4.39676,-3.46034,23.8554
3462,-4.31505,-3.61581,23.3796
3463,-4.25665,-3.78661,22.9208
3464,-4.22079,-3.97242,22.4798
3465,-4.20675,-4.17317,22.0575
3466,-4.21387,-4.38902,21.6548
3467,-4.2416,-4.62029,21.2728
3468,-4.28947,-4.86747,20.9126
3469,-4.3571,-5.13118,20.5755
3470,-4.44421,-5.41207,20.2629
3471,-4.55062,-5.71088,19.9764
3472,-4.67624,-6.02834,19.7179
3473,-4.82105,-6.36511,19.4893
3474,-4.98508,-6.72182,19.293
3475,-5.16843,-7.0989,19.1314
3476,-5.37121,-7.49661,19.0074
3477,-5.59355,-7.91492,18.9241
3478,-5.83551,-8.35344,18.8848
3479,-6.09712,-8.81133,18.8931
3480,-6.3783,-9.28716,18.9529
3481,-6.67878,-9.77886,19.0684
3482,-6.99812,-10.2835,19.2436
3483,-7.33556,-10.7973,19.4827
3484,-7.69004,-11.3153,19.7899
3485,-8.06004,-11.8315,20.1687
3486,-8.44357,-12.3384,20.6224
3487,-8.83805,-12.8275,21.153
3488,-9.24026,-13.2886,21.7617
3489,-9.64629,-13.7106,22.4477
3490,-10.0515,-14.0814,23.2083
3491,-10.4503,-14.3879,24.0385
3492,-10.8368,-14.6173,24.9303
3493,-11.2041,-14.7568,25.8728
3494,-11.5449,-14.7953,26.852
3495,-11.8516,-14.7234,27.8508
3496,-12.1167,-14.5347,28.8496
3497,-12.3328,-14.2266,29.827
3498,-12.4934,-13.8008,30.7604
3499,-12.5927,-13.2638,31.6275
3500,-12.6264,-12.6264,32.4075
3501,-12.5921,-11.9039,33.0821
3502,-12.4889,-11.1151,33.6369
3503,-12.3181,-10.2809,34.0619
3504,-12.0828,-9.42347,34.3523
3505,-11.7881,-8.56449,34.5079
3506,-11.4405,-7.72427,34.5332
3507,-11.0476,-6.92055,34.4368
3508,-10.618,-6.16789,34.2299
3509,-10.1606,-5.47727,33.9257
3510,-9.6843,-4.85606,33.5384
3511,-9.19774,-4.30826,33.0822
3512,-8.70896,-3.8349,32.5709
3513,-8.2252,-3.43459,32.017
3514,-7.75279,-3.10404,31.4318
3515,-7.29707,-2.83869,30.8249
3516,-6.8624,-2.6331,30.2046
3517,-6.45219,-2.48149,29.5774
3518,-6.06896,-2.37798,28.9489
3519,-5.71445,-2.31691,28.3234
3520,-5.3897,-2.29299,27.7041
3521,-5.09518,-2.30143,27.0938
3522,-4.83088,-2.338,26.4942
3523,-4.59642,-2.39904,25.9071
3524,-4.39114,-2.48149,25.3334
3525,-4.21418,-2.58285,24.7741
3526,-4.06453,-2.70115,24.23
3527,-3.94114,-2.83487,23.7016
3528,-3.84292,-2.98297,23.1896
3529,-3.7688,-3.14477,22.6943
3530,-3.71779,-3.31994,22.2164
3531,-3.68894,-3.50845,21.7565
3532,-3.68143,-3.71052,21.3152
3533,-3.69454,-3.92662,20.8931
3534,-3.72767,-4.15736,20.4913
3535,-3.78034,-4.40356,20.1106
3536,-3.85222,-4.66611,19.7521
3537,-3.94307,-4.94604,19.4171
3538,-4.0528,-5.24442,19.1071
3539,-4.18141,-5.56234,18.8237
3540,-4.32904,-5.90093,18.569
3541,-4.49587,-6.26121,18.3451
3542,-4.68221,-6.64414,18.1545
3543,-4.88838,-7.05054,18
3544,-5.11477,-7.48095,17.8849
3545,-5.36174,-7.93567,17.8127
3546,-5.62966,-8.41456,17.7872
3547,-5.9188,-8.91695,17.8129
3548,-6.22932,-9.44157,17.8944
3549,-6.56121,-9.9863,18.0366
3550,-6.9142,-10.5481,18.2446
3551,-7.28773,-11.1227,18.5239
3552,-7.6808,-11.7047,18.8796
3553,-8.09193,-12.2871,19.3166
3554,-8.51902,-12.8611,19.8392
3555,-8.95929,-13.4166,20.4507
3556,-9.40914,-13.9412,21.1529
3557,-9.86406,-14.4214,21.9456
3558,-10.3186,-14.842,22.8261
3559,-10.7664,-15.1869,23.7886
3560,-11.2001,-15.4396,24.8238
3561,-11.6115,-15.5845,25.9181
3562,-11.9917,-15.6071,27.0541
3563,-12.3314,-15.4959,28.2105
3564,-12.6215,-15.2435,29.3626
3565,-12.853,-14.8472,30.4831
3566,-13.0179,-14.3103,31.544
3567,-13.1095,-13.6425,32.5176
3568,-13.1232,-12.8592,33.3788
3569,-13.0563,-11.9813,34.1062
3570,-12.9086,-11.0339,34.6842
3571,-12.6825,-10.0443,35.103
3572,-12.3829,-9.04057,35.3599
3573,-12.0167,-8.04932,35.4582
3574,-11.5926,-7.09448,35.4071
3575,-11.1206,-6.19598,35.2198
3576,-10.6113,-5.36909,34.9126
3577,-10.0757,-4.62426,34.5033
3578,-9.52448,-3.96731,34.0102
3579,-8.9675,-3.4,33.4508
3580,-8.41381,-2.92069,32.841
3581,-7.8713,-2.52521,32.1951
3582,-7.34659,-2.20754,31.5252
3583,-6.84507,-1.96061,30.8411
3584,-6.37089,-1.7768,30.1511
3585,-5.92709,-1.64846,29.4613
3586,-5.51569,-1.56823,28.7766
3587,-5.13785,-1.52925,28.1006
3588,-4.794,-1.52537,27.4358
3589,-4.48398,-1.55116,26.7841
3590,-4.20717,-1.60196,26.1468
3591,-3.96257,-1.67388,25.5246
3592,-3.74899,-1.76371,24.9182
3593,-3.56504,-1.86893,24.328
3594,-3.40928,-1.9876,23.7541
3595,-3.28022,-2.1183,23.1967
3596,-3.17642,-2.26011,22.6559
3597,-3.09651,-2.41249,22.132
3598,-3.03921,-2.57526,21.625
3599,-3.00336,-2.74857,21.1353
3600,-2.98794,-2.93281,20.663
3601,-2.99207,-3.12861,20.2087
3602,-3.01503,-3.33679,19.7726
3603,-3.05626,-3.55834,19.3555
3604,-3.11534,-3.79442,18.9581
3605,-3.19201,-4.04627,18.5812
3606,-3.28618,-4.31526,18.2258
3607,-3.39786,-4.60285,17.8932
3608,-3.52725,-4.91055,17.5848
3609,-3.67465,-5.2399,17.3024
3610,-3.84046,-5.59247,17.0478
3611,-4.02524,-5.96978,16.8235
3612,-4.22959,-6.3733,16.6321
3613,-4.45422,-6.80436,16.4767
3614,-4.69988,-7.2641,16.3608
3615,-4.96733,-7.75336,16.2884
3616,-5.25733,-8.27262,16.2639
3617,-5.57061,-8.8218,16.2926
3618,-5.90775,-9.40015,16.3798
3619,-6.2692,-10.0061,16.5317
3620,-6.65514,-10.6369,16.7549
3621,-7.06543,-11.2885,17.0563
3622,-7.49947,-11.9554,17.4428
3623,-7.95611,-12.63,17.9215
3624,-8.43351,-13.3029,18.4988
3625,-8.92895,-13.9622,19.1803
3626,-9.43875,-14.5935,19.9702
3627,-9.9581,-15.1802,20.8703
3628,-10.4809,-15.7032,21.8795
3629,-10.9999,-16.142,22.9927
3630,-11.5062,-16.4747,24.2003
3631,-11.9901,-16.6798,25.4873
3632,-12.4404,-16.7374,26.8329
3633,-12.8455,-16.6306,28.2109
3634,-13.1934,-16.3477,29.5897
3635,-13.4726,-15.8838,30.9342
3636,-13.6724,-15.2419,32.2073
3637,-13.7839,-14.4339,33.3725
3638,-13.8007,-13.4804,34.3962
3639,-13.7192,-12.4094,35.2507
3640,-13.5392,-11.2547,35.9158
3641,-13.2639,-10.0534,36.3806
3642,-12.8997,-8.84266,36.6434
3643,-12.456,-7.65758,36.7114
3644,-11.9442,-6.52853,36.5991
3645,-11.3774,-5.47983,36.3264
3646,-10.7693,-4.52895,35.9167
3647,-10.1339,-3.68656,35.3945
3648,-9.48413,-2.95705,34.7839
3649,-8.83225,-2.33958,34.1073
3650,-8.18889,-1.82923,33.3842
3651,-7.56305,-1.41821,32.6314
3652,-6.96208,-1.09692,31.8624
3653,-6.39164,-0.854911,31.0879
3654,-5.85587,-0.681586,30.316
3655,-5.35749,-0.566736,29.5526
3656,-4.89805,-0.500886,28.8017
3657,-4.47809,-0.475509,28.0663
3658,-4.09732,-0.483127,27.3479
3659,-3.75485,-0.517324,26.6475
3660,-3.44929,-0.57272,25.9656
3661,-3.17893,-0.644894,25.3022
3662,-2.94182,-0.730301,24.6571
3663,-2.73593,-0.826171,24.03
3664,-2.55918,-0.930419,23.4205
3665,-2.4095,-1.04155,22.8284
3666,-2.28494,-1.15855,22.2531
3667,-2.18363,-1.28088,21.6944
3668,-2.10385,-1.4083,21.1519
3669,-2.04403,-1.54093,20.6255
3670,-2.00279,-1.67912,20.1148
3671,-1.97892,-1.82342,19.6199
3672,-1.97138,-1.9746,19.1406
3673,-1.97931,-2.13356,18.6769
3674,-2.00203,-2.30136,18.229
3675,-2.03903,-2.47918,17.7969
3676,-2.08997,-2.66832,17.381
3677,-2.15467,-2.87017,16.9816
3678,-2.23309,-3.08625,16.5992
3679,-2.32537,-3.31818,16.2344
3680,-2.43177,-3.56766,15.888
3681,-2.55271,-3.83652,15.5609
3682,-2.68874,-4.12665,15.2544
3683,-2.84054,-4.44006,14.9698
3684,-3.00893,-4.77881,14.7088
3685,-3.19485,-5.14504,14.4736
3686,-3.39934,-5.54093,14.2665
3687,-3.62357,-5.96864,14.0905
3688,-3.86879,-6.43029,13.9488
3689,-4.13632,-6.92789,13.8455
3690,-4.42757,-7.46324,13.7852
3691,-4.74393,-8.03779,13.7731
3692,-5.0868,-8.65254,13.8154
3693,-5.4575,-9.30779,13.919
3694,-5.85722,-10.0029,14.0917
3695,-6.28691,-10.7362,14.3423
3696,-6.74721,-11.5041,14.68
3697,-7.23825,-12.3014,15.1152
3698,-7.75955,-13.1203,15.6582
3699,-8.3098,-13.9502,16.3197
3700,-8.88666,-14.7773,17.1095
3701,-9.48648,-15.5838,18.0361
3702,-10.1041,-16.3482,19.1058
3703,-10.7327,-17.0451,20.3209
3704,-11.3633,-17.6455,21.6789
3705,-11.9851,-18.1179,23.1706
3706,-12.5852,-18.4299,24.7789
3707,-13.1489,-18.5501,26.4777
3708,-13.6599,-18.4511,28.2317
3709,-14.1014,-18.1125,29.9969
3710,-14.4567,-17.5243,31.7223
3711,-14.7101,-16.689,33.3534
3712,-14.8486,-15.6236,34.8358
3713,-14.8626,-14.3591,36.12
3714,-14.747,-12.9389,37.1663
3715,-14.5019,-11.4153,37.9475
3716,-14.1323,-9.8445,38.4519
3717,-13.6484,-8.28211,38.6828
3718,-13.0643,-6.77821,38.6572
3719,-12.3973,-5.37395,38.4027
3720,-11.6662,-4.09959,37.9537
3721,-10.8904,-2.97395,37.3477
3722,-10.089,-2.00522,36.6216
3723,-9.27918,-1.19262,35.8099
3724,-8.47638,-0.5285,34.9422
3725,-7.69348,-0.000444416,34.0432
3726,-6.9408,0.406725,33.1322
3727,-6.22618,0.709375,32.2238
3728,-5.55517,0.923845,31.3281
3729,-4.93123,1.06562,30.4521
3730,-4.35612,1.14881,29.5999
3731,-3.83014,1.18591,28.7738
3732,-3.35247,1.18768,27.9746
3733,-2.92143,1.16321,27.202
3734,-2.53469,1.12006,26.4555
3735,-2.18951,1.06435,25.7339
3736,-1.88289,1.00099,25.036
3737,-1.61168,0.933834,24.3605
3738,-1.37274,0.865853,23.7063
3739,-1.16295,0.799268,23.0721
3740,-0.979321,0.735702,22.4568
3741,-0.819026,0.676293,21.8596
3742,-0.679406,0.621791,21.2796
3743,-0.558002,0.572649,20.716
3744,-0.452558,0.529093,20.1682
3745,-0.361021,0.491177,19.6354
3746,-0.281532,0.458837,19.1172
3747,-0.212421,0.431926,18.6131
3748,-0.152193,0.410248,18.1226
3749,-0.0995152,0.393579,17.6452
3750,-0.0532033,0.381691,17.1806
3751,-0.0122077,0.374362,16.7284
3752,0.0244014,0.371389,16.2882
3753,0.0574474,0.372597,15.8597
3754,0.08766,0.377845,15.4427
3755,0.115688,0.387028,15.0367
3756,0.14211,0.400085,14.6415
3757,0.167447,0.416996,14.2568
3758,0.19217,0.437787,13.8824
3759,0.216708,0.462532,13.518
3760,0.241463,0.491352,13.1634
3761,0.266808,0.52442,12.8183
3762,0.293102,0.561959,12.4825
3763,0.320694,0.604247,12.1558
3764,0.349927,0.651619,11.838
3765,0.381148,0.704467,11.5289
3766,0.414711,0.763251,11.2284
3767,0.450981,0.828497,10.9364
3768,0.490346,0.900802,10.6526
3769,0.533214,0.980845,10.377
3770,0.580024,1.06939,10.1096
3771,0.631252,1.1673,9.85025
3772,0.687412,1.27552,9.599
3773,0.74907,1.39515,9.35587
3774,0.816843,1.52736,9.12096
3775,0.89141,1.67349,8.89443
3776,0.973521,1.83502,8.67652
3777,1.064,2.0136,8.46754
3778,1.16376,2.21104,8.26793
3779,1.27381,2.42935,8.07826
3780,1.39526,2.67076,7.89925
3781,1.52934,2.93771,7.73184
3782,1.67741,3.23288,7.57717
3783,1.84096,3.55922,7.43672
3784,2.02163,3.91993,7.31226
3785,2.22124,4.31848,7.20604
3786,2.44177,4.75862,7.1208
3787,2.68536,5.24432,7.05989
3788,2.95437,5.7798,7.02744
3789,3.25132,6.36941,7.02845
3790,3.57892,7.01759,7.06899
3791,3.94004,7.72869,7.15642
3792,4.33767,8.5068,7.29956
3793,4.77489,9.35544,7.50893
3794,5.25479,10.2772,7.79701
3795,5.78033,11.2732,8.17843
3796,6.3542,12.3425,8.67013
3797,6.97861,13.4809,9.29137
3798,7.65498,14.6806,10.0636
3799,8.38358,15.9279,11.0102
3800,9.16307,17.2027,12.1552
3801,9.98991,18.4766,13.5221
3802,10.8577,19.7114,15.1318
3803,11.7567,20.8588,16.9991
3804,12.6727,21.8596,19.1294
3805,13.587,22.646,21.5134
3806,14.4758,23.1445,24.1227
3807,15.3105,23.2822,26.9062
3808,16.0588,22.9949,29.7873
3809,16.686,22.2373,32.666
3810,17.1579,20.9933,35.4249
3811,17.4437,19.283,37.9394
3812,17.5192,17.1665,40.0925
3813,17.3703,14.7399,41.7896
3814,16.9944,12.1246,42.9713
3815,16.4017,9.45302,43.6202
3816,15.6136,6.85125,43.7602
3817,14.6606,4.42554,43.4498
3818,13.5793,2.25307,42.77
3819,12.4084,0.378983,41.8112
3820,11.1857,-1.18129,40.6624
3821,9.94577,-2.43625,39.4023
3822,8.71821,-3.41113,38.0951
3823,7.52686,-4.14092,36.7893
3824,6.38971,-4.66463,35.5186
3825,5.31933,-5.02107,34.3042
3826,4.32351,-5.24624,33.1574
3827,3.40607,-5.37192,32.0827
3828,2.56768,-5.42514,31.0796
3829,1.80659,-5.42828,30.145
3830,1.11931,-5.39946,29.274
3831,0.501119,-5.35305,28.461
3832,-0.0534388,-5.3003,27.7006
3833,-0.550257,-5.24987,26.9877
3834,-0.995382,-5.20833,26.3177
3835,-1.39483,-5.1806,25.6866
3836,-1.75444,-5.17028,25.0913
3837,-2.0798,-5.17999,24.529
3838,-2.37617,-5.21157,23.9979
3839,-2.64846,-5.2663,23.4964
3840,-2.90119,-5.34502,23.0235
3841,-3.13855,-5.4483,22.5785
3842,-3.36435,-5.57645,22.1613
3843,-3.58208,-5.72968,21.7719
3844,-3.79488,-5.90807,21.4108
3845,-4.00562,-6.11162,21.0787
3846,-4.21689,-6.3403,20.7766
3847,-4.43104,-6.59398,20.5058
3848,-4.65014,-6.87248,20.2679
3849,-4.87609,-7.17552,20.0647
3850,-5.11055,-7.50267,19.8983
3851,-5.35497,-7.85331,19.7711
3852,-5.6106,-8.22658,19.6858
3853,-5.87847,-8.62127,19.6453
3854,-6.15939,-9.0358,19.6528
3855,-6.45389,-9.46804,19.7114
3856,-6.76225,-9.91529,19.8247
3857,-7.08442,-10.3741,19.9962
3858,-7.41999,-10.8403,20.2293
3859,-7.76814,-11.3086,20.527
3860,-8.12757,-11.7729,20.8923
3861,-8.49651,-12.2259,21.3271
3862,-8.87257,-12.6594,21.8326
3863,-9.25277,-13.0639,22.4088
3864,-9.63347,-13.4292,23.0542
3865,-10.0104,-13.7445,23.7652
3866,-10.3785,-13.9984,24.5362
3867,-10.7324,-14.1799,25.3591
3868,-11.0659,-14.2784,26.2234
3869,-11.3727,-14.2847,27.1158
3870,-11.6461,-14.1918,28.0208
3871,-11.8797,-13.9951,28.9208
3872,-12.0672,-13.6933,29.797
3873,-12.2032,-13.289,30.63
3874,-12.283,-12.7884,31.4006
3875,-12.3034,-12.2018,32.0913
3876,-12.2623,-11.5427,32.6869
3877,-12.1596,-10.8273,33.1754
3878,-11.9966,-10.0737,33.5486
3879,-11.7763,-9.3008,33.8025
3880,-11.5032,-8.52708,33.9371
3881,-11.1832,-7.7698,33.9562
3882,-10.823,-7.04416,33.8667
3883,-10.43,-6.36273,33.6782
3884,-10.0121,-5.73515,33.4017
3885,-9.5772,-5.16811,33.0493
3886,-9.13279,-4.66548,32.633
3887,-8.68602,-4.22864,32.1648
3888,-8.24335,-3.85685,31.6557
3889,-7.81048,-3.54779,31.1155
3890,-7.39229,-3.29789,30.5531
3891,-6.99281,-3.10283,29.9759
3892,-6.61524,-2.95787,29.3902
3893,-6.26203,-2.85811,28.8013
3894,-5.93493,-2.79878,28.2134
3895,-5.63509,-2.77536,27.6298
3896,-5.36311,-2.78368,27.0534
3897,-5.1192,-2.82006,26.4862
3898,-4.90318,-2.88128,25.93
3899,-4.71464,-2.9646,25.3862
3900,-4.55294,-3.06777,24.856
3901,-4.41734,-3.18901,24.3402
3902,-4.30699,-3.32693,23.8399
3903,-4.22103,-3.48055,23.3556
3904,-4.15861,-3.64924,22.8883
3905,-4.11889,-3.83265,22.4387
3906,-4.10112,-4.03073,22.0076
3907,-4.1046,-4.24364,21.5959
3908,-4.12875,-4.47174,21.2045
3909,-4.17305,-4.71554,20.8346
3910,-4.23713,-4.97569,20.4873
3911,-4.32069,-5.25292,20.1641
3912,-4.42353,-5.54803,19.8664
3913,-4.54557,-5.86182,19.596
3914,-4.68679,-6.19507,19.3549
3915,-4.84726,-6.5485,19.1452
3916,-5.02709,-6.9227,18.9695
3917,-5.22643,-7.31809,18.8305
3918,-5.44547,-7.73482,18.7312
3919,-5.68435,-8.17273,18.675
3920,-5.94317,-8.63121,18.6656
3921,-6.22194,-9.10914,18.7068
3922,-6.52054,-9.60474,18.8029
3923,-6.83864,-10.1155,18.958
3924,-7.17566,-10.6378,19.1768
3925,-7.5307,-11.1672,19.4634
3926,-7.90246,-11.6981,19.822
3927,-8.28914,-12.2233,20.2562
3928,-8.68839,-12.7344,20.7688
3929,-9.09722,-13.2216,21.3617
3930,-9.51191,-13.6738,22.0349
3931,-9.92797,-14.0786,22.7868
3932,-10.3401,-14.4228,23.6132
3933,-10.7424,-14.6928,24.5073
3934,-11.1279,-14.875,25.459
3935,-11.4892,-14.9569,26.4551
3936,-11.8187,-14.9277,27.4789
3937,-12.1084,-14.7794,28.5111
3938,-12.3504,-14.5075,29.5298
3939,-12.5375,-14.1121,30.5117
3940,-12.6634,-13.5979,31.4333
3941,-12.723,-12.9747,32.272
3942,-12.7129,-12.2569,33.0075
3943,-12.6316,-11.4631,33.6232
3944,-12.4797,-10.6146,34.107
3945,-12.2598,-9.7343,34.452
3946,-11.9765,-8.84545,34.6567
3947,-11.636,-7.96991,34.7243
3948,-11.246,-7.1272,34.6627
3949,-10.8152,-6.33364,34.4829
3950,-10.3528,-5.60182,34.1983
3951,-9.86811,-4.94048,33.8239
3952,-9.37024,-4.35471,33.3745
3953,-8.86774,-3.8463,32.8647
3954,-8.36839,-3.4143,32.3081
3955,-7.87904,-3.05566,31.7168
3956,-7.40548,-2.76576,31.1013
3957,-6.95251,-2.53904,30.4704
3958,-6.52388,-2.3694,29.8314
3959,-6.1224,-2.25063,29.1903
3960,-5.75005,-2.17667,28.5516
3961,-5.40802,-2.14184,27.9189
3962,-5.09691,-2.14097,27.295
3963,-4.81678,-2.16946,26.682
3964,-4.56727,-2.22333,26.0814
3965,-4.34773,-2.29923,25.4944
3966,-4.15725,-2.39439,24.9219
3967,-3.99479,-2.50663,24.3645
3968,-3.85923,-2.63424,23.8229
3969,-3.74941,-2.77601,23.2975
3970,-3.66418,-2.93115,22.7887
3971,-3.60245,-3.0992,22.297
3972,-3.5632,-3.28007,21.823
3973,-3.54553,-3.4739,21.3671
3974,-3.54863,-3.6811,20.93
3975,-3.57182,-3.90229,20.5123
3976,-3.61457,-4.13824,20.115
3977,-3.67644,-4.38987,19.739
3978,-3.75718,-4.65822,19.3855
3979,-3.85662,-4.94442,19.0557
3980,-3.97475,-5.24963,18.7511
3981,-4.11165,-5.57507,18.4735
3982,-4.26751,-5.92191,18.225
3983,-4.44264,-6.29129,18.0078
3984,-4.63738,-6.68424,17.8245
3985,-4.85215,-7.10161,17.6781
3986,-5.08742,-7.54403,17.572
3987,-5.34362,-8.01179,17.5099
3988,-5.62118,-8.50477,17.4958
3989,-5.92044,-9.02228,17.5345
3990,-6.24159,-9.56294,17.6307
3991,-6.58467,-10.1245,17.7897
3992,-6.94943,-10.7038,18.0171
3993,-7.33529,-11.2963,18.3184
3994,-7.7412,-11.896,18.6992
3995,-8.16562,-12.4955,19.1645
3996,-8.60633,-13.0856,19.7191
3997,-9.06036,-13.6552,20.3661
3998,-9.52386,-14.1912,21.1076
3999,-9.99207,-14.679,21.943
4000,-10.4592,-15.1025,22.8692
4001,-10.9183,-15.4445,23.8797
4002,-11.3616,-15.6876,24.964
4003,-11.7804,-15.8153,26.1073
4004,-12.1654,-15.8128,27.2907
4005,-12.5066,-15.6684,28.4908
4006,-12.7945,-15.3751,29.681
4007,-13.0198,-14.9313,30.8322
4008,-13.1743,-14.3417,31.9147
4009,-13.2514,-13.6179,32.8997
4010,-13.2465,-12.7777,33.7613
4011,-13.1574,-11.8446,34.4782
4012,-12.9845,-10.8457,35.0354
4013,-12.7311,-9.81061,35.4246
4014,-12.4027,-8.76871,35.6448
4015,-12.0072,-7.74765,35.7015
4016,-11.5542,-6.77165,35.6058
4017,-11.0544,-5.86036,35.373
4018,-10.5192,-5.02833,35.0212
4019,-9.96002,-4.28494,34.5696
4020,-9.38777,-3.63476,34.0373
4021,-8.81264,-3.07824,33.4425
4022,-8.24371,-2.61252,32.8014
4023,-7.68879,-2.23228,32.1281
4024,-7.15434,-1.93055,31.4347
4025,-6.64553,-1.69949,30.7307
4026,-6.16623,-1.53088,30.0239
4027,-5.71919,-1.41664,29.32
4028,-5.30614,-1.34911,28.6234
4029,-4.92795,-1.32128,27.9374
4030,-4.58476,-1.3269,27.2643
4031,-4.27616,-1.36053,26.6054
4032,-4.00129,-1.41755,25.9619
4033,-3.75897,-1.49413,25.3344
4034,-3.54783,-1.58715,24.7232
4035,-3.36632,-1.69419,24.1285
4036,-3.21287,-1.8134,23.5504
4037,-3.0859,-1.94349,22.989
4038,-2.98389,-2.08359,22.4443
4039,-2.90538,-2.23328,21.9163
4040,-2.84905,-2.39246,21.4052
4041,-2.81369,-2.56132,20.9111
4042,-2.79825,-2.74034,20.4342
4043,-2.80183,-2.9302,19.9748
4044,-2.8237,-3.13176,19.5332
4045,-2.86328,-3.34609,19.11
4046,-2.92015,-3.57435,18.7058
4047,-2.99406,-3.81786,18.3214
4048,-3.0849,-4.07805,17.9577
4049,-3.19273,-4.35641,17.6157
4050,-3.31773,-4.65454,17.2968
4051,-3.46022,-4.97408,17.0026
4052,-3.62067,-5.31669,16.7349
4053,-3.79963,-5.68404,16.4959
4054,-3.99779,-6.07777,16.288
4055,-4.2159,-6.49943,16.1142
4056,-4.45478,-6.95041,15.9778
4057,-4.71532,-7.4319,15.8826
4058,-4.99839,-7.94474,15.8331
4059,-5.30487,-8.48935,15.8341
4060,-5.63554,-9.06554,15.8913
4061,-5.99106,-9.67235,16.0105
4062,-6.37191,-10.3078,16.1986
4063,-6.77825,-10.9689,16.4627
4064,-7.20988,-11.6507,16.8101
4065,-7.66608,-12.3469,17.2487
4066,-8.14547,-13.0489,17.7857
4067,-8.6459,-13.7459,18.428
4068,-9.16425,-14.4243,19.1814
4069,-9.69629,-15.0679,20.0497
4070,-10.2365,-15.658,21.034
4071,-10.7781,-16.1735,22.132
4072,-11.3126,-16.5916,23.3369
4073,-11.8304,-16.8889,24.6362
4074,-12.3204,-17.0424,26.0118
4075,-12.7706,-17.0317,27.4391
4076,-13.1684,-16.8406,28.8874
4077,-13.5009,-16.4591,30.3211
4078,-13.7562,-15.8855,31.7011
4079,-13.9235,-15.1273,32.9876
4080,-13.9945,-14.2014,34.1421
4081,-13.9636,-13.1342,35.1314
4082,-13.8285,-11.9594,35.9292
4083,-13.5909,-10.7155,36.5189
4084,-13.2558,-9.44303,36.8938
4085,-12.8317,-8.18137,37.0575
4086,-12.3298,-6.96585,37.0224
4087,-11.7635,-5.82576,36.8081
4088,-11.1472,-4.78312,36.4385
4089,-10.4956,-3.85234,35.94
4090,-9.82323,-3.04066,35.339
4091,-9.14339,-2.34909,34.6606
4092,-8.4681,-1.77366,33.927
4093,-7.80763,-1.30682,33.1573
4094,-7.17045,-0.938617,32.3673
4095,-6.56318,-0.657895,31.5693
4096,-5.99076,-0.453103,30.7727
4097,-5.45653,-0.312967,29.9843
4098,-4.9625,-0.226932,29.2089
4099,-4.50953,-0.185435,28.4498
4100,-4.09752,-0.180036,27.7088
4101,-3.72565,-0.203466,26.987
4102,-3.39255,-0.249588,26.2847
4103,-3.09642,-0.313336,25.602
4104,-2.83522,-0.390609,24.9386
4105,-2.60675,-0.478174,24.2939
4106,-2.40875,-0.573549,23.6676
4107,-2.23897,-0.674902,23.0591
4108,-2.09522,-0.780957,22.4679
4109,-1.97544,-0.890903,21.8934
4110,-1.8777,-1.00432,21.3353
4111,-1.80021,-1.12112,20.7931
4112,-1.74138,-1.24148,20.2666
4113,-1.69978,-1.36579,19.7554
4114,-1.6742,-1.49467,19.2593
4115,-1.66356,-1.62885,18.7782
4116,-1.66699,-1.76923,18.312
4117,-1.6838,-1.91682,17.8606
4118,-1.71345,-2.07274,17.424
4119,-1.75556,-2.23821,17.0024
4120,-1.80993,-2.41457,16.5959
4121,-1.87649,-2.60323,16.2048
4122,-1.95533,-2.8057,15.8295
4123,-2.04667,-3.02362,15.4704
4124,-2.15086,-3.2587,15.1284
4125,-2.26842,-3.51277,14.8041
4126,-2.39997,-3.78778,14.4986
4127,-2.54626,-4.08578,14.2131
4128,-2.70819,-4.4089,13.9492
4129,-2.88676,-4.75941,13.7086
4130,-3.08311,-5.13962,13.4936
4131,-3.29849,-5.55191,13.3068
4132,-3.53426,-5.99868,13.1513
4133,-3.79188,-6.48229,13.0308
4134,-4.07287,-7.00499,12.9495
4135,-4.37884,-7.5688,12.9125
4136,-4.7114,-8.17541,12.9258
4137,-5.07217,-8.82599,12.9959
4138,-5.46266,-9.52094,13.1307
4139,-5.88425,-10.2597,13.3389
4140,-6.33806,-11.0402,13.6301
4141,-6.82485,-11.8588,14.0151
4142,-7.34483,-12.7095,14.5053
4143,-7.89748,-13.5835,15.1125
4144,-8.48137,-14.4688,15.8487
4145,-9.09386,-15.3493,16.7251
4146,-9.73083,-16.2049,17.7512
4147,-10.3864,-17.0108,18.9337
4148,-11.0527,-17.7376,20.2749
4149,-11.7196,-18.3521,21.7708
4150,-12.3747,-18.8183,23.4099
4151,-13.0031,-19.0996,25.1709
4152,-13.5881,-19.1611,27.0222
4153,-14.1114,-18.9736,28.9211
4154,-14.5542,-18.5169,30.8158
4155,-14.898,-17.7837,32.647
4156,-15.1262,-16.7821,34.3527
4157,-15.2254,-15.5373,35.8728
4158,-15.1864,-14.0902,37.1551
4159,-15.0059,-12.4945,38.1602
4160,-14.686,-10.8125,38.865
4161,-14.2348,-9.10825,39.2645
4162,-13.6659,-7.44245,39.3706
4163,-12.9965,-5.86717,39.2096
4164,-12.2471,-4.42263,38.8178
4165,-11.4389,-3.13576,38.237
4166,-10.5934,-2.02056,37.51
4167,-9.73072,-1.07971,36.6774
4168,-8.8688,-0.306895,35.775
4169,-8.02299,0.310554,34.8327
4170,-7.20576,0.789241,33.8743
4171,-6.42672,1.14764,32.9174
4172,-5.69277,1.40452,31.9746
4173,-5.00839,1.57785,31.0543
4174,-4.37602,1.6841,30.1615
4175,-3.79635,1.73789,29.2988
4176,-3.26876,1.75184,28.467
4177,-2.79152,1.73663,27.6658
4178,-2.3622,1.70112,26.8941
4179,-1.9778,1.65252,26.1506
4180,-1.63499,1.59662,25.4335
4181,-1.33029,1.538,24.7414
4182,-1.06016,1.4802,24.0726
4183,-0.821073,1.4259,23.4257
4184,-0.609655,1.37713,22.7994
4185,-0.422668,1.33536,22.1925
4186,-0.257069,1.30162,21.6042
4187,-0.110021,1.27664,21.0334
4188,0.0211001,1.26089,20.4793
4189,0.138704,1.25468,19.9415
4190,0.244995,1.2582,19.4191
4191,0.341983,1.2716,18.9118
4192,0.431498,1.29497,18.419
4193,0.515205,1.32842,17.9405
4194,0.594624,1.37211,17.4758
4195,0.671145,1.42621,17.0247
4196,0.746047,1.491,16.5869
4197,0.820517,1.56682,16.1622
4198,0.895666,1.65409,15.7506
4199,0.972544,1.75336,15.3518
4200,1.05216,1.86528,14.9659
4201,1.13549,1.99061,14.5929
4202,1.2235,2.13026,14.2329
4203,1.31716,2.28526,13.886
4204,1.41745,2.45678,13.5526
4205,1.52537,2.64616,13.233
4206,1.64197,2.85489,12.9278
4207,1.76833,3.08461,12.6375
4208,1.90562,3.33715,12.3632
4209,2.05506,3.61452,12.1057
4210,2.21796,3.91889,11.8666
4211,2.39573,4.25262,11.6473
4212,2.58986,4.61824,11.4499
4213,2.80195,5.01842,11.2767
4214,3.03374,5.45598,11.1307
4215,3.28703,5.93382,11.0154
4216,3.56375,6.45486,10.9348
4217,3.86594,7.02198,10.8941
4218,4.19567,7.63788,10.8989
4219,4.55509,8.30495,10.9562
4220,4.94635,9.025,11.074
4221,5.3715,9.79905,11.2617
4222,5.83246,10.6269,11.5299
4223,6.33088,11.5068,11.8907
4224,6.86796,12.4348,12.3574
4225,7.44431,13.404,12.9447
4226,8.05963,14.4041,13.6679
4227,8.71249,15.4204,14.5427
4228,9.39994,16.4331,15.584
4229,10.1171,17.4163,16.8048
4230,10.857,18.3383,18.2141
4231,11.6097,19.1608,19.8152
4232,12.3624,19.8403,21.6029
4233,13.0994,20.3296,23.561
4234,13.8017,20.581,25.6602
4235,14.4477,20.5502,27.8563
4236,15.0142,20.2017,30.0907
4237,15.4773,19.5142,32.2923
4238,15.8144,18.4857,34.3819
4239,16.0057,17.1368,36.2791
4240,16.0367,15.511,37.91
4241,15.8991,13.6723,39.2155
4242,15.5925,11.699,40.1573
4243,15.1241,9.67539,40.7217
4244,14.5087,7.68337,40.9195
4245,13.7667,5.79427,40.7824
4246,12.9229,4.06358,40.3572
4247,12.0039,2.52842,39.6993
4248,11.0366,1.20772,38.8657
4249,10.0462,0.104577,37.91
4250,9.05526,-0.790284,36.8791
4251,8.08283,-1.49464,35.8113
4252,7.14423,-2.03123,34.7359
4253,6.25099,-2.42484,33.6743
4254,5.41121,-2.70018,32.6405
4255,4.62993,-2.88043,31.6433
4256,3.90958,-2.98645,30.6871
4257,3.25054,-3.0364,29.7732
4258,2.65154,-3.04569,28.9013
4259,2.1101,-3.02715,28.0696
4260,1.62286,-2.99121,27.2757
4261,1.1859,-2.9463,26.5169
4262,0.794962,-2.89907,25.7907
4263,0.445615,-2.85472,25.0945
4264,0.133428,-2.81725,24.4262
4265,-0.145944,-2.78971,23.7837
4266,-0.396687,-2.77442,23.1654
4267,-0.622776,-2.77307,22.5698
4268,-0.82795,-2.78696,21.9958
4269,-1.0157,-2.81704,21.4426
4270,-1.18925,-2.86405,20.9092
4271,-1.35161,-2.9286,20.3954
4272,-1.50553,-3.01122,19.9006
4273,-1.65356,-3.11243,19.4246
4274,-1.79806,-3.23276,18.9675
4275,-1.9412,-3.3728,18.5293
4276,-2.08503,-3.53323,18.1104
4277,-2.23146,-3.71481,17.711
4278,-2.38229,-3.91844,17.3318
4279,-2.53925,-4.1451,16.9736
4280,-2.704,-4.3959,16.6374
4281,-2.87816,-4.6721,16.3245
4282,-3.06331,-4.97501,16.0363
4283,-3.26102,-5.30606,15.7747
4284,-3.47284,-5.66673,15.5418
4285,-3.70031,-6.05853,15.3403
4286,-3.94499,-6.48294,15.1731
4287,-4.20841,-6.94135,15.0438
4288,-4.49208,-7.43498,14.9565
4289,-4.79747,-7.96475,14.9158
4290,-5.12599,-8.53119,14.9271
4291,-5.47892,-9.13422,14.9964
4292,-5.85739,-9.77298,15.1306
4293,-6.26228,-10.4456,15.3369
4294,-6.69417,-11.1487,15.6236
4295,-7.15315,-11.8776,15.9992
4296,-7.6388,-12.6254,16.4726
4297,-8.14994,-13.3827,17.0524
4298,-8.6845,-14.1377,17.7471
4299,-9.23933,-14.8753,18.5636
4300,-9.80998,-15.5773,19.507
4301,-10.3906,-16.2224,20.5796
4302,-10.9736,-16.7864,21.7792
4303,-11.5498,-17.2429,23.0988
4304,-12.1083,-17.5646,24.5246
4305,-12.6366,-17.7246,26.0361
4306,-13.1212,-17.6991,27.605
4307,-13.5474,-17.4692,29.1956
4308,-13.9007,-17.0236,30.7664
4309,-14.1676,-16.361,32.2719
4310,-14.3358,-15.4912,33.6658
4311,-14.396,-14.4357,34.9042
4312,-14.3424,-13.227,35.9494
4313,-14.1731,-11.9057,36.7734
4314,-13.8905,-10.5178,37.3595
4315,-13.5014,-9.1108,37.7035
4316,-13.0164,-7.72959,37.8132
4317,-12.449,-6.41342,37.7064
4318,-11.8148,-5.19358,37.4084
4319,-11.1304,-4.09225,36.9489
4320,-10.4127,-3.12256,36.3592
4321,-9.67752,-2.28935,35.6698
4322,-8.9396,-1.59063,34.9086
4323,-8.21165,-1.01924,34.0998
4324,-7.50432,-0.564461,33.2633
4325,-6.82616,-0.213533,32.4151
4326,-6.18362,0.0471453,31.5671
4327,-5.58123,0.231101,30.7281
4328,-5.02184,0.351154,29.9041
4329,-4.50688,0.419011,29.0989
4330,-4.03657,0.445061,28.3149
4331,-3.61018,0.438298,27.5531
4332,-3.22629,0.406346,26.8138
4333,-2.88293,0.355535,26.0966
4334,-2.57778,0.291029,25.4012
4335,-2.3083,0.216947,24.7266
4336,-2.07184,0.136508,24.0721
4337,-1.86575,0.0521588,23.4369
4338,-1.68741,-0.0343062,22.82
4339,-1.53432,-0.121633,22.2207
4340,-1.40411,-0.209014,21.6384
4341,-1.29459,-0.296006,21.0723
4342,-1.20375,-0.382457,20.522
4343,-1.12976,-0.468452,19.9869
4344,-1.07098,-0.554263,19.4665
4345,-1.02597,-0.640312,18.9604
4346,-0.993458,-0.72714,18.4683
4347,-0.972369,-0.815383,17.9898
4348,-0.961782,-0.905755,17.5246
4349,-0.960937,-0.999039,17.0725
4350,-0.969224,-1.09608,16.6332
4351,-0.986174,-1.19777,16.2065
4352,-1.01145,-1.30506,15.7924
4353,-1.04485,-1.41896,15.3907
4354,-1.08626,-1.54054,15.0012
4355,-1.13573,-1.67094,14.6241
4356,-1.19337,-1.81137,14.2592
4357,-1.25942,-1.96311,13.9068
4358,-1.33424,-2.12757,13.5671
4359,-1.41826,-2.30622,13.2401
4360,-1.51203,-2.50066,12.9265
4361,-1.61622,-2.71263,12.6265
4362,-1.73159,-2.94399,12.341
4363,-1.85901,-3.19675,12.0706
4364,-1.99948,-3.47306,11.8165
4365,-2.15412,-3.77526,11.5798
4366,-2.32414,-4.10583,11.3621
4367,-2.51093,-4.46743,11.1653
4368,-2.71596,-4.86286,10.9918
4369,-2.94087,-5.29505,10.8443
4370,-3.18741,-5.76704,10.7261
4371,-3.45744,-6.28192,10.6413
4372,-3.75298,-6.84274,10.5947
4373,-4.07611,-7.45244,10.5919
4374,-4.42897,-8.11365,10.6397
4375,-4.81377,-8.82854,10.746
4376,-5.23263,-9.59853,10.9199
4377,-5.68759,-10.4239,11.1719
4378,-6.18045,-11.3036,11.514
4379,-6.71261,-12.2342,11.9597
4380,-7.28493,-13.2098,12.5237
4381,-7.89744,-14.2211,13.2218
4382,-8.54909,-15.2542,14.0702
4383,-9.23736,-16.2905,15.0847
4384,-9.95793,-17.3052,16.2796
4385,-10.7042,-18.2671,17.6658
4386,-11.467,-19.1386,19.2488
4387,-12.2339,-19.8759,21.026
4388,-12.9896,-20.4309,22.9841
4389,-13.7154,-20.7539,25.0967
4390,-14.3897,-20.7973,27.3221
4391,-14.9888,-20.5216,29.6034
4392,-15.488,-19.9003,31.8695
4393,-15.8636,-18.9262,34.04
4394,-16.0941,-17.6148,36.031
4395,-16.1631,-16.0061,37.7636
4396,-16.0606,-14.1625,39.1724
4397,-15.7841,-12.1625,40.2127
4398,-15.3396,-10.0934,40.8651
4399,-14.7406,-8.04143,41.1361
4400,-14.0074,-6.08322,41.055
4401,-13.1646,-4.27972,40.6683
4402,-12.2397,-2.67285,40.0326
4403,-11.2604,-1.28526,39.2072
4404,-10.2531,-0.122519,38.2489
4405,-9.24167,0.823376,37.2077
4406,-8.24625,1.56991,36.1245
4407,-7.28323,2.14023,35.0312
4408,-6.36508,2.56,33.9507
4409,-5.50058,2.855,32.8986
4410,-4.69533,3.04956,31.8843
4411,-3.95215,3.16564,30.9128
4412,-3.27165,3.22238,29.9856
4413,-2.65272,3.23607,29.1023
4414,-2.09291,3.22022,28.261
4415,-1.58885,3.18589,27.4593
4416,-1.13655,3.14195,26.6943
4417,-0.731652,3.09544,25.9633
4418,-0.369607,3.05184,25.2635
4419,-0.0458477,3.0154,24.5926
4420,0.244114,2.98934,23.9485
4421,0.504606,2.97609,23.3294
4422,0.739744,2.97748,22.7338
4423,0.9534,2.99485,22.1606
4424,1.14919,3.02922,21.6087
4425,1.33048,3.08139,21.0775
4426,1.50037,3.152,20.5665
4427,1.66172,3.24159,20.0752
4428,1.81719,3.35072,19.6035
4429,1.96921,3.47993,19.1515
4430,2.12006,3.62983,18.7192
4431,2.27185,3.80109,18.3072
4432,2.42655,3.99449,17.9158
4433,2.58604,4.21091,17.5458
4434,2.7521,4.45132,17.1981
4435,2.92644,4.71682,16.874
4436,3.11072,5.00859,16.5748
4437,3.30655,5.3279,16.3022
4438,3.51552,5.67607,16.0584
4439,3.73918,6.05444,15.8457
4440,3.97908,6.46435,15.6671
4441,4.23673,6.90702,15.5258
4442,4.51362,7.38352,15.4257
4443,4.81118,7.89467,15.3712
4444,5.13075,8.44088,15.3673
4445,5.47359,9.022,15.4198
4446,5.84076,9.63718,15.5348
4447,6.23311,10.2846,15.7194
4448,6.65117,10.9612,15.9811
4449,7.09507,11.6623,16.3279
4450,7.56439,12.3817,16.768
4451,8.05805,13.1107,17.3095
4452,8.57413,13.8383,17.9602
4453,9.10972,14.5505,18.7266
4454,9.66071,15.2307,19.6137
4455,10.2217,15.8592,20.6235
4456,10.7857,16.4137,21.7547
4457,11.3442,16.8698,23.001
4458,11.8872,17.202,24.3504
4459,12.4031,17.3853,25.7846
4460,12.8792,17.3968,27.2782
4461,13.302,17.218,28.7992
4462,13.6579,16.8372,30.3095
4463,13.9337,16.251,31.7674
4464,14.1178,15.4664,33.1296
4465,14.2007,14.5009,34.3542
4466,14.1763,13.3825,35.4047
4467,14.0417,12.1471,36.2522
4468,13.7985,10.8366,36.8782
4469,13.4518,9.49493,37.2754
4470,13.0106,8.16496,37.4477
4471,12.4871,6.88501,37.4089
4472,11.8952,5.68674,37.1802
4473,11.2507,4.59371,36.7882
4474,10.5691,3.62109,36.2616
4475,9.86603,2.77615,35.6291
4476,9.15567,2.05937,34.9177
4477,8.45071,1.46588,34.1513
4478,7.76198,0.987006,33.3501
4479,7.09833,0.61161,32.5307
4480,6.46661,0.327355,31.7057
4481,5.87186,0.121622,30.8847
4482,5.31743,-0.0178031,30.0747
4483,4.80523,-0.102266,29.2801
4484,4.33598,-0.14198,28.504
4485,3.90941,-0.145901,27.748
4486,3.52447,-0.121704,27.0128
4487,3.17956,-0.0758314,26.2987
4488,2.87267,-0.0135853,25.6053
4489,2.60152,0.0607611,24.9321
4490,2.3637,0.143841,24.2785
4491,2.15673,0.233073,23.6438
4492,1.97816,0.326546,23.0273
4493,1.82563,0.422913,22.4284
4494,1.69689,0.521301,21.8464
4495,1.58984,0.621224,21.2807
4496,1.50256,0.722519,20.731
4497,1.43328,0.825286,20.1967
4498,1.38047,0.929837,19.6774
4499,1.34273,1.03666,19.1728
4500,1.31889,1.14639,18.6826
4501,1.30793,1.25977,18.2065
4502,1.30901,1.37768,17.7445
4503,1.32146,1.50104,17.2962
4504,1.34478,1.63091,16.8616
4505,1.37859,1.76838,16.4408
4506,1.42269,1.91466,16.0336
4507,1.47698,2.07102,15.6402
4508,1.54153,2.23881,15.2607
4509,1.61652,2.4195,14.8954
4510,1.70225,2.61463,14.5446
4511,1.79916,2.82587,14.2089
4512,1.9078,3.05498,13.8887
4513,2.02884,3.30385,13.585
4514,2.16309,3.57451,13.2986
4515,2.31145,3.86911,13.0308
4516,2.47499,4.18992,12.783
4517,2.65485,4.53937,12.5571
4518,2.85234,4.91997,12.3551
4519,3.06887,5.33435,12.1798
4520,3.30597,5.78519,12.0341
4521,3.56528,6.27519,11.9218
4522,3.84854,6.80701,11.8473
4523,4.15759,7.38313,11.8158
4524,4.49428,8.00577,11.8332
4525,4.86051,8.67666,11.9068
4526,5.25811,9.39687,12.0446
4527,5.68881,10.1665,12.2559
4528,6.15409,10.9841,12.5513
4529,6.65513,11.8468,12.9426
4530,7.19255,12.7491,13.4423
4531,7.76628,13.6827,14.0642
4532,8.37529,14.6354,14.8221
4533,9.0173,15.5911,15.7296
4534,9.68848,16.5286,16.7987
4535,10.3831,17.4212,18.0389
4536,11.093,18.2371,19.455
4537,11.8079,18.9392,21.0455
4538,12.5144,19.4866,22.8001
4539,13.1966,19.8367,24.6978
4540,13.8359,19.9483,26.7052
4541,14.412,19.7854,28.776
4542,14.9034,19.3224,30.8522
4543,15.2889,18.548,32.8664
4544,15.5492,17.4691,34.7468
4545,15.6683,16.1128,36.4235
4546,15.6354,14.5256,37.8351
4547,15.4459,12.7697,38.9355
4548,15.1021,10.9171,39.698
4549,14.6131,9.0427,40.1176
4550,13.994,7.21675,40.2095
4551,13.2649,5.49883,40.0059
4552,12.4488,3.93402,39.5506
4553,11.5701,2.55136,38.8929
4554,10.6529,1.36453,38.083
4555,9.71957,0.374099,37.1671
4556,8.78994,-0.429489,36.1856
4557,7.88069,-1.06264,35.1714
4558,7.00515,-1.54573,34.1496
4559,6.17332,-1.90068,33.1386
4560,5.3922,-2.14924,32.1508
4561,4.66606,-2.31183,31.194
4562,3.99697,-2.40682,30.2723
4563,3.38511,-2.45029,29.3872
4564,2.82928,-2.45591,28.5388
4565,2.32716,-2.43511,27.7257
4566,1.8757,-2.39724,26.9461
4567,1.47132,-2.34987,26.1979
4568,1.11014,-2.29898,25.479
4569,0.788148,-2.24929,24.7873
4570,0.50132,-2.20441,24.121
4571,0.24571,-2.1671,23.4782
4572,0.0175228,-2.13944,22.8577
4573,-0.186847,-2.12295,22.258
4574,-0.370787,-2.11876,21.6782
4575,-0.537453,-2.12769,21.1173
4576,-0.689769,-2.15036,20.5746
4577,-0.830433,-2.18726,20.0495
4578,-0.961927,-2.2388,19.5415
4579,-1.08654,-2.30535,19.0502
4580,-1.20636,-2.38731,18.5755
4581,-1.32335,-2.48515,18.1171
4582,-1.4393,-2.59937,17.675
4583,-1.55591,-2.7306,17.2493
4584,-1.67476,-2.87957,16.8401
4585,-1.79736,-3.04712,16.4477
4586,-1.92518,-3.23425,16.0726
4587,-2.05964,-3.44208,15.7153
4588,-2.20214,-3.6719,15.3765
4589,-2.35406,-3.92512,15.0573
4590,-2.51682,-4.2033,14.7587
4591,-2.69184,-4.50816,14.4822
4592,-2.88058,-4.84152,14.2296
4593,-3.08453,-5.20532,14.003
4594,-3.30526,-5.60158,13.8048
4595,-3.54434,-6.03235,13.6381
4596,-3.80341,-6.49967,13.5064
4597,-4.08415,-7.00549,13.4137
4598,-4.38824,-7.55156,13.3649
4599,-4.71737,-8.13931,13.3657
4600,-5.07316,-8.7697,13.4223
4601,-5.45716,-9.44296,13.5422
4602,-5.87074,-10.1584,13.7336
4603,-6.31501,-10.914,14.0057
4604,-6.7907,-11.706,14.3685
4605,-7.29805,-12.5289,14.8329
4606,-7.83658,-13.3741,15.4099
4607,-8.40493,-14.2303,16.1108
4608,-9.0006,-15.0824,16.9461
4609,-9.61973,-15.9114,17.9247
4610,-10.2568,-16.6941,19.0529
4611,-10.9044,-17.4031,20.333
4612,-11.553,-18.0072,21.7617
4613,-12.191,-18.4729,23.3283
4614,-12.8044,-18.7654,25.0135
4615,-13.3776,-18.8519,26.7885
4616,-13.8934,-18.7042,28.6141
4617,-14.3338,-18.3023,30.4423
4618,-14.6814,-17.6374,32.2181
4619,-14.9201,-16.7154,33.8832
4620,-15.0366,-15.5572,35.3806
4621,-15.0219,-14.199,36.6595
4622,-14.8715,-12.6896,37.6804
4623,-14.5868,-11.086,38.4186
4624,-14.1745,-9.44849,38.8656
4625,-13.6463,-7.83518,39.0294
4626,-13.0181,-6.29702,38.9317
4627,-12.3087,-4.87461,38.6045
4628,-11.5382,-3.5964,38.0861
4629,-10.727,-2.47867,37.4166
4630,-9.89475,-1.52671,36.6348
4631,-9.05897,-0.736877,35.7757
4632,-8.23501,-0.098891,34.8692
4633,-7.43551,0.401825,33.9394
4634,-6.67041,0.782155,33.0046
4635,-5.94703,1.0597,32.0785
4636,-5.27035,1.25162,31.1702
4637,-4.6433,1.3739,30.2857
4638,-4.06706,1.44089,29.4282
4639,-3.54144,1.46512,28.5992
4640,-3.06517,1.4573,27.799
4641,-2.63614,1.42636,27.0269
4642,-2.2517,1.37967,26.2819
4643,-1.90881,1.32316,25.5626
4644,-1.6042,1.26154,24.8676
4645,-1.33454,1.1985,24.1954
4646,-1.09649,1.13684,23.5448
4647,-0.886815,1.07866,22.9144
4648,-0.702392,1.02549,22.3032
4649,-0.540292,0.978414,21.7102
4650,-0.397772,0.938148,21.1345
4651,-0.272298,0.905148,20.5753
4652,-0.161543,0.87967,20.032
4653,-0.0633822,0.861833,19.5039
4654,0.0241105,0.851662,18.9905
4655,0.102679,0.84913,18.4913
4656,0.173898,0.854189,18.0059
4657,0.239186,0.866793,17.5338
4658,0.299824,0.886919,17.0748
4659,0.356972,0.914581,16.6284
4660,0.41168,0.949846,16.1944
4661,0.464911,0.992841,15.7724
4662,0.517549,1.04376,15.3623
4663,0.570419,1.10288,14.9638
4664,0.624293,1.17056,14.5768
4665,0.679913,1.24724,14.201
4666,0.737994,1.33345,13.8363
4667,0.799239,1.42985,13.4827
4668,0.864351,1.53718,13.1401
4669,0.934044,1.6563,12.8085
4670,1.00905,1.78819,12.4879
4671,1.09013,1.93398,12.1786
4672,1.1781,2.09491,11.8807
4673,1.27379,2.27238,11.5944
4674,1.37813,2.46795,11.3203
4675,1.49209,2.68336,11.0589
4676,1.61675,2.9205,10.8109
4677,1.75324,3.18149,10.5771
4678,1.90283,3.4686,10.3587
4679,2.06687,3.78435,10.1572
4680,2.24684,4.13143,9.97409
4681,2.44434,4.51275,9.81164
4682,2.66112,4.93141,9.67236
4683,2.89905,5.39068,9.55938
4684,3.16014,5.89395,9.47646
4685,3.44655,6.4447,9.42814
4686,3.76055,7.04637,9.41984
4687,4.10452,7.70226,9.45806
4688,4.48092,8.41535,9.55047
4689,4.89223,9.18805,9.70613
4690,5.34088,10.0219,9.9356
4691,5.82915,10.917,10.2511
4692,6.35906,11.8718,10.6665
4693,6.93212,12.8822,11.1976
4694,7.54921,13.9406,11.8613
4695,8.21016,15.0353,12.676
4696,8.91348,16.1495,13.6603
4697,9.65593,17.2598,14.8321
4698,10.432,18.3359,16.207
4699,11.2335,19.3396,17.796
4700,12.0488,20.2251,19.6026
4701,12.8631,20.9403,21.6199
4702,13.6574,21.4285,23.8271
4703,14.4092,21.6331,26.1867
4704,15.0932,21.5029,28.6431
4705,15.6819,20.9987,31.1228
4706,16.1475,20.1008,33.5381
4707,16.4645,18.8147,35.7933
4708,16.6114,17.1745,37.7944
4709,16.5735,15.2422,39.459
4710,16.3446,13.1026,40.7264
4711,15.9277,10.854,41.5644
4712,15.3354,8.59745,41.9719
4713,14.5882,6.42526,41.9763
4714,13.7125,4.41287,41.6274
4715,12.7387,2.6136,40.989
4716,11.6979,1.05771,40.1302
4717,10.6203,-0.245519,39.1174
4718,9.53322,-1.3036,38.0098
4719,8.46001,-2.1359,36.856
4720,7.41959,-2.7689,35.6934
4721,6.42639,-3.23223,34.5488
4722,5.49061,-3.55571,33.44
4723,4.61871,-3.76743,32.3774
4724,3.81402,-3.89259,31.3661
4725,3.07728,-3.95306,30.4075
4726,2.40726,-3.96729,29.5004
4727,1.80126,-3.95052,28.6421
4728,1.25552,-3.91509,27.8293
4729,0.765572,-3.87084,27.0584
4730,0.326569,-3.82552,26.3258
4731,-0.0665415,-3.78514,25.6283
4732,-0.41883,-3.75431,24.9631
4733,-0.735266,-3.7365,24.3277
4734,-1.02063,-3.73433,23.72
4735,-1.27947,-3.74973,23.1383
4736,-1.51606,-3.78415,22.5815
4737,-1.73437,-3.83866,22.0485
4738,-1.9381,-3.91406,21.5385
4739,-2.13065,-4.01103,21.0514
4740,-2.31518,-4.13013,20.5867
4741,-2.49457,-4.27187,20.1447
4742,-2.67149,-4.43678,19.7256
4743,-2.84841,-4.62542,19.3299
4744,-3.02763,-4.8384,18.9585
4745,-3.21125,-5.07637,18.6122
4746,-3.40129,-5.34006,18.2923
4747,-3.59961,-5.63021,18.0004
4748,-3.80798,-5.94761,17.7383
4749,-4.02808,-6.29304,17.5081
4750,-4.26149,-6.66722,17.3124
4751,-4.50971,-7.07078,17.1541
4752,-4.77416,-7.50416,17.0364
4753,-5.05613,-7.96754,16.9633
4754,-5.35681,-8.46073,16.9389
4755,-5.67722,-8.98304,16.968
4756,-6.01821,-9.53312,17.0557
4757,-6.38035,-10.1088,17.2077
4758,-6.76393,-10.7068,17.43
4759,-7.16883,-11.3228,17.7286
4760,-7.59444,-11.9508,18.1099
4761,-8.0396,-12.5832,18.5799
4762,-8.50239,-13.2103,19.144
4763,-8.98012,-13.8207,19.8065
4764,-9.46911,-14.4005,20.5705
4765,-9.96465,-14.9341,21.4364
4766,-10.4609,-15.4038,22.4021
4767,-10.9507,-15.7907,23.4617
4768,-11.4259,-16.0754,24.6051
4769,-11.8773,-16.2389,25.8172
4770,-12.2948,-16.2639,27.0782
4771,-12.6676,-16.1363,28.3632
4772,-12.985,-15.847,29.6434
4773,-13.2366,-15.3927,30.8867
4774,-13.4133,-14.7775,32.0599
4775,-13.5073,-14.0132,33.1306
4776,-13.5131,-13.1188,34.0695
4777,-13.4279,-12.1199,34.8521
4778,-13.252,-11.0469,35.461
4779,-12.9885,-9.93269,35.8869
4780,-12.6433,-8.81035,36.1282
4781,-12.2251,-7.71096,36.1911
4782,-11.7443,-6.66162,36.0884
4783,-11.2127,-5.6842,35.8376
4784,-10.6428,-4.79466,35.4589
4785,-10.0472,-4.00302,34.9743
4786,-9.43784,-3.31385,34.405
4787,-8.82588,-2.72704,33.7712
4788,-8.22112,-2.23881,33.0908
4789,-7.63197,-1.84272,32.3792
4790,-7.06532,-1.5306,31.649
4791,-6.52659,-1.29338,30.9105
4792,-6.0198,-1.12172,30.1716
4793,-5.5477,-1.00654,29.4381
4794,-5.11195,-0.939311,28.7144
4795,-4.71327,-0.912281,28.0035
4796,-4.35163,-0.918607,27.3074
4797,-4.02637,-0.952371,26.6274
4798,-3.7364,-1.00858,25.9641
4799,-3.48029,-1.0831,25.3181
4800,-3.25639,-1.17261,24.6892
4801,-3.06293,-1.27451,24.0776
4802,-2.8981,-1.38684,23.4831
4803,-2.76009,-1.5082,22.9055
4804,-2.64715,-1.63767,22.3447
4805,-2.55766,-1.77475,21.8005
4806,-2.49009,-1.91931,21.2728
4807,-2.44307,-2.07149,20.7615
4808,-2.4154,-2.23174,20.2667
4809,-2.40602,-2.40069,19.7885
4810,-2.41407,-2.57918,19.3269
4811,-2.43884,-2.76821,18.8823
4812,-2.4798,-2.96895,18.455
4813,-2.53658,-3.18268,18.0455
4814,-2.60898,-3.41079,17.6543
4815,-2.69695,-3.65482,17.2822
4816,-2.80061,-3.91636,16.93
4817,-2.92021,-4.19712,16.599
4818,-3.05615,-4.49889,16.2904
4819,-3.20896,-4.8235,16.0057
4820,-3.3793,-5.17283,15.747
4821,-3.56794,-5.54881,15.5163
4822,-3.77578,-5.9533,15.3163
4823,-4.00379,-6.38815,15.1501
4824,-4.25301,-6.85505,15.0211
4825,-4.52457,-7.35549,14.9335
4826,-4.81958,-7.89067,14.8919
4827,-5.13915,-8.46134,14.9018
4828,-5.48435,-9.06765,14.969
4829,-5.85609,-9.70895,15.1004
4830,-6.25512,-10.3835,15.3034
4831,-6.68186,-11.0884,15.586
4832,-7.13636,-11.8189,15.9569
4833,-7.61809,-12.5683,16.4248
4834,-8.12587,-13.3277,16.9987
4835,-8.6576,-14.0853,17.6868
4836,-9.21016,-14.8263,18.4964
4837,-9.77913,-15.5328,19.4328
4838,-10.3587,-16.1837,20.4982
4839,-10.9414,-16.7549,21.691
4840,-11.5181,-17.2201,23.0045
4841,-12.0779,-17.5521,24.4254
4842,-12.6085,-17.7239,25.9336
4843,-13.0962,-17.7113,27.5012
4844,-13.5266,-17.495,29.093
4845,-13.8851,-17.0632,30.6679
4846,-14.1578,-16.4139,32.1804
4847,-14.3326,-15.5563,33.584
4848,-14.3999,-14.511,34.8345
4849,-14.3534,-13.3099,35.8939
4850,-14.1912,-11.9934,36.7332
4851,-13.9154,-10.6072,37.335
4852,-13.5324,-9.19895,37.6945
4853,-13.0527,-7.81382,37.8185
4854,-12.4895,-6.49157,37.7245
4855,-11.8585,-5.26406,37.4374
4856,-11.1763,-4.15408,36.9867
4857,-10.4596,-3.17531,36.4038
4858,-9.7246,-2.33308,35.7193
4859,-8.98594,-1.62578,34.9613
4860,-8.25653,-1.04647,34.1543
4861,-7.54718,-0.584611,33.3186
4862,-6.86655,-0.227511,32.4703
4863,-6.22123,0.0384298,31.6216
4864,-5.61587,0.226783,30.7815
4865,-5.05342,0.350441,29.9561
4866,-4.53538,0.4212,29.1494
4867,-4.06203,0.449544,28.3638
4868,-3.6327,0.444563,27.6004
4869,-3.246,0.413969,26.8595
4870,-2.89999,0.364176,26.1409
4871,-2.59236,0.300418,25.444
4872,-2.32057,0.22688,24.768
4873,-2.08198,0.146833,24.1122
4874,-1.87392,0.0627709,23.4756
4875,-1.69378,-0.0234738,22.8575
4876,-1.53904,-0.110615,22.2571
4877,-1.40733,-0.19782,21.6737
4878,-1.29643,-0.284621,21.1066
4879,-1.20432,-0.370852,20.5552
4880,-1.12916,-0.456581,20.0191
4881,-1.06929,-0.542069,19.4977
4882,-1.02326,-0.627727,18.9906
4883,-0.98979,-0.714087,18.4976
4884,-0.967782,-0.801777,18.0181
4885,-0.956306,-0.891504,17.552
4886,-0.95459,-0.984044,17.099
4887,-0.962014,-1.08023,16.6588
4888,-0.978097,-1.18095,16.2312
4889,-1.00249,-1.28715,15.8162
4890,-1.03498,-1.39984,15.4135
4891,-1.07545,-1.52006,15.0231
4892,-1.12392,-1.64894,14.645
4893,-1.18051,-1.78769,14.2791
4894,-1.24545,-1.93758,13.9257
4895,-1.31907,-2.09999,13.5847
4896,-1.4018,-2.27638,13.2566
4897,-1.49418,-2.46835,12.9417
4898,-1.59686,-2.6776,12.6404
4899,-1.7106,-2.90598,12.3533
4900,-1.83625,-3.15548,12.0812
4901,-1.97479,-3.42823,11.8252
4902,-2.12732,-3.72655,11.5864
4903,-2.29506,-4.05289,11.3664
4904,-2.47936,-4.4099,11.1669
4905,-2.68168,-4.80035,10.9903
4906,-2.90365,-5.22718,10.8392
4907,-3.14699,-5.69341,10.7169
4908,-3.41357,-6.20213,10.6274
4909,-3.70538,-6.75643,10.5753
4910,-4.02449,-7.35927,10.5661
4911,-4.37306,-8.01334,10.6065
4912,-4.75328,-8.72091,10.7041
4913,-5.1673,-9.48354,10.8679
4914,-5.61718,-10.3017,11.1082
4915,-6.10478,-11.1746,11.4369
4916,-6.63157,-12.0992,11.8673
4917,-7.1985,-13.07,12.4138
4918,-7.80576,-14.0781,13.0922
4919,-8.45248,-15.1106,13.9188
4920,-9.13637,-16.1494,14.9095
4921,-9.8534,-17.1706,16.0791
4922,-10.5973,-18.144,17.4389
4923,-11.3593,-19.0327,18.9956
4924,-12.1275,-19.7938,20.7479
4925,-12.887,-20.3794,22.6842
4926,-13.6194,-20.7396,24.7801
4927,-14.3035,-20.8264,26.9961
4928,-14.9158,-20.5982,29.2772
4929,-15.4317,-20.0265,31.5542
4930,-15.827,-19.1009,33.7473
4931,-16.0798,-17.8334,35.7725
4932,-16.1728,-16.2609,37.5493
4933,-16.0949,-14.4427,39.0097
4934,-15.8426,-12.456,40.1057
4935,-15.4205,-10.3875,40.8141
4936,-14.8414,-8.32441,41.1378
4937,-14.1246,-6.34543,41.1033
4938,-13.2943,-4.51415,40.7553
4939,-12.3779,-2.87532,40.1496
4940,-11.4031,-1.45425,39.3457
4941,-10.3967,-0.258691,38.4012
4942,-9.38302,0.717754,37.3671
4943,-8.38285,1.49156,36.2862
4944,-7.41312,2.08538,35.1913
4945,-6.48684,2.52477,34.1068
4946,-5.61332,2.83569,33.0491
4947,-4.79854,3.04279,32.0283
4948,-4.04569,3.16845,31.05
4949,-3.35567,3.23226,30.1162
4950,-2.72755,3.25091,29.2265
4951,-2.15903,3.23834,28.3794
4952,-1.64685,3.20594,27.5722
4953,-1.18708,3.16286,26.8023
4954,-0.775374,3.11639,26.0667
4955,-0.407199,3.07221,25.3629
4956,-0.0779696,3.03474,24.6883
4957,0.216826,3.00732,24.0408
4958,0.481551,2.99249,23.4186
4959,0.72036,2.99214,22.8202
4960,0.937169,3.00768,22.2442
4961,1.13564,3.04018,21.6899
4962,1.31917,3.09044,21.1563
4963,1.4909,3.15913,20.6429
4964,1.65374,3.24681,20.1494
4965,1.81037,3.35403,19.6756
4966,1.96326,3.48133,19.2215
4967,2.11472,3.6293,18.7873
4968,2.26687,3.79862,18.3732
4969,2.42172,3.99005,17.9798
4970,2.58115,4.20445,17.6078
4971,2.74696,4.44278,17.2581
4972,2.92087,4.70612,16.9319
4973,3.10456,4.99564,16.6305
4974,3.29962,5.31258,16.3557
4975,3.50767,5.65826,16.1095
4976,3.73026,6.03402,15.8944
4977,3.96893,6.44116,15.713
4978,4.22521,6.88091,15.5688
4979,4.50056,7.35435,15.4655
4980,4.79643,7.86228,15.4075
4981,5.11417,8.40515,15.3997
4982,5.45502,8.98283,15.4479
4983,5.82006,9.59452,15.5581
4984,6.21015,10.2384,15.7373
4985,6.62584,10.9116,15.993
4986,7.06727,11.6096,16.333
4987,7.53407,12.3261,16.7656
4988,8.02519,13.0527,17.2988
4989,8.53879,13.7785,17.9404
4990,9.07201,14.49,18.697
4991,9.62084,15.1707,19.5736
4992,10.18,15.801,20.5724
4993,10.7425,16.3591,21.6924
4994,11.3002,16.8208,22.9275
4995,11.8431,17.1606,24.2663
4996,12.3597,17.3538,25.6908
4997,12.8375,17.3773,27.1764
4998,13.2631,17.2124,28.6915
4999,13.6229,16.8468,30.1987
5000,13.9037,16.2767,31.6566
5001,14.0939,15.5083,33.0221
5002,14.1839,14.5583,34.2535
5003,14.1671,13.4537,35.3139
5004,14.0408,12.2299,36.1739
5005,13.806,10.9281,36.8144
5006,13.4676,9.59216,37.2272
5007,13.0344,8.26469,37.4154
5008,12.518,6.98431,37.392
5009,11.9326,5.78306,37.1777
5010,11.2934,4.68502,36.7985
5011,10.6161,3.70593,36.283
5012,9.91631,2.85362,35.6597
5013,9.20816,2.12907,34.9556
5014,8.50446,1.52784,34.1949
5015,7.81615,1.04153,33.398
5016,7.15219,0.659257,32.5814
5017,6.51958,0.368818,31.7584
5018,5.92346,0.15766,30.9385
5019,5.36732,0.0135901,30.1289
5020,4.85317,-0.0747607,29.3344
5021,4.38182,-0.117651,28.5579
5022,3.95307,-0.124096,27.8014
5023,3.56595,-0.101838,27.0655
5024,3.21891,-0.057388,26.3506
5025,2.90998,0.00388551,25.6564
5026,2.63691,0.0776485,24.9823
5027,2.39732,0.160479,24.3278
5028,2.18873,0.249748,23.6923
5029,2.00872,0.343503,23.075
5030,1.85492,0.440363,22.4752
5031,1.72508,0.539426,21.8924
5032,1.61711,0.640185,21.3261
5033,1.52908,0.74246,20.7756
5034,1.45924,0.846338,20.2406
5035,1.40601,0.952123,19.7207
5036,1.36803,1.0603,19.2155
5037,1.3441,1.1715,18.7248
5038,1.3332,1.28648,18.2483
5039,1.3345,1.40609,17.7858
5040,1.34732,1.53131,17.3372
5041,1.37115,1.66315,16.9024
5042,1.40563,1.80276,16.4813
5043,1.45053,1.95133,16.0741
5044,1.50579,2.11016,15.6807
5045,1.57145,2.28061,15.3014
5046,1.6477,2.46415,14.9364
5047,1.73486,2.66236,14.5861
5048,1.83337,2.87691,14.251
5049,1.94378,3.10958,13.9318
5050,2.06678,3.36228,13.6292
5051,2.20317,3.63706,13.3443
5052,2.35388,3.93607,13.0782
5053,2.51998,4.2616,12.8326
5054,2.70262,4.61609,12.6093
5055,2.90312,5.00205,12.4104
5056,3.1229,5.4221,12.2388
5057,3.36349,5.87891,12.0975
5058,3.62655,6.37516,11.9904
5059,3.91381,6.91345,11.9221
5060,4.22709,7.49618,11.8977
5061,4.56825,8.12547,11.9235
5062,4.93915,8.80293,12.0067
5063,5.34159,9.52942,12.1557
5064,5.77724,10.3048,12.3798
5065,6.24752,11.1273,12.6898
5066,6.75348,11.9937,13.0975
5067,7.29562,12.8979,13.6157
5068,7.8737,13.831,14.2579
5069,8.48647,14.7804,15.0378
5070,9.13139,15.729,15.9688
5071,9.80431,16.6549,17.0622
5072,10.4991,17.5307,18.3267
5073,11.2074,18.3237,19.7662
5074,11.9183,18.9966,21.3774
5075,12.6181,19.5083,23.1484
5076,13.2905,19.8168,25.0563
5077,13.9167,19.8818,27.0657
5078,14.4764,19.6694,29.1285
5079,14.9482,19.1562,31.1855
5080,15.3113,18.3341,33.1688
5081,15.547,17.2134,35.0072
5082,15.6404,15.8244,36.6325
5083,15.5816,14.2158,37.9861
5084,15.3672,12.4512,39.0255
5085,15.0007,10.603,39.7275
5086,14.4921,8.74486,40.0906
5087,13.8574,6.94491,40.1329
5088,13.117,5.26002,39.8884
5089,12.294,3.73233,39.4015
5090,11.4127,2.38815,38.7214
5091,10.4968,1.23889,37.8973
5092,9.56805,0.283402,36.9744
5093,8.64575,-0.488925,35.9913
5094,7.74591,-1.09505,34.9795
5095,6.88124,-1.55544,33.9629
5096,6.06121,-1.89186,32.9588
5097,5.29234,-2.12567,31.9788
5098,4.57853,-2.27682,31.03
5099,3.92153,-2.36318,30.1162
5100,3.32133,-2.40033,29.2386
5101,2.77655,-2.40148,28.397
5102,2.28478,-2.37767,27.5902
5103,1.84292,-2.3379,26.8163
5104,1.44736,-2.28943,26.0731
5105,1.09424,-2.23803,25.3587
5106,0.779576,-2.18818,24.671
5107,0.499376,-2.14337,24.0082
5108,0.249753,-2.10621,23.3687
5109,0.0269695,-2.07867,22.7509
5110,-0.172519,-2.06221,22.1538
5111,-0.352039,-2.0579,21.5762
5112,-0.514684,-2.06651,21.0173
5113,-0.663319,-2.08862,20.4763
5114,-0.800586,-2.12468,19.9528
5115,-0.928914,-2.1751,19.4461
5116,-1.05054,-2.24022,18.9559
5117,-1.16751,-2.32045,18.4821
5118,-1.28173,-2.41622,18.0244
5119,-1.39497,-2.52804,17.5827
5120,-1.50888,-2.65651,17.1572
5121,-1.625,-2.80238,16.7479
5122,-1.74484,-2.96646,16.3552
5123,-1.8698,-3.14976,15.9793
5124,-2.00129,-3.35339,15.6209
5125,-2.14068,-3.57863,15.2807
5126,-2.28934,-3.82688,14.9595
5127,-2.44865,-4.09972,14.6585
5128,-2.62002,-4.39885,14.379
5129,-2.8049,-4.72612,14.1227
5130,-3.00477,-5.08349,13.8916
5131,-3.22116,-5.47299,13.6882
5132,-3.45567,-5.89675,13.5152
5133,-3.70993,-6.35685,13.3761
5134,-3.98562,-6.85534,13.2749
5135,-4.28445,-7.3941,13.2163
5136,-4.60812,-7.97473,13.2056
5137,-4.95832,-8.59839,13.2492
5138,-5.33665,-9.26559,13.3542
5139,-5.74456,-9.97596,13.5288
5140,-6.18329,-10.7279,13.782
5141,-6.65371,-11.5183,14.1239
5142,-7.15625,-12.342,14.5652
5143,-7.69066,-13.1913,15.1174
5144,-8.25586,-14.0556,15.7918
5145,-8.84968,-14.9206,16.5995
5146,-9.46863,-15.7682,17.5503
5147,-10.1076,-16.5759,18.6515
5148,-10.7596,-17.3169,19.9068
5149,-11.4157,-17.9603,21.3147
5150,-12.0644,-18.4724,22.8664
5151,-12.6924,-18.8177,24.545
5152,-13.284,-18.962,26.3235
5153,-13.822,-18.8747,28.1648
5154,-14.2884,-18.5329,30.022
5155,-14.665,-17.9244,31.8405
5156,-14.935,-17.0512,33.561
5157,-15.084,-15.9309,35.1246
5158,-15.1016,-14.5969,36.4772
5159,-14.9821,-13.0962,37.5755
5160,-14.7254,-11.4858,38.3903
5161,-14.337,-9.82717,38.9094
5162,-13.8278,-8.18054,39.1372
5163,-13.2133,-6.60006,39.0931
5164,-12.5118,-5.12974,38.8082
5165,-11.7438,-3.80134,38.3205
5166,-10.9302,-2.63402,37.671
5167,-10.0911,-1.63528,36.9001
5168,-9.24485,-0.802984,36.0445
5169,-8.40764,-0.12771,35.1358
5170,-7.59287,0.404817,34.1997
5171,-6.81119,0.811592,33.2561
5172,-6.07054,1.11061,32.3195
5173,-5.37641,1.31958,31.4002
5174,-4.73212,1.45512,30.5046
5175,-4.13919,1.53222,29.6365
5176,-3.59763,1.56402,28.7975
5177,-3.10632,1.56176,27.988
5178,-2.66323,1.53489,27.2075
5179,-2.26573,1.49118,26.4547
5180,-1.91078,1.43692,25.7285
5181,-1.59507,1.37711,25.0271
5182,-1.3152,1.31568,24.3493
5183,-1.06777,1.25564,23.6935
5184,-0.84943,1.19925,23.0584
5185,-0.656991,1.14817,22.4429
5186,-0.48742,1.10359,21.846
5187,-0.337879,1.06632,21.2668
5188,-0.205739,1.0369,20.7043
5189,-0.0885801,1.01565,20.158
5190,0.0158096,1.00274,19.6273
5191,0.109444,0.998257,19.1114
5192,0.194151,1.00223,18.61
5193,0.271584,1.01468,18.1226
5194,0.343244,1.0356,17.6489
5195,0.410486,1.06505,17.1883
5196,0.474548,1.1031,16.7408
5197,0.536556,1.1499,16.3059
5198,0.597549,1.20568,15.8834
5199,0.658491,1.27071,15.4731
5200,0.720285,1.34538,15.0748
5201,0.78379,1.43017,14.6885
5202,0.849832,1.52566,14.3139
5203,0.919222,1.63252,13.951
5204,0.99276,1.75158,13.5998
5205,1.07126,1.88374,13.2605
5206,1.15554,2.03007,12.933
5207,1.24645,2.19177,12.6177
5208,1.34491,2.37018,12.3148
5209,1.45183,2.5668,12.0248
5210,1.56824,2.78329,11.7483
5211,1.69521,3.02151,11.4858
5212,1.8339,3.28347,11.2385
5213,1.98556,3.57139,11.0073
5214,2.15154,3.88768,10.7937
5215,2.3333,4.23493,10.5996
5216,2.53241,4.61595,10.4268
5217,2.75059,5.03368,10.2782
5218,2.98966,5.49124,10.1567
5219,3.25158,5.99184,10.0662
5220,3.53843,6.53875,10.0112
5221,3.85239,7.13516,9.99698
5222,4.19575,7.7841,10.0301
5223,4.57084,8.48823,10.118
5224,4.98,9.24961,10.2696
5225,5.4255,10.0694,10.4952
5226,5.90944,10.9473,10.8067
5227,6.43361,11.8814,11.2175
5228,6.99934,12.8672,11.7425
5229,7.60723,13.8967,12.398
5230,8.25691,14.9582,13.2014
5231,8.94667,16.0348,14.1699
5232,9.67306,17.1035,15.32
5233,10.4305,18.1348,16.6657
5234,11.2107,19.0918,18.2164
5235,12.0024,19.9309,19.974
5236,12.7909,20.6025,21.9308
5237,13.5581,21.0535,24.0654
5238,14.2823,21.2313,26.3411
5239,14.9394,21.0885,28.7044
5240,15.5033,20.5899,31.0855
5241,15.9482,19.7179,33.4015
5242,16.2498,18.479,35.5631
5243,16.3883,16.9057,37.4823
5244,16.3499,15.0563,39.0823
5245,16.1291,13.0098,40.3064
5246,15.7286,10.858,41.1239
5247,15.1602,8.69509,41.5327
5248,14.4431,6.60777,41.5573
5249,13.6022,4.66741,41.2429
5250,12.666,2.92529,40.6484
5251,11.6639,1.4114,39.8375
5252,10.6247,0.136188,38.8729
5253,9.57437,-0.90577,37.8105
5254,8.53549,-1.73136,36.6968
5255,7.52642,-2.36453,35.5682
5256,6.56133,-2.83265,34.4512
5257,5.65038,-3.16363,33.3638
5258,4.80018,-3.38402,32.317
5259,4.01428,-3.51794,31.3165
5260,3.29373,-3.58643,30.3645
5261,2.63767,-3.60742,29.4604
5262,2.04373,-3.59581,28.6021
5263,1.50849,-3.56375,27.7869
5264,1.02782,-3.521,27.0115
5265,0.597153,-3.47528,26.2729
5266,0.211719,-3.43262,25.5679
5267,-0.133319,-3.39768,24.8939
5268,-0.442715,-3.37397,24.2485
5269,-0.721068,-3.36418,23.6299
5270,-0.972755,-3.37028,23.0363
5271,-1.2019,-3.39377,22.4665
5272,-1.41237,-3.43574,21.9194
5273,-1.60773,-3.49707,21.3943
5274,-1.79129,-3.57842,20.8907
5275,-1.96613,-3.68038,20.4083
5276,-2.13505,-3.80352,19.947
5277,-2.30065,-3.94838,19.5069
5278,-2.46536,-4.11555,19.0884
5279,-2.63141,-4.3057,18.692
5280,-2.8009,-4.51956,18.3184
5281,-2.97578,-4.75794,17.9685
5282,-3.15793,-5.02174,17.6437
5283,-3.34912,-5.31193,17.3453
5284,-3.55105,-5.62953,17.075
5285,-3.76535,-5.97559,16.8352
5286,-3.99361,-6.35115,16.6281
5287,-4.23736,-6.75718,16.4566
5288,-4.49806,-7.19453,16.3242
5289,-4.77711,-7.66382,16.2346
5290,-5.07582,-8.16538,16.1921
5291,-5.39539,-8.69908,16.2017
5292,-5.73687,-9.26417,16.2686
5293,-6.10109,-9.85916,16.399
5294,-6.48862,-10.4815,16.5993
5295,-6.89968,-11.1276,16.8763
5296,-7.33404,-11.792,17.2371
5297,-7.7909,-12.4678,17.689
5298,-8.26879,-13.1459,18.2386
5299,-8.76539,-13.815,18.8921
5300,-9.27743,-14.4612,19.6542
5301,-9.80048,-15.0684,20.5276
5302,-10.3289,-15.618,21.5124
5303,-10.8557,-16.0891,22.6047
5304,-11.3726,-16.4601,23.7964
5305,-11.8698,-16.7087,25.074
5306,-12.3366,-16.8139,26.4183
5307,-12.7613,-16.7573,27.8043
5308,-13.1317,-16.5251,29.2013
5309,-13.436,-16.11,30.5747
5310,-13.663,-15.5126,31.8871
5311,-13.8031,-14.7422,33.1007
5312,-13.8488,-13.8172,34.1804
5313,-13.7958,-12.7641,35.0958
5314,-13.6427,-11.616,35.8242
5315,-13.3918,-10.4097,36.3516
5316,-13.0487,-9.18357,36.6737
5317,-12.6221,-7.97408,36.7954
5318,-12.1231,-6.81369,36.7297
5319,-11.5647,-5.72892,36.4957
5320,-10.9607,-4.73947,36.1165
5321,-10.3251,-3.85795,35.6169
5322,-9.67166,-3.09041,35.0217
5323,-9.01288,-2.43721,34.3542
5324,-8.36001,-1.89428,33.6352
5325,-7.72265,-1.45425,32.8825
5326,-7.10867,-1.1077,32.1105
5327,-6.52423,-0.844092,31.3307
5328,-5.9739,-0.652607,30.5521
5329,-5.46078,-0.522693,29.7811
5330,-4.9867,-0.444486,29.0221
5331,-4.55244,-0.409053,28.2784
5332,-4.15787,-0.408515,27.5517
5333,-3.8022,-0.436081,26.8432
5334,-3.48413,-0.486026,26.1533
5335,-3.20197,-0.553626,25.4822
5336,-2.95379,-0.635065,24.8296
5337,-2.73752,-0.727342,24.1953
5338,-2.55105,-0.828172,23.5789
5339,-2.39226,-0.935885,22.9799
5340,-2.25911,-1.04934,22.3979
5341,-2.14968,-1.16785,21.8326
5342,-2.06217,-1.29109,21.2836
5343,-1.99495,-1.41908,20.7507
5344,-1.94654,-1.55208,20.2335
5345,-1.91566,-1.69059,19.7319
5346,-1.90119,-1.8353,19.2459
5347,-1.9022,-1.98706,18.7753
5348,-1.91794,-2.14686,18.3201
5349,-1.94782,-2.31583,17.8806
5350,-1.99143,-2.49519,17.4568
5351,-2.04851,-2.68631,17.049
5352,-2.11898,-2.89063,16.6577
5353,-2.20289,-3.10972,16.2833
5354,-2.30044,-3.34522,15.9265
5355,-2.41198,-3.5989,15.5881
5356,-2.53801,-3.87262,15.2691
5357,-2.67914,-4.16834,14.9708
5358,-2.83612,-4.48809,14.6946
5359,-3.00984,-4.83401,14.4423
5360,-3.20131,-5.20828,14.2161
5361,-3.41163,-5.61312,14.0185
5362,-3.64203,-6.05074,13.8525
5363,-3.89382,-6.52332,13.7217
5364,-4.1684,-7.03286,13.6302
5365,-4.4672,-7.58119,13.5828
5366,-4.79168,-8.16974,13.5851
5367,-5.14328,-8.79943,13.6435
5368,-5.52334,-9.47046,13.7652
5369,-5.93307,-10.182,13.9584
5370,-6.3734,-10.9321,14.2321
5371,-6.84492,-11.7168,14.5962
5372,-7.34769,-12.5303,15.0612
5373,-7.88111,-13.3643,15.638
5374,-8.44366,-14.2072,16.3372
5375,-9.03273,-15.0441,17.169
5376,-9.64435,-15.856,18.1418
5377,-10.2729,-16.6201,19.2612
5378,-10.911,-17.3095,20.529
5379,-11.5491,-17.8936,21.9412
5380,-12.1757,-18.3399,23.4869
5381,-12.7771,-18.6148,25.1466
5382,-13.3378,-18.6868,26.8913
5383,-13.8411,-18.529,28.6828
5384,-14.2696,-18.1226,30.4739
5385,-14.6062,-17.4602,32.2109
5386,-14.8356,-16.5479,33.8375
5387,-14.945,-15.4067,35.2986
5388,-14.9258,-14.0722,36.5453
5389,-14.7739,-12.5918,37.5398
5390,-14.4907,-11.0209,38.2585
5391,-14.083,-9.41778,38.6934
5392,-13.5623,-7.83849,38.8524
5393,-12.944,-6.33229,38.7564
5394,-12.2463,-4.93846,38.4362
5395,-11.4891,-3.68464,37.9288
5396,-10.692,-2.58676,37.2729
5397,-9.8741,-1.65018,36.5061
5398,-9.05261,-0.871629,35.6624
5399,-8.24247,-0.241381,34.7707
5400,-7.45608,0.25449,33.8547
5401,-6.70318,0.63221,32.9324
5402,-5.99101,0.908764,32.0172
5403,-5.32452,1.10078,31.1184
5404,-4.70663,1.22377,30.2419
5405,-4.13861,1.29171,29.3911
5406,-3.62033,1.31686,28.5677
5407,-3.15062,1.30969,27.7721
5408,-2.7275,1.27897,27.0038
5409,-2.3484,1.23193,26.2618
5410,-2.01041,1.17442,25.5449
5411,-1.71037,1.11109,24.8517
5412,-1.44503,1.04556,24.181
5413,-1.21118,0.980606,23.5314
5414,-1.00565,0.918292,22.9018
5415,-0.825411,0.860119,22.2912
5416,-0.66762,0.807131,21.6985
5417,-0.529607,0.760016,21.1229
5418,-0.408909,0.719189,20.5636
5419,-0.30327,0.684859,20.0201
5420,-0.210632,0.657092,19.4916
5421,-0.129137,0.63585,18.9776
5422,-0.0571061,0.621033,18.4776
5423,0.00696527,0.612507,17.9912
5424,0.0644267,0.61013,17.518
5425,0.116486,0.61377,17.0576
5426,0.164224,0.623317,16.6096
5427,0.20861,0.638698,16.1737
5428,0.250517,0.659884,15.7496
5429,0.290733,0.686896,15.3369
5430,0.329978,0.719814,14.9355
5431,0.368912,0.758777,14.5451
5432,0.408149,0.803992,14.1653
5433,0.448268,0.855734,13.7961
5434,0.489823,0.91435,13.4371
5435,0.533351,0.980267,13.0883
5436,0.579383,1.05399,12.7495
5437,0.628451,1.13612,12.4205
5438,0.681099,1.22733,12.1013
5439,0.737889,1.32842,11.7918
5440,0.799407,1.44028,11.492
5441,0.866276,1.5639,11.202
5442,0.939162,1.70043,10.9217
5443,1.01878,1.85112,10.6515
5444,1.1059,2.01739,10.3915
5445,1.20137,2.20079,10.142
5446,1.3061,2.40306,9.90361
5447,1.42111,2.62611,9.67683
5448,1.54749,2.87206,9.46244
5449,1.68644,3.14321,9.26141
5450,1.8393,3.44211,9.07496
5451,2.00751,3.77151,8.90459
5452,2.19265,4.1344,8.75216
5453,2.39646,4.53401,8.61996
5454,2.62082,4.97377,8.51077
5455,2.86776,5.45733,8.42801
5456,3.13949,5.98846,8.37579
5457,3.43836,6.57105,8.35914
5458,3.76688,7.20896,8.38404
5459,4.12767,7.90588,8.45771
5460,4.52344,8.66515,8.58873
5461,4.95692,9.48944,8.78723
5462,5.43082,10.3804,9.06512
5463,5.94764,11.3382,9.43617
5464,6.50959,12.3608,9.91616
5465,7.11831,13.4431,10.5228
5466,7.77466,14.5763,11.2755
5467,8.47831,15.7465,12.195
5468,9.22736,16.9335,13.3021
5469,10.0178,18.1098,14.6168
5470,10.843,19.2393,16.1557
5471,11.6932,20.2771,17.9297
5472,12.5546,21.1696,19.9401
5473,13.4095,21.8564,22.1752
5474,14.2359,22.2731,24.6063
5475,15.0077,22.3572,27.1846
5476,15.6957,22.0551,29.8403
5477,16.2692,21.33,32.4839
5478,16.6981,20.1706,35.0122
5479,16.9556,18.597,37.317
5480,17.0208,16.6624,39.297
5481,16.8814,14.4503,40.8703
5482,16.5357,12.0655,41.9843
5483,15.9921,9.6225,42.6216
5484,15.2695,7.23124,42.8001
5485,14.3945,4.98591,42.5671
5486,13.399,2.95689,41.9901
5487,12.3176,1.18778,41.1464
5488,11.1841,-0.303361,40.1132
5489,10.03,-1.5197,38.9608
5490,8.88251,-2.4799,37.7479
5491,7.76412,-3.21234,36.5201
5492,6.69215,-3.75004,35.3103
5493,5.67907,-4.12693,34.1406
5494,4.733,-4.37525,33.0238
5495,3.85835,-4.52405,31.9664
5496,3.05655,-4.59858,30.9698
5497,2.32669,-4.62006,30.0327
5498,1.66608,-4.606,29.1518
5499,1.0708,-4.57052,28.323
5500,0.536129,-4.52481,27.5419
5501,0.0568159,-4.47767,26.8042
5502,-0.37261,-4.43587,26.106
5503,-0.757664,-4.40456,25.4439
5504,-1.10377,-4.38762,24.8148
5505,-1.41613,-4.38794,24.2165
5506,-1.69973,-4.40762,23.647
5507,-1.95921,-4.4482,23.1048
5508,-2.19892,-4.51078,22.5887
5509,-2.42287,-4.59619,22.0982
5510,-2.63476,-4.70502,21.6328
5511,-2.838,-4.83775,21.1924
5512,-3.03571,-4.99479,20.7773
5513,-3.23073,-5.1765,20.3878
5514,-3.4257,-5.38324,20.0247
5515,-3.62301,-5.61538,19.689
5516,-3.82488,-5.87328,19.382
5517,-4.03334,-6.15729,19.1051
5518,-4.25027,-6.46775,18.8604
5519,-4.47738,-6.80493,18.6498
5520,-4.71628,-7.16897,18.476
5521,-4.96838,-7.55987,18.3417
5522,-5.23498,-7.97737,18.2501
5523,-5.5172,-8.42087,18.2048
5524,-5.81599,-8.88936,18.2097
5525,-6.13208,-9.38126,18.2691
5526,-6.46594,-9.89426,18.3874
5527,-6.81775,-10.4253,18.5695
5528,-7.18731,-10.9701,18.8202
5529,-7.57401,-11.5234,19.1443
5530,-7.97672,-12.0786,19.5462
5531,-8.39371,-12.6276,20.03
5532,-8.82256,-13.1605,20.5986
5533,-9.26011,-13.6663,21.2539
5534,-9.70232,-14.1321,21.9957
5535,-10.1443,-14.5439,22.8218
5536,-10.5801,-14.8867,23.7271
5537,-11.0032,-15.1452,24.7031
5538,-11.4059,-15.3045,25.7379
5539,-11.7801,-15.351,26.8158
5540,-12.1172,-15.2733,27.9174
5541,-12.4084,-15.0636,29.0203
5542,-12.6455,-14.7185,30.0994
5543,-12.8206,-14.2398,31.1286
5544,-12.9274,-13.6349,32.082
5545,-12.9608,-12.917,32.9352
5546,-12.918,-12.1041,33.6674
5547,-12.7982,-11.2186,34.2623
5548,-12.603,-10.2854,34.7091
5549,-12.3363,-9.3305,35.0031
5550,-12.0041,-8.37915,35.1457
5551,-11.6142,-7.45461,35.1434
5552,-11.1754,-6.57677,35.0072
5553,-10.6978,-5.76146,34.7514
5554,-10.1916,-5.02011,34.3921
5555,-9.66685,-4.35982,33.9461
5556,-9.13328,-3.78376,33.4299
5557,-8.59975,-3.29172,32.8593
5558,-8.07412,-2.88083,32.248
5559,-7.56315,-2.54627,31.6083
5560,-7.07241,-2.28192,30.9505
5561,-6.60634,-2.08095,30.2829
5562,-6.16828,-1.93631,29.6123
5563,-5.76058,-1.84106,28.944
5564,-5.38474,-1.78863,28.2819
5565,-5.0415,-1.77303,27.6291
5566,-4.731,-1.7889,26.9877
5567,-4.45289,-1.8316,26.3595
5568,-4.20645,-1.89717,25.7453
5569,-3.99067,-1.98236,25.1462
5570,-3.80437,-2.08452,24.5626
5571,-3.64626,-2.20162,23.9949
5572,-3.51499,-2.33214,23.4435
5573,-3.40925,-2.47502,22.9086
5574,-3.32773,-2.62964,22.3906
5575,-3.26924,-2.79573,21.8896
5576,-3.23268,-2.97332,21.406
5577,-3.21707,-3.16273,20.9403
5578,-3.22156,-3.36451,20.4929
5579,-3.24545,-3.57941,20.0643
5580,-3.28819,-3.80835,19.6554
5581,-3.34937,-4.05239,19.2668
5582,-3.42873,-4.31273,18.8996
5583,-3.52615,-4.59063,18.555
5584,-3.64166,-4.88747,18.2343
5585,-3.77539,-5.20463,17.939
5586,-3.92761,-5.54353,17.6712
5587,-4.09871,-5.90557,17.4328
5588,-4.28915,-6.29208,17.2264
5589,-4.49949,-6.7043,17.0548
5590,-4.73032,-7.14326,16.9213
5591,-4.98229,-7.60976,16.8295
5592,-5.25603,-8.10424,16.7834
5593,-5.55212,-8.62667,16.7879
5594,-5.87108,-9.1764,16.8478
5595,-6.21328,-9.75203,16.9687
5596,-6.57884,-10.3512,17.1567
5597,-6.96764,-10.9703,17.4178
5598,-7.37913,-11.6045,17.7586
5599,-7.81228,-12.2472,18.1854
5600,-8.26545,-12.8899,18.7042
5601,-8.73625,-13.5222,19.3203
5602,-9.22141,-14.1315,20.0375
5603,-9.71666,-14.7028,20.8582
5604,-10.2167,-15.2194,21.7817
5605,-10.7148,-15.6626,22.8044
5606,-11.2034,-16.0129,23.9186
5607,-11.6736,-16.2504,25.1118
5608,-12.1153,-16.3562,26.3666
5609,-12.5181,-16.3141,27.6604
5610,-12.8709,-16.1117,28.966
5611,-13.1627,-15.742,30.2521
5612,-13.3835,-15.2052,31.4853
5613,-13.5244,-14.5089,32.6317
5614,-13.5785,-13.6687,33.6593
5615,-13.5414,-12.7074,34.5401
5616,-13.4117,-11.6537,35.2526
5617,-13.1909,-10.5402,35.7826
5618,-12.8836,-9.40105,36.1244
5619,-12.4972,-8.26942,36.2805
5620,-12.0416,-7.17531,36.2607
5621,-11.528,-6.14397,36.0806
5622,-10.969,-5.19481,35.76
5623,-10.3775,-4.34109,35.3205
5624,-9.76587,-3.59015,34.7845
5625,-9.14609,-2.94407,34.1734
5626,-8.52881,-2.40067,33.5066
5627,-7.92332,-1.95452,32.8011
5628,-7.33739,-1.59794,32.0712
5629,-6.77725,-1.32199,31.3286
5630,-6.24768,-1.11713,30.5822
5631,-5.75206,-0.973875,29.8391
5632,-5.29259,-0.883171,29.1043
5633,-4.87041,-0.836685,28.3813
5634,-4.48581,-0.826963,27.6727
5635,-4.13841,-0.847498,26.98
5636,-3.82725,-0.892739,26.3042
5637,-3.55101,-0.958054,25.6456
5638,-3.30809,-1.03966,25.0045
5639,-3.09671,-1.13457,24.3808
5640,-2.91504,-1.24046,23.7744
5641,-2.76118,-1.35564,23.1851
5642,-2.63333,-1.47894,22.6126
5643,-2.52974,-1.60963,22.0569
5644,-2.44879,-1.74739,21.5176
5645,-2.38899,-1.89221,20.9948
5646,-2.34902,-2.04439,20.4883
5647,-2.32771,-2.20444,19.9982
5648,-2.32406,-2.37309,19.5244
5649,-2.33727,-2.55126,19.0672
5650,-2.36667,-2.74001,18.6269
5651,-2.4118,-2.94055,18.2036
5652,-2.47235,-3.1542,17.798
5653,-2.54815,-3.38242,17.4106
5654,-2.63923,-3.62676,17.0421
5655,-2.74574,-3.88886,16.6934
5656,-2.86798,-4.17047,16.3657
5657,-3.00641,-4.4734,16.0603
5658,-3.16159,-4.79955,15.7787
5659,-3.33425,-5.15084,15.5229
5660,-3.5252,-5.52922,15.2951
5661,-3.73538,-5.93664,15.098
5662,-3.96581,-6.37498,14.9345
5663,-4.21759,-6.846,14.8084
5664,-4.49188,-7.35127,14.7237
5665,-4.78986,-7.89204,14.6853
5666,-5.1127,-8.46913,14.6985
5667,-5.4615,-9.08274,14.7695
5668,-5.83725,-9.73228,14.9053
5669,-6.24073,-10.4161,15.1134
5670,-6.67242,-11.1311,15.4022
5671,-7.13241,-11.8727,15.7804
5672,-7.62022,-12.6342,16.2573
5673,-8.13467,-13.4062,16.8419
5674,-8.67367,-14.1769,17.5429
5675,-9.23405,-14.9311,18.3678
5676,-9.81135,-15.6504,19.3222
5677,-10.3996,-16.3131,20.4086
5678,-10.9912,-16.8944,21.6254
5679,-11.5768,-17.3672,22.9657
5680,-12.1453,-17.7033,24.416
5681,-12.6839,-17.8748,25.9555
5682,-13.1786,-17.8568,27.5553
5683,-13.6145,-17.6294,29.1791
5684,-13.9767,-17.1807,30.7842
5685,-14.2508,-16.5088,32.3238
5686,-14.4245,-15.6235,33.7497
5687,-14.4879,-14.5469,35.0167
5688,-14.4349,-13.3122,36.0857
5689,-14.2634,-11.9616,36.9274
5690,-13.9761,-10.5427,37.5249
5691,-13.5798,-9.10452,37.8738
5692,-13.0852,-7.69362,37.9823
5693,-12.5065,-6.35046,37.8692
5694,-11.8597,-5.1072,37.5608
5695,-11.1618,-3.9865,37.0881
5696,-10.4303,-3.00156,36.4835
5697,-9.68136,-2.15702,35.7786
5698,-8.93007,-1.45046,35.002
5699,-8.18943,-0.874167,34.1784
5700,-7.47027,-0.416824,33.3284
5701,-6.78125,-0.0650912,32.4679
5702,-6.12887,0.19517,31.609
5703,-5.51765,0.377954,30.7605
5704,-4.95042,0.496466,29.9283
5705,-4.4285,0.562727,29.1161
5706,-3.95204,0.58737,28.3261
5707,-3.52021,0.579573,27.5591
5708,-3.13147,0.547098,26.8154
5709,-2.78374,0.496376,26.0945
5710,-2.47459,0.432642,25.3958
5711,-2.20139,0.360066,24.7184
5712,-1.96138,0.281905,24.0613
5713,-1.75182,0.200631,23.4237
5714,-1.57001,0.118066,22.8047
5715,-1.41337,0.0354842,22.2035
5716,-1.27945,-0.0462819,21.6193
5717,-1.16601,-0.12676,21.0515
5718,-1.07094,-0.205768,20.4993
5719,-0.992376,-0.283348,19.9624
5720,-0.928606,-0.359727,19.4401
5721,-0.87813,-0.43527,18.9321
5722,-0.839624,-0.51045,18.4379
5723,-0.811941,-0.58583,17.9572
5724,-0.794101,-0.662035,17.4896
5725,-0.785279,-0.73975,17.0349
5726,-0.784793,-0.819704,16.5926
5727,-0.792102,-0.902668,16.1627
5728,-0.806788,-0.989455,15.7449
5729,-0.828555,-1.08092,15.3389
5730,-0.857217,-1.17795,14.9446
5731,-0.892693,-1.28151,14.562
5732,-0.935003,-1.39259,14.1909
5733,-0.984264,-1.51225,13.8312
5734,-1.04069,-1.64165,13.483
5735,-1.10457,-1.782,13.1463
5736,-1.17632,-1.9346,12.8213
5737,-1.25641,-2.1009,12.5081
5738,-1.34542,-2.2824,12.2071
5739,-1.44405,-2.48079,11.9186
5740,-1.55305,-2.69786,11.6433
5741,-1.67332,-2.93557,11.3817
5742,-1.80585,-3.19604,11.1348
5743,-1.95175,-3.48156,10.9037
5744,-2.11224,-3.79461,10.6897
5745,-2.28869,-4.13786,10.4945
5746,-2.48259,-4.51413,10.3201
5747,-2.69557,-4.92644,10.1691
5748,-2.92938,-5.37796,10.0445
5749,-3.18594,-5.87196,9.94983
5750,-3.46729,-6.41177,9.88957
5751,-3.77558,-7.00069,9.86892
5752,-4.11308,-7.64187,9.89412
5753,-4.48212,-8.33814,9.97253
5754,-4.88506,-9.09177,10.1128
5755,-5.32422,-9.9042,10.3251
5756,-5.80175,-10.7756,10.6209
5757,-6.31956,-11.7044,11.0137
5758,-6.87911,-12.6867,11.5181
5759,-7.4812,-13.7153,12.1504
5760,-8.12571,-14.7794,12.9281
5761,-8.81123,-15.8629,13.8687
5762,-9.53471,-16.9441,14.9893
5763,-10.291,-17.9944,16.3048
5764,-11.0723,-18.9782,17.8259
5765,-11.868,-19.8524,19.5567
5766,-12.6639,-20.5679,21.4913
5767,-13.4423,-21.0714,23.6113
5768,-14.1821,-21.3088,25.8829
5769,-14.8592,-21.2305,28.255
5770,-15.4475,-20.7979,30.6601
5771,-15.9205,-19.9891,33.0162
5772,-16.2534,-18.8057,35.2332
5773,-16.4248,-17.2756,37.221
5774,-16.4196,-15.4535,38.8987
5775,-16.2305,-13.4162,40.2045
5776,-15.8588,-11.2555,41.1022
5777,-15.3147,-9.06715,41.5847
5778,-14.6165,-6.94132,41.6726
5779,-13.7886,-4.95355,41.4087
5780,-12.8594,-3.15945,40.8511
5781,-11.8586,-1.59296,40.0645
5782,-10.8157,-0.26767,39.1128
5783,-9.7575,0.819715,38.0543
5784,-8.70742,1.68485,36.9379
5785,-7.68476,2.35127,35.802
5786,-6.70451,2.84643,34.6749
5787,-5.77755,3.19877,33.5761
5788,-4.91107,3.43553,32.5175
5789,-4.10909,3.58158,31.5058
5790,-3.37303,3.65875,30.5432
5791,-2.70223,3.68565,29.6295
5792,-2.0945,3.67778,28.7629
5793,-1.54652,3.64784,27.9404
5794,-1.05417,3.60601,27.1588
5795,-0.612903,3.56036,26.4148
5796,-0.217894,3.51721,25.7054
5797,0.135742,3.48143,25.0277
5798,0.452831,3.45672,24.3793
5799,0.738045,3.44589,23.7581
5800,0.995844,3.45102,23.1626
5801,1.23044,3.47366,22.5911
5802,1.44575,3.51498,22.0429
5803,1.64545,3.57587,21.5169
5804,1.83292,3.65703,21.0128
5805,2.01127,3.75906,20.5303
5806,2.1834,3.88251,20.0691
5807,2.35195,4.02792,19.6295
5808,2.51938,4.19589,19.2118
5809,2.68798,4.38705,18.8165
5810,2.85988,4.6021,18.4444
5811,3.03707,4.84184,18.0964
5812,3.22144,5.10712,17.7738
5813,3.41479,5.39887,17.4781
5814,3.61882,5.71807,17.211
5815,3.83518,6.06571,16.9748
5816,4.06544,6.44275,16.7719
5817,4.31113,6.85008,16.6052
5818,4.5737,7.28846,16.4781
5819,4.85453,7.75839,16.3944
5820,5.15488,8.26007,16.3585
5821,5.47592,8.79321,16.3753
5822,5.81864,9.35691,16.4501
5823,6.18379,9.94945,16.5889
5824,6.57187,10.5681,16.798
5825,6.98301,11.2089,17.0843
5826,7.41685,11.8663,17.4546
5827,7.87248,12.5331,17.9159
5828,8.3483,13.1999,18.4745
5829,8.84183,13.8553,19.1362
5830,9.34966,14.4852,19.9051
5831,9.86723,15.0734,20.7835
5832,10.3888,15.6014,21.7705
5833,10.9072,16.0487,22.8618
5834,11.414,16.394,24.0483
5835,11.8997,16.6159,25.316
5836,12.3535,16.6942,26.6451
5837,12.7639,16.6117,28.0102
5838,13.1192,16.3561,29.3809
5839,13.4076,15.9215,30.7229
5840,13.6186,15.3096,31.9994
5841,13.7431,14.5309,33.1742
5842,13.7743,13.6045,34.2136
5843,13.7083,12.5571,35.089
5844,13.5444,11.4215,35.7793
5845,13.2852,10.2338,36.2721
5846,12.9366,9.03108,36.5644
5847,12.5075,7.84843,36.6619
5848,12.0088,6.71676,36.5779
5849,11.4535,5.66117,36.3314
5850,10.855,4.70007,35.945
5851,10.227,3.8451,35.4428
5852,9.58286,3.10163,34.849
5853,8.93465,2.46963,34.1858
5854,8.29321,1.94488,33.4732
5855,7.66778,1.52011,32.7283
5856,7.06592,1.18607,31.965
5857,6.49351,0.932566,31.1943
5858,5.95493,0.749099,30.4248
5859,5.45312,0.625489,29.6626
5860,4.9898,0.552226,28.9122
5861,4.56568,0.520704,28.1766
5862,4.18064,0.523337,27.4575
5863,3.83387,0.553593,26.7562
5864,3.52409,0.605969,26.0731
5865,3.24965,0.675927,25.4083
5866,3.00869,0.759811,24.7618
5867,2.79919,0.85475,24.1333
5868,2.61911,0.958568,23.5224
5869,2.46642,1.06969,22.9289
5870,2.33913,1.18705,22.3522
5871,2.2354,1.31002,21.7922
5872,2.15351,1.43836,21.2484
5873,2.09188,1.57211,20.7208
5874,2.04912,1.71161,20.2091
5875,2.024,1.85738,19.7131
5876,2.01547,2.01018,19.2329
5877,2.02268,2.1709,18.7684
5878,2.04492,2.34059,18.3198
5879,2.08167,2.52041,17.8871
5880,2.13258,2.71166,17.4708
5881,2.19745,2.91575,17.0712
5882,2.27625,3.13418,16.6887
5883,2.3691,3.36857,16.324
5884,2.47626,3.62062,15.978
5885,2.59813,3.89216,15.6515
5886,2.73527,4.18509,15.3459
5887,2.88834,4.50138,15.0626
5888,3.05816,4.84311,14.8033
5889,3.24566,5.21239,14.57
5890,3.45188,5.61136,14.3654
5891,3.67796,6.04216,14.1923
5892,3.92514,6.50687,14.0542
5893,4.19475,7.00743,13.955
5894,4.48814,7.54555,13.8995
5895,4.80669,8.1226,13.893
5896,5.15176,8.73945,13.9416
5897,5.52463,9.39624,14.0523
5898,5.92643,10.0922,14.2331
5899,6.35803,10.8252,14.4925
5900,6.81998,11.5918,14.84
5901,7.31231,12.3862,15.2856
5902,7.83442,13.2004,15.8396
5903,8.38485,14.0234,16.5125
5904,8.96109,14.841,17.3137
5905,9.55932,15.6352,18.2513
5906,10.1742,16.3842,19.3308
5907,10.7986,17.0624,20.554
5908,11.4236,17.641,21.9174
5909,12.0381,18.0886,23.4109
5910,12.6291,18.3735,25.0164
5911,13.1818,18.4651,26.707
5912,13.6802,18.3374,28.4466
5913,14.1076,17.9715,30.191
5914,14.4477,17.359,31.8894
5915,14.6852,16.5042,33.488
5916,14.8078,15.4255,34.9336
5917,14.8065,14.1551,36.1787
5918,14.6769,12.7367,37.1852
5919,14.4195,11.2224,37.9283
5920,14.0402,9.66769,38.398
5921,13.5492,8.12667,38.5991
5922,12.961,6.6478,38.5494
5923,12.2927,5.27052,38.2769
5924,11.563,4.02345,37.8158
5925,10.7911,2.92408,37.2029
5926,9.99554,1.97961,36.4745
5927,9.19327,1.18864,35.6638
5928,8.3992,0.543196,34.7998
5929,7.62582,0.0308348,33.9061
5930,6.88311,-0.363476,33.0015
5931,6.17862,-0.655829,32.0999
5932,5.51763,-0.862225,31.2112
5933,4.90345,-0.997784,30.3419
5934,4.33767,-1.07626,29.4961
5935,3.82053,-1.10982,28.6758
5936,3.35116,-1.10892,27.882
5937,2.92783,-1.08242,27.1143
5938,2.54826,-1.03762,26.3722
5939,2.2097,-0.980477,25.6546
5940,1.9092,-0.915755,24.9602
5941,1.64367,-0.847179,24.288
5942,1.41,-0.777609,23.6366
5943,1.20515,-0.709187,23.0051
5944,1.02618,-0.643464,22.3923
5945,0.870326,-0.581518,21.7973
5946,0.734983,-0.524047,21.2194
5947,0.617755,-0.471458,20.6577
5948,0.516442,-0.423932,20.1116
5949,0.429048,-0.381483,19.5805
5950,0.353767,-0.344004,19.0638
5951,0.288985,-0.311303,18.5612
5952,0.233258,-0.283137,18.072
5953,0.185306,-0.259231,17.5959
5954,0.143997,-0.239298,17.1324
5955,0.108336,-0.223054,16.6813
5956,0.0774469,-0.210225,16.2422
5957,0.0505633,-0.200556,15.8146
5958,0.0270146,-0.193819,15.3984
5959,0.00621453,-0.189809,14.9932
5960,-0.0123494,-0.188354,14.5987
5961,-0.0291259,-0.18931,14.2145
5962,-0.044509,-0.192566,13.8406
5963,-0.0588459,-0.198041,13.4765
5964,-0.0724448,-0.205687,13.122
5965,-0.0855812,-0.215483,12.7768
5966,-0.0985042,-0.227442,12.4408
5967,-0.111442,-0.241606,12.1137
5968,-0.124605,-0.258048,11.7952
5969,-0.138195,-0.276869,11.4852
5970,-0.152403,-0.298206,11.1834
5971,-0.167418,-0.322224,10.8896
5972,-0.183427,-0.349126,10.6036
5973,-0.200622,-0.379146,10.3253
5974,-0.219199,-0.41256,10.0544
5975,-0.239365,-0.44968,9.7908
5976,-0.261337,-0.490866,9.53432
5977,-0.285351,-0.536522,9.28482
5978,-0.311659,-0.587105,9.04215
5979,-0.340536,-0.643128,8.80619
5980,-0.372282,-0.705169,8.57683
5981,-0.407228,-0.77387,8.35398
5982,-0.445738,-0.849953,8.13757
5983,-0.488212,-0.934223,7.92755
5984,-0.535096,-1.02758,7.72389
5985,-0.586881,-1.13102,7.52661
5986,-0.644114,-1.24566,7.33577
5987,-0.707402,-1.37274,7.15146
5988,-0.777419,-1.51365,6.97384
5989,-0.854912,-1.66993,6.80315
5990,-0.940715,-1.84329,6.63968
5991,-1.03575,-2.03561,6.48387
5992,-1.14105,-2.24902,6.33625
5993,-1.25774,-2.48584,6.19752
5994,-1.38711,-2.74864,6.06858
5995,-1.53054,-3.04028,5.95054
5996,-1.6896,-3.36388,5.8448
5997,-1.866,-3.72287,5.75314
5998,-2.06164,-4.12097,5.67771
5999,-2.2786,-4.56226,5.62124
6000,-2.51917,-5.05107,5.58706
6001,-2.78585,-5.59206,5.57927
6002,-3.08135,-6.1901,5.60292
6003,-3.40861,-6.85021,5.66419
6004,-3.77075,-7.57744,5.77058
6005,-4.17107,-8.37666,5.93121
6006,-4.61302,-9.25228,6.15704
6007,-5.10009,-10.2079,6.46122
6008,-5.6357,-11.2455,6.85928
6009,-6.22307,-12.3654,7.36945
6010,-6.86498,-13.5643,8.01272
6011,-7.56345,-14.835,8.81282
6012,-8.31935,-16.1646,9.79581
6013,-9.13189,-17.5325,10.9893
6014,-9.99798,-18.9091,12.4208
6015,-10.9115,-20.254,14.1156
6016,-11.8624,-21.5143,16.0931
6017,-12.8361,-22.6248,18.3623
6018,-13.8125,-23.509,20.9166
6019,-14.7658,-24.0828,23.7275
6020,-15.6645,-24.2616,26.7399
6021,-16.4725,-23.9698,29.869
6022,-17.1508,-23.1532,33.0017
6023,-17.6604,-21.791,36.0034
6024,-17.9662,-19.906,38.7306
6025,-18.0409,-17.5682,41.0488
6026,-17.8685,-14.8901,42.8507
6027,-17.4469,-12.0139,44.0712
6028,-16.7883,-9.09281,44.696
6029,-15.9182,-6.27072,44.7593
6030,-14.872,-3.66564,44.3348
6031,-13.6915,-1.35978,43.5201
6032,-12.4202,0.602808,42.4214
6033,-11.1003,2.21214,41.1397
6034,-9.76935,3.4846,39.7623
6035,-8.45894,4.45391,38.3579
6036,-7.19394,5.16297,36.9767
6037,-5.99258,5.65734,35.6515
6038,-4.86711,5.98089,34.4017
6039,-3.82458,6.1732,33.2361
6040,-2.86791,6.26836,32.1565
6041,-1.99676,6.29479,31.1601
6042,-1.20836,6.27551,30.2412
6043,-0.49828,6.22882,29.3932
6044,0.13905,6.16897,28.6092
6045,0.709851,6.1069,27.8824
6046,1.22066,6.05087,27.2069
6047,1.67808,6.00699,26.5775
6048,2.08856,5.97972,25.9898
6049,2.45832,5.97224,25.4401
6050,2.79324,5.98673,24.9258
6051,3.09878,6.02462,24.4446
6052,3.38002,6.0868,23.995
6053,3.64161,6.17372,23.5761
6054,3.88779,6.28554,23.1872
6055,4.12238,6.42218,22.8282
6056,4.34884,6.5834,22.4993
6057,4.57026,6.7688,22.201
6058,4.78941,6.97789,21.9342
6059,5.00872,7.21005,21.7
6060,5.23034,7.46452,21.4997
6061,5.45613,7.74041,21.3348
6062,5.68768,8.03664,21.2071
6063,5.92632,8.35192,21.1186
6064,6.17311,8.68466,21.0714
6065,6.42885,9.03295,21.0678
6066,6.69406,9.39448,21.11
6067,6.96896,9.76649,21.2004
6068,7.25348,10.1457,21.3413
6069,7.5472,10.5282,21.5347
6070,7.84935,10.9094,21.7825
6071,8.15875,11.2842,22.086
6072,8.47383,11.6467,22.446
6073,8.79257,11.9902,22.8626
6074,9.11246,12.3078,23.3347
6075,9.43057,12.5917,23.8602
6076,9.74348,12.8341,24.4356
6077,10.0473,13.027,25.056
6078,10.3379,13.1627,25.7146
6079,10.6107,13.2341,26.403
6080,10.861,13.2351,27.1113
6081,11.084,13.1612,27.8279
6082,11.2749,13.0094,28.5403
6083,11.4295,12.7793,29.2348
6084,11.5437,12.4726,29.8977
6085,11.6143,12.0936,30.5154
6086,11.6389,11.6491,31.0754
6087,11.616,11.1481,31.5663
6088,11.5454,10.6015,31.9791
6089,11.4277,10.0215,32.3069
6090,11.265,9.42108,32.5456
6091,11.0601,8.81328,32.6936
6092,10.817,8.21062,32.7522
6093,10.5405,7.62458,32.7246
6094,10.2357,7.06519,32.6163
6095,9.90831,6.54072,32.4339
6096,9.56412,6.05755,32.1853
6097,9.20889,5.62019,31.8789
6098,8.84818,5.23138,31.523
6099,8.4872,4.89226,31.1261
6100,8.13069,4.60263,30.6959
6101,7.7829,4.36123,30.2397
6102,7.44749,4.16597,29.7641
6103,7.12753,4.0142,29.2746
6104,6.82557,3.90295,28.7765
6105,6.54359,3.82909,28.274
6106,6.2831,3.78948,27.7708
6107,6.04516,3.78113,27.2701
6108,5.83046,3.80122,26.7744
6109,5.63938,3.84722,26.286
6110,5.47203,3.91689,25.807
6111,5.32829,4.0083,25.3389
6112,5.20792,4.11982,24.8832
6113,5.11053,4.25015,24.4413
6114,5.03569,4.39826,24.0145
6115,4.98288,4.56337,23.6039
6116,4.95161,4.74495,23.2108
6117,4.94139,4.94268,22.8363
6118,4.95172,5.15639,22.4817
6119,4.98218,5.38606,22.1484
6120,5.03237,5.63179,21.8377
6121,5.10196,5.89371,21.5511
6122,5.19063,6.17202,21.2902
6123,5.29816,6.46688,21.0569
6124,5.42431,6.77841,20.8531
6125,5.56892,7.10663,20.6809
6126,5.7318,7.4514,20.5424
6127,5.91277,7.81235,20.4403
6128,6.11164,8.18886,20.377
6129,6.32812,8.57996,20.3554
6130,6.56187,8.98424,20.3783
6131,6.81241,9.3998,20.4486
6132,7.0791,9.82417,20.5694
6133,7.3611,10.2542,20.7435
6134,7.65731,10.686,20.9736
6135,7.96631,11.1148,21.2621
6136,8.28636,11.5352,21.611
6137,8.61529,11.9407,22.0215
6138,8.95049,12.324,22.4939
6139,9.28887,12.677,23.0275
6140,9.62684,12.9912,23.6199
6141,9.9603,13.2575,24.2674
6142,10.2847,13.4666,24.9644
6143,10.5949,13.6097,25.7031
6144,10.8858,13.6786,26.4739
6145,11.1516,13.6663,27.265
6146,11.3869,13.5678,28.063
6147,11.586,13.3801,28.853
6148,11.7441,13.1029,29.6193
6149,11.8564,12.7391,30.3456
6150,11.9195,12.2944,31.0166
6151,11.9307,11.7775,31.6178
6152,11.8886,11.1997,32.1368
6153,11.7931,10.5746,32.564
6154,11.6456,9.91685,32.8925
6155,11.4485,9.24189,33.1189
6156,11.2057,8.5649,33.2427
6157,10.9221,7.90015,33.2668
6158,10.6033,7.26034,33.1964
6159,10.2557,6.65618,33.0387
6160,9.88565,6.09615,32.8027
6161,9.49996,5.58638,32.4978
6162,9.10505,5.13078,32.1342
6163,8.70708,4.73124,31.7215
6164,8.31167,4.38787,31.2693
6165,7.92389,4.09938,30.786
6166,7.54812,3.86343,30.2795
6167,7.18807,3.67687,29.7564
6168,6.84678,3.53613,29.2228
6169,6.52664,3.43742,28.6836
6170,6.22945,3.37689,28.143
6171,5.95647,3.35086,27.6044
6172,5.70852,3.35589,27.0708
6173,5.48603,3.38884,26.5445
6174,5.28907,3.44695,26.0276
6175,5.11751,3.52782,25.5215
6176,4.97099,3.62946,25.0279
6177,4.84903,3.75024,24.5479
6178,4.75103,3.88887,24.0828
6179,4.67638,4.04441,23.6334
6180,4.62442,4.2162,23.2009
6181,4.59453,4.40386,22.7863
6182,4.5861,4.60719,22.3907
6183,4.59857,4.82625,22.0151
6184,4.63148,5.06119,21.6608
6185,4.68439,5.31233,21.3291
6186,4.75697,5.58006,21.0215
6187,4.84893,5.86481,20.7394
6188,4.96008,6.16703,20.4848
6189,5.09028,6.48712,20.2594
6190,5.23943,6.82542,20.0654
6191,5.40746,7.1821,19.9053
6192,5.59434,7.55717,19.7814
6193,5.80001,7.95037,19.6968
6194,6.02437,8.36108,19.6542
6195,6.26728,8.78829,19.657
6196,6.52847,9.23046,19.7086
6197,6.80751,9.68546,19.8123
6198,7.10381,10.1504,19.9718
6199,7.4165,10.6217,20.1904
6200,7.7444,11.0947,20.4715
6201,8.08598,11.5639,20.8179
6202,8.43924,12.0225,21.232
6203,8.80172,12.463,21.7151
6204,9.17039,12.8765,22.2676
6205,9.54164,13.2535,22.8885
6206,9.91124,13.5833,23.5748
6207,10.2743,13.8553,24.3217
6208,10.6255,14.0585,25.1219
6209,10.9589,14.1824,25.9658
6210,11.2681,14.2178,26.8411
6211,11.5466,14.1571,27.7332
6212,11.788,13.995,28.6255
6213,11.986,13.7296,29.4997
6214,12.135,13.362,30.337
6215,12.23,12.8975,31.1185
6216,12.2674,12.3448,31.8265
6217,12.245,11.7164,32.4451
6218,12.1617,11.0274,32.9617
6219,12.0186,10.295,33.3669
6220,11.8181,9.53759,33.6557
6221,11.5641,8.77349,33.8265
6222,11.2619,8.0201,33.8822
6223,10.918,7.29304,33.8284
6224,10.5394,6.60552,33.6737
6225,10.1338,5.96798,33.4285
6226,9.70883,5.38796,33.1044
6227,9.27209,4.87021,32.7131
6228,8.83076,4.41688,32.2666
6229,8.3914,4.028,31.7759
6230,7.9599,3.70179,31.2511
6231,7.54134,3.43519,30.7013
6232,7.13996,3.22422,30.1342
6233,6.7592,3.06438,29.5566
6234,6.40176,2.95092,28.9738
6235,6.06958,2.87912,28.3905
6236,5.76402,2.84447,27.8102
6237,5.48586,2.84278,27.2361
6238,5.23545,2.87025,26.6703
6239,5.01276,2.92358,26.1147
6240,4.81746,2.99992,25.571
6241,4.64904,3.0969,25.0404
6242,4.50679,3.2126,24.5238
6243,4.38993,3.34554,24.0223
6244,4.29763,3.49462,23.5366
6245,4.22905,3.6591,23.0676
6246,4.18337,3.83853,22.6161
6247,4.15984,4.03277,22.1829
6248,4.15774,4.2419,21.7689
6249,4.17648,4.46621,21.375
6250,4.21553,4.70614,21.0023
6251,4.27448,4.96228,20.652
6252,4.353,5.23531,20.3256
6253,4.45088,5.52596,20.0243
6254,4.56799,5.83502,19.7501
6255,4.70429,6.16321,19.5048
6256,4.8598,6.51125,19.2905
6257,5.03461,6.87969,19.1096
6258,5.22886,7.26894,18.965
6259,5.44268,7.67918,18.8594
6260,5.6762,8.11023,18.7962
6261,5.9295,8.56156,18.7789
6262,6.20259,9.03209,18.8113
6263,6.49533,9.52012,18.8974
6264,6.80741,10.0232,19.0415
6265,7.13826,10.5381,19.2479
6266,7.48702,11.0603,19.5209
6267,7.85243,11.5845,19.8643
6268,8.23277,12.1039,20.2818
6269,8.62579,12.6103,20.7764
6270,9.02861,13.0945,21.3496
6271,9.43766,13.5455,22.0021
6272,9.84862,13.9515,22.7321
6273,10.2564,14.2997,23.5361
6274,10.6552,14.5768,24.4075
6275,11.0384,14.7694,25.3371
6276,11.3989,14.8654,26.3121
6277,11.7291,14.8537,27.317
6278,12.0213,14.7263,28.333
6279,12.2676,14.4782,29.3391
6280,12.4611,14.1087,30.3128
6281,12.5952,13.6217,31.2309
6282,12.6649,13.0261,32.0713
6283,12.6665,12.3351,32.8137
6284,12.5983,11.5663,33.4411
6285,12.4605,10.74,33.9411
6286,12.2553,9.87849,34.3058
6287,11.9869,9.00434,34.5327
6288,11.661,8.13923,34.6243
6289,11.2851,7.30272,34.5872
6290,10.8675,6.51139,34.4317
6291,10.417,5.77829,34.1706
6292,9.94277,5.11273,33.818
6293,9.45388,4.52041,33.3886
6294,8.95881,4.00377,32.8967
6295,8.46534,3.56245,32.3558
6296,7.98038,3.19391,31.778
6297,7.50985,2.89398,31.174
6298,7.05867,2.65743,30.5528
6299,6.63074,2.47844,29.9219
6300,6.22905,2.35098,29.2875
6301,5.8557,2.26909,28.6542
6302,5.51207,2.22717,28.0261
6303,5.19887,2.22004,27.4059
6304,4.91629,2.2431,26.7959
6305,4.66409,2.29233,26.1978
6306,4.4417,2.36433,25.6129
6307,4.24831,2.45626,25.0421
6308,4.08294,2.56586,24.4862
6309,3.94453,2.69137,23.9459
6310,3.83194,2.8315,23.4216
6311,3.74407,2.98539,22.9139
6312,3.67986,3.15254,22.4233
6313,3.63829,3.33277,21.9502
6314,3.61847,3.52618,21.4953
6315,3.61959,3.73314,21.0592
6316,3.64097,3.95419,20.6427
6317,3.68207,4.19008,20.2465
6318,3.74245,4.44168,19.8718
6319,3.82184,4.70999,19.5195
6320,3.92005,4.99607,19.1912
6321,4.03705,5.30106,18.8883
6322,4.17289,5.62612,18.6125
6323,4.32776,5.97238,18.3659
6324,4.50192,6.3409,18.1507
6325,4.69568,6.73267,17.9697
6326,4.90945,7.14846,17.8257
6327,5.14363,7.58884,17.722
6328,5.39862,8.05402,17.6625
6329,5.67482,8.54377,17.6511
6330,5.97249,9.05734,17.6923
6331,6.29181,9.59326,17.7911
6332,6.63273,10.1492,17.9524
6333,6.99495,10.7218,18.1817
6334,7.37782,11.3066,18.4845
6335,7.78026,11.8975,18.866
6336,8.20064,12.4872,19.3312
6337,8.63669,13.0662,19.8843
6338,9.0854,13.6237,20.5285
6339,9.54291,14.1468,21.2652
6340,10.0044,14.6211,22.0937
6341,10.4642,15.0307,23.0107
6342,10.9153,15.359,24.0093
6343,11.3502,15.5892,25.0789
6344,11.7601,15.7052,26.2049
6345,12.136,15.6931,27.3683
6346,12.4683,15.5417,28.5461
6347,12.7476,15.2447,29.7122
6348,12.9649,14.8009,30.8384
6349,13.1124,14.2155,31.8958
6350,13.1837,13.4999,32.8564
6351,13.1746,12.6718,33.6954
6352,13.0829,11.7541,34.3923
6353,12.9094,10.7734,34.9329
6354,12.6572,9.75831,35.3094
6355,12.3319,8.73728,35.5208
6356,11.9412,7.73709,35.5727
6357,11.4944,6.78113,35.4758
6358,11.0022,5.8884,35.245
6359,10.4754,5.07299,34.8979
6360,9.92534,4.34401,34.4529
6361,9.36261,3.70595,33.9288
6362,8.79715,3.1593,33.3429
6363,8.2378,2.70136,32.7113
6364,7.69219,2.32705,32.0476
6365,7.16667,2.02969,31.3636
6366,6.66627,1.80172,30.6687
6367,6.19484,1.63521,29.9704
6368,5.75508,1.52234,29.2745
6369,5.34871,1.45568,28.5855
6370,4.97664,1.42843,27.9066
6371,4.63903,1.43451,27.24
6372,4.33553,1.46862,26.5873
6373,4.06533,1.52626,25.9496
6374,3.8273,1.60368,25.3276
6375,3.62013,1.69785,24.7217
6376,3.44235,1.80639,24.1321
6377,3.29243,1.92751,23.559
6378,3.16886,2.05993,23.0026
6379,3.07016,2.20283,22.4628
6380,2.99495,2.35579,21.9399
6381,2.94193,2.51873,21.4339
6382,2.90995,2.69187,20.945
6383,2.898,2.87568,20.4736
6384,2.90522,3.07086,20.0199
6385,2.93092,3.27827,19.5844
6386,2.97454,3.49897,19.1678
6387,3.0357,3.73414,18.7706
6388,3.11418,3.9851,18.3937
6389,3.20989,4.25324,18.0381
6390,3.32289,4.54007,17.7051
6391,3.45341,4.84714,17.3961
6392,3.60177,5.17606,17.1127
6393,3.76844,5.52843,16.857
6394,3.95398,5.90585,16.6312
6395,4.15905,6.30985,16.438
6396,4.38439,6.74184,16.2805
6397,4.63081,7.20304,16.1621
6398,4.89912,7.69441,16.087
6399,5.19014,8.21653,16.0597
6400,5.50464,8.76944,16.0852
6401,5.8433,9.35254,16.1692
6402,6.20662,9.96435,16.318
6403,6.59489,10.6023,16.5381
6404,7.00802,11.2626,16.8368
6405,7.44554,11.9396,17.2212
6406,7.90637,12.626,17.6986
6407,8.38876,13.3124,18.276
6408,8.89008,13.9869,18.9592
6409,9.40673,14.6349,19.7529
6410,9.93393,15.2397,20.6594
6411,10.4656,15.7818,21.6781
6412,10.9945,16.24,22.8043
6413,11.5116,16.5919,24.0288
6414,12.0069,16.8151,25.3368
6415,12.4693,16.8885,26.7076
6416,12.8867,16.7944,28.1143
6417,13.2467,16.5199,29.5251
6418,13.5374,16.0593,30.9038
6419,13.7477,15.4149,32.212
6420,13.8681,14.5983,33.4118
6421,13.8919,13.6302,34.4682
6422,13.815,12.5393,35.3519
6423,13.6372,11.3605,36.0418
6424,13.3613,10.1318,36.5259
6425,12.994,8.89221,36.8022
6426,12.5446,7.67799,36.8778
6427,12.0249,6.52088,36.7678
6428,11.4484,5.44624,36.4927
6429,10.8293,4.47225,36.0769
6430,10.1817,3.61,35.5458
6431,9.5193,2.864,34.9244
6432,8.85456,2.23331,34.2357
6433,8.19844,1.71273,33.5002
6434,7.56022,1.29409,32.735
6435,6.94742,0.967348,31.9541
6436,6.36586,0.721623,31.1684
6437,5.81973,0.545893,30.386
6438,5.3118,0.429565,29.613
6439,4.84361,0.36283,28.8534
6440,4.41566,0.336878,28.11
6441,4.02762,0.343993,27.3844
6442,3.67851,0.377569,26.6774
6443,3.36688,0.432072,25.9894
6444,3.09091,0.50296,25.3203
6445,2.84859,0.58659,24.67
6446,2.63779,0.680121,24.0379
6447,2.45634,0.781402,23.4237
6448,2.3021,0.888887,22.8269
6449,2.17303,1.00154,22.247
6450,2.06718,1.11875,21.6837
6451,1.98277,1.24027,21.1367
6452,1.91817,1.36617,20.6055
6453,1.87192,1.49677,20.0901
6454,1.84274,1.63258,19.5901
6455,1.82955,1.77433,19.1054
6456,1.83142,1.92287,18.636
6457,1.84762,2.07921,18.1819
6458,1.87758,2.24448,17.7432
6459,1.9209,2.41991,17.32
6460,1.97733,2.60685,16.9125
6461,2.0468,2.80675,16.5212
6462,2.12937,3.02115,16.1465
6463,2.22525,3.2517,15.7889
6464,2.3348,3.50017,15.4494
6465,2.45851,3.7684,15.1288
6466,2.59701,4.05835,14.8282
6467,2.75105,4.37207,14.5492
6468,2.92153,4.71171,14.2935
6469,3.10944,5.07946,14.063
6470,3.31592,5.4776,13.8602
6471,3.54221,5.9084,13.6881
6472,3.78962,6.37408,13.55
6473,4.05958,6.8768,13.45
6474,4.35356,7.41849,13.3927
6475,4.67307,8.00079,13.3836
6476,5.0196,8.62484,13.4289
6477,5.39458,9.29114,13.5358
6478,5.79931,9.99926,13.7123
6479,6.23488,10.7475,13.9674
6480,6.70203,11.5328,14.311
6481,7.20103,12.3496,14.7536
6482,7.7315,13.1905,15.3064
6483,8.29225,14.0445,15.9806
6484,8.881,14.8976,16.7867
6485,9.49413,15.7315,17.7342
6486,10.1265,16.5241,18.8298
6487,10.771,17.2488,20.0768
6488,11.4186,17.8753,21.4731
6489,12.0582,18.3705,23.0095
6490,12.6763,18.6999,24.6688
6491,13.2575,18.8303,26.4241
6492,13.785,18.7324,28.2385
6493,14.241,18.3842,30.0658
6494,14.6079,17.7748,31.8523
6495,14.8693,16.9066,33.5405
6496,15.0113,15.7976,35.0727
6497,15.0239,14.4807,36.3967
6498,14.9017,13.0022,37.4707
6499,14.6449,11.4177,38.2667
6500,14.2591,9.78688,38.7729
6501,13.7549,8.16854,38.994
6502,13.1474,6.6152,38.9488
6503,12.4549,5.16963,38.6676
6504,11.6972,3.86279,38.1874
6505,10.8948,2.71337,37.548
6506,10.0673,1.72883,36.7887
6507,9.23275,0.907251,35.9452
6508,8.40701,0.239616,35.0485
6509,7.60322,-0.287841,34.1237
6510,6.83184,-0.691578,33.1904
6511,6.10073,-0.989071,32.2631
6512,5.41532,-1.19758,31.3518
6513,4.77894,-1.33331,30.463
6514,4.19312,-1.41092,29.6005
6515,3.65795,-1.4433,28.7663
6516,3.17235,-1.4415,27.9607
6517,2.73441,-1.41479,27.1833
6518,2.34158,-1.37084,26.4332
6519,1.99089,-1.31584,25.7089
6520,1.67914,-1.25475,25.0092
6521,1.403,-1.19144,24.3325
6522,1.15915,-1.12887,23.6776
6523,0.944331,-1.06929,23.0431
6524,0.75541,-1.01433,22.428
6525,0.589427,-0.965139,21.8313
6526,0.443607,-0.922513,21.252
6527,0.315382,-0.886947,20.6894
6528,0.20239,-0.858729,20.1428
6529,0.102474,-0.837994,19.6115
6530,0.013676,-0.824776,19.095
6531,-0.0657766,-0.819048,18.5927
6532,-0.137483,-0.820751,18.1043
6533,-0.202885,-0.829825,17.6293
6534,-0.263281,-0.846226,17.1673
6535,-0.319845,-0.869945,16.718
6536,-0.373638,-0.901018,16.2811
6537,-0.425629,-0.939539,15.8563
6538,-0.476704,-0.985666,15.4434
6539,-0.527685,-1.03963,15.042
6540,-0.579342,-1.10175,14.652
6541,-0.632403,-1.1724,14.2733
6542,-0.687572,-1.25209,13.9056
6543,-0.745534,-1.34139,13.5488
6544,-0.806971,-1.44099,13.203
6545,-0.872568,-1.55167,12.8679
6546,-0.943029,-1.67435,12.5438
6547,-1.01908,-1.81006,12.2306
6548,-1.10149,-1.95997,11.9284
6549,-1.19105,-2.12538,11.6376
6550,-1.28865,-2.30774,11.3585
6551,-1.39519,-2.50869,11.0915
6552,-1.51169,-2.73001,10.8372
6553,-1.63923,-2.97368,10.5963
6554,-1.77899,-3.24186,10.3699
6555,-1.93225,-3.53694,10.1591
6556,-2.10041,-3.86148,9.96531
6557,-2.285,-4.21828,9.79047
6558,-2.48764,-4.61032,9.63675
6559,-2.71015,-5.04079,9.50688
6560,-2.95444,-5.51303,9.40415
6561,-3.22258,-6.0305,9.33254
6562,-3.51678,-6.59674,9.29683
6563,-3.83937,-7.21521,9.30278
6564,-4.19277,-7.88919,9.3572
6565,-4.57949,-8.6216,9.4682
6566,-5.00202,-9.4147,9.64531
6567,-5.46281,-10.2697,9.89961
6568,-5.96412,-11.1865,10.2439
6569,-6.50787,-12.1628,10.6928
6570,-7.09547,-13.1937,11.2624
6571,-7.72757,-14.2706,11.9705
6572,-8.40372,-15.3805,12.8359
6573,-9.122,-16.5045,13.8772
6574,-9.87857,-17.6173,15.1124
6575,-10.6672,-18.6861,16.5561
6576,-11.4788,-19.6701,18.2179
6577,-12.3007,-20.5211,20.0989
6578,-13.1168,-21.1845,22.1887
6579,-13.9069,-21.6025,24.4617
6580,-14.6475,-21.7185,26.8751
6581,-15.3119,-21.4832,29.3672
6582,-15.8723,-20.8617,31.8589
6583,-16.3008,-19.8408,34.2582
6584,-16.5726,-18.4341,36.4677
6585,-16.6676,-16.6847,38.394
6586,-16.5732,-14.6631,39.9593
6587,-16.2859,-12.4603,41.1101
6588,-15.8117,-10.1783,41.8229
6589,-15.1657,-7.91786,42.1059
6590,-14.3708,-5.76838,41.9947
6591,-13.4553,-3.7998,41.5452
6592,-12.4503,-2.05892,40.8249
6593,-11.3874,-0.569401,39.9036
6594,-10.2962,0.665241,38.847
6595,-9.20327,1.65704,37.7119
6596,-8.13082,2.42847,36.544
6597,-7.09654,3.00786,35.3776
6598,-6.11361,3.42562,34.2367
6599,-5.19107,3.71159,33.1367
6600,-4.33435,3.8934,32.086
6601,-3.54589,3.99551,31.0885
6602,-2.82574,4.03893,30.1443
6603,-2.1721,4.04123,29.2516
6604,-1.58185,4.01679,28.4075
6605,-1.0509,3.97722,27.6083
6606,-0.574597,3.93172,26.8503
6607,-0.147939,3.88748,26.1299
6608,0.234198,3.85005,25.4442
6609,0.576914,3.82367,24.7901
6610,0.885172,3.81153,24.1654
6611,1.16373,3.81601,23.5682
6612,1.41708,3.83886,22.9968
6613,1.64944,3.8814,22.4501
6614,1.86473,3.9446,21.9273
6615,2.06657,4.02921,21.4276
6616,2.25832,4.13585,20.9509
6617,2.44306,4.26505,20.4971
6618,2.62363,4.41732,20.0663
6619,2.80264,4.59319,19.6588
6620,2.98251,4.79319,19.2755
6621,3.16549,5.01795,18.9171
6622,3.35368,5.2681,18.5847
6623,3.54901,5.54434,18.2797
6624,3.75334,5.84741,18.0039
6625,3.96838,6.17801,17.7592
6626,4.19579,6.53686,17.5479
6627,4.4371,6.92455,17.3728
6628,4.69375,7.34156,17.237
6629,4.96709,7.78813,17.144
6630,5.25834,8.26417,17.0977
6631,5.56858,8.76914,17.1028
6632,5.89872,9.30194,17.1639
6633,6.24941,9.86072,17.2866
6634,6.62105,10.4427,17.4764
6635,7.01368,11.0439,17.7394
6636,7.42688,11.6591,18.0815
6637,7.85971,12.2814,18.5088
6638,8.31057,12.9022,19.0266
6639,8.77711,13.511,19.6399
6640,9.25611,14.095,20.3518
6641,9.74331,14.6397,21.1638
6642,10.2334,15.1286,22.075
6643,10.72,15.5436,23.0808
6644,11.1954,15.8661,24.1731
6645,11.6511,16.077,25.3391
6646,12.0773,16.159,26.5613
6647,12.4639,16.0969,27.8174
6648,12.8004,15.8797,29.0808
6649,13.0764,15.5018,30.3213
6650,13.2825,14.9641,31.507
6651,13.4103,14.2749,32.6056
6652,13.4537,13.4498,33.5871
6653,13.4087,12.511,34.4255
6654,13.2743,11.4864,35.1007
6655,13.0522,10.4069,35.5999
6656,12.7472,9.30507,35.9184
6657,12.3666,8.21214,36.0587
6658,11.9198,7.15641,36.0305
6659,11.4178,6.16161,35.8489
6660,10.8726,5.24597,35.5323
6661,10.2966,4.42197,35.1016
6662,9.70164,3.69653,34.5778
6663,9.09916,3.07167,33.9812
6664,8.49934,2.54538,33.3303
6665,7.9111,2.11258,32.6413
6666,7.34188,1.76612,31.9278
6667,6.79771,1.49757,31.2011
6668,6.28316,1.29795,30.4699
6669,5.80156,1.15828,29.7411
6670,5.35505,1.07,29.0196
6671,4.94479,1.02518,28.309
6672,4.57112,1.01672,27.6118
6673,4.23371,1.03841,26.9297
6674,3.93171,1.08496,26.2637
6675,3.6639,1.15191,25.6144
6676,3.42878,1.23565,24.9821
6677,3.2247,1.33331,24.3668
6678,3.04991,1.44267,23.7685
6679,2.90267,1.56212,23.1871
6680,2.78124,1.69054,22.6225
6681,2.684,1.82727,22.0746
6682,2.60941,1.97203,21.5433
6683,2.55608,2.12486,21.0285
6684,2.52278,2.28608,20.5304
6685,2.50841,2.45625,20.049
6686,2.51207,2.63613,19.5844
6687,2.533,2.82668,19.137
6688,2.57064,3.02899,18.7071
6689,2.62456,3.24431,18.2952
6690,2.69453,3.47399,17.9019
6691,2.78045,3.71953,17.5279
6692,2.88239,3.98249,17.1742
6693,3.00057,4.26453,16.842
6694,3.13533,4.56739,16.5324
6695,3.28717,4.89288,16.2472
6696,3.4567,5.24282,15.9883
6697,3.64465,5.61906,15.7578
6698,3.85187,6.02341,15.5584
6699,4.07928,6.45762,15.3931
6700,4.32788,6.9233,15.2655
6701,4.59872,7.42184,15.1797
6702,4.89286,7.9543,15.1402
6703,5.21135,8.52129,15.1524
6704,5.55516,9.12281,15.2223
6705,5.92513,9.75804,15.3565
6706,6.32191,10.4251,15.5622
6707,6.74582,11.1208,15.8473
6708,7.1968,11.8404,16.2202
6709,7.67423,12.5769,16.6894
6710,8.17677,13.3214,17.2632
6711,8.70226,14.062,17.9497
6712,9.24744,14.784,18.7553
6713,9.80784,15.4696,19.6848
6714,10.3776,16.0982,20.7399
6715,10.9492,16.6463,21.9183
6716,11.5137,17.0884,23.2128
6717,12.0603,17.3981,24.6097
6718,12.577,17.55,26.0888
6719,13.0503,17.5209,27.6224
6720,13.4664,17.2932,29.1761
6721,13.8111,16.8562,30.7097
6722,14.0712,16.209,32.1794
6723,14.2351,15.361,33.5404
6724,14.2939,14.3331,34.7506
6725,14.2417,13.1564,35.7737
6726,14.0769,11.8699,36.5827
6727,13.8018,10.5179,37.161
6728,13.4229,9.14583,37.5045
6729,12.9503,7.79712,37.6202
6730,12.397,6.50974,37.5246
6731,11.7781,5.31416,37.2418
6732,11.1097,4.23226,36.8001
6733,10.408,3.27719,36.2295
6734,9.68854,2.4542,35.5595
6735,8.9656,1.76187,34.8171
6736,8.25164,1.19373,34.0258
6737,7.55717,0.739787,33.2052
6738,6.89064,0.387952,32.3712
6739,6.25846,0.125234,31.5357
6740,5.66523,-0.0613799,30.7074
6741,5.11386,-0.184287,29.8927
6742,4.60589,-0.254866,29.0954
6743,4.14166,-0.283253,28.318
6744,3.72058,-0.278257,27.5619
6745,3.34136,-0.24737,26.8274
6746,3.00215,-0.196831,26.1145
6747,2.70078,-0.131741,25.4226
6748,2.43482,-0.056181,24.7512
6749,2.20173,0.026657,24.0996
6750,1.99896,0.114346,23.4668
6751,1.82398,0.205105,22.8523
6752,1.67439,0.297696,22.2553
6753,1.54791,0.391331,21.6751
6754,1.4424,0.485589,21.1112
6755,1.35593,0.580351,20.563
6756,1.28673,0.675738,20.0301
6757,1.23324,0.772073,19.512
6758,1.19407,0.869833,19.0084
6759,1.16802,0.969629,18.5189
6760,1.15408,1.07218,18.0433
6761,1.15139,1.17829,17.5813
6762,1.15926,1.28884,17.1327
6763,1.17715,1.4048,16.6974
6764,1.20468,1.52719,16.2752
6765,1.24159,1.65713,15.8662
6766,1.28777,1.79576,15.4702
6767,1.34321,1.94435,15.0874
6768,1.40806,2.10422,14.7178
6769,1.48255,2.2768,14.3617
6770,1.56705,2.4636,14.0195
6771,1.66204,2.66625,13.6914
6772,1.76811,2.8865,13.3781
6773,1.88597,3.12623,13.0802
6774,2.01645,3.38743,12.7987
6775,2.1605,3.67227,12.5347
6776,2.31918,3.98303,12.2894
6777,2.49369,4.32216,12.0646
6778,2.68534,4.69223,11.8623
6779,2.89557,5.09594,11.6848
6780,3.12596,5.53609,11.5352
6781,3.37818,6.01554,11.417
6782,3.65404,6.53713,11.3343
6783,3.95544,7.10364,11.292
6784,4.28435,7.71761,11.2961
6785,4.64277,8.38124,11.3533
6786,5.0327,9.09613,11.4717
6787,5.45607,9.86303,11.6604
6788,5.91464,10.6815,11.9298
6789,6.40987,11.5494,12.2918
6790,6.94279,12.4624,12.7594
6791,7.51379,13.4135,13.3466
6792,8.12239,14.392,14.0682
6793,8.76693,15.3831,14.9391
6794,9.44428,16.3669,15.9731
6795,10.1494,17.318,17.1821
6796,10.8752,18.205,18.5739
6797,11.6117,18.9908,20.1506
6798,12.3463,19.6334,21.9058
6799,13.0634,20.0877,23.8226
6800,13.7445,20.3083,25.8713
6801,14.3689,20.254,28.0085
6802,14.9139,19.8919,30.1769
6803,15.3569,19.2034,32.3079
6804,15.6764,18.188,34.326
6805,15.8538,16.8669,36.1548
6806,15.8754,15.2827,37.7245
6807,15.7339,13.4969,38.9797
6808,15.4292,11.5841,39.8846
6809,14.9686,9.62464,40.4269
6810,14.3662,7.69602,40.6169
6811,13.6419,5.86593,40.4847
6812,12.8194,4.18719,40.0747
6813,11.9242,2.69531,39.439
6814,10.982,1.40873,38.6319
6815,10.0172,0.33091,37.7042
6816,9.05149,-0.54644,36.7009
6817,8.10321,-1.23979,35.6588
6818,7.18724,-1.77048,34.6064
6819,6.31485,-2.16195,33.5644
6820,5.49401,-2.43769,32.5469
6821,4.72974,-2.61989,31.5628
6822,4.02456,-2.7286,30.6168
6823,3.37898,-2.78136,29.7105
6824,2.7919,-2.79313,28.8439
6825,2.26104,-2.77639,28.0156
6826,1.78325,-2.74137,27.2235
6827,1.35481,-2.69632,26.4651
6828,0.971633,-2.64779,25.7381
6829,0.629498,-2.60091,25.0402
6830,0.324138,-2.55966,24.3692
6831,0.0513648,-2.52705,23.7233
6832,-0.192861,-2.50538,23.1009
6833,-0.412382,-2.49633,22.5005
6834,-0.610815,-2.50117,21.9211
6835,-0.791537,-2.52084,21.3617
6836,-0.957679,-2.55605,20.8215
6837,-1.11214,-2.60739,20.3
6838,-1.25758,-2.67533,19.7967
6839,-1.39647,-2.76036,19.3114
6840,-1.53109,-2.86296,18.8438
6841,-1.66352,-2.98367,18.3941
6842,-1.79575,-3.12311,17.9622
6843,-1.92959,-3.28198,17.5484
6844,-2.06679,-3.46111,17.1531
6845,-2.20899,-3.66146,16.7768
6846,-2.3578,-3.8841,16.4203
6847,-2.51476,-4.13025,16.0846
6848,-2.68141,-4.40126,15.7706
6849,-2.85924,-4.69857,15.48
6850,-3.04978,-5.02378,15.2144
6851,-3.25455,-5.37853,14.9758
6852,-3.47509,-5.76455,14.7666
6853,-3.71296,-6.18356,14.5899
6854,-3.96974,-6.63725,14.4489
6855,-4.24699,-7.12719,14.3477
6856,-4.54629,-7.65474,14.2907
6857,-4.86918,-8.22089,14.2834
6858,-5.21711,-8.82616,14.3317
6859,-5.59141,-9.47034,14.4424
6860,-5.99324,-10.1523,14.6231
6861,-6.42346,-10.8697,14.8823
6862,-6.88257,-11.6185,15.2289
6863,-7.37054,-12.3929,15.6726
6864,-7.88669,-13.1847,16.2232
6865,-8.42946,-13.9827,16.8902
6866,-8.99626,-14.7727,17.6824
6867,-9.58322,-15.5371,18.6072
6868,-10.185,-16.2545,19.669
6869,-10.7945,-16.9002,20.8687
6870,-11.4029,-17.4464,22.2021
6871,-11.9993,-17.8634,23.6586
6872,-12.5712,-18.1211,25.2199
6873,-13.1043,-18.1911,26.8593
6874,-13.5833,-18.0492,28.542
6875,-13.9922,-17.6787,30.2251
6876,-14.3156,-17.0726,31.8604
6877,-14.5392,-16.2359,33.3968
6878,-14.6515,-15.1868,34.7843
6879,-14.6442,-13.9564,35.9782
6880,-14.5134,-12.5865,36.9431
6881,-14.2599,-11.1261,37.6559
6882,-13.8893,-9.62764,38.1072
6883,-13.4116,-8.14225,38.3016
6884,-12.8405,-6.71559,38.2558
6885,-12.1924,-5.385,37.9959
6886,-11.4851,-4.17778,37.5538
6887,-10.737,-3.11087,36.9643
6888,-9.96562,-2.19154,36.2615
6889,-9.1873,-1.41897,35.4771
6890,-8.41636,-0.786077,34.6386
6891,-7.66487,-0.281467,33.7688
6892,-6.94252,0.10882,32.886
6893,-6.25669,0.399865,32.0037
6894,-5.61262,0.606767,31.1318
6895,-5.01363,0.743884,30.277
6896,-4.46144,0.824349,29.4435
6897,-3.9564,0.859822,28.6336
6898,-3.49781,0.860393,27.8485
6899,-3.08414,0.834615,27.0881
6900,-2.71327,0.789594,26.3521
6901,-2.38267,0.731127,25.6395
6902,-2.08955,0.663857,24.9494
6903,-1.83101,0.591427,24.2808
6904,-1.60409,0.516635,23.6324
6905,-1.40591,0.441567,23.0035
6906,-1.23369,0.367725,22.3929
6907,-1.08478,0.296137,21.7998
6908,-0.956716,0.227447,21.2235
6909,-0.847221,0.161997,20.6633
6910,-0.754212,0.0998938,20.1186
6911,-0.675805,0.0410637,19.5887
6912,-0.610307,-0.0147044,19.0731
6913,-0.556213,-0.067722,18.5715
6914,-0.512195,-0.118373,18.0832
6915,-0.477088,-0.167092,17.6081
6916,-0.449884,-0.214349,17.1456
6917,-0.429715,-0.260636,16.6955
6918,-0.415843,-0.306461,16.2573
6919,-0.407651,-0.352342,15.8309
6920,-0.404629,-0.398806,15.4158
6921,-0.406366,-0.446384,15.0118
6922,-0.41254,-0.495619,14.6187
6923,-0.422915,-0.547064,14.2362
6924,-0.437328,-0.601289,13.864
6925,-0.455688,-0.65888,13.5019
6926,-0.477969,-0.720452,13.1498
6927,-0.504207,-0.78665,12.8075
6928,-0.534499,-0.858158,12.4746
6929,-0.569,-0.935704,12.1513
6930,-0.60792,-1.02007,11.8372
6931,-0.65153,-1.11211,11.5323
6932,-0.700155,-1.21273,11.2366
6933,-0.754185,-1.32294,10.95
6934,-0.814068,-1.44383,10.6726
6935,-0.880321,-1.5766,10.4044
6936,-0.953531,-1.72256,10.1455
6937,-1.03436,-1.88315,9.8962
6938,-1.12355,-2.05996,9.65677
6939,-1.22193,-2.25475,9.42762
6940,-1.33044,-2.46942,9.20927
6941,-1.45009,-2.70609,9.00242
6942,-1.58204,-2.96707,8.80795
6943,-1.72754,-3.25488,8.62696
6944,-1.888,-3.57229,8.46081
6945,-2.06494,-3.92227,8.31123
6946,-2.26005,-4.30808,8.18031
6947,-2.47518,-4.73318,8.07063
6948,-2.71235,-5.20126,7.98534
6949,-2.97372,-5.71621,7.9283
6950,-3.26166,-6.28204,7.90418
6951,-3.57866,-6.90283,7.91861
6952,-3.9274,-7.58258,7.97838
6953,-4.31064,-8.32502,8.09164
6954,-4.73123,-9.1334,8.26806
6955,-5.19201,-10.0101,8.51904
6956,-5.69573,-10.9562,8.85795
6957,-6.24488,-11.9709,9.30018
6958,-6.84152,-13.0506,9.86325
6959,-7.48701,-14.1884,10.5667
6960,-8.18171,-15.3725,11.4315
6961,-8.92453,-16.5851,12.4798
6962,-9.71246,-17.8014,13.7332
6963,-10.54,-18.9878,15.2112
6964,-11.3986,-20.1016,16.9284
6965,-12.2758,-21.0908,18.8914
6966,-13.1553,-21.8948,21.0947
6967,-14.016,-22.4471,23.5166
6968,-14.8324,-22.6806,26.1153
6969,-15.5754,-22.5339,28.8268
6970,-16.2133,-21.9601,31.5653
6971,-16.7142,-20.9356,34.2274
6972,-17.0483,-19.468,36.7001
6973,-17.1911,-17.6,38.8728
6974,-17.1262,-15.4084,40.6504
6975,-16.8473,-12.9967,41.9657
6976,-16.3597,-10.4834,42.7873
6977,-15.6791,-7.98705,43.1221
6978,-14.831,-5.61354,43.0105
6979,-13.8471,-3.44544,42.5182
6980,-12.7627,-1.53735,41.7247
6981,-11.6137,0.0840706,40.7123
6982,-10.4339,1.41634,39.5578
6983,-9.25287,2.47524,38.3266
6984,-8.09564,3.28847,37.0705
6985,-6.98166,3.88998,35.8275
6986,-5.92525,4.31553,34.6233
6987,-4.93597,4.59963,33.4733
6988,-4.01936,4.7737,32.3855
6989,-3.17761,4.86513,31.3624
6990,-2.41031,4.89711,30.4029
6991,-1.71506,4.88875,29.5036
6992,-1.08809,4.8555,28.6601
6993,-0.524645,4.80962,27.8678
6994,-0.0193961,4.76073,27.1218
6995,0.43328,4.71622,26.4181
6996,0.839088,4.68174,25.7526
6997,1.20366,4.66151,25.1222
6998,1.53243,4.65867,24.5241
6999,1.83058,4.67551,23.9564
7000,2.10298,4.71367,23.4172
7001,2.35417,4.77432,22.9054
7002,2.58836,4.85829,22.4201
7003,2.80939,4.96617,21.961
7004,3.02084,5.09841,21.5279
7005,3.22594,5.25533,21.121
7006,3.42766,5.43721,20.7408
7007,3.62871,5.64431,20.3879
7008,3.83157,5.87684,20.0634
7009,4.03849,6.13503,19.7687
7010,4.25153,6.41904,19.5052
7011,4.47258,6.72899,19.2749
7012,4.70335,7.06493,19.0799
7013,4.94538,7.42672,18.9227
7014,5.20005,7.81406,18.8062
7015,5.46856,8.22635,18.7335
7016,5.75191,8.66262,18.708
7017,6.05093,9.12146,18.7336
7018,6.36616,9.60082,18.8142
7019,6.6979,10.098,18.954
7020,7.0461,10.6093,19.1574
7021,7.41032,11.1302,19.4288
7022,7.78969,11.6549,19.7721
7023,8.1828,12.1764,20.1911
7024,8.58763,12.6863,20.6888
7025,9.00151,13.1749,21.2671
7026,9.42103,13.631,21.9263
7027,9.84197,14.0424,22.6652
7028,10.2593,14.3957,23.4799
7029,10.6672,14.6773,24.3641
7030,11.059,14.8734,25.3081
7031,11.4275,14.9711,26.2992
7032,11.7651,14.9593,27.3212
7033,12.0637,14.8293,28.3552
7034,12.3157,14.576,29.3794
7035,12.5135,14.1985,30.3706
7036,12.6507,13.7009,31.3052
7037,12.722,13.0921,32.1601
7038,12.7238,12.3859,32.9147
7039,12.6542,11.6003,33.5515
7040,12.5134,10.7564,34.0576
7041,12.3039,9.87694,34.4253
7042,12.0298,8.98537,34.6522
7043,11.6973,8.10388,34.7408
7044,11.3138,7.25253,34.6982
7045,10.888,6.44823,34.5353
7046,10.429,5.70421,34.2652
7047,9.94617,5.02983,33.9026
7048,9.44872,4.43073,33.4627
7049,8.94535,3.90916,32.9601
7050,8.44399,3.46455,32.4086
7051,7.95164,3.09411,31.8206
7052,7.4743,2.79339,31.2068
7053,7.01693,2.5569,30.5765
7054,6.58344,2.37859,29.9372
7055,6.17679,2.25219,29.2949
7056,5.79908,2.17158,28.6544
7057,5.45162,2.131,28.0196
7058,5.13508,2.12516,27.3932
7059,4.8496,2.14935,26.7775
7060,4.59487,2.19949,26.174
7061,4.37027,2.27211,25.584
7062,4.17492,2.36436,25.0084
7063,4.00779,2.47394,24.4479
7064,3.86776,2.5991,23.903
7065,3.75367,2.73853,23.3743
7066,3.66436,2.89137,22.8621
7067,3.59871,3.05714,22.367
7068,3.55571,3.23566,21.8894
7069,3.53441,3.42706,21.4298
7070,3.53399,3.63171,20.9889
7071,3.55374,3.85019,20.5674
7072,3.59311,4.08326,20.166
7073,3.65165,4.33182,19.7856
7074,3.72906,4.5969,19.4275
7075,3.82518,4.87961,19.0928
7076,3.93996,5.18114,18.783
7077,4.07346,5.50268,18.4999
7078,4.22588,5.84545,18.2454
7079,4.39748,6.21058,18.0217
7080,4.58863,6.59916,17.8313
7081,4.79973,7.01207,17.6773
7082,5.03125,7.45002,17.5628
7083,5.28364,7.91338,17.4916
7084,5.55733,8.40212,17.4676
7085,5.8527,8.91569,17.4954
7086,6.16999,9.45288,17.5798
7087,6.50927,10.0117,17.7261
7088,6.87036,10.589,17.9397
7089,7.25276,11.1806,18.2262
7090,7.65554,11.781,18.5912
7091,8.07727,12.3829,19.0401
7092,8.51586,12.9775,19.5776
7093,8.96852,13.5539,20.2073
7094,9.43158,14.0997,20.9315
7095,9.90044,14.6002,21.7502
7096,10.3695,15.0396,22.6611
7097,10.8321,15.4008,23.6582
7098,11.2805,15.6664,24.7319
7099,11.7062,15.8194,25.8683
7100,12.0999,15.8444,27.0491
7101,12.4518,15.7291,28.2518
7102,12.7522,15.4652,29.4502
7103,12.9914,15.05,30.6155
7104,13.1612,14.4869,31.7178
7105,13.2545,13.7862,32.7277
7106,13.2662,12.9645,33.6186
7107,13.1937,12.0445,34.368
7108,13.0368,11.0528,34.9594
7109,12.7982,10.0188,35.3833
7110,12.4831,8.97236,35.6371
7111,12.0989,7.94168,35.7252
7112,11.655,6.9519,35.6578
7113,11.162,6.02371,35.4495
7114,10.6312,5.17274,35.1181
7115,10.0741,4.40939,34.6829
7116,9.50187,3.73913,34.1631
7117,8.92487,3.16313,33.5773
7118,8.35244,2.67906,32.9422
7119,7.79267,2.28196,32.2724
7120,7.25232,1.96508,31.5804
7121,6.73681,1.72063,30.8762
7122,6.25026,1.54038,30.1679
7123,5.79563,1.41614,29.4616
7124,5.37484,1.34013,28.762
7125,4.98889,1.30515,28.0726
7126,4.63807,1.30477,27.3957
7127,4.32204,1.33337,26.733
7128,4.04001,1.38616,26.0855
7129,3.79085,1.45913,25.4539
7130,3.57318,1.54905,24.8387
7131,3.3855,1.65332,24.24
7132,3.22621,1.77002,23.6579
7133,3.09373,1.89771,23.0924
7134,2.9865,2.03548,22.5437
7135,2.90305,2.1828,22.0117
7136,2.84202,2.33951,21.4965
7137,2.80216,2.50576,20.9982
7138,2.7824,2.68197,20.5171
7139,2.78179,2.86878,20.0533
7140,2.79957,3.06703,19.6073
7141,2.83511,3.27772,19.1795
7142,2.88797,3.50202,18.7705
7143,2.95785,3.74122,18.381
7144,3.04462,3.99671,18.0118
7145,3.1483,4.27,17.6641
7146,3.26904,4.56266,17.339
7147,3.40714,4.87632,17.0382
7148,3.56304,5.21267,16.7633
7149,3.73727,5.57337,16.5163
7150,3.93049,5.96009,16.2998
7151,4.14345,6.37443,16.1165
7152,4.37697,6.81784,15.9697
7153,4.63192,7.29158,15.863
7154,4.9092,7.79662,15.8006
7155,5.2097,8.33353,15.7875
7156,5.53423,8.90232,15.8288
7157,5.88353,9.50227,15.9307
7158,6.25812,10.1318,16.0996
7159,6.65829,10.788,16.3426
7160,7.08396,11.4667,16.6671
7161,7.53456,12.162,17.0808
7162,8.00893,12.8658,17.5913
7163,8.50516,13.5681,18.2057
7164,9.0204,14.2558,18.9302
7165,9.55074,14.9136,19.7691
7166,10.091,15.5233,20.7247
7167,10.6348,16.0642,21.7957
7168,11.174,16.5139,22.9764
7169,11.6994,16.8487,24.2562
7170,12.2001,17.0453,25.6185
7171,12.6643,17.0822,27.0403
7172,13.0794,16.9417,28.4923
7173,13.4325,16.6118,29.9401
7174,13.7112,16.0882,31.345
7175,13.9044,15.3759,32.6667
7176,14.0029,14.4895,33.866
7177,14.0001,13.4528,34.9076
7178,13.893,12.2981,35.7629
7179,13.6819,11.0632,36.4125
7180,13.3712,9.78858,36.8468
7181,12.9685,8.51458,37.067
7182,12.4844,7.27809,37.0832
7183,11.9318,6.11036,36.9135
7184,11.325,5.03559,36.581
7185,10.6789,4.07027,36.112
7186,10.0081,3.2235,35.5332
7187,9.3264,2.49779,34.8704
7188,8.64627,1.89033,34.1467
7189,7.97852,1.39427,33.3822
7190,7.33211,1.0001,32.5937
7191,6.71419,0.6968,31.7944
7192,6.13014,0.472746,30.9945
7193,5.58372,0.316461,30.2015
7194,5.07725,0.217096,29.4206
7195,4.61188,0.164745,28.6553
7196,4.18772,0.150617,27.908
7197,3.80412,0.167093,27.1798
7198,3.45981,0.207712,26.4712
7199,3.15308,0.26711,25.7823
7200,2.88191,0.340921,25.1129
7201,2.64413,0.425681,24.4625
7202,2.43746,0.518708,23.8306
7203,2.25963,0.617999,23.2166
7204,2.10841,0.722134,22.6201
7205,1.98169,0.830179,22.0405
7206,1.87747,0.941614,21.4774
7207,1.79393,1.05626,20.9303
7208,1.72941,1.17422,20.3989
7209,1.68243,1.29583,19.8828
7210,1.65169,1.42164,19.382
7211,1.63608,1.55235,18.8961
7212,1.63466,1.68879,18.4249
7213,1.64668,1.83195,17.9686
7214,1.67155,1.9829,17.527
7215,1.70884,2.14283,17.1001
7216,1.75828,2.31301,16.6882
7217,1.81977,2.49483,16.2915
7218,1.89333,2.68976,15.9103
7219,1.97914,2.89937,15.545
7220,2.0775,3.12535,15.1962
7221,2.18888,3.36948,14.8647
7222,2.31384,3.63364,14.5513
7223,2.4531,3.91985,14.2572
7224,2.60749,4.23022,13.9837
7225,2.77799,4.56695,13.7326
7226,2.96567,4.93235,13.5058
7227,3.17174,5.3288,13.3057
7228,3.39754,5.75872,13.1352
7229,3.64447,6.2245,12.9977
7230,3.91406,6.7285,12.8971
7231,4.2079,7.27289,12.8382
7232,4.52761,7.8596,12.8265
7233,4.87484,8.4901,12.8681
7234,5.25118,9.16527,12.9705
7235,5.65812,9.88507,13.1419
7236,6.09696,10.6483,13.3915
7237,6.56866,11.4522,13.7297
7238,7.07376,12.292,14.1676
7239,7.61216,13.1604,14.7171
7240,8.18294,14.047,15.3903
7241,8.7841,14.9378,16.199
7242,9.41232,15.8147,17.154
7243,10.0626,16.6549,18.2635
7244,10.7281,17.4312,19.5326
7245,11.3998,18.1119,20.9607
7246,12.0664,18.6617,22.5403
7247,12.7139,19.0438,24.255
7248,13.3267,19.2213,26.0784
7249,13.8867,19.1615,27.973
7250,14.3752,18.8387,29.8907
7251,14.7732,18.2386,31.7749
7252,15.0626,17.3613,33.5637
7253,15.2283,16.2238,35.1946
7254,15.2587,14.8596,36.6101
7255,15.1473,13.3173,37.7634
7256,14.8935,11.6565,38.6228
7257,14.5027,9.94187,39.1741
7258,13.9859,8.23721,39.4214
7259,13.3589,6.59999,39.3847
7260,12.641,5.077,39.0966
7261,11.8534,3.702,38.5974
7262,11.0179,2.49525,37.9303
7263,10.1556,1.46461,37.138
7264,9.28576,0.607648,36.2592
7265,8.42515,-0.0857899,35.327
7266,7.58775,-0.630954,34.3685
7267,6.7846,-1.04591,33.4042
7268,6.02393,-1.3497,32.4492
7269,5.31135,-1.56101,31.5137
7270,4.65024,-1.69728,30.6042
7271,4.04206,-1.77418,29.7244
7272,3.48675,-1.80543,28.8757
7273,2.98303,-1.80271,28.0583
7274,2.52875,-1.77581,27.2714
7275,2.1211,-1.73275,26.5135
7276,1.75686,-1.68002,25.7833
7277,1.43255,-1.62278,25.0789
7278,1.1446,-1.56505,24.3987
7279,0.889437,-1.50993,23.7413
7280,0.663581,-1.45976,23.1052
7281,0.463682,-1.41626,22.4892
7282,0.28657,-1.38068,21.8923
7283,0.12928,-1.35388,21.3134
7284,-0.0109432,-1.33647,20.7518
7285,-0.136636,-1.32885,20.2067
7286,-0.250126,-1.33126,19.6776
7287,-0.353539,-1.34391,19.1638
7288,-0.448815,-1.36691,18.6649
7289,-0.53772,-1.40041,18.1805
7290,-0.621866,-1.44456,17.7102
7291,-0.70273,-1.49957,17.2538
7292,-0.781669,-1.56571,16.811
7293,-0.859941,-1.64331,16.3816
7294,-0.938723,-1.73283,15.9655
7295,-1.01912,-1.8348,15.5626
7296,-1.1022,-1.94987,15.1729
7297,-1.189,-2.07884,14.7964
7298,-1.28051,-2.2226,14.4333
7299,-1.37775,-2.38221,14.0837
7300,-1.48174,-2.55885,13.7479
7301,-1.59352,-2.75386,13.4264
7302,-1.71418,-2.96876,13.1198
7303,-1.84483,-3.20522,12.8288
7304,-1.98666,-3.46507,12.5542
7305,-2.14094,-3.75033,12.2973
7306,-2.309,-4.06319,12.0595
7307,-2.49227,-4.40601,11.8424
7308,-2.69227,-4.78132,11.6483
7309,-2.91064,-5.19176,11.4796
7310,-3.14909,-5.64012,11.3394
7311,-3.40947,-6.12923,11.2313
7312,-3.6937,-6.66192,11.1599
7313,-4.0038,-7.24092,11.1302
7314,-4.34182,-7.86875,11.1483
7315,-4.70988,-8.5475,11.2215
7316,-5.11003,-9.27865,11.358
7317,-5.54423,-10.0627,11.5674
7318,-6.01427,-10.899,11.8607
7319,-6.52159,-11.7849,12.2501
7320,-7.06715,-12.7155,12.7492
7321,-7.65121,-13.683,13.3724
7322,-8.27309,-14.6756,14.1349
7323,-8.93083,-15.6774,15.0517
7324,-9.62091,-16.6668,16.1367
7325,-10.3378,-17.6167,17.4013
7326,-11.0736,-18.4937,18.8524
7327,-11.8178,-19.2588,20.4905
7328,-12.5568,-19.8683,22.3069
7329,-13.2741,-20.2756,24.2816
7330,-13.9502,-20.4352,26.3811
7331,-14.5635,-20.3064,28.5578
7332,-15.091,-19.8587,30.7502
7333,-15.5096,-19.0773,32.886
7334,-15.7979,-17.9668,34.8875
7335,-15.9382,-16.5546,36.6774
7336,-15.9181,-14.8894,38.1879
7337,-15.7318,-13.0382,39.3669
7338,-15.3812,-11.0795,40.1844
7339,-14.8758,-9.09544,40.634
7340,-14.2315,-7.16298,40.7323
7341,-13.4699,-5.34746,40.5148
7342,-12.6157,-3.69797,40.0297
7343,-11.6952,-2.24567,39.3315
7344,-10.7342,-1.00466,38.4751
7345,-9.75687,0.0254581,37.511
7346,-8.78426,0.856022,36.4827
7347,-7.83409,1.50571,35.4251
7348,-6.92036,1.99725,34.3649
7349,-6.05347,2.35479,33.321
7350,-5.24057,2.60205,32.3059
7351,-4.48594,2.76105,31.3271
7352,-3.79145,2.85146,30.3882
7353,-3.15707,2.89035,29.4902
7354,-2.58125,2.89213,28.6324
7355,-2.06136,2.86875,27.8131
7356,-1.59399,2.82995,27.0299
7357,-1.17521,2.78354,26.2804
7358,-0.800807,2.73568,25.5621
7359,-0.466462,2.69118,24.8726
7360,-0.167852,2.65375,24.2098
7361,0.0992376,2.62619,23.5719
7362,0.338853,2.61062,22.9573
7363,0.55483,2.6086,22.3648
7364,0.750766,2.62131,21.7932
7365,0.930015,2.64963,21.2416
7366,1.09568,2.69423,20.7094
7367,1.25064,2.75568,20.196
7368,1.39754,2.83448,19.7011
7369,1.53881,2.93112,19.2244
7370,1.67672,3.04612,18.766
7371,1.81336,3.18007,18.3258
7372,1.95069,3.33362,17.904
7373,2.09054,3.50755,17.5011
7374,2.23466,3.70275,17.1175
7375,2.38471,3.92023,16.7539
7376,2.54229,4.16112,16.4113
7377,2.70899,4.42669,16.0906
7378,2.88634,4.71831,15.7934
7379,3.07589,5.03748,15.5213
7380,3.27917,5.38576,15.2763
7381,3.49773,5.76478,15.0607
7382,3.7331,6.17617,14.8773
7383,3.98686,6.62154,14.7295
7384,4.26056,7.10236,14.6211
7385,4.55573,7.6199,14.5565
7386,4.87388,8.1751,14.5408
7387,5.21643,8.76842,14.5799
7388,5.58468,9.39962,14.6804
7389,5.97975,10.0676,14.8494
7390,6.40248,10.77,15.0952
7391,6.85334,11.5031,15.4265
7392,7.33232,12.2611,15.8523
7393,7.83876,13.0362,16.3822
7394,8.37117,13.8178,17.0253
7395,8.92706,14.5922,17.7902
7396,9.50274,15.3426,18.6838
7397,10.0931,16.0486,19.7107
7398,10.6913,16.6865,20.8718
7399,11.289,17.2298,22.1633
7400,11.8757,17.65,23.5755
7401,12.4395,17.9181,25.0911
7402,12.9667,18.0066,26.6854
7403,13.4424,17.892,28.3253
7404,13.8514,17.557,29.9704
7405,14.1787,16.9941,31.5746
7406,14.4102,16.2067,33.089
7407,14.5346,15.2108,34.4651
7408,14.5433,14.0345,35.659
7409,14.4321,12.7168,36.6353
7410,14.2011,11.3041,37.3698
7411,13.855,9.8464,37.8514
7412,13.403,8.39331,38.0823
7413,12.8579,6.98977,38.0767
7414,12.2349,5.67322,37.8582
7415,11.5514,4.47174,37.4565
7416,10.8249,3.4035,36.9048
7417,10.0727,2.47729,36.2359
7418,9.3109,1.69385,35.481
7419,8.55373,1.04757,34.6675
7420,7.81335,0.528323,33.8182
7421,7.09964,0.123187,32.9518
7422,6.42024,-0.182128,32.0823
7423,5.78068,-0.402161,31.2202
7424,5.18459,-0.550901,30.3727
7425,4.634,-0.641268,29.5445
7426,4.12956,-0.684826,28.7382
7427,3.67082,-0.691654,27.9555
7428,3.25652,-0.670346,27.1965
7429,2.88473,-0.628086,26.4612
7430,2.55312,-0.570764,25.7488
7431,2.25905,-0.503121,25.0584
7432,1.99974,-0.428894,24.3892
7433,1.77238,-0.350963,23.7402
7434,1.57416,-0.271487,23.1104
7435,1.40237,-0.192023,22.4988
7436,1.25445,-0.113636,21.9048
7437,1.12798,-0.0369924,21.3275
7438,1.02074,0.0375629,20.7663
7439,0.930699,0.109937,20.2205
7440,0.856009,0.180234,19.6897
7441,0.795027,0.248713,19.1733
7442,0.746291,0.315749,18.6709
7443,0.708521,0.381809,18.1821
7444,0.680606,0.447423,17.7065
7445,0.661593,0.513178,17.2438
7446,0.650679,0.579699,16.7935
7447,0.647197,0.647645,16.3556
7448,0.65061,0.717705,15.9295
7449,0.660495,0.790598,15.5152
7450,0.676544,0.86707,15.1124
7451,0.698548,0.947903,14.7209
7452,0.726393,1.03391,14.3405
7453,0.760059,1.12596,13.9711
7454,0.79961,1.22496,13.6125
7455,0.845193,1.33189,13.2646
7456,0.897038,1.44777,12.9275
7457,0.955456,1.57373,12.6011
7458,1.02084,1.71097,12.2856
7459,1.09365,1.8608,11.9809
7460,1.17447,2.02463,11.6874
7461,1.26392,2.20402,11.4053
7462,1.36275,2.40063,11.135
7463,1.47179,2.6163,10.877
7464,1.59198,2.85302,10.6321
7465,1.72436,3.11298,10.4011
7466,1.87011,3.39852,10.1852
7467,2.0305,3.7122,9.98554
7468,2.20694,4.05679,9.80396
7469,2.40101,4.43524,9.64248
7470,2.61438,4.8507,9.5036
7471,2.84891,5.30649,9.39037
7472,3.10658,5.80608,9.30648
7473,3.38954,6.35302,9.25639
7474,3.70006,6.95084,9.24543
7475,4.04051,7.60296,9.27998
7476,4.41338,8.31252,9.36764
7477,4.82118,9.0821,9.51733
7478,5.26638,9.91345,9.73953
7479,5.75134,10.8071,10.0464
7480,6.27816,11.7617,10.4518
7481,6.8485,12.7735,10.9713
7482,7.46336,13.8357,11.6222
7483,8.12279,14.937,12.423
7484,8.82552,16.0611,13.3926
7485,9.56857,17.1854,14.5496
7486,10.3467,18.2802,15.9103
7487,11.1521,19.3077,17.4869
7488,11.9736,20.2225,19.2843
7489,12.7963,20.9719,21.2973
7490,13.6018,21.4989,23.5068
7491,14.3677,21.7453,25.8771
7492,15.0684,21.6577,28.354
7493,15.6761,21.1942,30.8647
7494,16.1627,20.3318,33.3213
7495,16.5016,19.0729,35.6269
7496,16.6704,17.4487,37.6847
7497,16.6533,15.5196,39.4088
7498,16.4427,13.3699,40.7347
7499,16.041,11.099,41.6263
7500,15.4598,8.8102,42.0792
7501,14.7191,6.59916,42.1191
7502,13.8455,4.54464,41.7951
7503,12.8695,2.70316,41.1715
7504,11.8228,1.10748,40.3186
7505,10.7363,-0.231368,39.3049
7506,9.63802,-1.31996,38.1914
7507,8.55202,-2.17739,37.0285
7508,7.49789,-2.83036,35.8552
7509,6.49061,-3.30901,34.6994
7510,5.54084,-3.64383,33.5798
7511,4.65536,-3.86363,32.5073
7512,3.83774,-3.9943,31.4873
7513,3.08888,-4.05832,30.5213
7514,2.40763,-4.07465,29.6081
7515,1.79132,-4.05896,28.745
7516,1.23617,-4.02394,27.9284
7517,0.737711,-3.9797,27.1547
7518,0.291008,-3.9342,26.4203
7519,-0.109051,-3.89362,25.7217
7520,-0.46761,-3.86267,25.056
7521,-0.789717,-3.84493,24.4207
7522,-1.08023,-3.84307,23.8137
7523,-1.34378,-3.85907,23.2332
7524,-1.58469,-3.89441,22.6779
7525,-1.80702,-3.95018,22.1468
7526,-2.01452,-4.02719,21.6393
7527,-2.21066,-4.12611,21.1549
7528,-2.39863,-4.24749,20.6935
7529,-2.58137,-4.39184,20.2551
7530,-2.76159,-4.55967,19.8401
7531,-2.94179,-4.75152,19.449
7532,-3.12428,-4.96794,19.0827
7533,-3.31121,-5.20958,18.7421
7534,-3.5046,-5.47708,18.4286
7535,-3.70632,-5.77115,18.1437
7536,-3.91814,-6.0925,17.8894
7537,-4.14173,-6.44182,17.6678
7538,-4.37866,-6.81972,17.4816
7539,-4.63041,-7.22669,17.3338
7540,-4.89836,-7.66302,17.2276
7541,-5.18374,-8.12871,17.167
7542,-5.48769,-8.62333,17.1563
7543,-5.81115,-9.14596,17.2001
7544,-6.15486,-9.69493,17.3037
7545,-6.51927,-10.2677,17.4726
7546,-6.90453,-10.8608,17.7126
7547,-7.31036,-11.4693,18.0297
7548,-7.73596,-12.0868,18.4298
7549,-8.17994,-12.7052,18.9186
7550,-8.64017,-13.3147,19.5009
7551,-9.11371,-13.9033,20.1804
7552,-9.59662,-14.457,20.9591
7553,-10.0839,-14.9599,21.8367
7554,-10.5696,-15.3948,22.8099
7555,-11.0464,-15.7429,23.8715
7556,-11.506,-15.9858,25.0103
7557,-11.9391,-16.1055,26.2101
7558,-12.3358,-16.0864,27.4504
7559,-12.6857,-15.9161,28.7058
7560,-12.9785,-15.5875,29.9474
7561,-13.2044,-15.0996,31.144
7562,-13.355,-14.4585,32.2635
7563,-13.4232,-13.6774,33.2753
7564,-13.4047,-12.7765,34.1524
7565,-13.2974,-11.7819,34.873
7566,-13.1024,-10.7235,35.4222
7567,-12.8234,-9.63317,35.7927
7568,-12.4669,-8.54246,35.9852
7569,-12.0417,-7.48041,36.0071
7570,-11.5584,-6.47199,35.8716
7571,-11.0285,-5.53698,35.5964
7572,-10.4642,-4.68948,35.2013
7573,-9.87749,-3.93802,34.7074
7574,-9.27995,-3.28606,34.1348
7575,-8.68202,-2.73279,33.5027
7576,-8.09296,-2.27408,32.8278
7577,-7.52063,-1.90342,32.1243
7578,-6.97142,-1.61283,31.4043
7579,-6.45034,-1.39354,30.6771
7580,-5.96108,-1.23664,29.9501
7581,-5.5061,-1.13351,29.2288
7582,-5.08689,-1.07609,28.5172
7583,-4.70401,-1.05708,27.8181
7584,-4.35736,-1.07007,27.1335
7585,-4.04625,-1.1095,26.4646
7586,-3.76959,-1.17072,25.812
7587,-3.52597,-1.24989,25.1763
7588,-3.31382,-1.34395,24.5574
7589,-3.13142,-1.45048,23.9556
7590,-2.97705,-1.56773,23.3706
7591,-2.849,-1.69443,22.8025
7592,-2.74561,-1.8298,22.251
7593,-2.66534,-1.97346,21.7162
7594,-2.60678,-2.12534,21.198
7595,-2.56865,-2.2857,20.6965
7596,-2.54985,-2.45503,20.2117
7597,-2.5494,-2.63405,19.7438
7598,-2.56654,-2.82365,19.2931
7599,-2.60065,-3.02489,18.8599
7600,-2.65127,-3.23898,18.4447
7601,-2.71812,-3.46724,18.0482
7602,-2.80108,-3.71114,17.6709
7603,-2.90017,-3.9722,17.3139
7604,-3.01557,-4.25208,16.9783
7605,-3.1476,-4.55248,16.6654
7606,-3.29672,-4.87517,16.3766
7607,-3.4635,-5.22196,16.114
7608,-3.64866,-5.59467,15.8797
7609,-3.85299,-5.99511,15.6763
7610,-4.0774,-6.42499,15.5067
7611,-4.32284,-6.88591,15.3745
7612,-4.59036,-7.37925,15.2835
7613,-4.88097,-7.90608,15.2384
7614,-5.19571,-8.46703,15.2444
7615,-5.53554,-9.06212,15.3073
7616,-5.90128,-9.6906,15.4336
7617,-6.29357,-10.3507,15.6304
7618,-6.71276,-11.0393,15.9055
7619,-7.15878,-11.7518,16.267
7620,-7.63106,-12.4816,16.7233
7621,-8.12834,-13.2199,17.2827
7622,-8.64851,-13.9552,17.9531
7623,-9.18845,-14.6733,18.741
7624,-9.74382,-15.357,19.6513
7625,-10.3089,-15.9859,20.6858
7626,-10.8766,-16.5373,21.8426
7627,-11.4379,-16.9861,23.115
7628,-11.9825,-17.3064,24.4902
7629,-12.4985,-17.4729,25.9486
7630,-12.9728,-17.4627,27.4639
7631,-13.3918,-17.2577,29.0025
7632,-13.7414,-16.8467,30.5255
7633,-14.0086,-16.2277,31.9897
7634,-14.1817,-15.409,33.3513
7635,-14.2515,-14.4099,34.5682
7636,-14.212,-13.26,35.604
7637,-14.0611,-11.9971,36.4307
7638,-13.8005,-10.6641,37.031
7639,-13.4364,-9.30605,37.3992
7640,-12.9782,-7.96593,37.5408
7641,-12.4385,-6.68195,37.4712
7642,-11.8321,-5.48513,37.2132
7643,-11.1745,-4.39815,36.7942
7644,-10.4821,-3.43507,36.2436
7645,-9.77014,-2.60208,35.5907
7646,-9.05297,-1.89863,34.8624
7647,-8.34316,-1.31897,34.0825
7648,-7.65135,-0.853713,33.2708
7649,-6.98617,-0.491201,32.4434
7650,-6.35425,-0.218737,31.6127
7651,-5.76037,-0.0234851,30.7877
7652,-5.20766,0.106869,29.9751
7653,-4.69781,0.183692,29.1791
7654,-4.23135,0.217155,28.4023
7655,-3.80783,0.216133,27.6462
7656,-3.42606,0.188202,26.9115
7657,-3.08433,0.139694,26.198
7658,-2.78051,0.0758001,25.5054
7659,-2.51225,0.000687502,24.8333
7660,-2.27708,-0.0823731,24.1807
7661,-2.07247,-0.170885,23.5471
7662,-1.89595,-0.26301,22.9317
7663,-1.74511,-0.357462,22.3339
7664,-1.61769,-0.453413,21.7529
7665,-1.51158,-0.550417,21.1882
7666,-1.42484,-0.648336,20.6393
7667,-1.35572,-0.747282,20.1058
7668,-1.30266,-0.847574,19.5871
7669,-1.26428,-0.949698,19.0831
7670,-1.23938,-1.05428,18.5933
7671,-1.22695,-1.16204,18.1175
7672,-1.22615,-1.27383,17.6555
7673,-1.23629,-1.39056,17.2071
7674,-1.25685,-1.51323,16.7721
7675,-1.28746,-1.64291,16.3506
7676,-1.32789,-1.78073,15.9424
7677,-1.37802,-1.92793,15.5476
7678,-1.4379,-2.08581,15.1664
7679,-1.50768,-2.25577,14.7988
7680,-1.58763,-2.43927,14.4452
7681,-1.67816,-2.63793,14.106
7682,-1.77978,-2.85343,13.7816
7683,-1.89312,-3.0876,13.4728
7684,-2.01894,-3.34238,13.1803
7685,-2.15812,-3.61987,12.9052
7686,-2.31165,-3.92228,12.6487
7687,-2.48064,-4.25197,12.4125
7688,-2.66635,-4.61143,12.1984
7689,-2.87013,-5.00328,12.0087
7690,-3.09349,-5.43023,11.8461
7691,-3.33804,-5.89504,11.714
7692,-3.60549,-6.40051,11.6164
7693,-3.89766,-6.94934,11.5577
7694,-4.21646,-7.54405,11.5436
7695,-4.56383,-8.18687,11.5806
7696,-4.94171,-8.87948,11.676
7697,-5.352,-9.6228,11.8385
7698,-5.79642,-10.4167,12.0781
7699,-6.27649,-11.2594,12.4059
7700,-6.7933,-12.1474,12.8342
7701,-7.34737,-13.0744,13.3764
7702,-7.93847,-14.0311,14.0468
7703,-8.56525,-15.004,14.8597
7704,-9.22506,-15.9751,15.829
7705,-9.91349,-16.9214,16.9665
7706,-10.6241,-17.8137,18.2813
7707,-11.348,-18.6177,19.7768
7708,-12.0737,-19.2938,21.4493
7709,-12.7868,-19.7989,23.2855
7710,-13.47,-20.089,25.2602
7711,-14.1036,-20.1222,27.3352
7712,-14.6663,-19.8641,29.4589
7713,-15.1358,-19.2919,31.5679
7714,-15.4906,-18.3993,33.5904
7715,-15.7118,-17.2,35.4521
7716,-15.7842,-15.7286,37.0824
7717,-15.6986,-14.0392,38.4225
7718,-15.4526,-12.2003,39.4307
7719,-15.0509,-10.2886,40.0871
7720,-14.5051,-8.3809,40.3942
7721,-13.8328,-6.54674,40.3746
7722,-13.0558,-4.84282,40.0669
7723,-12.1986,-3.30976,39.5194
7724,-11.2864,-1.97149,38.7842
7725,-10.3434,-0.836605,37.9123
7726,-9.39195,0.0988579,36.9495
7727,-8.45114,0.848061,35.9347
7728,-7.53681,1.43006,34.8986
7729,-6.6613,1.86694,33.8643
7730,-5.83363,2.18158,32.8481
7731,-5.0598,2.39608,31.8606
7732,-4.3432,2.53076,30.9079
7733,-3.68511,2.60366,29.9929
7734,-3.08505,2.63034,29.1163
7735,-2.54126,2.62391,28.2773
7736,-2.05097,2.59521,27.4742
7737,-1.61079,2.55306,26.7048
7738,-1.21687,2.50451,25.9669
7739,-0.865139,2.45512,25.2582
7740,-0.551437,2.40923,24.5766
7741,-0.271649,2.37014,23.9203
7742,-0.0217717,2.34038,23.2875
7743,0.202023,2.32182,22.6768
7744,0.403355,2.31585,22.0871
7745,0.585611,2.3235,21.5172
7746,0.751941,2.34553,20.9665
7747,0.90526,2.38254,20.4341
7748,1.04826,2.43501,19.9196
7749,1.1834,2.50339,19.4227
7750,1.31298,2.5881,18.9429
7751,1.4391,2.68963,18.4803
7752,1.56371,2.8085,18.0347
7753,1.68865,2.94534,17.6063
7754,1.81561,3.10088,17.1953
7755,1.94623,3.27597,16.802
7756,2.08207,3.47159,16.4269
7757,2.22463,3.68885,16.0707
7758,2.3754,3.92902,15.7342
7759,2.53584,4.19348,15.4186
7760,2.70742,4.48377,15.1251
7761,2.89161,4.80153,14.8553
7762,3.08991,5.14853,14.6112
7763,3.30384,5.52659,14.395
7764,3.53498,5.9376,14.2096
7765,3.7849,6.38343,14.0582
7766,4.05523,6.86588,13.9444
7767,4.34757,7.38659,13.8729
7768,4.66356,7.94691,13.8487
7769,5.00476,8.54779,13.8776
7770,5.37264,9.18952,13.9665
7771,5.76854,9.87159,14.1228
7772,6.19357,10.5923,14.3551
7773,6.64849,11.3486,14.6725
7774,7.13361,12.1355,15.085
7775,7.64865,12.9457,15.6029
7776,8.19251,13.7692,16.2366
7777,8.7631,14.5928,16.9962
7778,9.3571,15.3996,17.8904
7779,9.96974,16.1692,18.9257
7780,10.5945,16.8768,20.1054
7781,11.2231,17.4945,21.428
7782,11.845,17.9915,22.8857
7783,12.4479,18.3355,24.4631
7784,13.0175,18.4952,26.1362
7785,13.538,18.4423,27.8717
7786,13.9927,18.1552,29.6278
7787,14.365,17.6215,31.355
7788,14.639,16.8411,32.9999
7789,14.8013,15.8278,34.508
7790,14.8416,14.6096,35.8292
7791,14.7537,13.2271,36.9216
7792,14.5367,11.7305,37.7555
7793,14.1947,10.175,38.3159
7794,13.7366,8.6164,38.6031
7795,13.1757,7.10559,38.6311
7796,12.5285,5.68552,38.4251
7797,11.8135,4.38859,38.0182
7798,11.05,3.23594,37.4469
7799,10.2568,2.23791,36.7483
7800,9.45177,1.39559,35.957
7801,8.65047,0.70277,35.1038
7802,7.86627,0.148079,34.2141
7803,7.11002,-0.283015,33.3083
7804,6.39004,-0.60655,32.4018
7805,5.71233,-0.838786,31.5057
7806,5.0808,-0.9953,30.6276
7807,4.49754,-1.09041,29.7723
7808,3.96319,-1.13688,28.9423
7809,3.47717,-1.14577,28.1387
7810,3.03798,-1.12648,27.3618
7811,2.64346,-1.08682,26.6107
7812,2.29099,-1.0332,25.8847
7813,1.97762,-0.970756,25.1825
7814,1.70027,-0.903535,24.5028
7815,1.45581,-0.83467,23.8445
7816,1.24116,-0.766525,23.2064
7817,1.0533,-0.700834,22.5875
7818,0.889407,-0.638823,21.9867
7819,0.746798,-0.581308,21.4032
7820,0.622994,-0.52879,20.8363
7821,0.515716,-0.481525,20.2851
7822,0.422887,-0.439586,19.7492
7823,0.342628,-0.402913,19.228
7824,0.273247,-0.371355,18.7208
7825,0.213233,-0.344698,18.2273
7826,0.161239,-0.322699,17.7471
7827,0.116072,-0.305094,17.2797
7828,0.0766762,-0.291625,16.8247
7829,0.0421213,-0.282045,16.3818
7830,0.0115875,-0.276126,15.9506
7831,-0.0156463,-0.273668,15.5309
7832,-0.0402151,-0.274504,15.1223
7833,-0.0626791,-0.278497,14.7245
7834,-0.0835339,-0.285549,14.3372
7835,-0.103221,-0.295598,13.9602
7836,-0.122134,-0.30862,13.5932
7837,-0.140631,-0.324628,13.2359
7838,-0.159038,-0.343677,12.8881
7839,-0.177656,-0.36586,12.5496
7840,-0.19677,-0.391309,12.2201
7841,-0.216653,-0.420199,11.8993
7842,-0.237567,-0.45275,11.5872
7843,-0.259777,-0.489223,11.2834
7844,-0.283545,-0.529929,10.9879
7845,-0.309145,-0.575227,10.7003
7846,-0.336858,-0.625533,10.4207
7847,-0.366982,-0.681319,10.1487
7848,-0.399835,-0.743118,9.88438
7849,-0.435757,-0.811535,9.62749
7850,-0.475119,-0.887246,9.37796
7851,-0.518323,-0.971011,9.13574
7852,-0.56581,-1.06368,8.90078
7853,-0.618066,-1.1662,8.67307
7854,-0.675624,-1.27963,8.45265
7855,-0.739074,-1.40516,8.23959
7856,-0.809069,-1.54408,8.03403
7857,-0.886329,-1.69786,7.83618
7858,-0.971656,-1.86813,7.64631
7859,-1.06593,-2.05667,7.46482
7860,-1.17015,-2.26547,7.29222
7861,-1.28538,-2.49675,7.12917
7862,-1.41284,-2.75293,6.9765
7863,-1.55386,-3.03669,6.83527
7864,-1.70992,-3.35096,6.70682
7865,-1.88264,-3.69898,6.59279
7866,-2.07382,-4.08424,6.49524
7867,-2.28541,-4.51055,6.41671
7868,-2.51959,-4.98197,6.36034
7869,-2.77871,-5.50286,6.32996
7870,-3.06531,-6.07775,6.33029
7871,-3.38214,-6.71136,6.36705
7872,-3.73216,-7.4084,6.44724
7873,-4.11845,-8.17344,6.57927
7874,-4.54425,-9.01063,6.77327
7875,-5.01282,-9.92338,7.04134
7876,-5.52742,-10.9139,7.39777
7877,-6.09108,-11.9823,7.8593
7878,-6.70647,-13.1264,8.44517
7879,-7.37559,-14.3399,9.17719
7880,-8.09945,-15.6115,10.0793
7881,-8.87755,-16.9234,11.1772
7882,-9.70738,-18.2497,12.4965
7883,-10.5838,-19.5547,14.0613
7884,-11.4981,-20.7916,15.8911
7885,-12.4374,-21.9021,17.9968
7886,-13.3842,-22.8173,20.3758
7887,-14.3155,-23.4601,23.0072
7888,-15.2029,-23.7514,25.8464
7889,-16.0135,-23.6173,28.8222
7890,-16.7113,-23.0004,31.8363
7891,-17.2592,-21.8709,34.7685
7892,-17.6228,-20.2362,37.4865
7893,-17.7737,-18.1467,39.8603
7894,-17.693,-15.694,41.7792
7895,-17.3739,-13.0022,43.1671
7896,-16.8231,-10.2117,43.9922
7897,-16.0601,-7.46159,44.2688
7898,-15.1149,-4.87282,44.0516
7899,-14.025,-2.53647,43.4233
7900,-12.831,-0.508852,42.4802
7901,-11.5738,1.18706,41.3195
7902,-10.2907,2.55593,40.0286
7903,-9.01431,3.62222,38.6798
7904,-7.77113,4.4223,37.3281
7905,-6.58133,4.99777,36.012
7906,-5.45914,5.3906,34.7557
7907,-4.41359,5.63994,33.5726
7908,-3.44934,5.78042,32.468
7909,-2.56753,5.84152,31.4415
7910,-1.76666,5.84761,30.4896
7911,-1.04326,5.81837,29.6068
7912,-0.392561,5.76935,28.787
7913,0.191101,5.71269,28.0242
7914,0.713845,5.65769,27.3124
7915,1.18198,5.61137,26.6467
7916,1.6018,5.57894,26.0226
7917,1.97941,5.56421,25.4365
7918,2.32065,5.56989,24.8854
7919,2.63102,5.59788,24.3671
7920,2.91566,5.64943,23.8799
7921,3.17929,5.72535,23.4226
7922,3.42625,5.82609,22.9946
7923,3.66051,5.95186,22.5955
7924,3.88566,6.10271,22.2253
7925,4.10495,6.27853,21.8846
7926,4.3213,6.47913,21.5739
7927,4.53734,6.70422,21.2943
7928,4.75541,6.95343,21.047
7929,4.97759,7.22626,20.8337
7930,5.20571,7.52209,20.6559
7931,5.44136,7.84014,20.5159
7932,5.68588,8.17938,20.4158
7933,5.94039,8.53853,20.358
7934,6.20575,8.91592,20.3454
7935,6.48258,9.30949,20.3805
7936,6.7712,9.71666,20.4663
7937,7.07162,10.1342,20.6058
7938,7.38355,10.5583,20.8016
7939,7.70629,10.9844,21.0563
7940,8.03873,11.4069,21.3722
7941,8.37932,11.8196,21.7508
7942,8.72601,12.2152,22.1931
7943,9.07622,12.5859,22.6988
7944,9.42681,12.9228,23.2664
7945,9.77409,13.2167,23.893
7946,10.1138,13.4581,24.5738
7947,10.4413,13.6375,25.3021
7948,10.7513,13.7459,26.069
7949,11.0383,13.7754,26.8635
7950,11.2968,13.7195,27.6728
7951,11.521,13.5739,28.4822
7952,11.7056,13.3368,29.276
7953,11.8457,13.0093,30.0376
7954,11.9371,12.5958,30.7507
7955,11.9766,12.1037,31.3998
7956,11.962,11.5433,31.971
7957,11.8928,10.9274,32.4529
7958,11.7694,10.2707,32.837
7959,11.5939,9.58873,33.118
7960,11.3697,8.89737,33.2941
7961,11.1012,8.21184,33.3665
7962,10.7938,7.546,33.3396
7963,10.4537,6.91189,33.2199
7964,10.0877,6.31928,33.016
7965,9.70235,5.77557,32.7374
7966,9.30453,5.28579,32.3942
7967,8.90069,4.85273,31.9967
7968,8.49686,4.47726,31.5547
7969,8.09849,4.15862,31.0775
7970,7.71037,3.89477,30.5735
7971,7.33662,3.68278,30.0499
7972,6.98062,3.51908,29.5132
7973,6.64511,3.39982,28.9688
7974,6.33216,3.32101,28.4214
7975,6.04329,3.27876,27.8747
7976,5.77951,3.26939,27.332
7977,5.5414,3.28952,26.7957
7978,5.32916,3.33613,26.2681
7979,5.14272,3.40658,25.7509
7980,4.9818,3.49865,25.2456
7981,4.84592,3.6105,24.7534
7982,4.73451,3.74067,24.2757
7983,4.64693,3.88803,23.8133
7984,4.58251,4.0518,23.3673
7985,4.54057,4.23146,22.9387
7986,4.52048,4.42674,22.5285
7987,4.52163,4.63761,22.1378
7988,4.54351,4.8642,21.7676
7989,4.58563,5.10678,21.4193
7990,4.64762,5.36574,21.0941
7991,4.72917,5.64155,20.7935
7992,4.83003,5.93469,20.5193
7993,4.95005,6.24566,20.2731
7994,5.08913,6.57488,20.0571
7995,5.24719,6.9227,19.8734
7996,5.42422,7.2893,19.7245
7997,5.6202,7.67462,19.6131
7998,5.83509,8.07836,19.5421
7999,6.06882,8.4998,19.5147
