i,t,distance
0,0,9.52788e-008
1,0.01,9.97035e-008
2,0.02,1.10639e-007
3,0.03,1.2587e-007
4,0.04,1.44109e-007
5,0.05,1.64803e-007
6,0.06,1.87832e-007
7,0.07,2.13316e-007
8,0.08,2.41506e-007
9,0.09,2.72735e-007
10,0.1,3.0739e-007
11,0.11,3.45897e-007
12,0.12,3.88714e-007
13,0.13,4.36329e-007
14,0.14,4.89245e-007
15,0.15,5.47974e-007
16,0.16,6.13021e-007
17,0.17,6.84852e-007
18,0.18,7.63865e-007
19,0.19,8.50332e-007
20,0.2,9.44336e-007
21,0.21,1.04568e-006
22,0.22,1.15378e-006
23,0.23,1.26753e-006
24,0.24,1.3852e-006
25,0.25,1.5043e-006
26,0.26,1.62154e-006
27,0.27,1.73285e-006
28,0.28,1.83364e-006
29,0.29,1.91912e-006
30,0.3,1.98496e-006
31,0.31,2.02787e-006
32,0.32,2.04621e-006
33,0.33,2.0402e-006
34,0.34,2.01169e-006
35,0.35,1.96352e-006
36,0.36,1.8987e-006
37,0.37,1.81993e-006
38,0.38,1.72946e-006
39,0.39,1.62934e-006
40,0.4,1.52174e-006
41,0.41,1.40911e-006
42,0.42,1.29411e-006
43,0.43,1.17941e-006
44,0.44,1.06748e-006
45,0.45,9.60359e-007
46,0.46,8.59593e-007
47,0.47,7.66215e-007
48,0.48,6.80793e-007
49,0.49,6.03513e-007
50,0.5,5.34269e-007
51,0.51,4.72752e-007
52,0.52,4.18523e-007
53,0.53,3.71076e-007
54,0.54,3.29879e-007
55,0.55,2.94408e-007
56,0.56,2.64161e-007
57,0.57,2.38665e-007
58,0.58,2.1747e-007
59,0.59,2.00142e-007
60,0.6,1.86249e-007
61,0.61,1.75356e-007
62,0.62,1.67021e-007
63,0.63,1.60803e-007
64,0.64,1.5628e-007
65,0.65,1.5306e-007
66,0.66,1.50794e-007
67,0.67,1.49187e-007
68,0.68,1.47999e-007
69,0.69,1.47037e-007
70,0.7,1.46158e-007
71,0.71,1.45256e-007
72,0.72,1.44257e-007
73,0.73,1.43115e-007
74,0.74,1.41802e-007
75,0.75,1.40308e-007
76,0.76,1.38634e-007
77,0.77,1.36791e-007
78,0.78,1.34795e-007
79,0.79,1.3267e-007
80,0.8,1.30443e-007
81,0.81,1.28145e-007
82,0.82,1.2581e-007
83,0.83,1.23476e-007
84,0.84,1.21183e-007
85,0.85,1.18976e-007
86,0.86,1.16903e-007
87,0.87,1.15015e-007
88,0.88,1.13366e-007
89,0.89,1.12014e-007
90,0.9,1.11017e-007
91,0.91,1.10431e-007
92,0.92,1.10312e-007
93,0.93,1.10707e-007
94,0.94,1.11655e-007
95,0.95,1.13182e-007
96,0.96,1.15302e-007
97,0.97,1.18012e-007
98,0.98,1.21292e-007
99,0.99,1.25108e-007
100,1,1.2941e-007
101,1.01,1.34139e-007
102,1.02,1.3922e-007
103,1.03,1.44571e-007
104,1.04,1.50105e-007
105,1.05,1.55724e-007
106,1.06,1.6133e-007
107,1.07,1.6682e-007
108,1.08,1.7209e-007
109,1.09,1.77036e-007
110,1.1,1.81559e-007
111,1.11,1.85565e-007
112,1.12,1.88969e-007
113,1.13,1.91697e-007
114,1.14,1.93694e-007
115,1.15,1.94924e-007
116,1.16,1.95374e-007
117,1.17,1.95058e-007
118,1.18,1.94019e-007
119,1.19,1.92331e-007
120,1.2,1.90097e-007
121,1.21,1.87447e-007
122,1.22,1.84531e-007
123,1.23,1.81514e-007
124,1.24,1.78563e-007
125,1.25,1.75835e-007
126,1.26,1.73464e-007
127,1.27,1.7155e-007
128,1.28,1.70149e-007
129,1.29,1.6927e-007
130,1.3,1.68879e-007
131,1.31,1.68901e-007
132,1.32,1.69236e-007
133,1.33,1.69771e-007
134,1.34,1.70386e-007
135,1.35,1.70973e-007
136,1.36,1.71436e-007
137,1.37,1.71696e-007
138,1.38,1.71695e-007
139,1.39,1.71396e-007
140,1.4,1.70778e-007
141,1.41,1.69836e-007
142,1.42,1.68577e-007
143,1.43,1.67018e-007
144,1.44,1.65184e-007
145,1.45,1.63104e-007
146,1.46,1.60809e-007
147,1.47,1.58334e-007
148,1.48,1.55711e-007
149,1.49,1.52976e-007
150,1.5,1.5016e-007
151,1.51,1.47298e-007
152,1.52,1.44422e-007
153,1.53,1.41565e-007
154,1.54,1.38764e-007
155,1.55,1.36055e-007
156,1.56,1.33477e-007
157,1.57,1.31075e-007
158,1.58,1.28896e-007
159,1.59,1.26991e-007
160,1.6,1.25415e-007
161,1.61,1.24226e-007
162,1.62,1.23485e-007
163,1.63,1.2325e-007
164,1.64,1.23577e-007
165,1.65,1.24514e-007
166,1.66,1.261e-007
167,1.67,1.28361e-007
168,1.68,1.31308e-007
169,1.69,1.34935e-007
170,1.7,1.39218e-007
171,1.71,1.44119e-007
172,1.72,1.49582e-007
173,1.73,1.55538e-007
174,1.74,1.61905e-007
175,1.75,1.68591e-007
176,1.76,1.75493e-007
177,1.77,1.825e-007
178,1.78,1.89494e-007
179,1.79,1.96354e-007
180,1.8,2.02953e-007
181,1.81,2.09163e-007
182,1.82,2.14861e-007
183,1.83,2.19927e-007
184,1.84,2.24252e-007
185,1.85,2.27743e-007
186,1.86,2.30325e-007
187,1.87,2.31951e-007
188,1.88,2.32603e-007
189,1.89,2.32298e-007
190,1.9,2.31091e-007
191,1.91,2.29079e-007
192,1.92,2.26395e-007
193,1.93,2.23205e-007
194,1.94,2.19702e-007
195,1.95,2.16093e-007
196,1.96,2.12583e-007
197,1.97,2.09358e-007
198,1.98,2.06569e-007
199,1.99,2.04321e-007
200,2,2.02657e-007
201,2.01,2.01564e-007
202,2.02,2.00976e-007
203,2.03,2.00787e-007
204,2.04,2.00867e-007
205,2.05,2.01074e-007
206,2.06,2.01277e-007
207,2.07,2.01354e-007
208,2.08,2.01211e-007
209,2.09,2.00775e-007
210,2.1,2.00001e-007
211,2.11,1.98865e-007
212,2.12,1.97364e-007
213,2.13,1.9551e-007
214,2.14,1.93328e-007
215,2.15,1.90852e-007
216,2.16,1.88119e-007
217,2.17,1.85171e-007
218,2.18,1.82049e-007
219,2.19,1.78792e-007
220,2.2,1.75441e-007
221,2.21,1.72031e-007
222,2.22,1.68596e-007
223,2.23,1.65171e-007
224,2.24,1.61786e-007
225,2.25,1.58474e-007
226,2.26,1.55268e-007
227,2.27,1.52203e-007
228,2.28,1.49318e-007
229,2.29,1.46656e-007
230,2.3,1.44263e-007
231,2.31,1.42192e-007
232,2.32,1.405e-007
233,2.33,1.3925e-007
234,2.34,1.38507e-007
235,2.35,1.38336e-007
236,2.36,1.38802e-007
237,2.37,1.39962e-007
238,2.38,1.41866e-007
239,2.39,1.44552e-007
240,2.4,1.48041e-007
241,2.41,1.52338e-007
242,2.42,1.57428e-007
243,2.43,1.6328e-007
244,2.44,1.69842e-007
245,2.45,1.77049e-007
246,2.46,1.84815e-007
247,2.47,1.93046e-007
248,2.48,2.01629e-007
249,2.49,2.10441e-007
250,2.5,2.19348e-007
251,2.51,2.28206e-007
252,2.52,2.36861e-007
253,2.53,2.45156e-007
254,2.54,2.52931e-007
255,2.55,2.60025e-007
256,2.56,2.66288e-007
257,2.57,2.7158e-007
258,2.58,2.75784e-007
259,2.59,2.7881e-007
260,2.6,2.80604e-007
261,2.61,2.81156e-007
262,2.62,2.80502e-007
263,2.63,2.78735e-007
264,2.64,2.75998e-007
265,2.65,2.72482e-007
266,2.66,2.68421e-007
267,2.67,2.6407e-007
268,2.68,2.59692e-007
269,2.69,2.55533e-007
270,2.7,2.51798e-007
271,2.71,2.48633e-007
272,2.72,2.4611e-007
273,2.73,2.44228e-007
274,2.74,2.42913e-007
275,2.75,2.42043e-007
276,2.76,2.41462e-007
277,2.77,2.41e-007
278,2.78,2.405e-007
279,2.79,2.39822e-007
280,2.8,2.38858e-007
281,2.81,2.37531e-007
282,2.82,2.35799e-007
283,2.83,2.33646e-007
284,2.84,2.31082e-007
285,2.85,2.28136e-007
286,2.86,2.24849e-007
287,2.87,2.2127e-007
288,2.88,2.17455e-007
289,2.89,2.13455e-007
290,2.9,2.09325e-007
291,2.91,2.05112e-007
292,2.92,2.0086e-007
293,2.93,1.96608e-007
294,2.94,1.92393e-007
295,2.95,1.88243e-007
296,2.96,1.84189e-007
297,2.97,1.80258e-007
298,2.98,1.76476e-007
299,2.99,1.72872e-007
300,3,1.69477e-007
301,3.01,1.66328e-007
302,3.02,1.63465e-007
303,3.03,1.60936e-007
304,3.04,1.58794e-007
305,3.05,1.571e-007
306,3.06,1.5592e-007
307,3.07,1.55326e-007
308,3.08,1.55393e-007
309,3.09,1.56193e-007
310,3.1,1.57796e-007
311,3.11,1.60265e-007
312,3.12,1.63648e-007
313,3.13,1.6798e-007
314,3.14,1.73278e-007
315,3.15,1.7954e-007
316,3.16,1.86742e-007
317,3.17,1.94843e-007
318,3.18,2.0378e-007
319,3.19,2.13472e-007
320,3.2,2.23821e-007
321,3.21,2.34709e-007
322,3.22,2.46002e-007
323,3.23,2.57548e-007
324,3.24,2.6918e-007
325,3.25,2.80713e-007
326,3.26,2.91951e-007
327,3.27,3.02688e-007
328,3.28,3.12711e-007
329,3.29,3.2181e-007
330,3.3,3.29783e-007
331,3.31,3.36446e-007
332,3.32,3.41644e-007
333,3.33,3.45266e-007
334,3.34,3.47252e-007
335,3.35,3.47606e-007
336,3.36,3.46403e-007
337,3.37,3.43792e-007
338,3.38,3.39995e-007
339,3.39,3.35294e-007
340,3.4,3.30015e-007
341,3.41,3.24501e-007
342,3.42,3.19079e-007
343,3.43,3.14032e-007
344,3.44,3.09566e-007
345,3.45,3.05791e-007
346,3.46,3.02717e-007
347,3.47,3.00264e-007
348,3.48,2.98282e-007
349,3.49,2.96579e-007
350,3.5,2.94952e-007
351,3.51,2.9321e-007
352,3.52,2.91195e-007
353,3.53,2.8879e-007
354,3.54,2.8592e-007
355,3.55,2.82555e-007
356,3.56,2.78701e-007
357,3.57,2.74392e-007
358,3.58,2.69684e-007
359,3.59,2.64646e-007
360,3.6,2.59353e-007
361,3.61,2.5388e-007
362,3.62,2.483e-007
363,3.63,2.42678e-007
364,3.64,2.37074e-007
365,3.65,2.31534e-007
366,3.66,2.261e-007
367,3.67,2.20805e-007
368,3.68,2.15673e-007
369,3.69,2.10727e-007
370,3.7,2.05983e-007
371,3.71,2.01458e-007
372,3.72,1.9717e-007
373,3.73,1.93138e-007
374,3.74,1.89386e-007
375,3.75,1.85942e-007
376,3.76,1.82843e-007
377,3.77,1.80134e-007
378,3.78,1.77867e-007
379,3.79,1.76104e-007
380,3.8,1.74917e-007
381,3.81,1.74382e-007
382,3.82,1.74584e-007
383,3.83,1.75609e-007
384,3.84,1.77542e-007
385,3.85,1.80464e-007
386,3.86,1.84447e-007
387,3.87,1.89548e-007
388,3.88,1.95811e-007
389,3.89,2.03258e-007
390,3.9,2.11893e-007
391,3.91,2.21697e-007
392,3.92,2.32631e-007
393,3.93,2.44634e-007
394,3.94,2.57622e-007
395,3.95,2.71491e-007
396,3.96,2.8611e-007
397,3.97,3.01328e-007
398,3.98,3.16964e-007
399,3.99,3.32815e-007
400,4,3.48649e-007
401,4.01,3.6421e-007
402,4.02,3.79222e-007
403,4.03,3.93392e-007
404,4.04,4.06422e-007
405,4.05,4.18015e-007
406,4.06,4.27895e-007
407,4.07,4.35819e-007
408,4.08,4.416e-007
409,4.09,4.45124e-007
410,4.1,4.46368e-007
411,4.11,4.45415e-007
412,4.12,4.42456e-007
413,4.13,4.3779e-007
414,4.14,4.31806e-007
415,4.15,4.24951e-007
416,4.16,4.17693e-007
417,4.17,4.10469e-007
418,4.18,4.03637e-007
419,4.19,3.97439e-007
420,4.2,3.91979e-007
421,4.21,3.87226e-007
422,4.22,3.83034e-007
423,4.23,3.79186e-007
424,4.24,3.75431e-007
425,4.25,3.71526e-007
426,4.26,3.67269e-007
427,4.27,3.6251e-007
428,4.28,3.57163e-007
429,4.29,3.51201e-007
430,4.3,3.44651e-007
431,4.31,3.37577e-007
432,4.32,3.30071e-007
433,4.33,3.22244e-007
434,4.34,3.14209e-007
435,4.35,3.06077e-007
436,4.36,2.97951e-007
437,4.37,2.89923e-007
438,4.38,2.82066e-007
439,4.39,2.7444e-007
440,4.4,2.67088e-007
441,4.41,2.60041e-007
442,4.42,2.53318e-007
443,4.43,2.46926e-007
444,4.44,2.4087e-007
445,4.45,2.35146e-007
446,4.46,2.29752e-007
447,4.47,2.24685e-007
448,4.48,2.19948e-007
449,4.49,2.15544e-007
450,4.5,2.11486e-007
451,4.51,2.07794e-007
452,4.52,2.04499e-007
453,4.53,2.01639e-007
454,4.54,1.99265e-007
455,4.55,1.97439e-007
456,4.56,1.96235e-007
457,4.57,1.95737e-007
458,4.58,1.96037e-007
459,4.59,1.97237e-007
460,4.6,1.9944e-007
461,4.61,2.02751e-007
462,4.62,2.07272e-007
463,4.63,2.13096e-007
464,4.64,2.20304e-007
465,4.65,2.28962e-007
466,4.66,2.3912e-007
467,4.67,2.50808e-007
468,4.68,2.64037e-007
469,4.69,2.78796e-007
470,4.7,2.95053e-007
471,4.71,3.12749e-007
472,4.72,3.31803e-007
473,4.73,3.52102e-007
474,4.74,3.73499e-007
475,4.75,3.95814e-007
476,4.76,4.1882e-007
477,4.77,4.4225e-007
478,4.78,4.65787e-007
479,4.79,4.89068e-007
480,4.8,5.11686e-007
481,4.81,5.33197e-007
482,4.82,5.53133e-007
483,4.83,5.71019e-007
484,4.84,5.864e-007
485,4.85,5.98869e-007
486,4.86,6.08103e-007
487,4.87,6.13899e-007
488,4.88,6.16203e-007
489,4.89,6.15139e-007
490,4.9,6.11012e-007
491,4.91,6.04299e-007
492,4.92,5.9561e-007
493,4.93,5.8563e-007
494,4.94,5.75037e-007
495,4.95,5.64423e-007
496,4.96,5.54219e-007
497,4.97,5.44655e-007
498,4.98,5.35752e-007
499,4.99,5.27355e-007
500,5,5.19193e-007
501,5.01,5.10951e-007
502,5.02,5.02327e-007
503,5.03,4.93083e-007
504,5.04,4.83069e-007
505,5.05,4.72228e-007
506,5.06,4.60592e-007
507,5.07,4.48261e-007
508,5.08,4.35387e-007
509,5.09,4.22148e-007
510,5.1,4.08736e-007
511,5.11,3.95338e-007
512,5.12,3.82123e-007
513,5.13,3.69241e-007
514,5.14,3.56811e-007
515,5.15,3.44925e-007
516,5.16,3.33644e-007
517,5.17,3.23005e-007
518,5.18,3.13021e-007
519,5.19,3.03686e-007
520,5.2,2.94978e-007
521,5.21,2.86868e-007
522,5.22,2.79317e-007
523,5.23,2.72286e-007
524,5.24,2.65735e-007
525,5.25,2.59628e-007
526,5.26,2.53934e-007
527,5.27,2.48628e-007
528,5.28,2.43693e-007
529,5.29,2.3912e-007
530,5.3,2.34911e-007
531,5.31,2.31076e-007
532,5.32,2.27638e-007
533,5.33,2.2463e-007
534,5.34,2.22096e-007
535,5.35,2.20095e-007
536,5.36,2.18695e-007
537,5.37,2.17979e-007
538,5.38,2.18043e-007
539,5.39,2.18993e-007
540,5.4,2.20947e-007
541,5.41,2.24029e-007
542,5.42,2.28372e-007
543,5.43,2.34109e-007
544,5.44,2.41373e-007
545,5.45,2.50296e-007
546,5.46,2.61001e-007
547,5.47,2.73605e-007
548,5.48,2.88215e-007
549,5.49,3.0493e-007
550,5.5,3.23835e-007
551,5.51,3.45007e-007
552,5.52,3.68508e-007
553,5.53,3.94385e-007
554,5.54,4.22666e-007
555,5.55,4.53353e-007
556,5.56,4.86415e-007
557,5.57,5.21782e-007
558,5.58,5.59331e-007
559,5.59,5.98873e-007
560,5.6,6.40143e-007
561,5.61,6.82785e-007
562,5.62,7.2634e-007
563,5.63,7.70233e-007
564,5.64,8.13772e-007
565,5.65,8.56149e-007
566,5.66,8.96456e-007
567,5.67,9.33712e-007
568,5.68,9.66909e-007
569,5.69,9.95076e-007
570,5.7,1.01736e-006
571,5.71,1.03311e-006
572,5.72,1.04199e-006
573,5.73,1.044e-006
574,5.74,1.03958e-006
575,5.75,1.02952e-006
576,5.76,1.01493e-006
577,5.77,9.97084e-007
578,5.78,9.7723e-007
579,5.79,9.56413e-007
580,5.8,9.35338e-007
581,5.81,9.14318e-007
582,5.82,8.93307e-007
583,5.83,8.7201e-007
584,5.84,8.50028e-007
585,5.85,8.26981e-007
586,5.86,8.02614e-007
587,5.87,7.76835e-007
588,5.88,7.49728e-007
589,5.89,7.21518e-007
590,5.9,6.92541e-007
591,5.91,6.63188e-007
592,5.92,6.33875e-007
593,5.93,6.05e-007
594,5.94,5.76923e-007
595,5.95,5.49949e-007
596,5.96,5.24321e-007
597,5.97,5.00212e-007
598,5.98,4.77732e-007
599,5.99,4.5693e-007
600,6,4.37802e-007
601,6.01,4.20302e-007
602,6.02,4.04346e-007
603,6.03,3.89827e-007
604,6.04,3.76623e-007
605,6.05,3.64602e-007
606,6.06,3.53632e-007
607,6.07,3.43584e-007
608,6.08,3.34338e-007
609,6.09,3.25783e-007
610,6.1,3.17822e-007
611,6.11,3.10368e-007
612,6.12,3.03346e-007
613,6.13,2.96695e-007
614,6.14,2.90361e-007
615,6.15,2.843e-007
616,6.16,2.78476e-007
617,6.17,2.7286e-007
618,6.18,2.67428e-007
619,6.19,2.6216e-007
620,6.2,2.57041e-007
621,6.21,2.52058e-007
622,6.22,2.472e-007
623,6.23,2.42458e-007
624,6.24,2.37826e-007
625,6.25,2.33295e-007
626,6.26,2.28861e-007
627,6.27,2.24519e-007
628,6.28,2.20263e-007
629,6.29,2.16088e-007
630,6.3,2.1199e-007
631,6.31,2.07965e-007
632,6.32,2.04007e-007
633,6.33,2.00113e-007
634,6.34,1.96278e-007
635,6.35,1.92498e-007
636,6.36,1.8877e-007
637,6.37,1.85092e-007
638,6.38,1.81464e-007
639,6.39,1.77888e-007
640,6.4,1.7437e-007
641,6.41,1.7092e-007
642,6.42,1.67557e-007
643,6.43,1.64306e-007
644,6.44,1.61209e-007
645,6.45,1.5832e-007
646,6.46,1.55715e-007
647,6.47,1.53497e-007
648,6.48,1.51794e-007
649,6.49,1.50768e-007
650,6.5,1.50613e-007
651,6.51,1.51549e-007
652,6.52,1.53809e-007
653,6.53,1.5762e-007
654,6.54,1.6318e-007
655,6.55,1.70629e-007
656,6.56,1.80025e-007
657,6.57,1.91328e-007
658,6.58,2.04389e-007
659,6.59,2.18954e-007
660,6.6,2.34662e-007
661,6.61,2.51057e-007
662,6.62,2.676e-007
663,6.63,2.83697e-007
664,6.64,2.98728e-007
665,6.65,3.12094e-007
666,6.66,3.23268e-007
667,6.67,3.31851e-007
668,6.68,3.37619e-007
669,6.69,3.40547e-007
670,6.7,3.40811e-007
671,6.71,3.38745e-007
672,6.72,3.34784e-007
673,6.73,3.29383e-007
674,6.74,3.22946e-007
675,6.75,3.15781e-007
676,6.76,3.08085e-007
677,6.77,2.99958e-007
678,6.78,2.9144e-007
679,6.79,2.82545e-007
680,6.8,2.7329e-007
681,6.81,2.63716e-007
682,6.82,2.53892e-007
683,6.83,2.4391e-007
684,6.84,2.3388e-007
685,6.85,2.23922e-007
686,6.86,2.14155e-007
687,6.87,2.04695e-007
688,6.88,1.95644e-007
689,6.89,1.87095e-007
690,6.9,1.79129e-007
691,6.91,1.7181e-007
692,6.92,1.65193e-007
693,6.93,1.59321e-007
694,6.94,1.54225e-007
695,6.95,1.49928e-007
696,6.96,1.46445e-007
697,6.97,1.43783e-007
698,6.98,1.41943e-007
699,6.99,1.40918e-007
700,7,1.407e-007
701,7.01,1.41275e-007
702,7.02,1.42628e-007
703,7.03,1.44743e-007
704,7.04,1.47603e-007
705,7.05,1.51195e-007
706,7.06,1.55506e-007
707,7.07,1.60527e-007
708,7.08,1.6625e-007
709,7.09,1.72674e-007
710,7.1,1.79798e-007
711,7.11,1.87626e-007
712,7.12,1.96164e-007
713,7.13,2.05422e-007
714,7.14,2.15409e-007
715,7.15,2.26135e-007
716,7.16,2.37611e-007
717,7.17,2.49847e-007
718,7.18,2.62848e-007
719,7.19,2.76616e-007
720,7.2,2.91146e-007
721,7.21,3.06425e-007
722,7.22,3.2243e-007
723,7.23,3.39124e-007
724,7.24,3.56454e-007
725,7.25,3.74346e-007
726,7.26,3.92706e-007
727,7.27,4.11411e-007
728,7.28,4.30311e-007
729,7.29,4.49222e-007
730,7.3,4.67927e-007
731,7.31,4.86174e-007
732,7.32,5.03677e-007
733,7.33,5.20122e-007
734,7.34,5.35173e-007
735,7.35,5.48485e-007
736,7.36,5.59718e-007
737,7.37,5.68561e-007
738,7.38,5.74756e-007
739,7.39,5.78128e-007
740,7.4,5.78614e-007
741,7.41,5.76287e-007
742,7.42,5.71376e-007
743,7.43,5.64264e-007
744,7.44,5.55473e-007
745,7.45,5.45621e-007
746,7.46,5.35354e-007
747,7.47,5.25265e-007
748,7.48,5.15813e-007
749,7.49,5.07259e-007
750,7.5,4.99636e-007
751,7.51,4.92767e-007
752,7.52,4.86321e-007
753,7.53,4.79892e-007
754,7.54,4.7308e-007
755,7.55,4.65553e-007
756,7.56,4.57089e-007
757,7.57,4.4759e-007
758,7.58,4.37078e-007
759,7.59,4.25673e-007
760,7.6,4.1357e-007
761,7.61,4.01008e-007
762,7.62,3.88248e-007
763,7.63,3.75545e-007
764,7.64,3.63138e-007
765,7.65,3.51236e-007
766,7.66,3.4001e-007
767,7.67,3.2959e-007
768,7.68,3.20069e-007
769,7.69,3.11503e-007
770,7.7,3.03919e-007
771,7.71,2.97321e-007
772,7.72,2.91693e-007
773,7.73,2.87015e-007
774,7.74,2.83258e-007
775,7.75,2.80399e-007
776,7.76,2.78419e-007
777,7.77,2.77311e-007
778,7.78,2.77077e-007
779,7.79,2.77732e-007
780,7.8,2.79305e-007
781,7.81,2.81836e-007
782,7.82,2.85376e-007
783,7.83,2.89989e-007
784,7.84,2.95745e-007
785,7.85,3.02725e-007
786,7.86,3.11013e-007
787,7.87,3.20703e-007
788,7.88,3.3189e-007
789,7.89,3.44677e-007
790,7.9,3.59171e-007
791,7.91,3.75482e-007
792,7.92,3.93727e-007
793,7.93,4.14028e-007
794,7.94,4.36515e-007
795,7.95,4.61323e-007
796,7.96,4.88596e-007
797,7.97,5.18487e-007
798,7.98,5.51155e-007
799,7.99,5.86768e-007
800,8,6.25502e-007
801,8.01,6.67537e-007
802,8.02,7.13056e-007
803,8.03,7.62244e-007
804,8.04,8.15279e-007
805,8.05,8.72332e-007
806,8.06,9.33553e-007
807,8.07,9.99068e-007
808,8.08,1.06896e-006
809,8.09,1.14327e-006
810,8.1,1.22194e-006
811,8.11,1.30487e-006
812,8.12,1.39179e-006
813,8.13,1.48232e-006
814,8.14,1.57592e-006
815,8.15,1.67184e-006
816,8.16,1.76909e-006
817,8.17,1.86647e-006
818,8.18,1.9625e-006
819,8.19,2.05546e-006
820,8.2,2.1434e-006
821,8.21,2.2242e-006
822,8.22,2.2957e-006
823,8.23,2.35576e-006
824,8.24,2.40252e-006
825,8.25,2.43454e-006
826,8.26,2.45101e-006
827,8.27,2.45196e-006
828,8.28,2.43833e-006
829,8.29,2.41195e-006
830,8.3,2.37538e-006
831,8.31,2.3316e-006
832,8.32,2.28356e-006
833,8.33,2.23374e-006
834,8.34,2.1838e-006
835,8.35,2.13443e-006
836,8.36,2.0854e-006
837,8.37,2.03585e-006
838,8.38,1.98465e-006
839,8.39,1.93076e-006
840,8.4,1.87349e-006
841,8.41,1.81259e-006
842,8.42,1.74831e-006
843,8.43,1.68127e-006
844,8.44,1.61241e-006
845,8.45,1.5428e-006
846,8.46,1.47357e-006
847,8.47,1.40579e-006
848,8.48,1.34042e-006
849,8.49,1.27827e-006
850,8.5,1.21996e-006
851,8.51,1.16591e-006
852,8.52,1.11637e-006
853,8.53,1.07142e-006
854,8.54,1.03099e-006
855,8.55,9.94919e-007
856,8.56,9.62931e-007
857,8.57,9.34707e-007
858,8.58,9.09899e-007
859,8.59,8.88152e-007
860,8.6,8.69126e-007
861,8.61,8.52506e-007
862,8.62,8.38017e-007
863,8.63,8.25426e-007
864,8.64,8.14546e-007
865,8.65,8.05231e-007
866,8.66,7.9738e-007
867,8.67,7.90933e-007
868,8.68,7.85864e-007
869,8.69,7.8218e-007
870,8.7,7.79917e-007
871,8.71,7.7914e-007
872,8.72,7.79936e-007
873,8.73,7.82414e-007
874,8.74,7.86702e-007
875,8.75,7.92948e-007
876,8.76,8.01316e-007
877,8.77,8.11985e-007
878,8.78,8.25151e-007
879,8.79,8.41021e-007
880,8.8,8.59816e-007
881,8.81,8.81772e-007
882,8.82,9.07135e-007
883,8.83,9.36163e-007
884,8.84,9.69129e-007
885,8.85,1.00632e-006
886,8.86,1.04802e-006
887,8.87,1.09456e-006
888,8.88,1.14626e-006
889,8.89,1.20345e-006
890,8.9,1.26649e-006
891,8.91,1.33576e-006
892,8.92,1.41164e-006
893,8.93,1.49451e-006
894,8.94,1.58478e-006
895,8.95,1.68285e-006
896,8.96,1.78911e-006
897,8.97,1.90392e-006
898,8.98,2.02761e-006
899,8.99,2.16045e-006
900,9,2.30262e-006
901,9.01,2.45419e-006
902,9.02,2.61506e-006
903,9.03,2.78493e-006
904,9.04,2.9632e-006
905,9.05,3.14898e-006
906,9.06,3.34096e-006
907,9.07,3.53734e-006
908,9.08,3.7358e-006
909,9.09,3.93341e-006
910,9.1,4.12664e-006
911,9.11,4.31135e-006
912,9.12,4.48292e-006
913,9.13,4.63642e-006
914,9.14,4.76686e-006
915,9.15,4.86966e-006
916,9.16,4.94108e-006
917,9.17,4.97876e-006
918,9.18,4.9822e-006
919,9.19,4.95304e-006
920,9.2,4.89506e-006
921,9.21,4.81375e-006
922,9.22,4.71552e-006
923,9.23,4.6066e-006
924,9.24,4.49198e-006
925,9.25,4.37468e-006
926,9.26,4.25555e-006
927,9.27,4.13373e-006
928,9.28,4.00744e-006
929,9.29,3.87489e-006
930,9.3,3.73494e-006
931,9.31,3.58754e-006
932,9.32,3.43372e-006
933,9.33,3.2754e-006
934,9.34,3.11514e-006
935,9.35,2.95574e-006
936,9.36,2.80002e-006
937,9.37,2.65053e-006
938,9.38,2.50945e-006
939,9.39,2.3785e-006
940,9.4,2.25888e-006
941,9.41,2.15129e-006
942,9.42,2.05596e-006
943,9.43,1.97267e-006
944,9.44,1.90091e-006
945,9.45,1.83986e-006
946,9.46,1.78854e-006
947,9.47,1.74588e-006
948,9.48,1.71077e-006
949,9.49,1.68215e-006
950,9.5,1.65906e-006
951,9.51,1.64063e-006
952,9.52,1.62612e-006
953,9.53,1.61492e-006
954,9.54,1.60654e-006
955,9.55,1.6006e-006
956,9.56,1.59681e-006
957,9.57,1.59497e-006
958,9.58,1.59494e-006
959,9.59,1.59664e-006
960,9.6,1.60002e-006
961,9.61,1.60508e-006
962,9.62,1.61182e-006
963,9.63,1.62027e-006
964,9.64,1.63047e-006
965,9.65,1.64244e-006
966,9.66,1.65624e-006
967,9.67,1.67187e-006
968,9.68,1.68937e-006
969,9.69,1.70872e-006
970,9.7,1.7299e-006
971,9.71,1.75288e-006
972,9.72,1.77758e-006
973,9.73,1.80388e-006
974,9.74,1.83164e-006
975,9.75,1.86067e-006
976,9.76,1.8907e-006
977,9.77,1.92143e-006
978,9.78,1.9525e-006
979,9.79,1.98346e-006
980,9.8,2.01379e-006
981,9.81,2.0429e-006
982,9.82,2.07012e-006
983,9.83,2.09472e-006
984,9.84,2.11592e-006
985,9.85,2.13288e-006
986,9.86,2.1448e-006
987,9.87,2.15089e-006
988,9.88,2.15049e-006
989,9.89,2.1431e-006
990,9.9,2.12851e-006
991,9.91,2.10685e-006
992,9.92,2.07872e-006
993,9.93,2.04522e-006
994,9.94,2.00803e-006
995,9.95,1.96925e-006
996,9.96,1.93137e-006
997,9.97,1.89685e-006
998,9.98,1.86785e-006
999,9.99,1.84577e-006
1000,10,1.83095e-006
1001,10.01,1.82257e-006
1002,10.02,1.81876e-006
1003,10.03,1.81699e-006
1004,10.04,1.81453e-006
1005,10.05,1.80893e-006
1006,10.06,1.79835e-006
1007,10.07,1.78175e-006
1008,10.08,1.75896e-006
1009,10.09,1.73052e-006
1010,10.1,1.69757e-006
1011,10.11,1.66164e-006
1012,10.12,1.62439e-006
1013,10.13,1.58749e-006
1014,10.14,1.55244e-006
1015,10.15,1.52047e-006
1016,10.16,1.49251e-006
1017,10.17,1.46916e-006
1018,10.18,1.45072e-006
1019,10.19,1.43724e-006
1020,10.2,1.42861e-006
1021,10.21,1.42457e-006
1022,10.22,1.42486e-006
1023,10.23,1.42919e-006
1024,10.24,1.43731e-006
1025,10.25,1.44905e-006
1026,10.26,1.4643e-006
1027,10.27,1.48305e-006
1028,10.28,1.50535e-006
1029,10.29,1.53132e-006
1030,10.3,1.56117e-006
1031,10.31,1.59515e-006
1032,10.32,1.63354e-006
1033,10.33,1.67668e-006
1034,10.34,1.72495e-006
1035,10.35,1.77875e-006
1036,10.36,1.83851e-006
1037,10.37,1.9047e-006
1038,10.38,1.9778e-006
1039,10.39,2.05836e-006
1040,10.4,2.14693e-006
1041,10.41,2.24412e-006
1042,10.42,2.35059e-006
1043,10.43,2.46705e-006
1044,10.44,2.59425e-006
1045,10.45,2.73305e-006
1046,10.46,2.88435e-006
1047,10.47,3.04915e-006
1048,10.48,3.22852e-006
1049,10.49,3.42365e-006
1050,10.5,3.63582e-006
1051,10.51,3.86644e-006
1052,10.52,4.11704e-006
1053,10.53,4.38926e-006
1054,10.54,4.68491e-006
1055,10.55,5.00592e-006
1056,10.56,5.35441e-006
1057,10.57,5.73261e-006
1058,10.58,6.14295e-006
1059,10.59,6.58799e-006
1060,10.6,7.07046e-006
1061,10.61,7.59324e-006
1062,10.62,8.15932e-006
1063,10.63,8.77179e-006
1064,10.64,9.43379e-006
1065,10.65,1.01485e-005
1066,10.66,1.09189e-005
1067,10.67,1.17479e-005
1068,10.68,1.26381e-005
1069,10.69,1.35915e-005
1070,10.7,1.46094e-005
1071,10.71,1.56921e-005
1072,10.72,1.68388e-005
1073,10.73,1.80466e-005
1074,10.74,1.93108e-005
1075,10.75,2.0624e-005
1076,10.76,2.19755e-005
1077,10.77,2.33511e-005
1078,10.78,2.47326e-005
1079,10.79,2.60973e-005
1080,10.8,2.74186e-005
1081,10.81,2.86658e-005
1082,10.82,2.98057e-005
1083,10.83,3.08039e-005
1084,10.84,3.16278e-005
1085,10.85,3.22488e-005
1086,10.86,3.2647e-005
1087,10.87,3.28134e-005
1088,10.88,3.27529e-005
1089,10.89,3.24851e-005
1090,10.9,3.20418e-005
1091,10.91,3.14635e-005
1092,10.92,3.07922e-005
1093,10.93,3.00648e-005
1094,10.94,2.93072e-005
1095,10.95,2.85318e-005
1096,10.96,2.77388e-005
1097,10.97,2.69202e-005
1098,10.98,2.6065e-005
1099,10.99,2.51646e-005
1100,11,2.42156e-005
1101,11.01,2.3221e-005
1102,11.02,2.21897e-005
1103,11.03,2.11351e-005
1104,11.04,2.00733e-005
1105,11.05,1.90208e-005
1106,11.06,1.7994e-005
1107,11.07,1.70071e-005
1108,11.08,1.60722e-005
1109,11.09,1.51984e-005
1110,11.1,1.43921e-005
1111,11.11,1.3657e-005
1112,11.12,1.29941e-005
1113,11.13,1.24022e-005
1114,11.14,1.18782e-005
1115,11.15,1.14179e-005
1116,11.16,1.10156e-005
1117,11.17,1.06654e-005
1118,11.18,1.03611e-005
1119,11.19,1.00964e-005
1120,11.2,9.86575e-006
1121,11.21,9.66375e-006
1122,11.22,9.4858e-006
1123,11.23,9.32788e-006
1124,11.24,9.18663e-006
1125,11.25,9.05925e-006
1126,11.26,8.94347e-006
1127,11.27,8.8375e-006
1128,11.28,8.73991e-006
1129,11.29,8.6496e-006
1130,11.3,8.5657e-006
1131,11.31,8.48755e-006
1132,11.32,8.41462e-006
1133,11.33,8.34649e-006
1134,11.34,8.28281e-006
1135,11.35,8.22324e-006
1136,11.36,8.16747e-006
1137,11.37,8.11516e-006
1138,11.38,8.06595e-006
1139,11.39,8.01941e-006
1140,11.4,7.97505e-006
1141,11.41,7.93233e-006
1142,11.42,7.89057e-006
1143,11.43,7.84904e-006
1144,11.44,7.80688e-006
1145,11.45,7.76314e-006
1146,11.46,7.71674e-006
1147,11.47,7.66655e-006
1148,11.48,7.61136e-006
1149,11.49,7.54991e-006
1150,11.5,7.48099e-006
1151,11.51,7.40347e-006
1152,11.52,7.31642e-006
1153,11.53,7.21927e-006
1154,11.54,7.11194e-006
1155,11.55,6.99508e-006
1156,11.56,6.87032e-006
1157,11.57,6.74051e-006
1158,11.58,6.60996e-006
1159,11.59,6.48457e-006
1160,11.6,6.37176e-006
1161,11.61,6.28013e-006
1162,11.62,6.21858e-006
1163,11.63,6.1951e-006
1164,11.64,6.21515e-006
1165,11.65,6.28023e-006
1166,11.66,6.38689e-006
1167,11.67,6.52675e-006
1168,11.68,6.68746e-006
1169,11.69,6.85443e-006
1170,11.7,7.01281e-006
1171,11.71,7.1493e-006
1172,11.72,7.25368e-006
1173,11.73,7.31962e-006
1174,11.74,7.34501e-006
1175,11.75,7.33169e-006
1176,11.76,7.28477e-006
1177,11.77,7.21158e-006
1178,11.78,7.12055e-006
1179,11.79,7.02014e-006
1180,11.8,6.9179e-006
1181,11.81,6.81986e-006
1182,11.82,6.7303e-006
1183,11.83,6.65171e-006
1184,11.84,6.58512e-006
1185,11.85,6.53043e-006
1186,11.86,6.48687e-006
1187,11.87,6.45341e-006
1188,11.88,6.42901e-006
1189,11.89,6.41288e-006
1190,11.9,6.40454e-006
1191,11.91,6.40393e-006
1192,11.92,6.41134e-006
1193,11.93,6.42739e-006
1194,11.94,6.45298e-006
1195,11.95,6.48923e-006
1196,11.96,6.5374e-006
1197,11.97,6.59888e-006
1198,11.98,6.6751e-006
1199,11.99,6.76753e-006
1200,12,6.87767e-006
1201,12.01,7.00703e-006
1202,12.02,7.15711e-006
1203,12.03,7.32945e-006
1204,12.04,7.52559e-006
1205,12.05,7.74716e-006
1206,12.06,7.99583e-006
1207,12.07,8.27338e-006
1208,12.08,8.58171e-006
1209,12.09,8.92287e-006
1210,12.1,9.29908e-006
1211,12.11,9.71279e-006
1212,12.12,1.01667e-005
1213,12.13,1.06637e-005
1214,12.14,1.1207e-005
1215,12.15,1.18004e-005
1216,12.16,1.24476e-005
1217,12.17,1.3153e-005
1218,12.18,1.39214e-005
1219,12.19,1.47582e-005
1220,12.2,1.5669e-005
1221,12.21,1.66603e-005
1222,12.22,1.77391e-005
1223,12.23,1.89129e-005
1224,12.24,2.01903e-005
1225,12.25,2.15804e-005
1226,12.26,2.30934e-005
1227,12.27,2.47402e-005
1228,12.28,2.65329e-005
1229,12.29,2.84846e-005
1230,12.3,3.06095e-005
1231,12.31,3.29231e-005
1232,12.32,3.54423e-005
1233,12.33,3.81852e-005
1234,12.34,4.11713e-005
1235,12.35,4.44216e-005
1236,12.36,4.79585e-005
1237,12.37,5.18057e-005
1238,12.38,5.59881e-005
1239,12.39,6.05318e-005
1240,12.4,6.54636e-005
1241,12.41,7.08105e-005
1242,12.42,7.65993e-005
1243,12.43,8.28555e-005
1244,12.44,8.96026e-005
1245,12.45,9.68602e-005
1246,12.46,0.000104642
1247,12.47,0.000112955
1248,12.48,0.000121794
1249,12.49,0.000131139
1250,12.5,0.000140954
1251,12.51,0.00015118
1252,12.52,0.000161727
1253,12.53,0.000172478
1254,12.54,0.000183278
1255,12.55,0.000193933
1256,12.56,0.000204215
1257,12.57,0.000213862
1258,12.58,0.000222591
1259,12.59,0.000230114
1260,12.6,0.000236167
1261,12.61,0.000240529
1262,12.62,0.000243064
1263,12.63,0.00024374
1264,12.64,0.000242643
1265,12.65,0.000239974
1266,12.66,0.00023602
1267,12.67,0.000231104
1268,12.68,0.000225525
1269,12.69,0.000219514
1270,12.7,0.000213203
1271,12.71,0.00020663
1272,12.72,0.000199768
1273,12.73,0.000192569
1274,12.74,0.000184997
1275,12.75,0.000177056
1276,12.76,0.000168795
1277,12.77,0.000160302
1278,12.78,0.000151696
1279,12.79,0.000143106
1280,12.8,0.000134663
1281,12.81,0.000126489
1282,12.82,0.000118686
1283,12.83,0.000111339
1284,12.84,0.000104508
1285,12.85,9.82339e-005
1286,12.86,9.25354e-005
1287,12.87,8.74136e-005
1288,12.88,8.28535e-005
1289,12.89,7.8827e-005
1290,12.9,7.52959e-005
1291,12.91,7.22147e-005
1292,12.92,6.9534e-005
1293,12.93,6.7203e-005
1294,12.94,6.51717e-005
1295,12.95,6.33931e-005
1296,12.96,6.18239e-005
1297,12.97,6.04257e-005
1298,12.98,5.91651e-005
1299,12.99,5.80135e-005
1300,13,5.69471e-005
1301,13.01,5.59459e-005
1302,13.02,5.4994e-005
1303,13.03,5.4078e-005
1304,13.04,5.31873e-005
1305,13.05,5.23135e-005
1306,13.06,5.14497e-005
1307,13.07,5.05907e-005
1308,13.08,4.97321e-005
1309,13.09,4.88711e-005
1310,13.1,4.80055e-005
1311,13.11,4.71346e-005
1312,13.12,4.62587e-005
1313,13.13,4.53796e-005
1314,13.14,4.4501e-005
1315,13.15,4.36287e-005
1316,13.16,4.27714e-005
1317,13.17,4.1941e-005
1318,13.18,4.11534e-005
1319,13.19,4.04294e-005
1320,13.2,3.97945e-005
1321,13.21,3.92796e-005
1322,13.22,3.89205e-005
1323,13.23,3.87562e-005
1324,13.24,3.88269e-005
1325,13.25,3.91706e-005
1326,13.26,3.98185e-005
1327,13.27,4.07907e-005
1328,13.28,4.20924e-005
1329,13.29,4.37113e-005
1330,13.3,4.56171e-005
1331,13.31,4.77623e-005
1332,13.32,5.00846e-005
1333,13.33,5.25101e-005
1334,13.34,5.49571e-005
1335,13.35,5.73397e-005
1336,13.36,5.95731e-005
1337,13.37,6.15776e-005
1338,13.38,6.32839e-005
1339,13.39,6.46377e-005
1340,13.4,6.56038e-005
1341,13.41,6.61693e-005
1342,13.42,6.63448e-005
1343,13.43,6.61634e-005
1344,13.44,6.56777e-005
1345,13.45,6.49543e-005
1346,13.46,6.40668e-005
1347,13.47,6.3088e-005
1348,13.48,6.20824e-005
1349,13.49,6.11005e-005
1350,13.5,6.01757e-005
1351,13.51,5.93236e-005
1352,13.52,5.85449e-005
1353,13.53,5.78286e-005
1354,13.54,5.71574e-005
1355,13.55,5.65121e-005
1356,13.56,5.58749e-005
1357,13.57,5.52321e-005
1358,13.58,5.4575e-005
1359,13.59,5.39004e-005
1360,13.6,5.32096e-005
1361,13.61,5.25081e-005
1362,13.62,5.18044e-005
1363,13.63,5.11086e-005
1364,13.64,5.0432e-005
1365,13.65,4.97861e-005
1366,13.66,4.91819e-005
1367,13.67,4.86295e-005
1368,13.68,4.81382e-005
1369,13.69,4.77159e-005
1370,13.7,4.73693e-005
1371,13.71,4.71039e-005
1372,13.72,4.69244e-005
1373,13.73,4.68344e-005
1374,13.74,4.68371e-005
1375,13.75,4.6935e-005
1376,13.76,4.71306e-005
1377,13.77,4.7426e-005
1378,13.78,4.78236e-005
1379,13.79,4.83257e-005
1380,13.8,4.89352e-005
1381,13.81,4.96549e-005
1382,13.82,5.04884e-005
1383,13.83,5.14392e-005
1384,13.84,5.25116e-005
1385,13.85,5.371e-005
1386,13.86,5.50392e-005
1387,13.87,5.65042e-005
1388,13.88,5.81103e-005
1389,13.89,5.98628e-005
1390,13.9,6.17669e-005
1391,13.91,6.38277e-005
1392,13.92,6.60501e-005
1393,13.93,6.84381e-005
1394,13.94,7.09952e-005
1395,13.95,7.37238e-005
1396,13.96,7.66246e-005
1397,13.97,7.96967e-005
1398,13.98,8.29365e-005
1399,13.99,8.6338e-005
1400,14,8.9891e-005
1401,14.01,9.35816e-005
1402,14.02,9.73903e-005
1403,14.03,0.000101292
1404,14.04,0.000105255
1405,14.05,0.000109239
1406,14.06,0.000113197
1407,14.07,0.000117073
1408,14.08,0.000120802
1409,14.09,0.000124311
1410,14.1,0.000127521
1411,14.11,0.000130349
1412,14.12,0.000132712
1413,14.13,0.00013453
1414,14.14,0.000135739
1415,14.15,0.000136289
1416,14.16,0.000136161
1417,14.17,0.000135371
1418,14.18,0.000133973
1419,14.19,0.000132064
1420,14.2,0.000129775
1421,14.21,0.000127265
1422,14.22,0.000124693
1423,14.23,0.0001222
1424,14.24,0.000119885
1425,14.25,0.000117787
1426,14.26,0.000115886
1427,14.27,0.000114107
1428,14.28,0.000112349
1429,14.29,0.000110503
1430,14.3,0.000108478
1431,14.31,0.000106214
1432,14.32,0.00010369
1433,14.33,0.000100918
1434,14.34,9.79429e-005
1435,14.35,9.48304e-005
1436,14.36,9.16575e-005
1437,14.37,8.85047e-005
1438,14.38,8.54486e-005
1439,14.39,8.25568e-005
1440,14.4,7.98843e-005
1441,14.41,7.74723e-005
1442,14.42,7.53473e-005
1443,14.43,7.35225e-005
1444,14.44,7.19998e-005
1445,14.45,7.07722e-005
1446,14.46,6.98261e-005
1447,14.47,6.91451e-005
1448,14.48,6.87111e-005
1449,14.49,6.85073e-005
1450,14.5,6.85193e-005
1451,14.51,6.87358e-005
1452,14.52,6.91496e-005
1453,14.53,6.97577e-005
1454,14.54,7.05609e-005
1455,14.55,7.15638e-005
1456,14.56,7.27748e-005
1457,14.57,7.4205e-005
1458,14.58,7.58686e-005
1459,14.59,7.77822e-005
1460,14.6,7.99646e-005
1461,14.61,8.24367e-005
1462,14.62,8.52215e-005
1463,14.63,8.83437e-005
1464,14.64,9.18301e-005
1465,14.65,9.57097e-005
1466,14.66,0.000100014
1467,14.67,0.000104776
1468,14.68,0.000110033
1469,14.69,0.000115824
1470,14.7,0.000122194
1471,14.71,0.000129189
1472,14.72,0.000136862
1473,14.73,0.00014527
1474,14.74,0.000154476
1475,14.75,0.000164549
1476,14.76,0.000175566
1477,14.77,0.00018761
1478,14.78,0.000200775
1479,14.79,0.000215162
1480,14.8,0.000230885
1481,14.81,0.000248066
1482,14.82,0.000266845
1483,14.83,0.00028737
1484,14.84,0.000309809
1485,14.85,0.000334345
1486,14.86,0.000361179
1487,14.87,0.000390533
1488,14.88,0.00042265
1489,14.89,0.000457799
1490,14.9,0.000496273
1491,14.91,0.000538394
1492,14.92,0.000584517
1493,14.93,0.000635025
1494,14.94,0.000690341
1495,14.95,0.000750922
1496,14.96,0.000817265
1497,14.97,0.000889906
1498,14.98,0.000969423
1499,14.99,0.00105643
1500,15,0.00115159
1501,15.01,0.00125558
1502,15.02,0.00136913
1503,15.03,0.00149296
1504,15.04,0.00162779
1505,15.05,0.00177435
1506,15.06,0.00193327
1507,15.07,0.00210512
1508,15.08,0.0022903
1509,15.09,0.002489
1510,15.1,0.00270111
1511,15.11,0.00292611
1512,15.12,0.00316295
1513,15.13,0.00340993
1514,15.14,0.00366456
1515,15.15,0.00392339
1516,15.16,0.004182
1517,15.17,0.00443488
1518,15.18,0.00467556
1519,15.19,0.00489683
1520,15.2,0.00509114
1521,15.21,0.00525126
1522,15.22,0.005371
1523,15.23,0.00544612
1524,15.24,0.00547504
1525,15.25,0.00545926
1526,15.26,0.0054032
1527,15.27,0.00531344
1528,15.28,0.00519744
1529,15.29,0.00506209
1530,15.3,0.00491258
1531,15.31,0.00475193
1532,15.32,0.00458132
1533,15.33,0.00440084
1534,15.34,0.00421051
1535,15.35,0.0040109
1536,15.36,0.00380353
1537,15.37,0.00359076
1538,15.38,0.00337557
1539,15.39,0.00316122
1540,15.4,0.00295087
1541,15.41,0.00274741
1542,15.42,0.00255328
1543,15.43,0.00237039
1544,15.44,0.00220012
1545,15.45,0.00204334
1546,15.46,0.00190048
1547,15.47,0.00177158
1548,15.48,0.0016563
1549,15.49,0.00155405
1550,15.5,0.00146399
1551,15.51,0.00138514
1552,15.52,0.00131638
1553,15.53,0.00125653
1554,15.54,0.00120442
1555,15.55,0.00115891
1556,15.56,0.00111892
1557,15.57,0.00108349
1558,15.58,0.00105176
1559,15.59,0.00102299
1560,15.6,0.000996564
1561,15.61,0.000971967
1562,15.62,0.000948801
1563,15.63,0.000926756
1564,15.64,0.000905611
1565,15.65,0.000885222
1566,15.66,0.000865516
1567,15.67,0.000846492
1568,15.68,0.00082821
1569,15.69,0.000810802
1570,15.7,0.000794463
1571,15.71,0.000779462
1572,15.72,0.000766135
1573,15.73,0.000754887
1574,15.74,0.000746186
1575,15.75,0.000740548
1576,15.76,0.00073851
1577,15.77,0.000740607
1578,15.78,0.000747323
1579,15.79,0.000759047
1580,15.8,0.000776035
1581,15.81,0.000798367
1582,15.82,0.000825931
1583,15.83,0.000858413
1584,15.84,0.000895307
1585,15.85,0.000935925
1586,15.86,0.000979429
1587,15.87,0.00102485
1588,15.88,0.00107112
1589,15.89,0.00111709
1590,15.9,0.0011616
1591,15.91,0.00120346
1592,15.92,0.00124155
1593,15.93,0.00127483
1594,15.94,0.0013024
1595,15.95,0.00132359
1596,15.96,0.00133796
1597,15.97,0.00134538
1598,15.98,0.00134603
1599,15.99,0.00134044
1600,16,0.00132943
1601,16.01,0.00131409
1602,16.02,0.00129568
1603,16.03,0.00127556
1604,16.04,0.00125502
1605,16.05,0.00123522
1606,16.06,0.00121703
1607,16.07,0.00120103
1608,16.08,0.00118743
1609,16.09,0.00117615
1610,16.1,0.00116684
1611,16.11,0.00115898
1612,16.12,0.00115202
1613,16.13,0.00114537
1614,16.14,0.00113855
1615,16.15,0.00113115
1616,16.16,0.00112291
1617,16.17,0.00111367
1618,16.18,0.00110339
1619,16.19,0.00109209
1620,16.2,0.00107989
1621,16.21,0.00106693
1622,16.22,0.00105338
1623,16.23,0.0010394
1624,16.24,0.00102517
1625,16.25,0.00101083
1626,16.26,0.000996519
1627,16.27,0.000982333
1628,16.28,0.00096835
1629,16.29,0.000954622
1630,16.3,0.000941175
1631,16.31,0.000928015
1632,16.32,0.00091513
1633,16.33,0.000902494
1634,16.34,0.000890068
1635,16.35,0.000877807
1636,16.36,0.000865659
1637,16.37,0.00085357
1638,16.38,0.000841484
1639,16.39,0.000829348
1640,16.4,0.000817112
1641,16.41,0.000804732
1642,16.42,0.000792172
1643,16.43,0.000779407
1644,16.44,0.000766424
1645,16.45,0.000753233
1646,16.46,0.000739862
1647,16.47,0.000726371
1648,16.48,0.000712857
1649,16.49,0.00069946
1650,16.5,0.000686375
1651,16.51,0.000673863
1652,16.52,0.000662254
1653,16.53,0.00065196
1654,16.54,0.00064347
1655,16.55,0.000637347
1656,16.56,0.0006342
1657,16.57,0.000634649
1658,16.58,0.000639274
1659,16.59,0.000648543
1660,16.6,0.00066275
1661,16.61,0.000681956
1662,16.62,0.000705954
1663,16.63,0.000734262
1664,16.64,0.000766138
1665,16.65,0.000800627
1666,16.66,0.000836603
1667,16.67,0.000872833
1668,16.68,0.000908043
1669,16.69,0.000940977
1670,16.7,0.000970471
1671,16.71,0.000995517
1672,16.72,0.00101533
1673,16.73,0.00102941
1674,16.74,0.00103755
1675,16.75,0.00103991
1676,16.76,0.00103695
1677,16.77,0.00102941
1678,16.78,0.00101827
1679,16.79,0.00100461
1680,16.8,0.000989534
1681,16.81,0.000974069
1682,16.82,0.000959053
1683,16.83,0.000945089
1684,16.84,0.00093252
1685,16.85,0.000921444
1686,16.86,0.000911759
1687,16.87,0.000903224
1688,16.88,0.000895532
1689,16.89,0.000888363
1690,16.9,0.000881434
1691,16.91,0.000874525
1692,16.92,0.000867494
1693,16.93,0.000860273
1694,16.94,0.000852864
1695,16.95,0.000845324
1696,16.96,0.000837754
1697,16.97,0.000830278
1698,16.98,0.000823039
1699,16.99,0.000816179
1700,17,0.000809837
1701,17.01,0.000804144
1702,17.02,0.000799211
1703,17.03,0.000795138
1704,17.04,0.000792005
1705,17.05,0.000789878
1706,17.06,0.000788806
1707,17.07,0.000788829
1708,17.08,0.000789974
1709,17.09,0.000792261
1710,17.1,0.000795704
1711,17.11,0.000800313
1712,17.12,0.000806095
1713,17.13,0.000813056
1714,17.14,0.000821199
1715,17.15,0.00083053
1716,17.16,0.00084105
1717,17.17,0.00085276
1718,17.18,0.00086566
1719,17.19,0.000879746
1720,17.2,0.000895006
1721,17.21,0.000911425
1722,17.22,0.000928976
1723,17.23,0.000947623
1724,17.24,0.000967312
1725,17.25,0.000987975
1726,17.26,0.00100952
1727,17.27,0.00103183
1728,17.28,0.00105476
1729,17.29,0.00107814
1730,17.3,0.00110174
1731,17.31,0.00112532
1732,17.32,0.00114858
1733,17.33,0.00117117
1734,17.34,0.0011927
1735,17.35,0.00121274
1736,17.36,0.00123081
1737,17.37,0.00124643
1738,17.38,0.00125908
1739,17.39,0.00126827
1740,17.4,0.00127354
1741,17.41,0.00127453
1742,17.42,0.00127098
1743,17.43,0.00126285
1744,17.44,0.00125031
1745,17.45,0.0012338
1746,17.46,0.0012141
1747,17.47,0.00119225
1748,17.48,0.00116957
1749,17.49,0.00114749
1750,17.5,0.0011274
1751,17.51,0.00111043
1752,17.52,0.00109723
1753,17.53,0.00108789
1754,17.54,0.00108182
1755,17.55,0.00107796
1756,17.56,0.00107491
1757,17.57,0.00107123
1758,17.58,0.00106567
1759,17.59,0.00105728
1760,17.6,0.00104557
1761,17.61,0.00103046
1762,17.62,0.00101227
1763,17.63,0.000991592
1764,17.64,0.000969229
1765,17.65,0.00094607
1766,17.66,0.000923011
1767,17.67,0.000900877
1768,17.68,0.000880369
1769,17.69,0.000862039
1770,17.7,0.000846278
1771,17.71,0.000833318
1772,17.72,0.000823261
1773,17.73,0.000816099
1774,17.74,0.000811755
1775,17.75,0.000810107
1776,17.76,0.000811021
1777,17.77,0.000814373
1778,17.78,0.000820064
1779,17.79,0.000828031
1780,17.8,0.000838249
1781,17.81,0.000850738
1782,17.82,0.000865554
1783,17.83,0.000882793
1784,17.84,0.00090258
1785,17.85,0.00092507
1786,17.86,0.000950443
1787,17.87,0.000978898
1788,17.88,0.00101066
1789,17.89,0.00104595
1790,17.9,0.00108504
1791,17.91,0.00112819
1792,17.92,0.00117569
1793,17.93,0.00122784
1794,17.94,0.00128499
1795,17.95,0.00134747
1796,17.96,0.00141566
1797,17.97,0.00148998
1798,17.98,0.00157086
1799,17.99,0.00165877
1800,18,0.00175421
1801,18.01,0.00185773
1802,18.02,0.00196991
1803,18.03,0.00209136
1804,18.04,0.00222275
1805,18.05,0.00236477
1806,18.06,0.00251816
1807,18.07,0.00268366
1808,18.08,0.00286207
1809,18.09,0.00305417
1810,18.1,0.00326077
1811,18.11,0.00348264
1812,18.12,0.00372052
1813,18.13,0.00397506
1814,18.14,0.00424682
1815,18.15,0.00453619
1816,18.16,0.00484334
1817,18.17,0.00516818
1818,18.18,0.0055102
1819,18.19,0.00586848
1820,18.2,0.00624149
1821,18.21,0.00662703
1822,18.22,0.00702207
1823,18.23,0.00742269
1824,18.24,0.00782392
1825,18.25,0.00821976
1826,18.26,0.00860311
1827,18.27,0.00896595
1828,18.28,0.00929952
1829,18.29,0.00959473
1830,18.3,0.00984269
1831,18.31,0.0100355
1832,18.32,0.0101669
1833,18.33,0.0102335
1834,18.34,0.0102352
1835,18.35,0.0101757
1836,18.36,0.0100626
1837,18.37,0.00990674
1838,18.38,0.00972053
1839,18.39,0.00951642
1840,18.4,0.00930483
1841,18.41,0.00909263
1842,18.42,0.00888249
1843,18.43,0.00867325
1844,18.44,0.00846113
1845,18.45,0.00824133
1846,18.46,0.00800954
1847,18.47,0.00776304
1848,18.48,0.00750118
1849,18.49,0.00722534
1850,18.5,0.00693861
1851,18.51,0.00664523
1852,18.52,0.00635005
1853,18.53,0.00605803
1854,18.54,0.00577385
1855,18.55,0.0055016
1856,18.56,0.00524463
1857,18.57,0.00500547
1858,18.58,0.00478578
1859,18.59,0.00458642
1860,18.6,0.00440753
1861,18.61,0.00424863
1862,18.62,0.00410876
1863,18.63,0.0039866
1864,18.64,0.00388064
1865,18.65,0.00378928
1866,18.66,0.00371092
1867,18.67,0.00364408
1868,18.68,0.0035874
1869,18.69,0.00353973
1870,18.7,0.00350014
1871,18.71,0.00346787
1872,18.72,0.0034424
1873,18.73,0.00342336
1874,18.74,0.0034106
1875,18.75,0.00340407
1876,18.76,0.0034039
1877,18.77,0.00341032
1878,18.78,0.00342366
1879,18.79,0.00344437
1880,18.8,0.00347296
1881,18.81,0.00351001
1882,18.82,0.00355619
1883,18.83,0.00361221
1884,18.84,0.00367883
1885,18.85,0.00375689
1886,18.86,0.00384725
1887,18.87,0.00395082
1888,18.88,0.00406856
1889,18.89,0.00420147
1890,18.9,0.00435059
1891,18.91,0.004517
1892,18.92,0.00470182
1893,18.93,0.00490621
1894,18.94,0.00513136
1895,18.95,0.00537848
1896,18.96,0.00564883
1897,18.97,0.00594365
1898,18.98,0.00626417
1899,18.99,0.00661161
1900,19,0.00698709
1901,19.01,0.00739165
1902,19.02,0.00782611
1903,19.03,0.00829108
1904,19.04,0.00878681
1905,19.05,0.0093131
1906,19.06,0.00986917
1907,19.07,0.0104535
1908,19.08,0.0110635
1909,19.09,0.0116957
1910,19.1,0.0123451
1911,19.11,0.0130052
1912,19.12,0.0136676
1913,19.13,0.0143223
1914,19.14,0.0149572
1915,19.15,0.0155585
1916,19.16,0.0161111
1917,19.17,0.0165989
1918,19.18,0.0170062
1919,19.19,0.0173188
1920,19.2,0.0175254
1921,19.21,0.0176193
1922,19.22,0.0176001
1923,19.23,0.0174744
1924,19.24,0.0172557
1925,19.25,0.0169632
1926,19.26,0.0166193
1927,19.27,0.0162455
1928,19.28,0.0158595
1929,19.29,0.0154718
1930,19.3,0.0150853
1931,19.31,0.0146963
1932,19.32,0.0142971
1933,19.33,0.0138794
1934,19.34,0.0134371
1935,19.35,0.0129675
1936,19.36,0.0124722
1937,19.37,0.0119568
1938,19.38,0.0114291
1939,19.39,0.0108988
1940,19.4,0.010376
1941,19.41,0.00987013
1942,19.42,0.00938975
1943,19.43,0.00894169
1944,19.44,0.00853104
1945,19.45,0.00816106
1946,19.46,0.00783322
1947,19.47,0.00754744
1948,19.48,0.00730229
1949,19.49,0.00709533
1950,19.5,0.00692341
1951,19.51,0.006783
1952,19.52,0.00667047
1953,19.53,0.00658231
1954,19.54,0.00651531
1955,19.55,0.00646666
1956,19.56,0.00643402
1957,19.57,0.0064155
1958,19.58,0.00640968
1959,19.59,0.00641555
1960,19.6,0.00643249
1961,19.61,0.00646018
1962,19.62,0.00649858
1963,19.63,0.00654789
1964,19.64,0.00660847
1965,19.65,0.00668087
1966,19.66,0.00676572
1967,19.67,0.00686377
1968,19.68,0.00697585
1969,19.69,0.00710284
1970,19.7,0.00724565
1971,19.71,0.00740524
1972,19.72,0.00758257
1973,19.73,0.00777863
1974,19.74,0.00799438
1975,19.75,0.00823077
1976,19.76,0.0084887
1977,19.77,0.00876902
1978,19.78,0.00907249
1979,19.79,0.00939978
1980,19.8,0.00975139
1981,19.81,0.0101276
1982,19.82,0.0105286
1983,19.83,0.010954
1984,19.84,0.0114034
1985,19.85,0.0118755
1986,19.86,0.0123687
1987,19.87,0.0128809
1988,19.88,0.0134088
1989,19.89,0.0139484
1990,19.9,0.0144947
1991,19.91,0.0150415
1992,19.92,0.0155814
1993,19.93,0.0161057
1994,19.94,0.0166045
1995,19.95,0.0170668
1996,19.96,0.0174811
1997,19.97,0.0178353
1998,19.98,0.0181178
1999,19.99,0.0183184
2000,20,0.0184291
2001,20.01,0.0184455
2002,20.02,0.0183681
2003,20.03,0.0182026
2004,20.04,0.0179608
2005,20.05,0.0176599
2006,20.06,0.0173208
2007,20.07,0.0169659
2008,20.08,0.0166153
2009,20.09,0.0162837
2010,20.1,0.0159782
2011,20.11,0.0156969
2012,20.12,0.0154313
2013,20.13,0.0151678
2014,20.14,0.0148925
2015,20.15,0.0145931
2016,20.16,0.014262
2017,20.17,0.0138966
2018,20.18,0.0134992
2019,20.19,0.0130763
2020,20.2,0.0126371
2021,20.21,0.0121925
2022,20.22,0.0117537
2023,20.23,0.011331
2024,20.24,0.0109335
2025,20.25,0.0105686
2026,20.26,0.0102413
2027,20.27,0.00995496
2028,20.28,0.00971084
2029,20.29,0.00950872
2030,20.3,0.00934713
2031,20.31,0.00922382
2032,20.32,0.0091361
2033,20.33,0.00908118
2034,20.34,0.00905646
2035,20.35,0.00905969
2036,20.36,0.00908914
2037,20.37,0.00914361
2038,20.38,0.00922249
2039,20.39,0.00932572
2040,20.4,0.00945377
2041,20.41,0.00960758
2042,20.42,0.0097885
2043,20.43,0.00999826
2044,20.44,0.0102389
2045,20.45,0.0105128
2046,20.46,0.0108227
2047,20.47,0.0111712
2048,20.48,0.0115617
2049,20.49,0.0119975
2050,20.5,0.0124823
2051,20.51,0.0130199
2052,20.52,0.0136148
2053,20.53,0.0142714
2054,20.54,0.0149949
2055,20.55,0.0157906
2056,20.56,0.0166646
2057,20.57,0.0176235
2058,20.58,0.0186743
2059,20.59,0.0198249
2060,20.6,0.0210841
2061,20.61,0.0224614
2062,20.62,0.0239674
2063,20.63,0.0256135
2064,20.64,0.0274126
2065,20.65,0.0293788
2066,20.66,0.0315276
2067,20.67,0.0338763
2068,20.68,0.0364437
2069,20.69,0.0392508
2070,20.7,0.0423206
2071,20.71,0.0456786
2072,20.72,0.0493526
2073,20.73,0.0533738
2074,20.74,0.0577762
2075,20.75,0.0625973
2076,20.76,0.0678786
2077,20.77,0.0736656
2078,20.78,0.0800086
2079,20.79,0.0869627
2080,20.8,0.0945886
2081,20.81,0.102953
2082,20.82,0.112128
2083,20.83,0.122195
2084,20.84,0.13324
2085,20.85,0.145358
2086,20.86,0.158653
2087,20.87,0.173234
2088,20.88,0.189223
2089,20.89,0.206747
2090,20.9,0.225941
2091,20.91,0.246947
2092,20.92,0.269912
2093,20.93,0.294983
2094,20.94,0.322309
2095,20.95,0.352027
2096,20.96,0.384263
2097,20.97,0.419117
2098,20.98,0.456651
2099,20.99,0.496874
2100,21,0.539723
2101,21.01,0.585035
2102,21.02,0.632526
2103,21.03,0.681757
2104,21.04,0.73211
2105,21.05,0.782761
2106,21.06,0.832669
2107,21.07,0.880588
2108,21.08,0.925098
2109,21.09,0.964684
2110,21.1,0.997855
2111,21.11,1.0233
2112,21.12,1.04004
2113,21.13,1.04765
2114,21.14,1.04629
2115,21.15,1.03671
2116,21.16,1.02014
2117,21.17,0.998014
2118,21.18,0.971697
2119,21.19,0.942236
2120,21.2,0.910273
2121,21.21,0.876098
2122,21.22,0.839808
2123,21.23,0.801485
2124,21.24,0.761331
2125,21.25,0.719717
2126,21.26,0.677174
2127,21.27,0.634328
2128,21.28,0.59184
2129,21.29,0.550336
2130,21.3,0.51037
2131,21.31,0.472393
2132,21.32,0.436752
2133,21.33,0.403686
2134,21.34,0.373337
2135,21.35,0.345761
2136,21.36,0.320941
2137,21.37,0.2988
2138,21.38,0.279207
2139,21.39,0.261994
2140,21.4,0.246962
2141,21.41,0.233891
2142,21.42,0.222553
2143,21.43,0.212716
2144,21.44,0.20416
2145,21.45,0.196674
2146,21.46,0.190071
2147,21.47,0.184183
2148,21.48,0.178867
2149,21.49,0.174002
2150,21.5,0.169492
2151,21.51,0.16526
2152,21.52,0.16125
2153,21.53,0.15742
2154,21.54,0.153749
2155,21.55,0.150227
2156,21.56,0.146858
2157,21.57,0.14366
2158,21.58,0.140666
2159,21.59,0.13792
2160,21.6,0.135477
2161,21.61,0.133406
2162,21.62,0.131786
2163,21.63,0.130701
2164,21.64,0.13024
2165,21.65,0.130488
2166,21.66,0.131522
2167,21.67,0.133399
2168,21.68,0.136156
2169,21.69,0.139797
2170,21.7,0.144298
2171,21.71,0.1496
2172,21.72,0.155615
2173,21.73,0.162225
2174,21.74,0.169293
2175,21.75,0.176659
2176,21.76,0.184152
2177,21.77,0.191588
2178,21.78,0.198783
2179,21.79,0.205551
2180,21.8,0.211716
2181,21.81,0.217115
2182,21.82,0.221611
2183,21.83,0.225092
2184,21.84,0.227488
2185,21.85,0.228769
2186,21.86,0.228958
2187,21.87,0.228123
2188,21.88,0.226383
2189,21.89,0.223901
2190,21.9,0.220872
2191,21.91,0.21751
2192,21.92,0.214033
2193,21.93,0.210643
2194,21.94,0.207511
2195,21.95,0.204759
2196,21.96,0.202459
2197,21.97,0.200626
2198,21.98,0.199224
2199,21.99,0.198184
2200,22,0.197409
2201,22.01,0.196797
2202,22.02,0.196247
2203,22.03,0.19567
2204,22.04,0.194994
2205,22.05,0.194168
2206,22.06,0.193159
2207,22.07,0.191952
2208,22.08,0.190547
2209,22.09,0.188954
2210,22.1,0.187189
2211,22.11,0.185276
2212,22.12,0.183238
2213,22.13,0.181099
2214,22.14,0.178882
2215,22.15,0.176605
2216,22.16,0.174285
2217,22.17,0.171935
2218,22.18,0.169563
2219,22.19,0.167174
2220,22.2,0.164772
2221,22.21,0.162358
2222,22.22,0.159929
2223,22.23,0.157483
2224,22.24,0.155016
2225,22.25,0.152527
2226,22.26,0.150013
2227,22.27,0.147472
2228,22.28,0.144906
2229,22.29,0.14232
2230,22.3,0.139722
2231,22.31,0.137124
2232,22.32,0.134546
2233,22.33,0.132015
2234,22.34,0.129564
2235,22.35,0.12724
2236,22.36,0.125098
2237,22.37,0.123205
2238,22.38,0.121641
2239,22.39,0.120495
2240,22.4,0.119864
2241,22.41,0.119848
2242,22.42,0.120539
2243,22.43,0.122021
2244,22.44,0.12435
2245,22.45,0.127556
2246,22.46,0.131629
2247,22.47,0.136521
2248,22.48,0.142146
2249,22.49,0.148382
2250,22.5,0.155075
2251,22.51,0.162051
2252,22.52,0.169115
2253,22.53,0.176062
2254,22.54,0.182689
2255,22.55,0.188795
2256,22.56,0.194198
2257,22.57,0.198739
2258,22.58,0.202294
2259,22.59,0.204785
2260,22.6,0.206179
2261,22.61,0.206502
2262,22.62,0.20583
2263,22.63,0.204293
2264,22.64,0.20206
2265,22.65,0.199328
2266,22.66,0.196306
2267,22.67,0.193196
2268,22.68,0.190175
2269,22.69,0.187379
2270,22.7,0.184899
2271,22.71,0.182771
2272,22.72,0.180987
2273,22.73,0.179504
2274,22.74,0.178253
2275,22.75,0.177157
2276,22.76,0.176138
2277,22.77,0.17513
2278,22.78,0.174078
2279,22.79,0.172948
2280,22.8,0.171717
2281,22.81,0.170381
2282,22.82,0.168944
2283,22.83,0.167422
2284,22.84,0.165834
2285,22.85,0.164203
2286,22.86,0.162554
2287,22.87,0.160908
2288,22.88,0.159288
2289,22.89,0.157709
2290,22.9,0.156187
2291,22.91,0.154732
2292,22.92,0.15335
2293,22.93,0.152046
2294,22.94,0.15082
2295,22.95,0.14967
2296,22.96,0.148591
2297,22.97,0.147579
2298,22.98,0.146624
2299,22.99,0.14572
2300,23,0.144856
2301,23.01,0.144021
2302,23.02,0.143206
2303,23.03,0.142398
2304,23.04,0.141585
2305,23.05,0.140754
2306,23.06,0.139893
2307,23.07,0.138988
2308,23.08,0.138025
2309,23.09,0.13699
2310,23.1,0.135869
2311,23.11,0.134648
2312,23.12,0.133315
2313,23.13,0.131858
2314,23.14,0.13027
2315,23.15,0.128544
2316,23.16,0.126682
2317,23.17,0.12469
2318,23.18,0.122588
2319,23.19,0.120402
2320,23.2,0.118177
2321,23.21,0.115975
2322,23.22,0.113874
2323,23.23,0.111975
2324,23.24,0.110394
2325,23.25,0.109256
2326,23.26,0.108688
2327,23.27,0.108798
2328,23.28,0.109663
2329,23.29,0.111305
2330,23.3,0.113685
2331,23.31,0.116701
2332,23.32,0.120192
2333,23.33,0.123956
2334,23.34,0.127769
2335,23.35,0.131407
2336,23.36,0.134665
2337,23.37,0.137371
2338,23.38,0.1394
2339,23.39,0.140684
2340,23.4,0.141207
2341,23.41,0.14101
2342,23.42,0.140179
2343,23.43,0.138835
2344,23.44,0.13712
2345,23.45,0.135185
2346,23.46,0.133171
2347,23.47,0.131202
2348,23.48,0.129375
2349,23.49,0.127755
2350,23.5,0.12638
2351,23.51,0.125258
2352,23.52,0.124382
2353,23.53,0.123729
2354,23.54,0.123272
2355,23.55,0.122982
2356,23.56,0.122837
2357,23.57,0.122817
2358,23.58,0.122913
2359,23.59,0.123121
2360,23.6,0.123444
2361,23.61,0.123891
2362,23.62,0.124474
2363,23.63,0.125209
2364,23.64,0.126114
2365,23.65,0.127207
2366,23.66,0.128508
2367,23.67,0.130034
2368,23.68,0.131805
2369,23.69,0.133837
2370,23.7,0.136148
2371,23.71,0.138753
2372,23.72,0.141668
2373,23.73,0.144907
2374,23.74,0.148487
2375,23.75,0.152421
2376,23.76,0.156725
2377,23.77,0.161415
2378,23.78,0.166505
2379,23.79,0.172012
2380,23.8,0.177952
2381,23.81,0.184341
2382,23.82,0.191195
2383,23.83,0.198531
2384,23.84,0.206362
2385,23.85,0.214703
2386,23.86,0.223565
2387,23.87,0.232956
2388,23.88,0.242881
2389,23.89,0.25334
2390,23.9,0.264325
2391,23.91,0.275822
2392,23.92,0.287806
2393,23.93,0.300241
2394,23.94,0.313077
2395,23.95,0.326245
2396,23.96,0.33966
2397,23.97,0.353214
2398,23.98,0.366776
2399,23.99,0.38019
2400,24,0.393273
2401,24.01,0.405817
2402,24.02,0.417591
2403,24.03,0.428345
2404,24.04,0.437819
2405,24.05,0.445755
2406,24.06,0.451911
2407,24.07,0.456083
2408,24.08,0.458124
2409,24.09,0.457972
2410,24.1,0.45567
2411,24.11,0.451382
2412,24.12,0.4454
2413,24.13,0.438133
2414,24.14,0.430074
2415,24.15,0.421746
2416,24.16,0.413634
2417,24.17,0.406114
2418,24.18,0.39939
2419,24.19,0.393472
2420,24.2,0.388186
2421,24.21,0.383227
2422,24.22,0.378231
2423,24.23,0.372846
2424,24.24,0.366793
2425,24.25,0.3599
2426,24.26,0.352109
2427,24.27,0.343474
2428,24.28,0.334135
2429,24.29,0.324294
2430,24.3,0.31419
2431,24.31,0.304069
2432,24.32,0.294167
2433,24.33,0.284698
2434,24.34,0.275838
2435,24.35,0.267725
2436,24.36,0.260456
2437,24.37,0.254089
2438,24.38,0.248648
2439,24.39,0.244131
2440,24.4,0.240517
2441,24.41,0.237774
2442,24.42,0.235863
2443,24.43,0.234747
2444,24.44,0.234396
2445,24.45,0.234787
2446,24.46,0.235909
2447,24.47,0.237763
2448,24.48,0.240361
2449,24.49,0.243727
2450,24.5,0.247897
2451,24.51,0.252914
2452,24.52,0.258832
2453,24.53,0.265711
2454,24.54,0.273619
2455,24.55,0.282631
2456,24.56,0.292826
2457,24.57,0.304291
2458,24.58,0.317117
2459,24.59,0.331403
2460,24.6,0.347255
2461,24.61,0.364785
2462,24.62,0.384117
2463,24.63,0.40538
2464,24.64,0.428719
2465,24.65,0.454286
2466,24.66,0.482249
2467,24.67,0.512788
2468,24.68,0.546099
2469,24.69,0.582392
2470,24.7,0.621894
2471,24.71,0.664849
2472,24.72,0.711516
2473,24.73,0.76217
2474,24.74,0.817103
2475,24.75,0.876617
2476,24.76,0.941025
2477,24.77,1.01065
2478,24.78,1.0858
2479,24.79,1.16681
2480,24.8,1.25395
2481,24.81,1.34749
2482,24.82,1.44765
2483,24.83,1.55457
2484,24.84,1.6683
2485,24.85,1.78877
2486,24.86,1.91572
2487,24.87,2.0487
2488,24.88,2.18703
2489,24.89,2.32967
2490,24.9,2.47527
2491,24.91,2.62208
2492,24.92,2.76789
2493,24.93,2.9101
2494,24.94,3.0457
2495,24.95,3.17135
2496,24.96,3.28355
2497,24.97,3.37885
2498,24.98,3.45413
2499,24.99,3.50693
2500,25,3.53581
2501,25.01,3.54063
2502,25.02,3.52272
2503,25.03,3.48481
2504,25.04,3.43079
2505,25.05,3.36511
2506,25.06,3.29209
2507,25.07,3.21523
2508,25.08,3.13672
2509,25.09,3.05733
2510,25.1,2.97659
2511,25.11,2.89331
2512,25.12,2.80616
2513,25.13,2.71412
2514,25.14,2.61679
2515,25.15,2.51447
2516,25.16,2.40808
2517,25.17,2.29902
2518,25.18,2.18894
2519,25.19,2.07962
2520,25.2,1.97272
2521,25.21,1.86976
2522,25.22,1.772
2523,25.23,1.68043
2524,25.24,1.59572
2525,25.25,1.51828
2526,25.26,1.44822
2527,25.27,1.38545
2528,25.28,1.32967
2529,25.29,1.28043
2530,25.3,1.23719
2531,25.31,1.19935
2532,25.32,1.16628
2533,25.33,1.13738
2534,25.34,1.11207
2535,25.35,1.08982
2536,25.36,1.07018
2537,25.37,1.05276
2538,25.38,1.03722
2539,25.39,1.02329
2540,25.4,1.01078
2541,25.41,0.999497
2542,25.42,0.989336
2543,25.43,0.980202
2544,25.44,0.972035
2545,25.45,0.964796
2546,25.46,0.958464
2547,25.47,0.953031
2548,25.48,0.948501
2549,25.49,0.944881
2550,25.5,0.942187
2551,25.51,0.940432
2552,25.52,0.939632
2553,25.53,0.939798
2554,25.54,0.940938
2555,25.55,0.943053
2556,25.56,0.946136
2557,25.57,0.950166
2558,25.58,0.955112
2559,25.59,0.960924
2560,25.6,0.967535
2561,25.61,0.974852
2562,25.62,0.982762
2563,25.63,0.991119
2564,25.64,0.999749
2565,25.65,1.00844
2566,25.66,1.01695
2567,25.67,1.02499
2568,25.68,1.03225
2569,25.69,1.03837
2570,25.7,1.04299
2571,25.71,1.04571
2572,25.72,1.04615
2573,25.73,1.04397
2574,25.74,1.03887
2575,25.75,1.03069
2576,25.76,1.01939
2577,25.77,1.00517
2578,25.78,0.988455
2579,25.79,0.969982
2580,25.8,0.950754
2581,25.81,0.932001
2582,25.82,0.915043
2583,25.83,0.90109
2584,25.84,0.891007
2585,25.85,0.885096
2586,25.86,0.882987
2587,25.87,0.883677
2588,25.88,0.885732
2589,25.89,0.887567
2590,25.9,0.887745
2591,25.91,0.885191
2592,25.92,0.879326
2593,25.93,0.870076
2594,25.94,0.857817
2595,25.95,0.843253
2596,25.96,0.827277
2597,25.97,0.810839
2598,25.98,0.794832
2599,25.99,0.780005
2600,26,0.766922
2601,26.01,0.755946
2602,26.02,0.747256
2603,26.03,0.740879
2604,26.04,0.736735
2605,26.05,0.734678
2606,26.06,0.734537
2607,26.07,0.736148
2608,26.08,0.73937
2609,26.09,0.744101
2610,26.1,0.750284
2611,26.11,0.757905
2612,26.12,0.766993
2613,26.13,0.777614
2614,26.14,0.789863
2615,26.15,0.803866
2616,26.16,0.819767
2617,26.17,0.837732
2618,26.18,0.857938
2619,26.19,0.880579
2620,26.2,0.905859
2621,26.21,0.933996
2622,26.22,0.965218
2623,26.23,0.999769
2624,26.24,1.03791
2625,26.25,1.07991
2626,26.26,1.12608
2627,26.27,1.17674
2628,26.28,1.23223
2629,26.29,1.29294
2630,26.3,1.35929
2631,26.31,1.43172
2632,26.32,1.51074
2633,26.33,1.5969
2634,26.34,1.6908
2635,26.35,1.7931
2636,26.36,1.90453
2637,26.37,2.02589
2638,26.38,2.15806
2639,26.39,2.302
2640,26.4,2.45878
2641,26.41,2.62956
2642,26.42,2.81563
2643,26.43,3.01839
2644,26.44,3.23938
2645,26.45,3.48029
2646,26.46,3.74298
2647,26.47,4.02946
2648,26.48,4.34196
2649,26.49,4.68288
2650,26.5,5.05487
2651,26.51,5.46079
2652,26.52,5.90374
2653,26.53,6.3871
2654,26.54,6.91447
2655,26.55,7.48975
2656,26.56,8.11708
2657,26.57,8.80086
2658,26.58,9.54571
2659,26.59,10.3564
2660,26.6,11.2379
2661,26.61,12.1951
2662,26.62,13.2328
2663,26.63,14.3555
2664,26.64,15.5674
2665,26.65,16.8715
2666,26.66,18.27
2667,26.67,19.7633
2668,26.68,21.3495
2669,26.69,23.0242
2670,26.7,24.7793
2671,26.71,26.6026
2672,26.72,28.4768
2673,26.73,30.3794
2674,26.74,32.2818
2675,26.75,34.1498
2676,26.76,35.9438
2677,26.77,37.6198
2678,26.78,39.1319
2679,26.79,40.4339
2680,26.8,41.4831
2681,26.81,42.2429
2682,26.82,42.6862
2683,26.83,42.7977
2684,26.84,42.5753
2685,26.85,42.0307
2686,26.86,41.1884
2687,26.87,40.0843
2688,26.88,38.7633
2689,26.89,37.2769
2690,26.9,35.6805
2691,26.91,34.0309
2692,26.92,32.3838
2693,26.93,30.7904
2694,26.94,29.2942
2695,26.95,27.927
2696,26.96,26.7053
2697,26.97,25.6288
2698,26.98,24.6808
2699,26.99,23.8323
2700,27,23.0478
2701,27.01,22.2928
2702,27.02,21.5394
2703,27.03,20.7701
2704,27.04,19.9791
2705,27.05,19.1711
2706,27.06,18.3586
2707,27.07,17.559
2708,27.08,16.7913
2709,27.09,16.0737
2710,27.1,15.4213
2711,27.11,14.8453
2712,27.12,14.3524
2713,27.13,13.9447
2714,27.14,13.6203
2715,27.15,13.3746
2716,27.16,13.2005
2717,27.17,13.0904
2718,27.18,13.036
2719,27.19,13.0301
2720,27.2,13.0658
2721,27.21,13.1378
2722,27.22,13.2418
2723,27.23,13.3747
2724,27.24,13.5347
2725,27.25,13.7205
2726,27.26,13.9321
2727,27.27,14.1698
2728,27.28,14.4345
2729,27.29,14.7273
2730,27.3,15.0499
2731,27.31,15.4038
2732,27.32,15.7908
2733,27.33,16.2123
2734,27.34,16.6699
2735,27.35,17.1648
2736,27.36,17.698
2737,27.37,18.27
2738,27.38,18.8808
2739,27.39,19.5297
2740,27.4,20.2156
2741,27.41,20.9362
2742,27.42,21.6883
2743,27.43,22.4677
2744,27.44,23.2688
2745,27.45,24.0849
2746,27.46,24.9077
2747,27.47,25.7274
2748,27.48,26.5329
2749,27.49,27.3117
2750,27.5,28.0501
2751,27.51,28.7335
2752,27.52,29.3469
2753,27.53,29.8754
2754,27.54,30.3047
2755,27.55,30.6218
2756,27.56,30.816
2757,27.57,30.879
2758,27.58,30.806
2759,27.59,30.596
2760,27.6,30.2516
2761,27.61,29.7795
2762,27.62,29.19
2763,27.63,28.4962
2764,27.64,27.7138
2765,27.65,26.8602
2766,27.66,25.9532
2767,27.67,25.0109
2768,27.68,24.0502
2769,27.69,23.087
2770,27.7,22.1349
2771,27.71,21.2055
2772,27.72,20.3081
2773,27.73,19.4495
2774,27.74,18.6347
2775,27.75,17.8665
2776,27.76,17.1462
2777,27.77,16.4739
2778,27.78,15.8488
2779,27.79,15.2692
2780,27.8,14.7335
2781,27.81,14.2396
2782,27.82,13.7857
2783,27.83,13.3698
2784,27.84,12.9904
2785,27.85,12.6461
2786,27.86,12.3355
2787,27.87,12.0575
2788,27.88,11.8113
2789,27.89,11.5961
2790,27.9,11.4111
2791,27.91,11.2556
2792,27.92,11.1293
2793,27.93,11.0315
2794,27.94,10.9619
2795,27.95,10.9203
2796,27.96,10.9063
2797,27.97,10.92
2798,27.98,10.9614
2799,27.99,11.0306
2800,28,11.128
2801,28.01,11.254
2802,28.02,11.4093
2803,28.03,11.5947
2804,28.04,11.8111
2805,28.05,12.0596
2806,28.06,12.3414
2807,28.07,12.6578
2808,28.08,13.0103
2809,28.09,13.4004
2810,28.1,13.8297
2811,28.11,14.2997
2812,28.12,14.8122
2813,28.13,15.3687
2814,28.14,15.9706
2815,28.15,16.6193
2816,28.16,17.3158
2817,28.17,18.061
2818,28.18,18.8551
2819,28.19,19.698
2820,28.2,20.5887
2821,28.21,21.5253
2822,28.22,22.5052
2823,28.23,23.524
2824,28.24,24.5763
2825,28.25,25.6547
2826,28.26,26.7498
2827,28.27,27.8503
2828,28.28,28.9423
2829,28.29,30.0098
2830,28.3,31.0341
2831,28.31,31.9946
2832,28.32,32.869
2833,28.33,33.6336
2834,28.34,34.2647
2835,28.35,34.7393
2836,28.36,35.0366
2837,28.37,35.1393
2838,28.38,35.0352
2839,28.39,34.718
2840,28.4,34.1886
2841,28.41,33.4552
2842,28.42,32.5332
2843,28.43,31.4443
2844,28.44,30.2149
2845,28.45,28.8749
2846,28.46,27.4555
2847,28.47,25.9871
2848,28.48,24.4982
2849,28.49,23.014
2850,28.5,21.5558
2851,28.51,20.1405
2852,28.52,18.781
2853,28.53,17.4864
2854,28.54,16.2628
2855,28.55,15.1136
2856,28.56,14.0403
2857,28.57,13.0429
2858,28.58,12.1206
2859,28.59,11.2719
2860,28.6,10.4948
2861,28.61,9.78718
2862,28.62,9.14687
2863,28.63,8.57152
2864,28.64,8.05876
2865,28.65,7.60615
2866,28.66,7.21116
2867,28.67,6.87116
2868,28.68,6.5834
2869,28.69,6.34497
2870,28.7,6.15286
2871,28.71,6.004
2872,28.72,5.89526
2873,28.73,5.82357
2874,28.74,5.786
2875,28.75,5.77978
2876,28.76,5.8024
2877,28.77,5.85166
2878,28.78,5.92567
2879,28.79,6.02287
2880,28.8,6.14201
2881,28.81,6.28216
2882,28.82,6.44269
2883,28.83,6.62318
2884,28.84,6.82348
2885,28.85,7.04361
2886,28.86,7.28376
2887,28.87,7.54424
2888,28.88,7.8255
2889,28.89,8.12802
2890,28.9,8.45236
2891,28.91,8.7991
2892,28.92,9.1688
2893,28.93,9.56197
2894,28.94,9.97905
2895,28.95,10.4204
2896,28.96,10.8861
2897,28.97,11.3761
2898,28.98,11.8902
2899,28.99,12.4278
2900,29,12.9877
2901,29.01,13.5687
2902,29.02,14.1688
2903,29.03,14.7854
2904,29.04,15.4156
2905,29.05,16.0554
2906,29.06,16.7006
2907,29.07,17.3459
2908,29.08,17.9856
2909,29.09,18.613
2910,29.1,19.2213
2911,29.11,19.8029
2912,29.12,20.3502
2913,29.13,20.8554
2914,29.14,21.311
2915,29.15,21.7099
2916,29.16,22.0459
2917,29.17,22.3136
2918,29.18,22.5091
2919,29.19,22.63
2920,29.2,22.6756
2921,29.21,22.6468
2922,29.22,22.5467
2923,29.23,22.3801
2924,29.24,22.1536
2925,29.25,21.8759
2926,29.26,21.5572
2927,29.27,21.2095
2928,29.28,20.8464
2929,29.29,20.483
2930,29.3,20.1351
2931,29.31,19.8193
2932,29.32,19.5516
2933,29.33,19.3461
2934,29.34,19.2135
2935,29.35,19.159
2936,29.36,19.1811
2937,29.37,19.2702
2938,29.38,19.4088
2939,29.39,19.573
2940,29.4,19.7348
2941,29.41,19.8648
2942,29.42,19.9366
2943,29.43,19.9285
2944,29.44,19.8268
2945,29.45,19.6261
2946,29.46,19.3297
2947,29.47,18.9484
2948,29.48,18.4987
2949,29.49,18.0008
2950,29.5,17.4765
2951,29.51,16.9468
2952,29.52,16.431
2953,29.53,15.9451
2954,29.54,15.5015
2955,29.55,15.1088
2956,29.56,14.7722
2957,29.57,14.4934
2958,29.58,14.2723
2959,29.59,14.1066
2960,29.6,13.9933
2961,29.61,13.9288
2962,29.62,13.9097
2963,29.63,13.933
2964,29.64,13.9962
2965,29.65,14.0976
2966,29.66,14.2362
2967,29.67,14.4116
2968,29.68,14.624
2969,29.69,14.874
2970,29.7,15.1627
2971,29.71,15.4911
2972,29.72,15.8604
2973,29.73,16.2716
2974,29.74,16.7253
2975,29.75,17.222
2976,29.76,17.7613
2977,29.77,18.3422
2978,29.78,18.963
2979,29.79,19.6209
2980,29.8,20.3121
2981,29.81,21.0317
2982,29.82,21.7735
2983,29.83,22.53
2984,29.84,23.2925
2985,29.85,24.0511
2986,29.86,24.7947
2987,29.87,25.5114
2988,29.88,26.1888
2989,29.89,26.8142
2990,29.9,27.375
2991,29.91,27.8594
2992,29.92,28.257
2993,29.93,28.559
2994,29.94,28.7587
2995,29.95,28.8523
2996,29.96,28.8385
2997,29.97,28.7193
2998,29.98,28.4993
2999,29.99,28.1858
3000,30,27.7887
3001,30.01,27.3193
3002,30.02,26.7908
3003,30.03,26.2168
3004,30.04,25.6113
3005,30.05,24.9879
3006,30.06,24.3594
3007,30.07,23.7374
3008,30.08,23.1315
3009,30.09,22.5498
3010,30.1,21.9976
3011,30.11,21.4783
3012,30.12,20.9929
3013,30.13,20.5402
3014,30.14,20.1174
3015,30.15,19.7203
3016,30.16,19.344
3017,30.17,18.9831
3018,30.18,18.6323
3019,30.19,18.2871
3020,30.2,17.9439
3021,30.21,17.5999
3022,30.22,17.2537
3023,30.23,16.905
3024,30.24,16.5544
3025,30.25,16.2034
3026,30.26,15.8543
3027,30.27,15.5096
3028,30.28,15.1724
3029,30.29,14.8456
3030,30.3,14.5322
3031,30.31,14.235
3032,30.32,13.9568
3033,30.33,13.6999
3034,30.34,13.4666
3035,30.35,13.2587
3036,30.36,13.0782
3037,30.37,12.9267
3038,30.38,12.8058
3039,30.39,12.7171
3040,30.4,12.6622
3041,30.41,12.6427
3042,30.42,12.6605
3043,30.43,12.7173
3044,30.44,12.8152
3045,30.45,12.9562
3046,30.46,13.1425
3047,30.47,13.3762
3048,30.48,13.6597
3049,30.49,13.9949
3050,30.5,14.384
3051,30.51,14.8289
3052,30.52,15.3312
3053,30.53,15.892
3054,30.54,16.5121
3055,30.55,17.1917
3056,30.56,17.9303
3057,30.57,18.7263
3058,30.58,19.5773
3059,30.59,20.4794
3060,30.6,21.4273
3061,30.61,22.414
3062,30.62,23.4309
3063,30.63,24.467
3064,30.64,25.5095
3065,30.65,26.5435
3066,30.66,27.5521
3067,30.67,28.5167
3068,30.68,29.4178
3069,30.69,30.2351
3070,30.7,30.9486
3071,30.71,31.5398
3072,30.72,31.9921
3073,30.73,32.2925
3074,30.74,32.4319
3075,30.75,32.4059
3076,30.76,32.2155
3077,30.77,31.8669
3078,30.78,31.3711
3079,30.79,30.7436
3080,30.8,30.0035
3081,30.81,29.1721
3082,30.82,28.2725
3083,30.83,27.3278
3084,30.84,26.3605
3085,30.85,25.3914
3086,30.86,24.4385
3087,30.87,23.5168
3088,30.88,22.6373
3089,30.89,21.8073
3090,30.9,21.0298
3091,30.91,20.3045
3092,30.92,19.628
3093,30.93,18.9948
3094,30.94,18.398
3095,30.95,17.8305
3096,30.96,17.2855
3097,30.97,16.7572
3098,30.98,16.2414
3099,30.99,15.7352
3100,31,15.2374
3101,31.01,14.748
3102,31.02,14.2681
3103,31.03,13.7996
3104,31.04,13.3445
3105,31.05,12.9053
3106,31.06,12.4842
3107,31.07,12.0832
3108,31.08,11.7038
3109,31.09,11.3473
3110,31.1,11.0144
3111,31.11,10.7053
3112,31.12,10.4199
3113,31.13,10.158
3114,31.14,9.91907
3115,31.15,9.70234
3116,31.16,9.50716
3117,31.17,9.33286
3118,31.18,9.17886
3119,31.19,9.04473
3120,31.2,8.93025
3121,31.21,8.83538
3122,31.22,8.76035
3123,31.23,8.70564
3124,31.24,8.67201
3125,31.25,8.66047
3126,31.26,8.67234
3127,31.27,8.70919
3128,31.28,8.77287
3129,31.29,8.8655
3130,31.3,8.98942
3131,31.31,9.14721
3132,31.32,9.34167
3133,31.33,9.57578
3134,31.34,9.85269
3135,31.35,10.1757
3136,31.36,10.5483
3137,31.37,10.9739
3138,31.38,11.4563
3139,31.39,11.9991
3140,31.4,12.6061
3141,31.41,13.2812
3142,31.42,14.0279
3143,31.43,14.8501
3144,31.44,15.751
3145,31.45,16.734
3146,31.46,17.8016
3147,31.47,18.9557
3148,31.48,20.1972
3149,31.49,21.5258
3150,31.5,22.9391
3151,31.51,24.4325
3152,31.52,25.9987
3153,31.53,27.6266
3154,31.54,29.3008
3155,31.55,31.0012
3156,31.56,32.7019
3157,31.57,34.3714
3158,31.58,35.9719
3159,31.59,37.4606
3160,31.6,38.7898
3161,31.61,39.9097
3162,31.62,40.7706
3163,31.63,41.3266
3164,31.64,41.5394
3165,31.65,41.3827
3166,31.66,40.8453
3167,31.67,39.9338
3168,31.68,38.6733
3169,31.69,37.1063
3170,31.7,35.289
3171,31.71,33.287
3172,31.72,31.1693
3173,31.73,29.0028
3174,31.74,26.8468
3175,31.75,24.7499
3176,31.76,22.7479
3177,31.77,20.8639
3178,31.78,19.1094
3179,31.79,17.4868
3180,31.8,15.9925
3181,31.81,14.6189
3182,31.82,13.3572
3183,31.83,12.1986
3184,31.84,11.1356
3185,31.85,10.1617
3186,31.86,9.27212
3187,31.87,8.4631
3188,31.88,7.73183
3189,31.89,7.07602
3190,31.9,6.49361
3191,31.91,5.98251
3192,31.92,5.54032
3193,31.93,5.16418
3194,31.94,4.85064
3195,31.95,4.59564
3196,31.96,4.39452
3197,31.97,4.24224
3198,31.98,4.13357
3199,31.99,4.06339
3200,32,4.02696
3201,32.01,4.02011
3202,32.02,4.0394
3203,32.03,4.08211
3204,32.04,4.14629
3205,32.05,4.23066
3206,32.06,4.33455
3207,32.07,4.45775
3208,32.08,4.60047
3209,32.09,4.76326
3210,32.1,4.94687
3211,32.11,5.15229
3212,32.12,5.38063
3213,32.13,5.6331
3214,32.14,5.91102
3215,32.15,6.21576
3216,32.16,6.54872
3217,32.17,6.91135
3218,32.18,7.3051
3219,32.19,7.7314
3220,32.2,8.19165
3221,32.21,8.68718
3222,32.22,9.21919
3223,32.23,9.78872
3224,32.24,10.3965
3225,32.25,11.0431
3226,32.26,11.7286
3227,32.27,12.4523
3228,32.28,13.2133
3229,32.29,14.0097
3230,32.3,14.8386
3231,32.31,15.6961
3232,32.32,16.5773
3233,32.33,17.4758
3234,32.34,18.384
3235,32.35,19.2928
3236,32.36,20.1919
3237,32.37,21.07
3238,32.38,21.9145
3239,32.39,22.7128
3240,32.4,23.4519
3241,32.41,24.1194
3242,32.42,24.704
3243,32.43,25.196
3244,32.44,25.588
3245,32.45,25.8754
3246,32.46,26.0564
3247,32.47,26.1324
3248,32.48,26.1077
3249,32.49,25.9894
3250,32.5,25.7869
3251,32.51,25.5116
3252,32.52,25.176
3253,32.53,24.7935
3254,32.54,24.3779
3255,32.55,23.9431
3256,32.56,23.5029
3257,32.57,23.0708
3258,32.58,22.6602
3259,32.59,22.2844
3260,32.6,21.9561
3261,32.61,21.6881
3262,32.62,21.4921
3263,32.63,21.3781
3264,32.64,21.3537
3265,32.65,21.4226
3266,32.66,21.5831
3267,32.67,21.8272
3268,32.68,22.1397
3269,32.69,22.4985
3270,32.7,22.8758
3271,32.71,23.2396
3272,32.72,23.5569
3273,32.73,23.7964
3274,32.74,23.9317
3275,32.75,23.9438
3276,32.76,23.8224
3277,32.77,23.5673
3278,32.78,23.1869
3279,32.79,22.6975
3280,32.8,22.1209
3281,32.81,21.4819
3282,32.82,20.8061
3283,32.83,20.1179
3284,32.84,19.4391
3285,32.85,18.7877
3286,32.86,18.1777
3287,32.87,17.6189
3288,32.88,17.1172
3289,32.89,16.6752
3290,32.9,16.2931
3291,32.91,15.969
3292,32.92,15.7
3293,32.93,15.4824
3294,32.94,15.3126
3295,32.95,15.1873
3296,32.96,15.1037
3297,32.97,15.0597
3298,32.98,15.0541
3299,32.99,15.0864
3300,33,15.157
3301,33.01,15.267
3302,33.02,15.4182
3303,33.03,15.6128
3304,33.04,15.8536
3305,33.05,16.1437
3306,33.06,16.4862
3307,33.07,16.8845
3308,33.08,17.3416
3309,33.09,17.8605
3310,33.1,18.4434
3311,33.11,19.092
3312,33.12,19.8071
3313,33.13,20.5881
3314,33.14,21.4331
3315,33.15,22.3384
3316,33.16,23.2984
3317,33.17,24.305
3318,33.18,25.3474
3319,33.19,26.412
3320,33.2,27.4822
3321,33.21,28.5385
3322,33.22,29.5584
3323,33.23,30.5174
3324,33.24,31.3894
3325,33.25,32.1477
3326,33.26,32.7666
3327,33.27,33.223
3328,33.28,33.4974
3329,33.29,33.5763
3330,33.3,33.4525
3331,33.31,33.1261
3332,33.32,32.605
3333,33.33,31.904
3334,33.34,31.0441
3335,33.35,30.0509
3336,33.36,28.9533
3337,33.37,27.7817
3338,33.38,26.5664
3339,33.39,25.3363
3340,33.4,24.1175
3341,33.41,22.9331
3342,33.42,21.8018
3343,33.43,20.738
3344,33.44,19.7516
3345,33.45,18.8479
3346,33.46,18.0279
3347,33.47,17.2889
3348,33.48,16.6252
3349,33.49,16.0289
3350,33.5,15.4909
3351,33.51,15.0017
3352,33.52,14.552
3353,33.53,14.1338
3354,33.54,13.7399
3355,33.55,13.3651
3356,33.56,13.0053
3357,33.57,12.6578
3358,33.58,12.3212
3359,33.59,11.9947
3360,33.6,11.6784
3361,33.61,11.3727
3362,33.62,11.078
3363,33.63,10.795
3364,33.64,10.5242
3365,33.65,10.2659
3366,33.66,10.0202
3367,33.67,9.787
3368,33.68,9.56604
3369,33.69,9.35683
3370,33.7,9.15873
3371,33.71,8.97099
3372,33.72,8.79281
3373,33.73,8.62333
3374,33.74,8.46168
3375,33.75,8.307
3376,33.76,8.15848
3377,33.77,8.01533
3378,33.78,7.87681
3379,33.79,7.74225
3380,33.8,7.611
3381,33.81,7.4825
3382,33.82,7.35621
3383,33.83,7.23165
3384,33.84,7.10839
3385,33.85,6.98604
3386,33.86,6.86428
3387,33.87,6.74285
3388,33.88,6.62156
3389,33.89,6.50034
3390,33.9,6.37924
3391,33.91,6.25849
3392,33.92,6.13855
3393,33.93,6.02019
3394,33.94,5.90454
3395,33.95,5.79326
3396,33.96,5.68859
3397,33.97,5.5935
3398,33.98,5.51179
3399,33.99,5.44815
3400,34,5.40812
3401,34.01,5.39792
3402,34.02,5.4241
3403,34.03,5.49297
3404,34.04,5.60984
3405,34.05,5.77824
3406,34.06,5.99918
3407,34.07,6.27064
3408,34.08,6.58742
3409,34.09,6.94123
3410,34.1,7.32108
3411,34.11,7.71384
3412,34.12,8.10495
3413,34.13,8.47927
3414,34.14,8.82206
3415,34.15,9.12004
3416,34.16,9.36245
3417,34.17,9.54197
3418,34.18,9.65544
3419,34.19,9.70413
3420,34.2,9.6935
3421,34.21,9.63248
3422,34.22,9.53228
3423,34.23,9.40494
3424,34.24,9.26185
3425,34.25,9.11251
3426,34.26,8.9637
3427,34.27,8.81927
3428,34.28,8.68036
3429,34.29,8.54608
3430,34.3,8.41428
3431,34.31,8.28241
3432,34.32,8.14805
3433,34.33,8.00947
3434,34.34,7.86571
3435,34.35,7.71671
3436,34.36,7.56319
3437,34.37,7.40651
3438,34.38,7.2485
3439,34.39,7.09128
3440,34.4,6.93712
3441,34.41,6.78833
3442,34.42,6.64712
3443,34.43,6.51558
3444,34.44,6.3956
3445,34.45,6.28888
3446,34.46,6.19692
3447,34.47,6.12101
3448,34.48,6.06227
3449,34.49,6.02165
3450,34.5,6.00001
3451,34.51,5.9981
3452,34.52,6.0166
3453,34.53,6.05618
3454,34.54,6.11752
3455,34.55,6.2013
3456,34.56,6.30826
3457,34.57,6.43922
3458,34.58,6.59507
3459,34.59,6.77682
3460,34.6,6.98559
3461,34.61,7.22261
3462,34.62,7.48926
3463,34.63,7.78705
3464,34.64,8.11763
3465,34.65,8.48283
3466,34.66,8.88459
3467,34.67,9.32501
3468,34.68,9.80636
3469,34.69,10.331
3470,34.7,10.9014
3471,34.71,11.5203
3472,34.72,12.1901
3473,34.73,12.9138
3474,34.74,13.6937
3475,34.75,14.5326
3476,34.76,15.4326
3477,34.77,16.3958
3478,34.78,17.4235
3479,34.79,18.5167
3480,34.8,19.6752
3481,34.81,20.8976
3482,34.82,22.1812
3483,34.83,23.5214
3484,34.84,24.9111
3485,34.85,26.341
3486,34.86,27.7984
3487,34.87,29.2674
3488,34.88,30.7281
3489,34.89,32.1569
3490,34.9,33.5265
3491,34.91,34.8061
3492,34.92,35.9619
3493,34.93,36.9589
3494,34.94,37.7619
3495,34.95,38.3378
3496,34.96,38.6578
3497,34.97,38.7001
3498,34.98,38.4515
3499,34.99,37.91
3500,35,37.0852
3501,35.01,35.9985
3502,35.02,34.6819
3503,35.03,33.1756
3504,35.04,31.5253
3505,35.05,29.7784
3506,35.06,27.9804
3507,35.07,26.1725
3508,35.08,24.3888
3509,35.09,22.6559
3510,35.1,20.9923
3511,35.11,19.4095
3512,35.12,17.9136
3513,35.13,16.5061
3514,35.14,15.1862
3515,35.15,13.9513
3516,35.16,12.7983
3517,35.17,11.7243
3518,35.18,10.7262
3519,35.19,9.80137
3520,35.2,8.94741
3521,35.21,8.16199
3522,35.22,7.44282
3523,35.23,6.78754
3524,35.24,6.19361
3525,35.25,5.65831
3526,35.26,5.17867
3527,35.27,4.75152
3528,35.28,4.37341
3529,35.29,4.04073
3530,35.3,3.74969
3531,35.31,3.49639
3532,35.32,3.27687
3533,35.33,3.08723
3534,35.34,2.92365
3535,35.35,2.78254
3536,35.36,2.66056
3537,35.37,2.55465
3538,35.38,2.46215
3539,35.39,2.38071
3540,35.4,2.30834
3541,35.41,2.24337
3542,35.42,2.18444
3543,35.43,2.13042
3544,35.44,2.0804
3545,35.45,2.03369
3546,35.46,1.9897
3547,35.47,1.94801
3548,35.48,1.90827
3549,35.49,1.87023
3550,35.5,1.83369
3551,35.51,1.7985
3552,35.52,1.76457
3553,35.53,1.73182
3554,35.54,1.7002
3555,35.55,1.6697
3556,35.56,1.6403
3557,35.57,1.61202
3558,35.58,1.5849
3559,35.59,1.55896
3560,35.6,1.53426
3561,35.61,1.51087
3562,35.62,1.48889
3563,35.63,1.4684
3564,35.64,1.44953
3565,35.65,1.43241
3566,35.66,1.41721
3567,35.67,1.4041
3568,35.68,1.39329
3569,35.69,1.38501
3570,35.7,1.3795
3571,35.71,1.37704
3572,35.72,1.37794
3573,35.73,1.38253
3574,35.74,1.39114
3575,35.75,1.40414
3576,35.76,1.4219
3577,35.77,1.44479
3578,35.78,1.47318
3579,35.79,1.50744
3580,35.8,1.54788
3581,35.81,1.59482
3582,35.82,1.64849
3583,35.83,1.70909
3584,35.84,1.77672
3585,35.85,1.85137
3586,35.86,1.93293
3587,35.87,2.02111
3588,35.88,2.11543
3589,35.89,2.21518
3590,35.9,2.31938
3591,35.91,2.42671
3592,35.92,2.53547
3593,35.93,2.64357
3594,35.94,2.74849
3595,35.95,2.84731
3596,35.96,2.9368
3597,35.97,3.01356
3598,35.98,3.07425
3599,35.99,3.11594
3600,36,3.13646
3601,36.01,3.13484
3602,36.02,3.11159
3603,36.03,3.06882
3604,36.04,3.01001
3605,36.05,2.93945
3606,36.06,2.86138
3607,36.07,2.77918
3608,36.08,2.69471
3609,36.09,2.60831
3610,36.1,2.51922
3611,36.11,2.42635
3612,36.12,2.32898
3613,36.13,2.22725
3614,36.14,2.12225
3615,36.15,2.01586
3616,36.16,1.91043
3617,36.17,1.80846
3618,36.18,1.71229
3619,36.19,1.62388
3620,36.2,1.5447
3621,36.21,1.47567
3622,36.22,1.41716
3623,36.23,1.36906
3624,36.24,1.33082
3625,36.25,1.30161
3626,36.26,1.2804
3627,36.27,1.26604
3628,36.28,1.2574
3629,36.29,1.25342
3630,36.3,1.25313
3631,36.31,1.25569
3632,36.32,1.26041
3633,36.33,1.2667
3634,36.34,1.27411
3635,36.35,1.28227
3636,36.36,1.29091
3637,36.37,1.29982
3638,36.38,1.30883
3639,36.39,1.31782
3640,36.4,1.32669
3641,36.41,1.33536
3642,36.42,1.34374
3643,36.43,1.35178
3644,36.44,1.35939
3645,36.45,1.3665
3646,36.46,1.37302
3647,36.47,1.37885
3648,36.48,1.38388
3649,36.49,1.38797
3650,36.5,1.39099
3651,36.51,1.39279
3652,36.52,1.39321
3653,36.53,1.39207
3654,36.54,1.38922
3655,36.55,1.38448
3656,36.56,1.37769
3657,36.57,1.36873
3658,36.58,1.3575
3659,36.59,1.34394
3660,36.6,1.3281
3661,36.61,1.31008
3662,36.62,1.29013
3663,36.63,1.26862
3664,36.64,1.24611
3665,36.65,1.22333
3666,36.66,1.2012
3667,36.67,1.18081
3668,36.68,1.16336
3669,36.69,1.15008
3670,36.7,1.1421
3671,36.71,1.1403
3672,36.72,1.14512
3673,36.73,1.15648
3674,36.74,1.17373
3675,36.75,1.19568
3676,36.76,1.22072
3677,36.77,1.24702
3678,36.78,1.27268
3679,36.79,1.29592
3680,36.8,1.31524
3681,36.81,1.3295
3682,36.82,1.33796
3683,36.83,1.34036
3684,36.84,1.33683
3685,36.85,1.32791
3686,36.86,1.31443
3687,36.87,1.29744
3688,36.88,1.27811
3689,36.89,1.25765
3690,36.9,1.23722
3691,36.91,1.21783
3692,36.92,1.20034
3693,36.93,1.18536
3694,36.94,1.17333
3695,36.95,1.16444
3696,36.96,1.15876
3697,36.97,1.15619
3698,36.98,1.15657
3699,36.99,1.15969
3700,37,1.16533
3701,37.01,1.17328
3702,37.02,1.18338
3703,37.03,1.1955
3704,37.04,1.20954
3705,37.05,1.22547
3706,37.06,1.24327
3707,37.07,1.26296
3708,37.08,1.28458
3709,37.09,1.30818
3710,37.1,1.33382
3711,37.11,1.36157
3712,37.12,1.39149
3713,37.13,1.42365
3714,37.14,1.45808
3715,37.15,1.49484
3716,37.16,1.53396
3717,37.17,1.57546
3718,37.18,1.61935
3719,37.19,1.66562
3720,37.2,1.71424
3721,37.21,1.76517
3722,37.22,1.81834
3723,37.23,1.87365
3724,37.24,1.93096
3725,37.25,1.99011
3726,37.26,2.05088
3727,37.27,2.11301
3728,37.28,2.17619
3729,37.29,2.24002
3730,37.3,2.30405
3731,37.31,2.36774
3732,37.32,2.4305
3733,37.33,2.49161
3734,37.34,2.55029
3735,37.35,2.60568
3736,37.36,2.65685
3737,37.37,2.70281
3738,37.38,2.74253
3739,37.39,2.77502
3740,37.4,2.79931
3741,37.41,2.81457
3742,37.42,2.82015
3743,37.43,2.81567
3744,37.44,2.80113
3745,37.45,2.77696
3746,37.46,2.74411
3747,37.47,2.70412
3748,37.48,2.65906
3749,37.49,2.61147
3750,37.5,2.5642
3751,37.51,2.52012
3752,37.52,2.48175
3753,37.53,2.45094
3754,37.54,2.42854
3755,37.55,2.41425
3756,37.56,2.40667
3757,37.57,2.40352
3758,37.58,2.40206
3759,37.59,2.39946
3760,37.6,2.39322
3761,37.61,2.38139
3762,37.62,2.36273
3763,37.63,2.33676
3764,37.64,2.30369
3765,37.65,2.26428
3766,37.66,2.21975
3767,37.67,2.17159
3768,37.68,2.12141
3769,37.69,2.07084
3770,37.7,2.02141
3771,37.71,1.97448
3772,37.72,1.9312
3773,37.73,1.89248
3774,37.74,1.859
3775,37.75,1.8312
3776,37.76,1.80937
3777,37.77,1.79364
3778,37.78,1.78403
3779,37.79,1.78052
3780,37.8,1.78306
3781,37.81,1.7916
3782,37.82,1.80612
3783,37.83,1.82665
3784,37.84,1.85325
3785,37.85,1.88604
3786,37.86,1.92518
3787,37.87,1.97088
3788,37.88,2.02337
3789,37.89,2.08291
3790,37.9,2.1498
3791,37.91,2.22433
3792,37.92,2.30681
3793,37.93,2.39757
3794,37.94,2.49692
3795,37.95,2.60518
3796,37.96,2.72269
3797,37.97,2.84974
3798,37.98,2.98666
3799,37.99,3.13371
3800,38,3.29118
3801,38.01,3.45927
3802,38.02,3.63817
3803,38.03,3.828
3804,38.04,4.02879
3805,38.05,4.24045
3806,38.06,4.46278
3807,38.07,4.6954
3808,38.08,4.93773
3809,38.09,5.18896
3810,38.1,5.448
3811,38.11,5.71344
3812,38.12,5.98349
3813,38.13,6.25597
3814,38.14,6.52829
3815,38.15,6.79738
3816,38.16,7.05974
3817,38.17,7.31145
3818,38.18,7.54822
3819,38.19,7.76552
3820,38.2,7.95872
3821,38.21,8.12327
3822,38.22,8.25503
3823,38.23,8.3505
3824,38.24,8.40722
3825,38.25,8.42411
3826,38.26,8.40178
3827,38.27,8.34276
3828,38.28,8.25165
3829,38.29,8.13493
3830,38.3,8.00061
3831,38.31,7.85757
3832,38.32,7.71461
3833,38.33,7.57935
3834,38.34,7.45725
3835,38.35,7.35082
3836,38.36,7.25942
3837,38.37,7.17956
3838,38.38,7.10575
3839,38.39,7.03156
3840,38.4,6.95075
3841,38.41,6.85814
3842,38.42,6.75019
3843,38.43,6.62522
3844,38.44,6.48335
3845,38.45,6.32625
3846,38.46,6.15676
3847,38.47,5.97847
3848,38.48,5.79535
3849,38.49,5.61141
3850,38.5,5.43042
3851,38.51,5.25571
3852,38.52,5.09007
3853,38.53,4.93569
3854,38.54,4.79414
3855,38.55,4.66644
3856,38.56,4.55314
3857,38.57,4.45438
3858,38.58,4.37006
3859,38.59,4.29989
3860,38.6,4.24351
3861,38.61,4.2006
3862,38.62,4.17089
3863,38.63,4.15428
3864,38.64,4.15081
3865,38.65,4.16071
3866,38.66,4.18439
3867,38.67,4.22245
3868,38.68,4.27566
3869,38.69,4.34493
3870,38.7,4.43128
3871,38.71,4.53587
3872,38.72,4.65992
3873,38.73,4.80472
3874,38.74,4.97162
3875,38.75,5.162
3876,38.76,5.37727
3877,38.77,5.61886
3878,38.78,5.88825
3879,38.79,6.18691
3880,38.8,6.51633
3881,38.81,6.87804
3882,38.82,7.27354
3883,38.83,7.70431
3884,38.84,8.1718
3885,38.85,8.67739
3886,38.86,9.22231
3887,38.87,9.80761
3888,38.88,10.4341
3889,38.89,11.1022
3890,38.9,11.8119
3891,38.91,12.5625
3892,38.92,13.3528
3893,38.93,14.1806
3894,38.94,15.0426
3895,38.95,15.9343
3896,38.96,16.8501
3897,38.97,17.7828
3898,38.98,18.7237
3899,38.99,19.6626
3900,39,20.5879
3901,39.01,21.4869
3902,39.02,22.346
3903,39.03,23.1512
3904,39.04,23.8885
3905,39.05,24.5449
3906,39.06,25.1087
3907,39.07,25.5707
3908,39.08,25.924
3909,39.09,26.1652
3910,39.1,26.2942
3911,39.11,26.3143
3912,39.12,26.2323
3913,39.13,26.0576
3914,39.14,25.8018
3915,39.15,25.4786
3916,39.16,25.1025
3917,39.17,24.6888
3918,39.18,24.2527
3919,39.19,23.8093
3920,39.2,23.3736
3921,39.21,22.9599
3922,39.22,22.5821
3923,39.23,22.2535
3924,39.24,21.9865
3925,39.25,21.7923
3926,39.26,21.6802
3927,39.27,21.6563
3928,39.28,21.7227
3929,39.29,21.8759
3930,39.3,22.1063
3931,39.31,22.3972
3932,39.32,22.7259
3933,39.33,23.0641
3934,39.34,23.3807
3935,39.35,23.6439
3936,39.36,23.8246
3937,39.37,23.8988
3938,39.38,23.8499
3939,39.39,23.6705
3940,39.4,23.3622
3941,39.41,22.9349
3942,39.42,22.4056
3943,39.43,21.796
3944,39.44,21.1303
3945,39.45,20.4332
3946,39.46,19.7276
3947,39.47,19.034
3948,39.48,18.3689
3949,39.49,17.745
3950,39.5,17.1711
3951,39.51,16.6524
3952,39.52,16.191
3953,39.53,15.7864
3954,39.54,15.4367
3955,39.55,15.1385
3956,39.56,14.8882
3957,39.57,14.682
3958,39.58,14.5162
3959,39.59,14.3879
3960,39.6,14.2946
3961,39.61,14.2346
3962,39.62,14.2071
3963,39.63,14.212
3964,39.64,14.2498
3965,39.65,14.3218
3966,39.66,14.4298
3967,39.67,14.5762
3968,39.68,14.7638
3969,39.69,14.9959
3970,39.7,15.276
3971,39.71,15.6077
3972,39.72,15.9949
3973,39.73,16.4413
3974,39.74,16.9505
3975,39.75,17.526
3976,39.76,18.1707
3977,39.77,18.8868
3978,39.78,19.676
3979,39.79,20.5386
3980,39.8,21.4737
3981,39.81,22.4788
3982,39.82,23.5493
3983,39.83,24.6782
3984,39.84,25.8557
3985,39.85,27.0689
3986,39.86,28.3014
3987,39.87,29.5328
3988,39.88,30.7392
3989,39.89,31.893
3990,39.9,32.9639
3991,39.91,33.9194
3992,39.92,34.7267
3993,39.93,35.3541
3994,39.94,35.7734
3995,39.95,35.962
3996,39.96,35.9048
3997,39.97,35.5958
3998,39.98,35.0392
3999,39.99,34.2488
4000,40,33.248
4001,40.01,32.0674
4002,40.02,30.7432
4003,40.03,29.3146
4004,40.04,27.821
4005,40.05,26.3004
4006,40.06,24.7873
4007,40.07,23.3113
4008,40.08,21.8962
4009,40.09,20.5598
4010,40.1,19.3137
4011,40.11,18.1639
4012,40.12,17.1113
4013,40.13,16.1528
4014,40.14,15.2821
4015,40.15,14.4914
4016,40.16,13.7715
4017,40.17,13.1138
4018,40.18,12.5098
4019,40.19,11.9523
4020,40.2,11.4355
4021,40.21,10.9544
4022,40.22,10.5056
4023,40.23,10.0861
4024,40.24,9.69412
4025,40.25,9.32798
4026,40.26,8.98644
4027,40.27,8.66835
4028,40.28,8.37259
4029,40.29,8.09797
4030,40.3,7.8432
4031,40.31,7.60691
4032,40.32,7.38764
4033,40.33,7.18387
4034,40.34,6.99406
4035,40.35,6.81669
4036,40.36,6.65033
4037,40.37,6.49358
4038,40.38,6.34521
4039,40.39,6.2041
4040,40.4,6.06926
4041,40.41,5.93991
4042,40.42,5.8154
4043,40.43,5.69529
4044,40.44,5.57931
4045,40.45,5.46742
4046,40.46,5.3598
4047,40.47,5.25689
4048,40.48,5.1594
4049,40.49,5.06837
4050,40.5,4.98521
4051,40.51,4.91172
4052,40.52,4.85016
4053,40.53,4.80321
4054,40.54,4.77405
4055,40.55,4.76624
4056,40.56,4.78366
4057,40.57,4.8303
4058,40.58,4.91008
4059,40.59,5.02652
4060,40.6,5.18249
4061,40.61,5.37989
4062,40.62,5.61945
4063,40.63,5.9006
4064,40.64,6.22135
4065,40.65,6.5783
4066,40.66,6.96661
4067,40.67,7.38007
4068,40.68,7.81114
4069,40.69,8.25102
4070,40.7,8.68986
4071,40.71,9.117
4072,40.72,9.52129
4073,40.73,9.89161
4074,40.74,10.2175
4075,40.75,10.4897
4076,40.76,10.7012
4077,40.77,10.8476
4078,40.78,10.9276
4079,40.79,10.9436
4080,40.8,10.9014
4081,40.81,10.8099
4082,40.82,10.6802
4083,40.83,10.5246
4084,40.84,10.355
4085,40.85,10.1823
4086,40.86,10.0144
4087,40.87,9.85635
4088,40.88,9.70988
4089,40.89,9.57376
4090,40.9,9.44464
4091,40.91,9.31797
4092,40.92,9.18891
4093,40.93,9.05315
4094,40.94,8.90733
4095,40.95,8.7494
4096,40.96,8.5786
4097,40.97,8.39536
4098,40.98,8.20109
4099,40.99,7.99792
4100,41,7.78844
4101,41.01,7.57548
4102,41.02,7.36186
4103,41.03,7.15027
4104,41.04,6.94315
4105,41.05,6.7426
4106,41.06,6.55035
4107,41.07,6.36774
4108,41.08,6.19575
4109,41.09,6.03505
4110,41.1,5.886
4111,41.11,5.74873
4112,41.12,5.6232
4113,41.13,5.50925
4114,41.14,5.40662
4115,41.15,5.31506
4116,41.16,5.23429
4117,41.17,5.16409
4118,41.18,5.10431
4119,41.19,5.05488
4120,41.2,5.01583
4121,41.21,4.9873
4122,41.22,4.96955
4123,41.23,4.96295
4124,41.24,4.96802
4125,41.25,4.98537
4126,41.26,5.01575
4127,41.27,5.06003
4128,41.28,5.11917
4129,41.29,5.19427
4130,41.3,5.28652
4131,41.31,5.39721
4132,41.32,5.52774
4133,41.33,5.6796
4134,41.34,5.85436
4135,41.35,6.05369
4136,41.36,6.27934
4137,41.37,6.53318
4138,41.38,6.81713
4139,41.39,7.13325
4140,41.4,7.48366
4141,41.41,7.87059
4142,41.42,8.29636
4143,41.43,8.7634
4144,41.44,9.27418
4145,41.45,9.83124
4146,41.46,10.4371
4147,41.47,11.0944
4148,41.48,11.8055
4149,41.49,12.5727
4150,41.5,13.3981
4151,41.51,14.2833
4152,41.52,15.2294
4153,41.53,16.2369
4154,41.54,17.3051
4155,41.55,18.4325
4156,41.56,19.6158
4157,41.57,20.8502
4158,41.58,22.129
4159,41.59,23.443
4160,41.6,24.7809
4161,41.61,26.1285
4162,41.62,27.4694
4163,41.63,28.7847
4164,41.64,30.0538
4165,41.65,31.2548
4166,41.66,32.3652
4167,41.67,33.3634
4168,41.68,34.2297
4169,41.69,34.9471
4170,41.7,35.503
4171,41.71,35.8895
4172,41.72,36.1043
4173,41.73,36.1503
4174,41.74,36.036
4175,41.75,35.774
4176,41.76,35.3809
4177,41.77,34.8756
4178,41.78,34.279
4179,41.79,33.6124
4180,41.8,32.8973
4181,41.81,32.1549
4182,41.82,31.4059
4183,41.83,30.6704
4184,41.84,29.9681
4185,41.85,29.3182
4186,41.86,28.7393
4187,41.87,28.249
4188,41.88,27.8623
4189,41.89,27.5905
4190,41.9,27.4386
4191,41.91,27.4033
4192,41.92,27.4709
4193,41.93,27.6165
4194,41.94,27.8048
4195,41.95,27.9931
4196,41.96,28.1347
4197,41.97,28.1849
4198,41.98,28.1061
4199,41.99,27.8718
4200,42,27.4701
4201,42.01,26.9037
4202,42.02,26.1891
4203,42.03,25.3533
4204,42.04,24.4302
4205,42.05,23.4563
4206,42.06,22.4676
4207,42.07,21.4962
4208,42.08,20.5691
4209,42.09,19.7067
4210,42.1,18.9229
4211,42.11,18.2255
4212,42.12,17.6168
4213,42.13,17.0948
4214,42.14,16.6545
4215,42.15,16.2886
4216,42.16,15.9888
4217,42.17,15.7463
4218,42.18,15.5529
4219,42.19,15.4011
4220,42.2,15.284
4221,42.21,15.1962
4222,42.22,15.1329
4223,42.23,15.0908
4224,42.24,15.0669
4225,42.25,15.0595
4226,42.26,15.0673
4227,42.27,15.0895
4228,42.28,15.1261
4229,42.29,15.1771
4230,42.3,15.243
4231,42.31,15.3245
4232,42.32,15.4227
4233,42.33,15.5386
4234,42.34,15.6734
4235,42.35,15.8286
4236,42.36,16.0055
4237,42.37,16.2059
4238,42.38,16.4312
4239,42.39,16.6831
4240,42.4,16.9633
4241,42.41,17.2735
4242,42.42,17.6154
4243,42.43,17.9907
4244,42.44,18.401
4245,42.45,18.8478
4246,42.46,19.3327
4247,42.47,19.8569
4248,42.48,20.4217
4249,42.49,21.0278
4250,42.5,21.6761
4251,42.51,22.3667
4252,42.52,23.0996
4253,42.53,23.8742
4254,42.54,24.6893
4255,42.55,25.543
4256,42.56,26.4327
4257,42.57,27.3547
4258,42.58,28.3042
4259,42.59,29.2754
4260,42.6,30.2607
4261,42.61,31.2511
4262,42.62,32.2358
4263,42.63,33.2019
4264,42.64,34.1345
4265,42.65,35.0165
4266,42.66,35.8288
4267,42.67,36.55
4268,42.68,37.1572
4269,42.69,37.6267
4270,42.7,37.9344
4271,42.71,38.0574
4272,42.72,37.9755
4273,42.73,37.6726
4274,42.74,37.139
4275,42.75,36.3724
4276,42.76,35.3792
4277,42.77,34.1747
4278,42.78,32.7824
4279,42.79,31.2328
4280,42.8,29.5611
4281,42.81,27.8045
4282,42.82,26.0002
4283,42.83,24.1825
4284,42.84,22.3823
4285,42.85,20.6251
4286,42.86,18.9316
4287,42.87,17.3171
4288,42.88,15.7924
4289,42.89,14.3643
4290,42.9,13.0362
4291,42.91,11.8088
4292,42.92,10.6808
4293,42.93,9.64944
4294,42.94,8.71072
4295,42.95,7.85995
4296,42.96,7.09201
4297,42.97,6.4015
4298,42.98,5.78301
4299,42.99,5.23119
4300,43,4.74087
4301,43.01,4.30714
4302,43.02,3.92544
4303,43.03,3.59155
4304,43.04,3.30164
4305,43.05,3.05229
4306,43.06,2.84046
4307,43.07,2.66345
4308,43.08,2.51886
4309,43.09,2.40452
4310,43.1,2.31842
4311,43.11,2.2586
4312,43.12,2.22313
4313,43.13,2.21003
4314,43.14,2.21733
4315,43.15,2.24299
4316,43.16,2.28501
4317,43.17,2.34143
4318,43.18,2.41033
4319,43.19,2.48989
4320,43.2,2.57833
4321,43.21,2.67396
4322,43.22,2.77512
4323,43.23,2.88017
4324,43.24,2.98749
4325,43.25,3.09544
4326,43.26,3.20236
4327,43.27,3.30657
4328,43.28,3.40637
4329,43.29,3.50006
4330,43.3,3.58594
4331,43.31,3.66238
4332,43.32,3.72786
4333,43.33,3.78101
4334,43.34,3.82068
4335,43.35,3.84605
4336,43.36,3.85666
4337,43.37,3.85253
4338,43.38,3.83421
4339,43.39,3.80284
4340,43.4,3.76016
4341,43.41,3.70851
4342,43.42,3.65075
4343,43.43,3.59015
4344,43.44,3.53012
4345,43.45,3.47402
4346,43.46,3.42481
4347,43.47,3.38474
4348,43.48,3.35513
4349,43.49,3.33621
4350,43.5,3.32713
4351,43.51,3.32612
4352,43.52,3.33074
4353,43.53,3.33821
4354,43.54,3.3457
4355,43.55,3.35063
4356,43.56,3.35083
4357,43.57,3.34465
4358,43.58,3.33102
4359,43.59,3.30941
4360,43.6,3.27978
4361,43.61,3.24252
4362,43.62,3.19832
4363,43.63,3.14812
4364,43.64,3.09302
4365,43.65,3.03419
4366,43.66,2.97283
4367,43.67,2.91011
4368,43.68,2.84715
4369,43.69,2.78502
4370,43.7,2.7247
4371,43.71,2.66709
4372,43.72,2.61304
4373,43.73,2.56334
4374,43.74,2.51877
4375,43.75,2.48007
4376,43.76,2.44796
4377,43.77,2.42317
4378,43.78,2.40643
4379,43.79,2.39845
4380,43.8,2.39993
4381,43.81,2.41153
4382,43.82,2.43382
4383,43.83,2.46732
4384,43.84,2.51241
4385,43.85,2.56936
4386,43.86,2.63828
4387,43.87,2.71913
4388,43.88,2.81173
4389,43.89,2.91571
4390,43.9,3.03058
4391,43.91,3.15567
4392,43.92,3.2902
4393,43.93,3.43321
4394,43.94,3.58358
4395,43.95,3.74007
4396,43.96,3.90124
4397,43.97,4.0655
4398,43.98,4.23109
4399,43.99,4.39608
4400,44,4.55836
4401,44.01,4.71569
4402,44.02,4.86571
4403,44.03,5.00596
4404,44.04,5.13397
4405,44.05,5.24733
4406,44.06,5.34374
4407,44.07,5.42118
4408,44.08,5.47798
4409,44.09,5.51296
4410,44.1,5.52561
4411,44.11,5.51615
4412,44.12,5.48567
4413,44.13,5.4362
4414,44.14,5.37071
4415,44.15,5.29306
4416,44.16,5.20778
4417,44.17,5.11989
4418,44.18,5.03443
4419,44.19,4.95607
4420,44.2,4.88863
4421,44.21,4.83461
4422,44.22,4.79497
4423,44.23,4.76903
4424,44.24,4.75465
4425,44.25,4.74857
4426,44.26,4.74691
4427,44.27,4.74562
4428,44.28,4.74093
4429,44.29,4.72968
4430,44.3,4.70948
4431,44.31,4.6788
4432,44.32,4.63696
4433,44.33,4.58402
4434,44.34,4.52066
4435,44.35,4.44805
4436,44.36,4.36768
4437,44.37,4.28125
4438,44.38,4.19054
4439,44.39,4.09729
4440,44.4,4.0032
4441,44.41,3.9098
4442,44.42,3.81851
4443,44.43,3.73057
4444,44.44,3.64708
4445,44.45,3.56902
4446,44.46,3.49725
4447,44.47,3.43259
4448,44.48,3.37581
4449,44.49,3.32769
4450,44.5,3.289
4451,44.51,3.26057
4452,44.52,3.24323
4453,44.53,3.23788
4454,44.54,3.2454
4455,44.55,3.2667
4456,44.56,3.30262
4457,44.57,3.35395
4458,44.58,3.42136
4459,44.59,3.50541
4460,44.6,3.60647
4461,44.61,3.72475
4462,44.62,3.86026
4463,44.63,4.01282
4464,44.64,4.18204
4465,44.65,4.36732
4466,44.66,4.56787
4467,44.67,4.78264
4468,44.68,5.01038
4469,44.69,5.24959
4470,44.7,5.4985
4471,44.71,5.75505
4472,44.72,6.0169
4473,44.73,6.28136
4474,44.74,6.54547
4475,44.75,6.80594
4476,44.76,7.05918
4477,44.77,7.30141
4478,44.78,7.52864
4479,44.79,7.73684
4480,44.8,7.92203
4481,44.81,8.08044
4482,44.82,8.20873
4483,44.83,8.30416
4484,44.84,8.36483
4485,44.85,8.38988
4486,44.86,8.37973
4487,44.87,8.33621
4488,44.88,8.26262
4489,44.89,8.1638
4490,44.9,8.04591
4491,44.91,7.91614
4492,44.92,7.78231
4493,44.93,7.65216
4494,44.94,7.5327
4495,44.95,7.42942
4496,44.96,7.3457
4497,44.97,7.28243
4498,44.98,7.238
4499,44.99,7.20864
4500,45,7.18903
4501,45.01,7.17306
4502,45.02,7.15464
4503,45.03,7.12829
4504,45.04,7.08963
4505,45.05,7.03562
4506,45.06,6.96461
4507,45.07,6.8763
4508,45.08,6.7715
4509,45.09,6.65196
4510,45.1,6.52006
4511,45.11,6.37856
4512,45.12,6.23042
4513,45.13,6.07859
4514,45.14,5.92583
4515,45.15,5.77469
4516,45.16,5.62736
4517,45.17,5.48574
4518,45.18,5.35138
4519,45.19,5.22556
4520,45.2,5.10932
4521,45.21,5.0035
4522,45.22,4.90887
4523,45.23,4.82611
4524,45.24,4.75593
4525,45.25,4.6991
4526,45.26,4.65645
4527,45.27,4.62894
4528,45.28,4.61766
4529,45.29,4.62378
4530,45.3,4.64858
4531,45.31,4.69336
4532,45.32,4.75946
4533,45.33,4.84816
4534,45.34,4.96063
4535,45.35,5.09793
4536,45.36,5.26091
4537,45.37,5.45022
4538,45.38,5.66626
4539,45.39,5.90918
4540,45.4,6.17884
4541,45.41,6.47481
4542,45.42,6.79634
4543,45.43,7.14237
4544,45.44,7.51144
4545,45.45,7.90169
4546,45.46,8.31081
4547,45.47,8.73602
4548,45.48,9.17399
4549,45.49,9.62081
4550,45.5,10.072
4551,45.51,10.5225
4552,45.52,10.9666
4553,45.53,11.3983
4554,45.54,11.811
4555,45.55,12.1978
4556,45.56,12.552
4557,45.57,12.8669
4558,45.58,13.1364
4559,45.59,13.355
4560,45.6,13.5187
4561,45.61,13.6245
4562,45.62,13.6717
4563,45.63,13.6611
4564,45.64,13.5961
4565,45.65,13.4821
4566,45.66,13.327
4567,45.67,13.1402
4568,45.68,12.933
4569,45.69,12.7175
4570,45.7,12.506
4571,45.71,12.3097
4572,45.72,12.138
4573,45.73,11.9976
4574,45.74,11.8911
4575,45.75,11.8175
4576,45.76,11.7719
4577,45.77,11.7463
4578,45.78,11.7306
4579,45.79,11.7143
4580,45.8,11.6867
4581,45.81,11.6391
4582,45.82,11.5645
4583,45.83,11.4586
4584,45.84,11.3196
4585,45.85,11.1482
4586,45.86,10.9468
4587,45.87,10.7197
4588,45.88,10.4721
4589,45.89,10.2098
4590,45.9,9.93879
4591,45.91,9.66474
4592,45.92,9.39284
4593,45.93,9.12762
4594,45.94,8.87285
4595,45.95,8.63148
4596,45.96,8.40576
4597,45.97,8.19728
4598,45.98,8.00711
4599,45.99,7.83594
4600,46,7.68421
4601,46.01,7.55226
4602,46.02,7.44045
4603,46.03,7.34924
4604,46.04,7.27929
4605,46.05,7.2315
4606,46.06,7.20704
4607,46.07,7.20736
4608,46.08,7.23419
4609,46.09,7.28946
4610,46.1,7.37527
4611,46.11,7.49385
4612,46.12,7.64743
4613,46.13,7.83821
4614,46.14,8.06822
4615,46.15,8.33933
4616,46.16,8.65309
4617,46.17,9.01075
4618,46.18,9.41317
4619,46.19,9.86076
4620,46.2,10.3535
4621,46.21,10.8906
4622,46.22,11.4711
4623,46.23,12.093
4624,46.24,12.7536
4625,46.25,13.4494
4626,46.26,14.1759
4627,46.27,14.9277
4628,46.28,15.6981
4629,46.29,16.4794
4630,46.3,17.263
4631,46.31,18.039
4632,46.32,18.7967
4633,46.33,19.5251
4634,46.34,20.2126
4635,46.35,20.8478
4636,46.36,21.4202
4637,46.37,21.92
4638,46.38,22.3392
4639,46.39,22.6717
4640,46.4,22.9138
4641,46.41,23.0642
4642,46.42,23.1243
4643,46.43,23.0978
4644,46.44,22.9909
4645,46.45,22.8115
4646,46.46,22.5692
4647,46.47,22.2745
4648,46.48,21.9388
4649,46.49,21.5736
4650,46.5,21.1908
4651,46.51,20.802
4652,46.52,20.4189
4653,46.53,20.053
4654,46.54,19.7155
4655,46.55,19.4176
4656,46.56,19.1704
4657,46.57,18.9841
4658,46.58,18.8679
4659,46.59,18.8293
4660,46.6,18.8729
4661,46.61,18.9996
4662,46.62,19.2055
4663,46.63,19.4817
4664,46.64,19.8135
4665,46.65,20.1815
4666,46.66,20.5621
4667,46.67,20.9297
4668,46.68,21.2581
4669,46.69,21.523
4670,46.7,21.7038
4671,46.71,21.7852
4672,46.72,21.7585
4673,46.73,21.6218
4674,46.74,21.3799
4675,46.75,21.0432
4676,46.76,20.6265
4677,46.77,20.1476
4678,46.78,19.6254
4679,46.79,19.0788
4680,46.8,18.525
4681,46.81,17.9796
4682,46.82,17.4549
4683,46.83,16.961
4684,46.84,16.5048
4685,46.85,16.091
4686,46.86,15.7222
4687,46.87,15.3994
4688,46.88,15.1224
4689,46.89,14.8907
4690,46.9,14.7033
4691,46.91,14.5594
4692,46.92,14.4586
4693,46.93,14.4009
4694,46.94,14.3869
4695,46.95,14.4181
4696,46.96,14.4962
4697,46.97,14.6237
4698,46.98,14.8036
4699,46.99,15.0389
4700,47,15.3328
4701,47.01,15.6886
4702,47.02,16.1087
4703,47.03,16.5955
4704,47.04,17.1501
4705,47.05,17.7727
4706,47.06,18.4621
4707,47.07,19.2155
4708,47.08,20.0283
4709,47.09,20.8938
4710,47.1,21.803
4711,47.11,22.7446
4712,47.12,23.7049
4713,47.13,24.668
4714,47.14,25.6157
4715,47.15,26.5283
4716,47.16,27.385
4717,47.17,28.1648
4718,47.18,28.8476
4719,47.19,29.4148
4720,47.2,29.851
4721,47.21,30.1445
4722,47.22,30.2885
4723,47.23,30.281
4724,47.24,30.1254
4725,47.25,29.8299
4726,47.26,29.4071
4727,47.27,28.873
4728,47.28,28.2464
4729,47.29,27.5473
4730,47.3,26.7965
4731,47.31,26.0148
4732,47.32,25.2222
4733,47.33,24.4375
4734,47.34,23.6782
4735,47.35,22.9599
4736,47.36,22.2964
4737,47.37,21.6991
4738,47.38,21.1772
4739,47.39,20.7364
4740,47.4,20.3793
4741,47.41,20.1047
4742,47.42,19.9074
4743,47.43,19.7784
4744,47.44,19.7053
4745,47.45,19.6731
4746,47.46,19.6653
4747,47.47,19.6648
4748,47.48,19.6552
4749,47.49,19.622
4750,47.5,19.553
4751,47.51,19.4395
4752,47.52,19.276
4753,47.53,19.0604
4754,47.54,18.7938
4755,47.55,18.4799
4756,47.56,18.1245
4757,47.57,17.7349
4758,47.58,17.3189
4759,47.59,16.8848
4760,47.6,16.4403
4761,47.61,15.9927
4762,47.62,15.5482
4763,47.63,15.1119
4764,47.64,14.6878
4765,47.65,14.2788
4766,47.66,13.8868
4767,47.67,13.5128
4768,47.68,13.1572
4769,47.69,12.8196
4770,47.7,12.4994
4771,47.71,12.1957
4772,47.72,11.9071
4773,47.73,11.6327
4774,47.74,11.3709
4775,47.75,11.1208
4776,47.76,10.881
4777,47.77,10.6506
4778,47.78,10.4287
4779,47.79,10.2143
4780,47.8,10.0069
4781,47.81,9.80566
4782,47.82,9.61017
4783,47.83,9.41994
4784,47.84,9.23457
4785,47.85,9.05372
4786,47.86,8.87712
4787,47.87,8.70451
4788,47.88,8.53568
4789,47.89,8.37042
4790,47.9,8.20858
4791,47.91,8.05
4792,47.92,7.89452
4793,47.93,7.74201
4794,47.94,7.59235
4795,47.95,7.44539
4796,47.96,7.30103
4797,47.97,7.15915
4798,47.98,7.01965
4799,47.99,6.88245
4800,48,6.74749
4801,48.01,6.61475
4802,48.02,6.48427
4803,48.03,6.35617
4804,48.04,6.2307
4805,48.05,6.10825
4806,48.06,5.98944
4807,48.07,5.87519
4808,48.08,5.76681
4809,48.09,5.66614
4810,48.1,5.57565
4811,48.11,5.49864
4812,48.12,5.43937
4813,48.13,5.40321
4814,48.14,5.39666
4815,48.15,5.4273
4816,48.16,5.50347
4817,48.17,5.63378
4818,48.18,5.82634
4819,48.19,6.08788
4820,48.2,6.42283
4821,48.21,6.83265
4822,48.22,7.31521
4823,48.23,7.86458
4824,48.24,8.47077
4825,48.25,9.1198
4826,48.26,9.79382
4827,48.27,10.4715
4828,48.28,11.1291
4829,48.29,11.7414
4830,48.3,12.2841
4831,48.31,12.736
4832,48.32,13.0811
4833,48.33,13.3111
4834,48.34,13.4262
4835,48.35,13.4347
4836,48.36,13.3515
4837,48.37,13.1951
4838,48.38,12.9838
4839,48.39,12.7332
4840,48.4,12.4544
4841,48.41,12.1532
4842,48.42,11.8317
4843,48.43,11.4897
4844,48.44,11.1264
4845,48.45,10.7418
4846,48.46,10.3375
4847,48.47,9.9167
4848,48.48,9.48384
4849,48.49,9.04434
4850,48.5,8.60398
4851,48.51,8.1685
4852,48.52,7.74327
4853,48.53,7.33309
4854,48.54,6.94211
4855,48.55,6.57375
4856,48.56,6.2308
4857,48.57,5.91539
4858,48.58,5.62916
4859,48.59,5.37322
4860,48.6,5.14828
4861,48.61,4.95468
4862,48.62,4.79241
4863,48.63,4.66118
4864,48.64,4.56037
4865,48.65,4.48915
4866,48.66,4.44646
4867,48.67,4.43104
4868,48.68,4.44155
4869,48.69,4.47653
4870,48.7,4.53452
4871,48.71,4.61407
4872,48.72,4.71381
4873,48.73,4.83241
4874,48.74,4.96869
4875,48.75,5.12152
4876,48.76,5.28987
4877,48.77,5.47281
4878,48.78,5.66944
4879,48.79,5.8789
4880,48.8,6.10033
4881,48.81,6.33284
4882,48.82,6.57549
4883,48.83,6.82727
4884,48.84,7.08702
4885,48.85,7.35347
4886,48.86,7.62516
4887,48.87,7.90041
4888,48.88,8.17736
4889,48.89,8.45385
4890,48.9,8.72752
4891,48.91,8.99571
4892,48.92,9.25551
4893,48.93,9.50381
4894,48.94,9.73725
4895,48.95,9.95236
4896,48.96,10.1456
4897,48.97,10.3134
4898,48.98,10.4525
4899,48.99,10.5598
4900,49,10.6327
4901,49.01,10.6694
4902,49.02,10.6689
4903,49.03,10.6313
4904,49.04,10.5581
4905,49.05,10.4523
4906,49.06,10.3186
4907,49.07,10.1632
4908,49.08,9.99405
4909,49.09,9.82014
4910,49.1,9.65123
4911,49.11,9.49691
4912,49.12,9.36563
4913,49.13,9.26362
4914,49.14,9.19395
4915,49.15,9.15597
4916,49.16,9.14529
4917,49.17,9.15433
4918,49.18,9.17343
4919,49.19,9.19205
4920,49.2,9.2001
4921,49.21,9.18902
4922,49.22,9.15245
4923,49.23,9.08663
4924,49.24,8.99043
4925,49.25,8.86514
4926,49.26,8.71403
4927,49.27,8.54184
4928,49.28,8.35428
4929,49.29,8.1575
4930,49.3,7.95763
4931,49.31,7.76044
4932,49.32,7.57108
4933,49.33,7.39392
4934,49.34,7.23248
4935,49.35,7.08944
4936,49.36,6.96675
4937,49.37,6.86568
4938,49.38,6.78701
4939,49.39,6.73117
4940,49.4,6.69835
4941,49.41,6.68867
4942,49.42,6.70222
4943,49.43,6.73917
4944,49.44,6.79977
4945,49.45,6.88438
4946,49.46,6.99346
4947,49.47,7.12757
4948,49.48,7.28729
4949,49.49,7.47324
4950,49.5,7.686
4951,49.51,7.9261
4952,49.52,8.19398
4953,49.53,8.48996
4954,49.54,8.81421
4955,49.55,9.16675
4956,49.56,9.54739
4957,49.57,9.95571
4958,49.58,10.3911
4959,49.59,10.8525
4960,49.6,11.3389
4961,49.61,11.8485
4962,49.62,12.3795
4963,49.63,12.9295
4964,49.64,13.4957
4965,49.65,14.0748
4966,49.66,14.6632
4967,49.67,15.2565
4968,49.68,15.8503
4969,49.69,16.4393
4970,49.7,17.0182
4971,49.71,17.5813
4972,49.72,18.1226
4973,49.73,18.6364
4974,49.74,19.1169
4975,49.75,19.5584
4976,49.76,19.9561
4977,49.77,20.3055
4978,49.78,20.6029
4979,49.79,20.8456
4980,49.8,21.0317
4981,49.81,21.1604
4982,49.82,21.2319
4983,49.83,21.2474
4984,49.84,21.2089
4985,49.85,21.1194
4986,49.86,20.9822
4987,49.87,20.8015
4988,49.88,20.5818
4989,49.89,20.3278
4990,49.9,20.0444
4991,49.91,19.7371
4992,49.92,19.4111
4993,49.93,19.0722
4994,49.94,18.7267
4995,49.95,18.3811
4996,49.96,18.0431
4997,49.97,17.7209
4998,49.98,17.4241
4999,49.99,17.1632
5000,50,16.9498
5001,50.01,16.7961
5002,50.02,16.7141
5003,50.03,16.7145
5004,50.04,16.8053
5005,50.05,16.9902
5006,50.06,17.2673
5007,50.07,17.6279
5008,50.08,18.0562
5009,50.09,18.5304
5010,50.1,19.0234
5011,50.11,19.5054
5012,50.12,19.9465
5013,50.13,20.3187
5014,50.14,20.5991
5015,50.15,20.7712
5016,50.16,20.8266
5017,50.17,20.7652
5018,50.18,20.5946
5019,50.19,20.3289
5020,50.2,19.9874
5021,50.21,19.5917
5022,50.22,19.1647
5023,50.23,18.7281
5024,50.24,18.3016
5025,50.25,17.9017
5026,50.26,17.5412
5027,50.27,17.2294
5028,50.28,16.9721
5029,50.29,16.7725
5030,50.3,16.6312
5031,50.31,16.5474
5032,50.32,16.5193
5033,50.33,16.5444
5034,50.34,16.6198
5035,50.35,16.7428
5036,50.36,16.9103
5037,50.37,17.1196
5038,50.38,17.3675
5039,50.39,17.6506
5040,50.4,17.9653
5041,50.41,18.3071
5042,50.42,18.6711
5043,50.43,19.0517
5044,50.44,19.4425
5045,50.45,19.8367
5046,50.46,20.227
5047,50.47,20.6057
5048,50.48,20.9651
5049,50.49,21.2979
5050,50.5,21.5971
5051,50.51,21.8565
5052,50.52,22.0711
5053,50.53,22.237
5054,50.54,22.3518
5055,50.55,22.4145
5056,50.56,22.4257
5057,50.57,22.3873
5058,50.58,22.3029
5059,50.59,22.1769
5060,50.6,22.0148
5061,50.61,21.823
5062,50.62,21.6083
5063,50.63,21.3779
5064,50.64,21.1392
5065,50.65,20.8994
5066,50.66,20.6659
5067,50.67,20.4456
5068,50.68,20.2453
5069,50.69,20.0711
5070,50.7,19.929
5071,50.71,19.8242
5072,50.72,19.7613
5073,50.73,19.7441
5074,50.74,19.7755
5075,50.75,19.8573
5076,50.76,19.99
5077,50.77,20.1728
5078,50.78,20.4031
5079,50.79,20.6768
5080,50.8,20.9882
5081,50.81,21.3298
5082,50.82,21.6926
5083,50.83,22.0663
5084,50.84,22.4397
5085,50.85,22.8008
5086,50.86,23.1376
5087,50.87,23.4382
5088,50.88,23.6919
5089,50.89,23.8892
5090,50.9,24.0223
5091,50.91,24.0859
5092,50.92,24.077
5093,50.93,23.995
5094,50.94,23.8419
5095,50.95,23.6221
5096,50.96,23.3419
5097,50.97,23.0091
5098,50.98,22.6328
5099,50.99,22.223
5100,51,21.7898
5101,51.01,21.3436
5102,51.02,20.8945
5103,51.03,20.452
5104,51.04,20.0252
5105,51.05,19.6227
5106,51.06,19.2521
5107,51.07,18.9205
5108,51.08,18.6342
5109,51.09,18.3988
5110,51.1,18.2188
5111,51.11,18.0981
5112,51.12,18.0392
5113,51.13,18.0435
5114,51.14,18.1108
5115,51.15,18.2396
5116,51.16,18.4266
5117,51.17,18.6668
5118,51.18,18.9534
5119,51.19,19.2783
5120,51.2,19.6319
5121,51.21,20.0035
5122,51.22,20.3816
5123,51.23,20.7545
5124,51.24,21.1103
5125,51.25,21.4378
5126,51.26,21.7268
5127,51.27,21.9683
5128,51.28,22.1551
5129,51.29,22.2821
5130,51.3,22.3462
5131,51.31,22.3466
5132,51.32,22.2847
5133,51.33,22.1637
5134,51.34,21.9885
5135,51.35,21.7654
5136,51.36,21.5017
5137,51.37,21.2052
5138,51.38,20.8841
5139,51.39,20.5467
5140,51.4,20.201
5141,51.41,19.8546
5142,51.42,19.5149
5143,51.43,19.1885
5144,51.44,18.882
5145,51.45,18.6012
5146,51.46,18.3518
5147,51.47,18.1391
5148,51.48,17.9684
5149,51.49,17.8448
5150,51.5,17.7731
5151,51.51,17.758
5152,51.52,17.804
5153,51.53,17.9149
5154,51.54,18.0939
5155,51.55,18.3434
5156,51.56,18.6644
5157,51.57,19.0564
5158,51.58,19.5172
5159,51.59,20.0424
5160,51.6,20.6256
5161,51.61,21.2576
5162,51.62,21.9274
5163,51.63,22.6211
5164,51.64,23.3232
5165,51.65,24.0163
5166,51.66,24.6818
5167,51.67,25.3008
5168,51.68,25.8547
5169,51.69,26.3262
5170,51.7,26.7005
5171,51.71,26.9657
5172,51.72,27.1136
5173,51.73,27.1406
5174,51.74,27.0472
5175,51.75,26.8383
5176,51.76,26.5226
5177,51.77,26.1117
5178,51.78,25.6199
5179,51.79,25.0625
5180,51.8,24.4558
5181,51.81,23.8159
5182,51.82,23.1583
5183,51.83,22.4974
5184,51.84,21.8467
5185,51.85,21.2182
5186,51.86,20.6229
5187,51.87,20.0706
5188,51.88,19.5701
5189,51.89,19.1294
5190,51.9,18.7555
5191,51.91,18.4548
5192,51.92,18.2321
5193,51.93,18.0912
5194,51.94,18.0338
5195,51.95,18.0595
5196,51.96,18.1657
5197,51.97,18.3466
5198,51.98,18.5938
5199,51.99,18.8962
5200,52,19.2402
5201,52.01,19.6106
5202,52.02,19.9905
5203,52.03,20.363
5204,52.04,20.7111
5205,52.05,21.0192
5206,52.06,21.2735
5207,52.07,21.4629
5208,52.08,21.5792
5209,52.09,21.6176
5210,52.1,21.5766
5211,52.11,21.4582
5212,52.12,21.2669
5213,52.13,21.0097
5214,52.14,20.6952
5215,52.15,20.3333
5216,52.16,19.934
5217,52.17,19.5072
5218,52.18,19.0623
5219,52.19,18.6077
5220,52.2,18.1508
5221,52.21,17.6975
5222,52.22,17.2525
5223,52.23,16.8196
5224,52.24,16.4011
5225,52.25,15.9986
5226,52.26,15.6132
5227,52.27,15.2449
5228,52.28,14.8936
5229,52.29,14.5589
5230,52.3,14.2402
5231,52.31,13.9367
5232,52.32,13.6478
5233,52.33,13.3729
5234,52.34,13.1114
5235,52.35,12.8631
5236,52.36,12.6276
5237,52.37,12.4052
5238,52.38,12.1961
5239,52.39,12.0008
5240,52.4,11.8201
5241,52.41,11.6554
5242,52.42,11.5079
5243,52.43,11.3798
5244,52.44,11.2732
5245,52.45,11.1911
5246,52.46,11.1367
5247,52.47,11.114
5248,52.48,11.1274
5249,52.49,11.1821
5250,52.5,11.2838
5251,52.51,11.4387
5252,52.52,11.6536
5253,52.53,11.9354
5254,52.54,12.2916
5255,52.55,12.7297
5256,52.56,13.2569
5257,52.57,13.8804
5258,52.58,14.6069
5259,52.59,15.4426
5260,52.6,16.3927
5261,52.61,17.4616
5262,52.62,18.652
5263,52.63,19.9649
5264,52.64,21.399
5265,52.65,22.9497
5266,52.66,24.6086
5267,52.67,26.3623
5268,52.68,28.1917
5269,52.69,30.0708
5270,52.7,31.9662
5271,52.71,33.8369
5272,52.72,35.6344
5273,52.73,37.3045
5274,52.74,38.7894
5275,52.75,40.031
5276,52.76,40.9758
5277,52.77,41.579
5278,52.78,41.8093
5279,52.79,41.6521
5280,52.8,41.1116
5281,52.81,40.2101
5282,52.82,38.9862
5283,52.83,37.4914
5284,52.84,35.7855
5285,52.85,33.9325
5286,52.86,31.9966
5287,52.87,30.0395
5288,52.88,28.1178
5289,52.89,26.2813
5290,52.9,24.5713
5291,52.91,23.0194
5292,52.92,21.6451
5293,52.93,20.4552
5294,52.94,19.443
5295,52.95,18.5901
5296,52.96,17.8688
5297,52.97,17.2467
5298,52.98,16.6919
5299,52.99,16.176
5300,53,15.6777
5301,53.01,15.1833
5302,53.02,14.6865
5303,53.03,14.1876
5304,53.04,13.6913
5305,53.05,13.2054
5306,53.06,12.7392
5307,53.07,12.3015
5308,53.08,11.9005
5309,53.09,11.5424
5310,53.1,11.2316
5311,53.11,10.9704
5312,53.12,10.7592
5313,53.13,10.5971
5314,53.14,10.4819
5315,53.15,10.4111
5316,53.16,10.3819
5317,53.17,10.3915
5318,53.18,10.4377
5319,53.19,10.5186
5320,53.2,10.6329
5321,53.21,10.7797
5322,53.22,10.9588
5323,53.23,11.1702
5324,53.24,11.4142
5325,53.25,11.6914
5326,53.26,12.0024
5327,53.27,12.3476
5328,53.28,12.7276
5329,53.29,13.1426
5330,53.3,13.5925
5331,53.31,14.077
5332,53.32,14.5954
5333,53.33,15.1464
5334,53.34,15.7285
5335,53.35,16.3394
5336,53.36,16.9763
5337,53.37,17.636
5338,53.38,18.3145
5339,53.39,19.0072
5340,53.4,19.709
5341,53.41,20.4141
5342,53.42,21.1162
5343,53.43,21.8089
5344,53.44,22.485
5345,53.45,23.1376
5346,53.46,23.7596
5347,53.47,24.3443
5348,53.48,24.8853
5349,53.49,25.3768
5350,53.5,25.8142
5351,53.51,26.1936
5352,53.52,26.5126
5353,53.53,26.7699
5354,53.54,26.9656
5355,53.55,27.1013
5356,53.56,27.18
5357,53.57,27.2056
5358,53.58,27.1835
5359,53.59,27.1198
5360,53.6,27.0213
5361,53.61,26.8953
5362,53.62,26.7493
5363,53.63,26.5907
5364,53.64,26.4265
5365,53.65,26.2628
5366,53.66,26.1045
5367,53.67,25.9551
5368,53.68,25.8161
5369,53.69,25.687
5370,53.7,25.5647
5371,53.71,25.444
5372,53.72,25.3178
5373,53.73,25.1769
5374,53.74,25.0116
5375,53.75,24.8116
5376,53.76,24.5675
5377,53.77,24.2711
5378,53.78,23.9169
5379,53.79,23.5017
5380,53.8,23.0254
5381,53.81,22.491
5382,53.82,21.9041
5383,53.83,21.2727
5384,53.84,20.6063
5385,53.85,19.9154
5386,53.86,19.211
5387,53.87,18.5038
5388,53.88,17.8042
5389,53.89,17.1213
5390,53.9,16.4634
5391,53.91,15.8375
5392,53.92,15.2496
5393,53.93,14.7044
5394,53.94,14.2061
5395,53.95,13.7578
5396,53.96,13.3621
5397,53.97,13.0212
5398,53.98,12.737
5399,53.99,12.511
5400,54,12.3445
5401,54.01,12.2388
5402,54.02,12.1945
5403,54.03,12.2124
5404,54.04,12.2923
5405,54.05,12.4339
5406,54.06,12.6361
5407,54.07,12.8973
5408,54.08,13.2149
5409,54.09,13.5859
5410,54.1,14.0064
5411,54.11,14.4716
5412,54.12,14.9763
5413,54.13,15.5143
5414,54.14,16.0788
5415,54.15,16.6625
5416,54.16,17.2573
5417,54.17,17.8548
5418,54.18,18.4464
5419,54.19,19.0231
5420,54.2,19.5763
5421,54.21,20.0975
5422,54.22,20.5788
5423,54.23,21.0132
5424,54.24,21.3946
5425,54.25,21.7184
5426,54.26,21.9814
5427,54.27,22.1816
5428,54.28,22.319
5429,54.29,22.3947
5430,54.3,22.4115
5431,54.31,22.3731
5432,54.32,22.2842
5433,54.33,22.1504
5434,54.34,21.9775
5435,54.35,21.7717
5436,54.36,21.539
5437,54.37,21.2854
5438,54.38,21.0164
5439,54.39,20.7373
5440,54.4,20.4528
5441,54.41,20.1671
5442,54.42,19.8839
5443,54.43,19.6067
5444,54.44,19.3385
5445,54.45,19.0819
5446,54.46,18.8397
5447,54.47,18.6143
5448,54.48,18.4081
5449,54.49,18.2238
5450,54.5,18.064
5451,54.51,17.9319
5452,54.52,17.8307
5453,54.53,17.7643
5454,54.54,17.7369
5455,54.55,17.7532
5456,54.56,17.8185
5457,54.57,17.9386
5458,54.58,18.1197
5459,54.59,18.3686
5460,54.6,18.6919
5461,54.61,19.0967
5462,54.62,19.5897
5463,54.63,20.177
5464,54.64,20.8641
5465,54.65,21.6548
5466,54.66,22.5513
5467,54.67,23.5534
5468,54.68,24.6575
5469,54.69,25.8565
5470,54.7,27.1387
5471,54.71,28.4871
5472,54.72,29.8787
5473,54.73,31.2843
5474,54.74,32.6682
5475,54.75,33.9887
5476,54.76,35.1996
5477,54.77,36.2522
5478,54.78,37.0981
5479,54.79,37.6928
5480,54.8,37.9999
5481,54.81,37.9945
5482,54.82,37.6658
5483,54.83,37.0188
5484,54.84,36.074
5485,54.85,34.8649
5486,54.86,33.4358
5487,54.87,31.837
5488,54.88,30.1216
5489,54.89,28.3416
5490,54.9,26.5456
5491,54.91,24.7766
5492,54.92,23.0714
5493,54.93,21.4598
5494,54.94,19.9646
5495,54.95,18.6018
5496,54.96,17.3809
5497,54.97,16.3046
5498,54.98,15.3696
5499,54.99,14.567
5500,55,13.8835
5501,55.01,13.3023
5502,55.02,12.8053
5503,55.03,12.374
5504,55.04,11.9917
5505,55.05,11.6437
5506,55.06,11.3183
5507,55.07,11.007
5508,55.08,10.704
5509,55.09,10.4061
5510,55.1,10.1121
5511,55.11,9.82221
5512,55.12,9.5378
5513,55.13,9.26078
5514,55.14,8.99334
5515,55.15,8.7377
5516,55.16,8.49595
5517,55.17,8.26994
5518,55.18,8.06127
5519,55.19,7.87134
5520,55.2,7.70133
5521,55.21,7.55233
5522,55.22,7.42538
5523,55.23,7.32156
5524,55.24,7.24204
5525,55.25,7.18807
5526,55.26,7.16106
5527,55.27,7.16248
5528,55.28,7.19387
5529,55.29,7.25675
5530,55.3,7.3525
5531,55.31,7.48232
5532,55.32,7.6471
5533,55.33,7.84737
5534,55.34,8.08317
5535,55.35,8.35407
5536,55.36,8.65908
5537,55.37,8.99665
5538,55.38,9.36466
5539,55.39,9.76041
5540,55.4,10.1806
5541,55.41,10.6214
5542,55.42,11.0785
5543,55.43,11.5467
5544,55.44,12.0208
5545,55.45,12.4948
5546,55.46,12.9624
5547,55.47,13.4171
5548,55.48,13.8522
5549,55.49,14.2611
5550,55.5,14.6371
5551,55.51,14.9744
5552,55.52,15.2674
5553,55.53,15.5115
5554,55.54,15.703
5555,55.55,15.8394
5556,55.56,15.9196
5557,55.57,15.9438
5558,55.58,15.9136
5559,55.59,15.8321
5560,55.6,15.7038
5561,55.61,15.5344
5562,55.62,15.3309
5563,55.63,15.1016
5564,55.64,14.8555
5565,55.65,14.6025
5566,55.66,14.353
5567,55.67,14.1178
5568,55.68,13.9074
5569,55.69,13.7316
5570,55.7,13.599
5571,55.71,13.5157
5572,55.72,13.4853
5573,55.73,13.5079
5574,55.74,13.5798
5575,55.75,13.6937
5576,55.76,13.8392
5577,55.77,14.0035
5578,55.78,14.1723
5579,55.79,14.3313
5580,55.8,14.4671
5581,55.81,14.5678
5582,55.82,14.6245
5583,55.83,14.6308
5584,55.84,14.584
5585,55.85,14.484
5586,55.86,14.3336
5587,55.87,14.138
5588,55.88,13.9041
5589,55.89,13.6398
5590,55.9,13.3534
5591,55.91,13.0534
5592,55.92,12.748
5593,55.93,12.4444
5594,55.94,12.149
5595,55.95,11.8674
5596,55.96,11.6042
5597,55.97,11.363
5598,55.98,11.1469
5599,55.99,10.9585
5600,56,10.7998
5601,56.01,10.6728
5602,56.02,10.5794
5603,56.03,10.5216
5604,56.04,10.5012
5605,56.05,10.5204
5606,56.06,10.5812
5607,56.07,10.6857
5608,56.08,10.8356
5609,56.09,11.0324
5610,56.1,11.2774
5611,56.11,11.5708
5612,56.12,11.9125
5613,56.13,12.3013
5614,56.14,12.7353
5615,56.15,13.2116
5616,56.16,13.7261
5617,56.17,14.2741
5618,56.18,14.8495
5619,56.19,15.4455
5620,56.2,16.0545
5621,56.21,16.6681
5622,56.22,17.2773
5623,56.23,17.8726
5624,56.24,18.4447
5625,56.25,18.9841
5626,56.26,19.482
5627,56.27,19.9303
5628,56.28,20.3219
5629,56.29,20.6512
5630,56.3,20.9141
5631,56.31,21.1082
5632,56.32,21.2328
5633,56.33,21.2891
5634,56.34,21.2798
5635,56.35,21.2088
5636,56.36,21.0813
5637,56.37,20.9032
5638,56.38,20.681
5639,56.39,20.4211
5640,56.4,20.1302
5641,56.41,19.8146
5642,56.42,19.48
5643,56.43,19.1318
5644,56.44,18.7748
5645,56.45,18.4133
5646,56.46,18.0512
5647,56.47,17.6919
5648,56.48,17.3389
5649,56.49,16.9954
5650,56.5,16.6649
5651,56.51,16.3515
5652,56.52,16.0597
5653,56.53,15.7949
5654,56.54,15.5636
5655,56.55,15.3731
5656,56.56,15.2321
5657,56.57,15.1502
5658,56.58,15.1374
5659,56.59,15.2039
5660,56.6,15.3586
5661,56.61,15.6088
5662,56.62,15.9583
5663,56.63,16.4068
5664,56.64,16.9488
5665,56.65,17.5734
5666,56.66,18.2639
5667,56.67,18.9986
5668,56.68,19.7515
5669,56.69,20.4941
5670,56.7,21.1964
5671,56.71,21.8294
5672,56.72,22.3673
5673,56.73,22.7888
5674,56.74,23.0795
5675,56.75,23.2324
5676,56.76,23.2487
5677,56.77,23.1372
5678,56.78,22.9132
5679,56.79,22.5968
5680,56.8,22.2114
5681,56.81,21.7814
5682,56.82,21.3306
5683,56.83,20.8808
5684,56.84,20.451
5685,56.85,20.0567
5686,56.86,19.7097
5687,56.87,19.4186
5688,56.88,19.1886
5689,56.89,19.0227
5690,56.9,18.9216
5691,56.91,18.8846
5692,56.92,18.9095
5693,56.93,18.9933
5694,56.94,19.1321
5695,56.95,19.3208
5696,56.96,19.5536
5697,56.97,19.8235
5698,56.98,20.1224
5699,56.99,20.4408
5700,57,20.7686
5701,57.01,21.0943
5702,57.02,21.4064
5703,57.03,21.6929
5704,57.04,21.9424
5705,57.05,22.1445
5706,57.06,22.2903
5707,57.07,22.3727
5708,57.08,22.3871
5709,57.09,22.3314
5710,57.1,22.2061
5711,57.11,22.0139
5712,57.12,21.7599
5713,57.13,21.4511
5714,57.14,21.0956
5715,57.15,20.7026
5716,57.16,20.2815
5717,57.17,19.842
5718,57.18,19.3934
5719,57.19,18.9444
5720,57.2,18.5033
5721,57.21,18.0775
5722,57.22,17.6736
5723,57.23,17.2979
5724,57.24,16.9558
5725,57.25,16.6523
5726,57.26,16.3921
5727,57.27,16.1796
5728,57.28,16.019
5729,57.29,15.9142
5730,57.3,15.8688
5731,57.31,15.8861
5732,57.32,15.969
5733,57.33,16.1194
5734,57.34,16.3385
5735,57.35,16.6265
5736,57.36,16.9822
5737,57.37,17.4029
5738,57.38,17.8842
5739,57.39,18.4204
5740,57.4,19.0036
5741,57.41,19.6244
5742,57.42,20.2718
5743,57.43,20.9334
5744,57.44,21.5955
5745,57.45,22.2437
5746,57.46,22.863
5747,57.47,23.4389
5748,57.48,23.9575
5749,57.49,24.4062
5750,57.5,24.7744
5751,57.51,25.0541
5752,57.52,25.2401
5753,57.53,25.3302
5754,57.54,25.3254
5755,57.55,25.2297
5756,57.56,25.0496
5757,57.57,24.7937
5758,57.58,24.4723
5759,57.59,24.0968
5760,57.6,23.679
5761,57.61,23.2308
5762,57.62,22.7638
5763,57.63,22.2889
5764,57.64,21.8165
5765,57.65,21.356
5766,57.66,20.9164
5767,57.67,20.5056
5768,57.68,20.1315
5769,57.69,19.8012
5770,57.7,19.5217
5771,57.71,19.2996
5772,57.72,19.1414
5773,57.73,19.053
5774,57.74,19.0395
5775,57.75,19.1051
5776,57.76,19.2526
5777,57.77,19.4825
5778,57.78,19.7932
5779,57.79,20.1802
5780,57.8,20.6357
5781,57.81,21.1491
5782,57.82,21.7061
5783,57.83,22.29
5784,57.84,22.8814
5785,57.85,23.4594
5786,57.86,24.0026
5787,57.87,24.4897
5788,57.88,24.901
5789,57.89,25.2199
5790,57.9,25.4329
5791,57.91,25.5316
5792,57.92,25.5121
5793,57.93,25.3757
5794,57.94,25.1283
5795,57.95,24.7797
5796,57.96,24.3427
5797,57.97,23.8324
5798,57.98,23.2646
5799,57.99,22.6551
5800,58,22.019
5801,58.01,21.3702
5802,58.02,20.7206
5803,58.03,20.0805
5804,58.04,19.4581
5805,58.05,18.8601
5806,58.06,18.2917
5807,58.07,17.7568
5808,58.08,17.2585
5809,58.09,16.7995
5810,58.1,16.3822
5811,58.11,16.0092
5812,58.12,15.6833
5813,58.13,15.408
5814,58.14,15.1871
5815,58.15,15.0254
5816,58.16,14.9281
5817,58.17,14.9007
5818,58.18,14.949
5819,58.19,15.0783
5820,58.2,15.2932
5821,58.21,15.5969
5822,58.22,15.9906
5823,58.23,16.4732
5824,58.24,17.0407
5825,58.25,17.6863
5826,58.26,18.3997
5827,58.27,19.1674
5828,58.28,19.9729
5829,58.29,20.7973
5830,58.3,21.619
5831,58.31,22.4155
5832,58.32,23.1635
5833,58.33,23.8407
5834,58.34,24.4264
5835,58.35,24.9034
5836,58.36,25.2587
5837,58.37,25.4842
5838,58.38,25.5775
5839,58.39,25.5416
5840,58.4,25.3847
5841,58.41,25.1192
5842,58.42,24.7603
5843,58.43,24.3254
5844,58.44,23.8324
5845,58.45,23.2989
5846,58.46,22.7412
5847,58.47,22.1736
5848,58.48,21.6083
5849,58.49,21.0551
5850,58.5,20.5216
5851,58.51,20.0133
5852,58.52,19.534
5853,58.53,19.0862
5854,58.54,18.6713
5855,58.55,18.2903
5856,58.56,17.944
5857,58.57,17.6329
5858,58.58,17.3583
5859,58.59,17.1218
5860,58.6,16.9259
5861,58.61,16.7736
5862,58.62,16.6693
5863,58.63,16.618
5864,58.64,16.6258
5865,58.65,16.6995
5866,58.66,16.8465
5867,58.67,17.0743
5868,58.68,17.3904
5869,58.69,17.8013
5870,58.7,18.3122
5871,58.71,18.9262
5872,58.72,19.6438
5873,58.73,20.4618
5874,58.74,21.3733
5875,58.75,22.367
5876,58.76,23.4265
5877,58.77,24.5307
5878,58.78,25.6539
5879,58.79,26.7658
5880,58.8,27.8333
5881,58.81,28.8213
5882,58.82,29.695
5883,58.83,30.4222
5884,58.84,30.9755
5885,58.85,31.3348
5886,58.86,31.4885
5887,58.87,31.4349
5888,58.88,31.1818
5889,58.89,30.7455
5890,58.9,30.149
5891,58.91,29.4198
5892,58.92,28.5878
5893,58.93,27.6826
5894,58.94,26.732
5895,58.95,25.7609
5896,58.96,24.7901
5897,58.97,23.8366
5898,58.98,22.9132
5899,58.99,22.0294
5900,59,21.1916
5901,59.01,20.4042
5902,59.02,19.6701
5903,59.03,18.9914
5904,59.04,18.3701
5905,59.05,17.8088
5906,59.06,17.3107
5907,59.07,16.8803
5908,59.08,16.5234
5909,59.09,16.2465
5910,59.1,16.057
5911,59.11,15.962
5912,59.12,15.9675
5913,59.13,16.0771
5914,59.14,16.291
5915,59.15,16.6046
5916,59.16,17.0086
5917,59.17,17.488
5918,59.18,18.0232
5919,59.19,18.5907
5920,59.2,19.1645
5921,59.21,19.7173
5922,59.22,20.2228
5923,59.23,20.6571
5924,59.24,21.0004
5925,59.25,21.2385
5926,59.26,21.3632
5927,59.27,21.3733
5928,59.28,21.2738
5929,59.29,21.0753
5930,59.3,20.7928
5931,59.31,20.4443
5932,59.32,20.0492
5933,59.33,19.6271
5934,59.34,19.1963
5935,59.35,18.7734
5936,59.36,18.3727
5937,59.37,18.0056
5938,59.38,17.6811
5939,59.39,17.4057
5940,59.4,17.1839
5941,59.41,17.0187
5942,59.42,16.9118
5943,59.43,16.8638
5944,59.44,16.8748
5945,59.45,16.9443
5946,59.46,17.071
5947,59.47,17.2533
5948,59.48,17.4885
5949,59.49,17.773
5950,59.5,18.1021
5951,59.51,18.4699
5952,59.52,18.869
5953,59.53,19.2907
5954,59.54,19.7253
5955,59.55,20.1618
5956,59.56,20.5887
5957,59.57,20.9944
5958,59.58,21.3671
5959,59.59,21.6962
5960,59.6,21.972
5961,59.61,22.1867
5962,59.62,22.3345
5963,59.63,22.4119
5964,59.64,22.4178
5965,59.65,22.3535
5966,59.66,22.2225
5967,59.67,22.0302
5968,59.68,21.7836
5969,59.69,21.4906
5970,59.7,21.1601
5971,59.71,20.801
5972,59.72,20.4223
5973,59.73,20.0327
5974,59.74,19.6404
5975,59.75,19.2529
5976,59.76,18.8772
5977,59.77,18.5197
5978,59.78,18.1861
5979,59.79,17.8819
5980,59.8,17.6121
5981,59.81,17.3816
5982,59.82,17.1952
5983,59.83,17.0577
5984,59.84,16.9738
5985,59.85,16.9481
5986,59.86,16.9851
5987,59.87,17.0891
5988,59.88,17.2636
5989,59.89,17.5115
5990,59.9,17.8345
5991,59.91,18.233
5992,59.92,18.7056
5993,59.93,19.2489
5994,59.94,19.8572
5995,59.95,20.5225
5996,59.96,21.2343
5997,59.97,21.9797
5998,59.98,22.7434
5999,59.99,23.508
6000,60,24.2547
6001,60.01,24.9638
6002,60.02,25.6152
6003,60.03,26.19
6004,60.04,26.6708
6005,60.05,27.0433
6006,60.06,27.2966
6007,60.07,27.4243
6008,60.08,27.4243
6009,60.09,27.2995
6010,60.1,27.0569
6011,60.11,26.7072
6012,60.12,26.2639
6013,60.13,25.7426
6014,60.14,25.1599
6015,60.15,24.5324
6016,60.16,23.8765
6017,60.17,23.2074
6018,60.18,22.5393
6019,60.19,21.8848
6020,60.2,21.2554
6021,60.21,20.6611
6022,60.22,20.1113
6023,60.23,19.6141
6024,60.24,19.1774
6025,60.25,18.8082
6026,60.26,18.5131
6027,60.27,18.2977
6028,60.28,18.1666
6029,60.29,18.1229
6030,60.3,18.1677
6031,60.31,18.2993
6032,60.32,18.5134
6033,60.33,18.8023
6034,60.34,19.1551
6035,60.35,19.558
6036,60.36,19.9946
6037,60.37,20.4464
6038,60.38,20.894
6039,60.39,21.3178
6040,60.4,21.699
6041,60.41,22.0208
6042,60.42,22.269
6043,60.43,22.433
6044,60.44,22.5061
6045,60.45,22.4858
6046,60.46,22.3736
6047,60.47,22.1746
6048,60.48,21.8972
6049,60.49,21.5518
6050,60.5,21.15
6051,60.51,20.7045
6052,60.52,20.2273
6053,60.53,19.7299
6054,60.54,19.2225
6055,60.55,18.714
6056,60.56,18.2113
6057,60.57,17.72
6058,60.58,17.2442
6059,60.59,16.7863
6060,60.6,16.348
6061,60.61,15.9296
6062,60.62,15.5311
6063,60.63,15.1518
6064,60.64,14.7906
6065,60.65,14.4461
6066,60.66,14.1172
6067,60.67,13.8024
6068,60.68,13.5003
6069,60.69,13.2099
6070,60.7,12.9298
6071,60.71,12.6593
6072,60.72,12.3973
6073,60.73,12.1432
6074,60.74,11.8963
6075,60.75,11.6561
6076,60.76,11.4222
6077,60.77,11.1943
6078,60.78,10.9721
6079,60.79,10.7554
6080,60.8,10.5441
6081,60.81,10.3382
6082,60.82,10.1378
6083,60.83,9.9429
6084,60.84,9.75381
6085,60.85,9.57085
6086,60.86,9.39448
6087,60.87,9.22531
6088,60.88,9.06416
6089,60.89,8.91207
6090,60.9,8.77037
6091,60.91,8.64074
6092,60.92,8.52526
6093,60.93,8.42653
6094,60.94,8.34773
6095,60.95,8.29268
6096,60.96,8.266
6097,60.97,8.27309
6098,60.98,8.3202
6099,60.99,8.41442
6100,61,8.56354
6101,61.01,8.77598
6102,61.02,9.06053
6103,61.03,9.42607
6104,61.04,9.88136
6105,61.05,10.4347
6106,61.06,11.0938
6107,61.07,11.8655
6108,61.08,12.7556
6109,61.09,13.7683
6110,61.1,14.9066
6111,61.11,16.1711
6112,61.12,17.5595
6113,61.13,19.0661
6114,61.14,20.6805
6115,61.15,22.3868
6116,61.16,24.1627
6117,61.17,25.9782
6118,61.18,27.7963
6119,61.19,29.5727
6120,61.2,31.258
6121,61.21,32.8
6122,61.22,34.148
6123,61.23,35.2574
6124,61.24,36.0943
6125,61.25,36.6401
6126,61.26,36.8937
6127,61.27,36.8722
6128,61.28,36.6086
6129,61.29,36.1487
6130,61.3,35.5458
6131,61.31,34.8552
6132,61.32,34.1303
6133,61.33,33.418
6134,61.34,32.7569
6135,61.35,32.1759
6136,61.36,31.6941
6137,61.37,31.3215
6138,61.38,31.0602
6139,61.39,30.9055
6140,61.4,30.8472
6141,61.41,30.8708
6142,61.42,30.9575
6143,61.43,31.0851
6144,61.44,31.2282
6145,61.45,31.3587
6146,61.46,31.4464
6147,61.47,31.46
6148,61.48,31.3694
6149,61.49,31.1474
6150,61.5,30.7722
6151,61.51,30.2297
6152,61.52,29.5149
6153,61.53,28.6329
6154,61.54,27.5979
6155,61.55,26.4321
6156,61.56,25.1634
6157,61.57,23.8224
6158,61.58,22.4405
6159,61.59,21.047
6160,61.6,19.6683
6161,61.61,18.3264
6162,61.62,17.0388
6163,61.63,15.8185
6164,61.64,14.6744
6165,61.65,13.6115
6166,61.66,12.6324
6167,61.67,11.737
6168,61.68,10.9237
6169,61.69,10.1898
6170,61.7,9.53172
6171,61.71,8.94598
6172,61.72,8.42899
6173,61.73,7.97744
6174,61.74,7.58846
6175,61.75,7.25958
6176,61.76,6.98873
6177,61.77,6.77406
6178,61.78,6.61377
6179,61.79,6.50589
6180,61.8,6.44808
6181,61.81,6.43742
6182,61.82,6.47042
6183,61.83,6.54291
6184,61.84,6.65019
6185,61.85,6.78709
6186,61.86,6.94814
6187,61.87,7.12772
6188,61.88,7.32015
6189,61.89,7.51983
6190,61.9,7.72135
6191,61.91,7.91952
6192,61.92,8.10947
6193,61.93,8.28671
6194,61.94,8.44718
6195,61.95,8.58733
6196,61.96,8.70418
6197,61.97,8.79534
6198,61.98,8.85911
6199,61.99,8.89451
6200,62,8.90127
6201,62.01,8.87993
6202,62.02,8.83181
6203,62.03,8.75899
6204,62.04,8.66436
6205,62.05,8.55152
6206,62.06,8.4248
6207,62.07,8.28911
6208,62.08,8.1499
6209,62.09,8.01296
6210,62.1,7.88423
6211,62.11,7.76955
6212,62.12,7.6743
6213,62.13,7.60307
6214,62.14,7.55931
6215,62.15,7.54499
6216,62.16,7.56042
6217,62.17,7.6042
6218,62.18,7.67328
6219,62.19,7.76325
6220,62.2,7.86867
6221,62.21,7.9835
6222,62.22,8.10147
6223,62.23,8.21652
6224,62.24,8.32304
6225,62.25,8.41612
6226,62.26,8.49174
6227,62.27,8.54683
6228,62.28,8.57929
6229,62.29,8.588
6230,62.3,8.57273
6231,62.31,8.53406
6232,62.32,8.47326
6233,62.33,8.39219
6234,62.34,8.29315
6235,62.35,8.1788
6236,62.36,8.05202
6237,62.37,7.91588
6238,62.38,7.77352
6239,62.39,7.62815
6240,62.4,7.483
6241,62.41,7.34133
6242,62.42,7.2064
6243,62.43,7.08145
6244,62.44,6.96976
6245,62.45,6.87455
6246,62.46,6.79897
6247,62.47,6.746
6248,62.48,6.7184
6249,62.49,6.71851
6250,62.5,6.74821
6251,62.51,6.80869
6252,62.52,6.90044
6253,62.53,7.02309
6254,62.54,7.17543
6255,62.55,7.35544
6256,62.56,7.56032
6257,62.57,7.78657
6258,62.58,8.03014
6259,62.59,8.28653
6260,62.6,8.55089
6261,62.61,8.81818
6262,62.62,9.08325
6263,62.63,9.34098
6264,62.64,9.58638
6265,62.65,9.8147
6266,62.66,10.0216
6267,62.67,10.2031
6268,62.68,10.356
6269,62.69,10.4775
6270,62.7,10.5656
6271,62.71,10.6194
6272,62.72,10.6384
6273,62.73,10.6233
6274,62.74,10.5755
6275,62.75,10.4973
6276,62.76,10.392
6277,62.77,10.2636
6278,62.78,10.1168
6279,62.79,9.95702
6280,62.8,9.79033
6281,62.81,9.6232
6282,62.82,9.4624
6283,62.83,9.31476
6284,62.84,9.18686
6285,62.85,9.08466
6286,62.86,9.01312
6287,62.87,8.97581
6288,62.88,8.97453
6289,62.89,9.0091
6290,62.9,9.07733
6291,62.91,9.1751
6292,62.92,9.29671
6293,62.93,9.43525
6294,62.94,9.58312
6295,62.95,9.73251
6296,62.96,9.87588
6297,62.97,10.0063
6298,62.98,10.1178
6299,62.99,10.2055
6300,63,10.2658
6301,63.01,10.2965
6302,63.02,10.2965
6303,63.03,10.266
6304,63.04,10.2063
6305,63.05,10.1195
6306,63.06,10.0083
6307,63.07,9.87622
6308,63.08,9.72685
6309,63.09,9.56415
6310,63.1,9.39217
6311,63.11,9.21493
6312,63.12,9.03644
6313,63.13,8.86061
6314,63.14,8.69127
6315,63.15,8.53217
6316,63.16,8.387
6317,63.17,8.25938
6318,63.18,8.15284
6319,63.19,8.07082
6320,63.2,8.01656
6321,63.21,7.99302
6322,63.22,8.00275
6323,63.23,8.04777
6324,63.24,8.12935
6325,63.25,8.24799
6326,63.26,8.40321
6327,63.27,8.59362
6328,63.28,8.81683
6329,63.29,9.06954
6330,63.3,9.34765
6331,63.31,9.64632
6332,63.32,9.96014
6333,63.33,10.2833
6334,63.34,10.6096
6335,63.35,10.9328
6336,63.36,11.2466
6337,63.37,11.5449
6338,63.38,11.822
6339,63.39,12.0725
6340,63.4,12.2918
6341,63.41,12.4759
6342,63.42,12.6218
6343,63.43,12.7273
6344,63.44,12.7913
6345,63.45,12.8137
6346,63.46,12.7955
6347,63.47,12.7385
6348,63.48,12.6456
6349,63.49,12.5205
6350,63.5,12.3678
6351,63.51,12.1927
6352,63.52,12.0011
6353,63.53,11.7994
6354,63.54,11.5946
6355,63.55,11.3939
6356,63.56,11.2048
6357,63.57,11.0348
6358,63.58,10.8912
6359,63.59,10.7805
6360,63.6,10.7083
6361,63.61,10.6787
6362,63.62,10.6939
6363,63.63,10.754
6364,63.64,10.8565
6365,63.65,10.9968
6366,63.66,11.1681
6367,63.67,11.3619
6368,63.68,11.5687
6369,63.69,11.7786
6370,63.7,11.9813
6371,63.71,12.1678
6372,63.72,12.3295
6373,63.73,12.4596
6374,63.74,12.553
6375,63.75,12.6063
6376,63.76,12.6178
6377,63.77,12.5877
6378,63.78,12.5177
6379,63.79,12.4109
6380,63.8,12.2713
6381,63.81,12.1037
6382,63.82,11.9136
6383,63.83,11.7066
6384,63.84,11.4883
6385,63.85,11.2642
6386,63.86,11.0396
6387,63.87,10.8198
6388,63.88,10.6094
6389,63.89,10.4129
6390,63.9,10.2348
6391,63.91,10.079
6392,63.92,9.94964
6393,63.93,9.85036
6394,63.94,9.78475
6395,63.95,9.75607
6396,63.96,9.76716
6397,63.97,9.82029
6398,63.98,9.917
6399,63.99,10.0579
6400,64,10.2427
6401,64.01,10.4698
6402,64.02,10.7366
6403,64.03,11.0393
6404,64.04,11.3731
6405,64.05,11.7322
6406,64.06,12.1099
6407,64.07,12.4992
6408,64.08,12.8923
6409,64.09,13.2814
6410,64.1,13.6586
6411,64.11,14.0162
6412,64.12,14.3472
6413,64.13,14.645
6414,64.14,14.9039
6415,64.15,15.1194
6416,64.16,15.288
6417,64.17,15.4076
6418,64.18,15.4774
6419,64.19,15.4977
6420,64.2,15.4701
6421,64.21,15.3974
6422,64.22,15.2831
6423,64.23,15.1316
6424,64.24,14.948
6425,64.25,14.7377
6426,64.26,14.5067
6427,64.27,14.261
6428,64.28,14.0071
6429,64.29,13.7517
6430,64.3,13.5014
6431,64.31,13.2634
6432,64.32,13.0448
6433,64.33,12.8529
6434,64.34,12.6951
6435,64.35,12.5784
6436,64.36,12.5093
6437,64.37,12.4931
6438,64.38,12.5337
6439,64.39,12.6328
6440,64.4,12.7896
6441,64.41,13.0006
6442,64.42,13.2593
6443,64.43,13.5569
6444,64.44,13.882
6445,64.45,14.2219
6446,64.46,14.5629
6447,64.47,14.8909
6448,64.48,15.1928
6449,64.49,15.4566
6450,64.5,15.6722
6451,64.51,15.832
6452,64.52,15.9309
6453,64.53,15.9669
6454,64.54,15.9406
6455,64.55,15.8549
6456,64.56,15.7152
6457,64.57,15.5284
6458,64.58,15.3027
6459,64.59,15.0466
6460,64.6,14.7694
6461,64.61,14.4798
6462,64.62,14.1864
6463,64.63,13.897
6464,64.64,13.6188
6465,64.65,13.3582
6466,64.66,13.1211
6467,64.67,12.9127
6468,64.68,12.7378
6469,64.69,12.6006
6470,64.7,12.505
6471,64.71,12.4546
6472,64.72,12.4523
6473,64.73,12.5005
6474,64.74,12.6008
6475,64.75,12.7538
6476,64.76,12.9589
6477,64.77,13.2144
6478,64.78,13.5168
6479,64.79,13.8614
6480,64.8,14.2423
6481,64.81,14.6519
6482,64.82,15.0817
6483,64.83,15.5224
6484,64.84,15.964
6485,64.85,16.3962
6486,64.86,16.8091
6487,64.87,17.193
6488,64.88,17.539
6489,64.89,17.8397
6490,64.9,18.0888
6491,64.91,18.2818
6492,64.92,18.416
6493,64.93,18.4904
6494,64.94,18.506
6495,64.95,18.4649
6496,64.96,18.371
6497,64.97,18.229
6498,64.98,18.0443
6499,64.99,17.8229
6500,65,17.5709
6501,65.01,17.2943
6502,65.02,16.9988
6503,65.03,16.6897
6504,65.04,16.3719
6505,65.05,16.0497
6506,65.06,15.727
6507,65.07,15.4073
6508,65.08,15.0938
6509,65.09,14.7897
6510,65.1,14.498
6511,65.11,14.2221
6512,65.12,13.9659
6513,65.13,13.7334
6514,65.14,13.5297
6515,65.15,13.3604
6516,65.16,13.232
6517,65.17,13.1517
6518,65.18,13.127
6519,65.19,13.1656
6520,65.2,13.2748
6521,65.21,13.4606
6522,65.22,13.7273
6523,65.23,14.0765
6524,65.24,14.5067
6525,65.25,15.0126
6526,65.26,15.5854
6527,65.27,16.2122
6528,65.28,16.8772
6529,65.29,17.5613
6530,65.3,18.2438
6531,65.31,18.9025
6532,65.32,19.5157
6533,65.33,20.0628
6534,65.34,20.5258
6535,65.35,20.8905
6536,65.36,21.1474
6537,65.37,21.2921
6538,65.38,21.3259
6539,65.39,21.255
6540,65.4,21.0904
6541,65.41,20.8464
6542,65.42,20.5396
6543,65.43,20.1883
6544,65.44,19.8104
6545,65.45,19.4234
6546,65.46,19.043
6547,65.47,18.6833
6548,65.48,18.3559
6549,65.49,18.0705
6550,65.5,17.8345
6551,65.51,17.6534
6552,65.52,17.5309
6553,65.53,17.4693
6554,65.54,17.4689
6555,65.55,17.5288
6556,65.56,17.6466
6557,65.57,17.818
6558,65.58,18.0372
6559,65.59,18.2966
6560,65.6,18.5871
6561,65.61,18.898
6562,65.62,19.2175
6563,65.63,19.5329
6564,65.64,19.8315
6565,65.65,20.1007
6566,65.66,20.3291
6567,65.67,20.5067
6568,65.68,20.6255
6569,65.69,20.68
6570,65.7,20.6674
6571,65.71,20.5875
6572,65.72,20.4423
6573,65.73,20.2365
6574,65.74,19.9763
6575,65.75,19.6691
6576,65.76,19.3233
6577,65.77,18.9476
6578,65.78,18.5505
6579,65.79,18.1401
6580,65.8,17.7238
6581,65.81,17.3082
6582,65.82,16.8989
6583,65.83,16.5005
6584,65.84,16.117
6585,65.85,15.7514
6586,65.86,15.4062
6587,65.87,15.0834
6588,65.88,14.7848
6589,65.89,14.5118
6590,65.9,14.2661
6591,65.91,14.0493
6592,65.92,13.8632
6593,65.93,13.7101
6594,65.94,13.5926
6595,65.95,13.5138
6596,65.96,13.4772
6597,65.97,13.4868
6598,65.98,13.5472
6599,65.99,13.6632
6600,66,13.8399
6601,66.01,14.0826
6602,66.02,14.3964
6603,66.03,14.7862
6604,66.04,15.2563
6605,66.05,15.8103
6606,66.06,16.4506
6607,66.07,17.1784
6608,66.08,17.9933
6609,66.09,18.8929
6610,66.1,19.8724
6611,66.11,20.9246
6612,66.12,22.0395
6613,66.13,23.2037
6614,66.14,24.4005
6615,66.15,25.6097
6616,66.16,26.808
6617,66.17,27.969
6618,66.18,29.0647
6619,66.19,30.066
6620,66.2,30.9444
6621,66.21,31.6739
6622,66.22,32.2324
6623,66.23,32.6034
6624,66.24,32.7776
6625,66.25,32.753
6626,66.26,32.5354
6627,66.27,32.1377
6628,66.28,31.5786
6629,66.29,30.8813
6630,66.3,30.0718
6631,66.31,29.1772
6632,66.32,28.2247
6633,66.33,27.2403
6634,66.34,26.248
6635,66.35,25.2699
6636,66.36,24.3259
6637,66.37,23.4339
6638,66.38,22.6096
6639,66.39,21.8671
6640,66.4,21.218
6641,66.41,20.6717
6642,66.42,20.234
6643,66.43,19.9068
6644,66.44,19.6874
6645,66.45,19.5673
6646,66.46,19.5331
6647,66.47,19.5663
6648,66.48,19.6451
6649,66.49,19.7456
6650,66.5,19.8436
6651,66.51,19.9167
6652,66.52,19.9455
6653,66.53,19.9153
6654,66.54,19.8163
6655,66.55,19.6441
6656,66.56,19.3994
6657,66.57,19.0872
6658,66.58,18.7161
6659,66.59,18.2972
6660,66.6,17.8428
6661,66.61,17.3656
6662,66.62,16.8779
6663,66.63,16.3905
6664,66.64,15.9131
6665,66.65,15.4532
6666,66.66,15.0169
6667,66.67,14.6084
6668,66.68,14.2304
6669,66.69,13.8845
6670,66.7,13.5716
6671,66.71,13.2917
6672,66.72,13.0447
6673,66.73,12.8305
6674,66.74,12.6492
6675,66.75,12.5012
6676,66.76,12.3875
6677,66.77,12.3096
6678,66.78,12.2694
6679,66.79,12.2698
6680,66.8,12.3139
6681,66.81,12.4055
6682,66.82,12.5485
6683,66.83,12.7473
6684,66.84,13.0061
6685,66.85,13.3288
6686,66.86,13.7191
6687,66.87,14.1798
6688,66.88,14.7129
6689,66.89,15.3192
6690,66.9,15.9983
6691,66.91,16.748
6692,66.92,17.5644
6693,66.93,18.4418
6694,66.94,19.3722
6695,66.95,20.3452
6696,66.96,21.3484
6697,66.97,22.3667
6698,66.98,23.383
6699,66.99,24.3783
6700,67,25.3324
6701,67.01,26.2243
6702,67.02,27.0335
6703,67.03,27.7408
6704,67.04,28.3295
6705,67.05,28.7863
6706,67.06,29.1023
6707,67.07,29.2735
6708,67.08,29.3009
6709,67.09,29.1904
6710,67.1,28.9522
6711,67.11,28.6
6712,67.12,28.1499
6713,67.13,27.6197
6714,67.14,27.0272
6715,67.15,26.3903
6716,67.16,25.7256
6717,67.17,25.0483
6718,67.18,24.3721
6719,67.19,23.709
6720,67.2,23.0696
6721,67.21,22.4636
6722,67.22,21.8994
6723,67.23,21.3855
6724,67.24,20.9299
6725,67.25,20.5405
6726,67.26,20.2257
6727,67.27,19.9937
6728,67.28,19.8521
6729,67.29,19.8079
6730,67.3,19.866
6731,67.31,20.0287
6732,67.32,20.2947
6733,67.33,20.658
6734,67.34,21.1076
6735,67.35,21.6273
6736,67.36,22.1959
6737,67.37,22.788
6738,67.38,23.3753
6739,67.39,23.9284
6740,67.4,24.4182
6741,67.41,24.8184
6742,67.42,25.1071
6743,67.43,25.2685
6744,67.44,25.2939
6745,67.45,25.1819
6746,67.46,24.9384
6747,67.47,24.5755
6748,67.48,24.1099
6749,67.49,23.5617
6750,67.5,22.9521
6751,67.51,22.3024
6752,67.52,21.6321
6753,67.53,20.9586
6754,67.54,20.2963
6755,67.55,19.6564
6756,67.56,19.0471
6757,67.57,18.4737
6758,67.58,17.9392
6759,67.59,17.4445
6760,67.6,16.989
6761,67.61,16.5713
6762,67.62,16.1891
6763,67.63,15.84
6764,67.64,15.5216
6765,67.65,15.2315
6766,67.66,14.9678
6767,67.67,14.729
6768,67.68,14.514
6769,67.69,14.3224
6770,67.7,14.1541
6771,67.71,14.0099
6772,67.72,13.8908
6773,67.73,13.7986
6774,67.74,13.7356
6775,67.75,13.7047
6776,67.76,13.7094
6777,67.77,13.7536
6778,67.78,13.842
6779,67.79,13.9795
6780,67.8,14.1717
6781,67.81,14.4245
6782,67.82,14.7441
6783,67.83,15.1368
6784,67.84,15.6091
6785,67.85,16.1671
6786,67.86,16.8166
6787,67.87,17.5632
6788,67.88,18.4113
6789,67.89,19.3643
6790,67.9,20.4244
6791,67.91,21.5918
6792,67.92,22.8643
6793,67.93,24.2369
6794,67.94,25.7009
6795,67.95,27.2432
6796,67.96,28.8455
6797,67.97,30.4839
6798,67.98,32.1279
6799,67.99,33.7403
6800,68,35.2782
6801,68.01,36.6931
6802,68.02,37.9337
6803,68.03,38.9484
6804,68.04,39.6888
6805,68.05,40.1142
6806,68.06,40.1949
6807,68.07,39.9162
6808,68.08,39.2802
6809,68.09,38.3059
6810,68.1,37.0283
6811,68.11,35.4951
6812,68.12,33.7632
6813,68.13,31.8939
6814,68.14,29.9493
6815,68.15,27.9878
6816,68.16,26.0619
6817,68.17,24.2155
6818,68.18,22.4829
6819,68.19,20.8874
6820,68.2,19.4418
6821,68.21,18.1486
6822,68.22,17.0014
6823,68.23,15.9872
6824,68.24,15.0887
6825,68.25,14.2866
6826,68.26,13.5626
6827,68.27,12.9004
6828,68.28,12.2872
6829,68.29,11.7137
6830,68.3,11.1741
6831,68.31,10.6653
6832,68.32,10.1864
6833,68.33,9.73805
6834,68.34,9.32144
6835,68.35,8.9381
6836,68.36,8.58937
6837,68.37,8.27616
6838,68.38,7.99885
6839,68.39,7.75728
6840,68.4,7.55081
6841,68.41,7.37843
6842,68.42,7.23893
6843,68.43,7.13103
6844,68.44,7.05356
6845,68.45,7.00554
6846,68.46,6.98627
6847,68.47,6.99539
6848,68.48,7.03285
6849,68.49,7.09891
6850,68.5,7.19412
6851,68.51,7.31922
6852,68.52,7.47508
6853,68.53,7.66265
6854,68.54,7.88286
6855,68.55,8.13656
6856,68.56,8.42448
6857,68.57,8.74716
6858,68.58,9.10489
6859,68.59,9.49773
6860,68.6,9.92537
6861,68.61,10.3872
6862,68.62,10.8821
6863,68.63,11.4087
6864,68.64,11.965
6865,68.65,12.5484
6866,68.66,13.1558
6867,68.67,13.7835
6868,68.68,14.4271
6869,68.69,15.0815
6870,68.7,15.7407
6871,68.71,16.3986
6872,68.72,17.0479
6873,68.73,17.6812
6874,68.74,18.2907
6875,68.75,18.8686
6876,68.76,19.407
6877,68.77,19.8985
6878,68.78,20.3363
6879,68.79,20.7146
6880,68.8,21.0285
6881,68.81,21.2747
6882,68.82,21.4513
6883,68.83,21.5577
6884,68.84,21.5952
6885,68.85,21.5663
6886,68.86,21.4749
6887,68.87,21.3259
6888,68.88,21.1253
6889,68.89,20.8797
6890,68.9,20.5963
6891,68.91,20.2825
6892,68.92,19.9463
6893,68.93,19.5956
6894,68.94,19.2389
6895,68.95,18.8849
6896,68.96,18.5428
6897,68.97,18.2223
6898,68.98,17.9339
6899,68.99,17.6884
6900,69,17.4969
6901,69.01,17.3704
6902,69.02,17.3187
6903,69.03,17.3494
6904,69.04,17.4667
6905,69.05,17.6701
6906,69.06,17.9536
6907,69.07,18.305
6908,69.08,18.7064
6909,69.09,19.1352
6910,69.1,19.5652
6911,69.11,19.969
6912,69.12,20.3204
6913,69.13,20.596
6914,69.14,20.7777
6915,69.15,20.8539
6916,69.16,20.82
6917,69.17,20.6786
6918,69.18,20.4386
6919,69.19,20.1143
6920,69.2,19.7235
6921,69.21,19.2857
6922,69.22,18.821
6923,69.23,18.3483
6924,69.24,17.8845
6925,69.25,17.4437
6926,69.26,17.0373
6927,69.27,16.6736
6928,69.28,16.3582
6929,69.29,16.0947
6930,69.3,15.8848
6931,69.31,15.7289
6932,69.32,15.6269
6933,69.33,15.5782
6934,69.34,15.5822
6935,69.35,15.6383
6936,69.36,15.7462
6937,69.37,15.9056
6938,69.38,16.1166
6939,69.39,16.3787
6940,69.4,16.6915
6941,69.41,17.0538
6942,69.42,17.4638
6943,69.43,17.9186
6944,69.44,18.4144
6945,69.45,18.946
6946,69.46,19.5069
6947,69.47,20.0892
6948,69.48,20.684
6949,69.49,21.2811
6950,69.5,21.8695
6951,69.51,22.4375
6952,69.52,22.9734
6953,69.53,23.4656
6954,69.54,23.9035
6955,69.55,24.2774
6956,69.56,24.5794
6957,69.57,24.8037
6958,69.58,24.9468
6959,69.59,25.0076
6960,69.6,24.9875
6961,69.61,24.8902
6962,69.62,24.7217
6963,69.63,24.4895
6964,69.64,24.2027
6965,69.65,23.8714
6966,69.66,23.5061
6967,69.67,23.1177
6968,69.68,22.7172
6969,69.69,22.3151
6970,69.7,21.9216
6971,69.71,21.5465
6972,69.72,21.1987
6973,69.73,20.8868
6974,69.74,20.6183
6975,69.75,20.4003
6976,69.76,20.2383
6977,69.77,20.137
6978,69.78,20.0995
6979,69.79,20.127
6980,69.8,20.2189
6981,69.81,20.3719
6982,69.82,20.5808
6983,69.83,20.8376
6984,69.84,21.132
6985,69.85,21.4519
6986,69.86,21.7833
6987,69.87,22.1113
6988,69.88,22.4208
6989,69.89,22.6967
6990,69.9,22.9255
6991,69.91,23.0952
6992,69.92,23.1964
6993,69.93,23.2226
6994,69.94,23.1704
6995,69.95,23.0398
6996,69.96,22.8335
6997,69.97,22.5572
6998,69.98,22.2185
6999,69.99,21.8267
7000,70,21.3921
7001,70.01,20.9254
7002,70.02,20.4373
7003,70.03,19.9378
7004,70.04,19.4366
7005,70.05,18.9421
7006,70.06,18.462
7007,70.07,18.003
7008,70.08,17.571
7009,70.09,17.1712
7010,70.1,16.8083
7011,70.11,16.4867
7012,70.12,16.2105
7013,70.13,15.9839
7014,70.14,15.8109
7015,70.15,15.6956
7016,70.16,15.6423
7017,70.17,15.6547
7018,70.18,15.7366
7019,70.19,15.8909
7020,70.2,16.1201
7021,70.21,16.4251
7022,70.22,16.8056
7023,70.23,17.2598
7024,70.24,17.7836
7025,70.25,18.3712
7026,70.26,19.0144
7027,70.27,19.7031
7028,70.28,20.4247
7029,70.29,21.165
7030,70.3,21.9081
7031,70.31,22.6367
7032,70.32,23.333
7033,70.33,23.9794
7034,70.34,24.5588
7035,70.35,25.056
7036,70.36,25.4582
7037,70.37,25.7557
7038,70.38,25.9424
7039,70.39,26.0163
7040,70.4,25.9792
7041,70.41,25.8366
7042,70.42,25.5972
7043,70.43,25.2721
7044,70.44,24.8741
7045,70.45,24.4169
7046,70.46,23.9145
7047,70.47,23.3804
7048,70.48,22.8271
7049,70.49,22.2664
7050,70.5,21.7082
7051,70.51,21.1616
7052,70.52,20.6343
7053,70.53,20.1329
7054,70.54,19.6633
7055,70.55,19.2311
7056,70.56,18.8415
7057,70.57,18.4996
7058,70.58,18.211
7059,70.59,17.9812
7060,70.6,17.8165
7061,70.61,17.723
7062,70.62,17.7073
7063,70.63,17.7753
7064,70.64,17.9322
7065,70.65,18.1817
7066,70.66,18.5257
7067,70.67,18.9632
7068,70.68,19.49
7069,70.69,20.0983
7070,70.7,20.7764
7071,70.71,21.5086
7072,70.72,22.2758
7073,70.73,23.0553
7074,70.74,23.8224
7075,70.75,24.5509
7076,70.76,25.2146
7077,70.77,25.789
7078,70.78,26.2524
7079,70.79,26.5878
7080,70.8,26.7837
7081,70.81,26.835
7082,70.82,26.7432
7083,70.83,26.5156
7084,70.84,26.1651
7085,70.85,25.7081
7086,70.86,25.1639
7087,70.87,24.5525
7088,70.88,23.8939
7089,70.89,23.2064
7090,70.9,22.5065
7091,70.91,21.8079
7092,70.92,21.1215
7093,70.93,20.4557
7094,70.94,19.8161
7095,70.95,19.2063
7096,70.96,18.6282
7097,70.97,18.082
7098,70.98,17.5673
7099,70.99,17.0827
7100,71,16.6266
7101,71.01,16.1974
7102,71.02,15.7935
7103,71.03,15.4139
7104,71.04,15.0575
7105,71.05,14.7244
7106,71.06,14.415
7107,71.07,14.1305
7108,71.08,13.8734
7109,71.09,13.6467
7110,71.1,13.4549
7111,71.11,13.3035
7112,71.12,13.1993
7113,71.13,13.1502
7114,71.14,13.1652
7115,71.15,13.2538
7116,71.16,13.4257
7117,71.17,13.6903
7118,71.18,14.0555
7119,71.19,14.527
7120,71.2,15.1078
7121,71.21,15.7971
7122,71.22,16.5898
7123,71.23,17.4764
7124,71.24,18.4423
7125,71.25,19.4684
7126,71.26,20.5309
7127,71.27,21.6018
7128,71.28,22.6504
7129,71.29,23.6439
7130,71.3,24.55
7131,71.31,25.3384
7132,71.32,25.9838
7133,71.33,26.4672
7134,71.34,26.7786
7135,71.35,26.9169
7136,71.36,26.8907
7137,71.37,26.7167
7138,71.38,26.4187
7139,71.39,26.0247
7140,71.4,25.565
7141,71.41,25.0698
7142,71.42,24.567
7143,71.43,24.0815
7144,71.44,23.6335
7145,71.45,23.2388
7146,71.46,22.9088
7147,71.47,22.6504
7148,71.48,22.4671
7149,71.49,22.3591
7150,71.5,22.324
7151,71.51,22.3572
7152,71.52,22.4521
7153,71.53,22.5999
7154,71.54,22.7903
7155,71.55,23.0107
7156,71.56,23.247
7157,71.57,23.4837
7158,71.58,23.704
7159,71.59,23.891
7160,71.6,24.0281
7161,71.61,24.1004
7162,71.62,24.0953
7163,71.63,24.0034
7164,71.64,23.8192
7165,71.65,23.5414
7166,71.66,23.1729
7167,71.67,22.7203
7168,71.68,22.1934
7169,71.69,21.6044
7170,71.7,20.9669
7171,71.71,20.2949
7172,71.72,19.6025
7173,71.73,18.9027
7174,71.74,18.2076
7175,71.75,17.5275
7176,71.76,16.8714
7177,71.77,16.2465
7178,71.78,15.6587
7179,71.79,15.1128
7180,71.8,14.6126
7181,71.81,14.1611
7182,71.82,13.7611
7183,71.83,13.4149
7184,71.84,13.1247
7185,71.85,12.893
7186,71.86,12.7218
7187,71.87,12.6136
7188,71.88,12.5702
7189,71.89,12.5934
7190,71.9,12.6846
7191,71.91,12.844
7192,71.92,13.0712
7193,71.93,13.3647
7194,71.94,13.7217
7195,71.95,14.1381
7196,71.96,14.6086
7197,71.97,15.1263
7198,71.98,15.6835
7199,71.99,16.2711
7200,72,16.879
7201,72.01,17.4964
7202,72.02,18.1116
7203,72.03,18.7129
7204,72.04,19.2884
7205,72.05,19.8266
7206,72.06,20.317
7207,72.07,20.7499
7208,72.08,21.1175
7209,72.09,21.4137
7210,72.1,21.6346
7211,72.11,21.7785
7212,72.12,21.846
7213,72.13,21.8396
7214,72.14,21.7638
7215,72.15,21.6245
7216,72.16,21.4285
7217,72.17,21.1836
7218,72.18,20.8978
7219,72.19,20.5788
7220,72.2,20.2342
7221,72.21,19.8708
7222,72.22,19.4947
7223,72.23,19.1113
7224,72.24,18.7252
7225,72.25,18.3399
7226,72.26,17.9587
7227,72.27,17.584
7228,72.28,17.2179
7229,72.29,16.8623
7230,72.3,16.5191
7231,72.31,16.1902
7232,72.32,15.8777
7233,72.33,15.5846
7234,72.34,15.3141
7235,72.35,15.0706
7236,72.36,14.8594
7237,72.37,14.6869
7238,72.38,14.5609
7239,72.39,14.4901
7240,72.4,14.4841
7241,72.41,14.5533
7242,72.42,14.7076
7243,72.43,14.9562
7244,72.44,15.306
7245,72.45,15.7609
7246,72.46,16.321
7247,72.47,16.9813
7248,72.48,17.7315
7249,72.49,18.5561
7250,72.5,19.4341
7251,72.51,20.34
7252,72.52,21.2448
7253,72.53,22.1171
7254,72.54,22.9252
7255,72.55,23.6392
7256,72.56,24.2329
7257,72.57,24.6861
7258,72.58,24.9862
7259,72.59,25.1295
7260,72.6,25.1207
7261,72.61,24.973
7262,72.62,24.7061
7263,72.63,24.3445
7264,72.64,23.9152
7265,72.65,23.4459
7266,72.66,22.9626
7267,72.67,22.4888
7268,72.68,22.0442
7269,72.69,21.6445
7270,72.7,21.3012
7271,72.71,21.0223
7272,72.72,20.812
7273,72.73,20.6722
7274,72.74,20.6024
7275,72.75,20.6002
7276,72.76,20.6618
7277,72.77,20.7822
7278,72.78,20.955
7279,72.79,21.1723
7280,72.8,21.4251
7281,72.81,21.7028
7282,72.82,21.9933
7283,72.83,22.2837
7284,72.84,22.5599
7285,72.85,22.8077
7286,72.86,23.0135
7287,72.87,23.1645
7288,72.88,23.2497
7289,72.89,23.2608
7290,72.9,23.1923
7291,72.91,23.0419
7292,72.92,22.8108
7293,72.93,22.5031
7294,72.94,22.1257
7295,72.95,21.6876
7296,72.96,21.1995
7297,72.97,20.6728
7298,72.98,20.1191
7299,72.99,19.5501
7300,73,18.9765
7301,73.01,18.4083
7302,73.02,17.8543
7303,73.03,17.3225
7304,73.04,16.8195
7305,73.05,16.3511
7306,73.06,15.9225
7307,73.07,15.5381
7308,73.08,15.2018
7309,73.09,14.9174
7310,73.1,14.6883
7311,73.11,14.5177
7312,73.12,14.4088
7313,73.13,14.3642
7314,73.14,14.3864
7315,73.15,14.477
7316,73.16,14.6372
7317,73.17,14.8668
7318,73.18,15.1648
7319,73.19,15.5287
7320,73.2,15.9547
7321,73.21,16.4373
7322,73.22,16.9699
7323,73.23,17.544
7324,73.24,18.1502
7325,73.25,18.7775
7326,73.26,19.4142
7327,73.27,20.0474
7328,73.28,20.6643
7329,73.29,21.2517
7330,73.3,21.7971
7331,73.31,22.2887
7332,73.32,22.7163
7333,73.33,23.0715
7334,73.34,23.3479
7335,73.35,23.5418
7336,73.36,23.6521
7337,73.37,23.68
7338,73.38,23.6292
7339,73.39,23.5054
7340,73.4,23.3158
7341,73.41,23.0689
7342,73.42,22.7738
7343,73.43,22.4399
7344,73.44,22.0764
7345,73.45,21.692
7346,73.46,21.295
7347,73.47,20.8927
7348,73.48,20.4915
7349,73.49,20.0971
7350,73.5,19.7146
7351,73.51,19.3481
7352,73.52,19.0016
7353,73.53,18.6786
7354,73.54,18.3826
7355,73.55,18.1169
7356,73.56,17.8851
7357,73.57,17.6914
7358,73.58,17.54
7359,73.59,17.4359
7360,73.6,17.3845
7361,73.61,17.3921
7362,73.62,17.465
7363,73.63,17.6102
7364,73.64,17.8345
7365,73.65,18.1445
7366,73.66,18.5461
7367,73.67,19.044
7368,73.68,19.6413
7369,73.69,20.3384
7370,73.7,21.1333
7371,73.71,22.0202
7372,73.72,22.9895
7373,73.73,24.0273
7374,73.74,25.115
7375,73.75,26.2293
7376,73.76,27.3427
7377,73.77,28.4239
7378,73.78,29.4389
7379,73.79,30.3528
7380,73.8,31.1319
7381,73.81,31.7458
7382,73.82,32.1695
7383,73.83,32.3861
7384,73.84,32.3877
7385,73.85,32.1757
7386,73.86,31.7613
7387,73.87,31.1635
7388,73.88,30.4074
7389,73.89,29.5222
7390,73.9,28.5389
7391,73.91,27.488
7392,73.92,26.3982
7393,73.93,25.2957
7394,73.94,24.2028
7395,73.95,23.1388
7396,73.96,22.1197
7397,73.97,21.1586
7398,73.98,20.2668
7399,73.99,19.4537
7400,74,18.7278
7401,74.01,18.0965
7402,74.02,17.5663
7403,74.03,17.1423
7404,74.04,16.8274
7405,74.05,16.622
7406,74.06,16.5227
7407,74.07,16.5223
7408,74.08,16.6088
7409,74.09,16.7668
7410,74.1,16.9771
7411,74.11,17.2189
7412,74.12,17.4703
7413,74.13,17.7102
7414,74.14,17.9193
7415,74.15,18.0811
7416,74.16,18.1832
7417,74.17,18.2173
7418,74.18,18.1795
7419,74.19,18.0701
7420,74.2,17.8931
7421,74.21,17.6558
7422,74.22,17.3676
7423,74.23,17.0391
7424,74.24,16.682
7425,74.25,16.3074
7426,74.26,15.9261
7427,74.27,15.5476
7428,74.28,15.1803
7429,74.29,14.8313
7430,74.3,14.5063
7431,74.31,14.2101
7432,74.32,13.9463
7433,74.33,13.7181
7434,74.34,13.5282
7435,74.35,13.3792
7436,74.36,13.2734
7437,74.37,13.2135
7438,74.38,13.2019
7439,74.39,13.2414
7440,74.4,13.3344
7441,74.41,13.4834
7442,74.42,13.6901
7443,74.43,13.9558
7444,74.44,14.2807
7445,74.45,14.6637
7446,74.46,15.1026
7447,74.47,15.5934
7448,74.48,16.1307
7449,74.49,16.7074
7450,74.5,17.3148
7451,74.51,17.9428
7452,74.52,18.58
7453,74.53,19.2142
7454,74.54,19.8323
7455,74.55,20.4212
7456,74.56,20.9682
7457,74.57,21.4614
7458,74.58,21.8902
7459,74.59,22.2459
7460,74.6,22.5221
7461,74.61,22.715
7462,74.62,22.8233
7463,74.63,22.8485
7464,74.64,22.7941
7465,74.65,22.6661
7466,74.66,22.4719
7467,74.67,22.22
7468,74.68,21.9195
7469,74.69,21.5796
7470,74.7,21.2095
7471,74.71,20.8174
7472,74.72,20.4108
7473,74.73,19.9964
7474,74.74,19.5796
7475,74.75,19.1647
7476,74.76,18.7554
7477,74.77,18.3541
7478,74.78,17.9625
7479,74.79,17.5819
7480,74.8,17.2128
7481,74.81,16.8554
7482,74.82,16.5097
7483,74.83,16.1752
7484,74.84,15.8516
7485,74.85,15.5384
7486,74.86,15.235
7487,74.87,14.9408
7488,74.88,14.6553
7489,74.89,14.378
7490,74.9,14.1084
7491,74.91,13.8462
7492,74.92,13.5909
7493,74.93,13.3422
7494,74.94,13.0999
7495,74.95,12.8636
7496,74.96,12.6331
7497,74.97,12.4083
7498,74.98,12.1888
7499,74.99,11.9744
7500,75,11.765
7501,75.01,11.5603
7502,75.02,11.3601
7503,75.03,11.164
7504,75.04,10.9719
7505,75.05,10.7833
7506,75.06,10.598
7507,75.07,10.4154
7508,75.08,10.2352
7509,75.09,10.0569
7510,75.1,9.88005
7511,75.11,9.70408
7512,75.12,9.52858
7513,75.13,9.35316
7514,75.14,9.1776
7515,75.15,9.00194
7516,75.16,8.82661
7517,75.17,8.65262
7518,75.18,8.4818
7519,75.19,8.31715
7520,75.2,8.16312
7521,75.21,8.02609
7522,75.22,7.91461
7523,75.23,7.83961
7524,75.24,7.81418
7525,75.25,7.85265
7526,75.26,7.96905
7527,75.27,8.17474
7528,75.28,8.47574
7529,75.29,8.87056
7530,75.3,9.34887
7531,75.31,9.89169
7532,75.32,10.4728
7533,75.33,11.0609
7534,75.34,11.6232
7535,75.35,12.1281
7536,75.36,12.5494
7537,75.37,12.8688
7538,75.38,13.078
7539,75.39,13.1789
7540,75.4,13.1824
7541,75.41,13.1053
7542,75.42,12.9671
7543,75.43,12.786
7544,75.44,12.5766
7545,75.45,12.3488
7546,75.46,12.1081
7547,75.47,11.8563
7548,75.48,11.5937
7549,75.49,11.3199
7550,75.5,11.035
7551,75.51,10.7402
7552,75.52,10.4378
7553,75.53,10.1311
7554,75.54,9.82376
7555,75.55,9.52016
7556,75.56,9.22447
7557,75.57,8.94077
7558,75.58,8.67276
7559,75.59,8.42371
7560,75.6,8.19639
7561,75.61,7.99305
7562,75.62,7.81542
7563,75.63,7.66475
7564,75.64,7.54184
7565,75.65,7.44709
7566,75.66,7.38053
7567,75.67,7.3419
7568,75.68,7.33067
7569,75.69,7.34615
7570,75.7,7.38749
7571,75.71,7.4538
7572,75.72,7.5441
7573,75.73,7.65746
7574,75.74,7.79294
7575,75.75,7.94969
7576,75.76,8.12691
7577,75.77,8.32389
7578,75.78,8.53996
7579,75.79,8.77457
7580,75.8,9.0272
7581,75.81,9.29738
7582,75.82,9.58469
7583,75.83,9.88871
7584,75.84,10.209
7585,75.85,10.5452
7586,75.86,10.8968
7587,75.87,11.2631
7588,75.88,11.6437
7589,75.89,12.0376
7590,75.9,12.4442
7591,75.91,12.8622
7592,75.92,13.2905
7593,75.93,13.7277
7594,75.94,14.1722
7595,75.95,14.6221
7596,75.96,15.0754
7597,75.97,15.5297
7598,75.98,15.9826
7599,75.99,16.4312
7600,76,16.8728
7601,76.01,17.3041
7602,76.02,17.7219
7603,76.03,18.123
7604,76.04,18.504
7605,76.05,18.8615
7606,76.06,19.1923
7607,76.07,19.4934
7608,76.08,19.7619
7609,76.09,19.9951
7610,76.1,20.1909
7611,76.11,20.3474
7612,76.12,20.4631
7613,76.13,20.5371
7614,76.14,20.5689
7615,76.15,20.5583
7616,76.16,20.5058
7617,76.17,20.4123
7618,76.18,20.2791
7619,76.19,20.1082
7620,76.2,19.9017
7621,76.21,19.6627
7622,76.22,19.3945
7623,76.23,19.1017
7624,76.24,18.7892
7625,76.25,18.4635
7626,76.26,18.1322
7627,76.27,17.8044
7628,76.28,17.4911
7629,76.29,17.2046
7630,76.3,16.9591
7631,76.31,16.7693
7632,76.32,16.6496
7633,76.33,16.6125
7634,76.34,16.6662
7635,76.35,16.8131
7636,76.36,17.0475
7637,76.37,17.3555
7638,76.38,17.7148
7639,76.39,18.0973
7640,76.4,18.4714
7641,76.41,18.8053
7642,76.42,19.0708
7643,76.43,19.2455
7644,76.44,19.3156
7645,76.45,19.2764
7646,76.46,19.1323
7647,76.47,18.8956
7648,76.48,18.5849
7649,76.49,18.2221
7650,76.5,17.8308
7651,76.51,17.4336
7652,76.52,17.0507
7653,76.53,16.6985
7654,76.54,16.3893
7655,76.55,16.131
7656,76.56,15.9279
7657,76.57,15.7808
7658,76.58,15.6882
7659,76.59,15.647
7660,76.6,15.6531
7661,76.61,15.7024
7662,76.62,15.7905
7663,76.63,15.9136
7664,76.64,16.0681
7665,76.65,16.2511
7666,76.66,16.4597
7667,76.67,16.6914
7668,76.68,16.9439
7669,76.69,17.2148
7670,76.7,17.5015
7671,76.71,17.8013
7672,76.72,18.1112
7673,76.73,18.4282
7674,76.74,18.7487
7675,76.75,19.0691
7676,76.76,19.3858
7677,76.77,19.695
7678,76.78,19.993
7679,76.79,20.2762
7680,76.8,20.5415
7681,76.81,20.786
7682,76.82,21.0073
7683,76.83,21.2036
7684,76.84,21.3738
7685,76.85,21.5174
7686,76.86,21.6345
7687,76.87,21.726
7688,76.88,21.7933
7689,76.89,21.8386
7690,76.9,21.8646
7691,76.91,21.8742
7692,76.92,21.871
7693,76.93,21.8588
7694,76.94,21.8414
7695,76.95,21.8228
7696,76.96,21.807
7697,76.97,21.7978
7698,76.98,21.7988
7699,76.99,21.8131
7700,77,21.8433
7701,77.01,21.8916
7702,77.02,21.9592
7703,77.03,22.0466
7704,77.04,22.1533
7705,77.05,22.2777
7706,77.06,22.4174
7707,77.07,22.5687
7708,77.08,22.727
7709,77.09,22.8869
7710,77.1,23.042
7711,77.11,23.1858
7712,77.12,23.3111
7713,77.13,23.4112
7714,77.14,23.4795
7715,77.15,23.5103
7716,77.16,23.4987
7717,77.17,23.4414
7718,77.18,23.3362
7719,77.19,23.1827
7720,77.2,22.982
7721,77.21,22.7367
7722,77.22,22.4508
7723,77.23,22.1295
7724,77.24,21.779
7725,77.25,21.4063
7726,77.26,21.0187
7727,77.27,20.6237
7728,77.28,20.2289
7729,77.29,19.8417
7730,77.3,19.4691
7731,77.31,19.1175
7732,77.32,18.793
7733,77.33,18.5007
7734,77.34,18.2452
7735,77.35,18.0302
7736,77.36,17.8585
7737,77.37,17.7321
7738,77.38,17.652
7739,77.39,17.6182
7740,77.4,17.6298
7741,77.41,17.6849
7742,77.42,17.7808
7743,77.43,17.9138
7744,77.44,18.0794
7745,77.45,18.2727
7746,77.46,18.4881
7747,77.47,18.7198
7748,77.48,18.9615
7749,77.49,19.2074
7750,77.5,19.4513
7751,77.51,19.6877
7752,77.52,19.9114
7753,77.53,20.1177
7754,77.54,20.303
7755,77.55,20.4641
7756,77.56,20.599
7757,77.57,20.7063
7758,77.58,20.7858
7759,77.59,20.8381
7760,77.6,20.8647
7761,77.61,20.8677
7762,77.62,20.8499
7763,77.63,20.8149
7764,77.64,20.7666
7765,77.65,20.7092
7766,77.66,20.6472
7767,77.67,20.5854
7768,77.68,20.5285
7769,77.69,20.4812
7770,77.7,20.4483
7771,77.71,20.4342
7772,77.72,20.4433
7773,77.73,20.4794
7774,77.74,20.546
7775,77.75,20.6461
7776,77.76,20.7821
7777,77.77,20.9552
7778,77.78,21.1661
7779,77.79,21.4142
7780,77.8,21.6975
7781,77.81,22.0129
7782,77.82,22.3556
7783,77.83,22.7197
7784,77.84,23.0974
7785,77.85,23.48
7786,77.86,23.8574
7787,77.87,24.2188
7788,77.88,24.5529
7789,77.89,24.8485
7790,77.9,25.0948
7791,77.91,25.2819
7792,77.92,25.4016
7793,77.93,25.4476
7794,77.94,25.416
7795,77.95,25.3051
7796,77.96,25.1162
7797,77.97,24.8529
7798,77.98,24.521
7799,77.99,24.1286
7800,78,23.6849
7801,78.01,23.2005
7802,78.02,22.6867
7803,78.03,22.1547
7804,78.04,21.616
7805,78.05,21.0815
7806,78.06,20.5613
7807,78.07,20.0648
7808,78.08,19.6005
7809,78.09,19.1758
7810,78.1,18.7966
7811,78.11,18.468
7812,78.12,18.1935
7813,78.13,17.975
7814,78.14,17.8133
7815,78.15,17.7074
7816,78.16,17.655
7817,78.17,17.6522
7818,78.18,17.694
7819,78.19,17.7742
7820,78.2,17.8858
7821,78.21,18.021
7822,78.22,18.1721
7823,78.23,18.3311
7824,78.24,18.4904
7825,78.25,18.6427
7826,78.26,18.7819
7827,78.27,18.9025
7828,78.28,19.0002
7829,78.29,19.0718
7830,78.3,19.1152
7831,78.31,19.1298
7832,78.32,19.1158
7833,78.33,19.0744
7834,78.34,19.0079
7835,78.35,18.9191
7836,78.36,18.8114
7837,78.37,18.6887
7838,78.38,18.5553
7839,78.39,18.4153
7840,78.4,18.2733
7841,78.41,18.1336
7842,78.42,18.0005
7843,78.43,17.8783
7844,78.44,17.7711
7845,78.45,17.6831
7846,78.46,17.6182
7847,78.47,17.5804
7848,78.48,17.5736
7849,78.49,17.6017
7850,78.5,17.6684
7851,78.51,17.7776
7852,78.52,17.9329
7853,78.53,18.1377
7854,78.54,18.3952
7855,78.55,18.7081
7856,78.56,19.0787
7857,78.57,19.5082
7858,78.58,19.997
7859,78.59,20.5445
7860,78.6,21.1483
7861,78.61,21.8047
7862,78.62,22.508
7863,78.63,23.2502
7864,78.64,24.0216
7865,78.65,24.8098
7866,78.66,25.6003
7867,78.67,26.3768
7868,78.68,27.1212
7869,78.69,27.8142
7870,78.7,28.4361
7871,78.71,28.9679
7872,78.72,29.3919
7873,78.73,29.6929
7874,78.74,29.8593
7875,78.75,29.8837
7876,78.76,29.7636
7877,78.77,29.5013
7878,78.78,29.1042
7879,78.79,28.5839
7880,78.8,27.9558
7881,78.81,27.2378
7882,78.82,26.4498
7883,78.83,25.6124
7884,78.84,24.7461
7885,78.85,23.8707
7886,78.86,23.0045
7887,78.87,22.1642
7888,78.88,21.3643
7889,78.89,20.6168
7890,78.9,19.9314
7891,78.91,19.3148
7892,78.92,18.7708
7893,78.93,18.3004
7894,78.94,17.9017
7895,78.95,17.5702
7896,78.96,17.2989
7897,78.97,17.0793
7898,78.98,16.9015
7899,78.99,16.7552
7900,79,16.6301
7901,79.01,16.5165
7902,79.02,16.406
7903,79.03,16.2915
7904,79.04,16.1675
7905,79.05,16.03
7906,79.06,15.8768
7907,79.07,15.7069
7908,79.08,15.5208
7909,79.09,15.3195
7910,79.1,15.1053
7911,79.11,14.8806
7912,79.12,14.6482
7913,79.13,14.4109
7914,79.14,14.1715
7915,79.15,13.9326
7916,79.16,13.6966
7917,79.17,13.4653
7918,79.18,13.2406
7919,79.19,13.0238
7920,79.2,12.816
7921,79.21,12.618
7922,79.22,12.4305
7923,79.23,12.2539
7924,79.24,12.0886
7925,79.25,11.9348
7926,79.26,11.7928
7927,79.27,11.6629
7928,79.28,11.5454
7929,79.29,11.4405
7930,79.3,11.3488
7931,79.31,11.2708
7932,79.32,11.207
7933,79.33,11.1582
7934,79.34,11.1253
7935,79.35,11.1093
7936,79.36,11.1114
7937,79.37,11.1328
7938,79.38,11.1749
7939,79.39,11.2393
7940,79.4,11.3276
7941,79.41,11.4417
7942,79.42,11.5834
7943,79.43,11.7549
7944,79.44,11.9581
7945,79.45,12.1952
7946,79.46,12.4684
7947,79.47,12.78
7948,79.48,13.132
7949,79.49,13.5269
7950,79.5,13.9665
7951,79.51,14.4529
7952,79.52,14.9879
7953,79.53,15.5732
7954,79.54,16.21
7955,79.55,16.8994
7956,79.56,17.642
7957,79.57,18.4379
7958,79.58,19.2864
7959,79.59,20.1864
7960,79.6,21.1357
7961,79.61,22.1311
7962,79.62,23.1685
7963,79.63,24.2422
7964,79.64,25.3456
7965,79.65,26.4703
7966,79.66,27.6066
7967,79.67,28.7435
7968,79.68,29.8684
7969,79.69,30.9679
7970,79.7,32.0276
7971,79.71,33.0327
7972,79.72,33.9681
7973,79.73,34.8196
7974,79.74,35.5738
7975,79.75,36.2189
7976,79.76,36.7453
7977,79.77,37.1459
7978,79.78,37.4163
7979,79.79,37.5555
7980,79.8,37.5656
7981,79.81,37.4516
7982,79.82,37.2217
7983,79.83,36.8863
7984,79.84,36.4576
7985,79.85,35.949
7986,79.86,35.3734
7987,79.87,34.7424
7988,79.88,34.0642
7989,79.89,33.3432
7990,79.9,32.5785
7991,79.91,31.7645
7992,79.92,30.892
7993,79.93,29.9506
7994,79.94,28.9314
7995,79.95,27.83
7996,79.96,26.6484
7997,79.97,25.3959
7998,79.98,24.0885
7999,79.99,22.7474
