i,x,y,z
0,1.01257,1.25992,0.984891
1,1.04882,1.524,0.973114
2,1.10721,1.79831,0.965159
3,1.18687,2.08854,0.961737
4,1.28756,2.40015,0.963806
5,1.40957,2.73855,0.972608
6,1.55369,3.10915,0.989731
7,1.72115,3.51757,1.01719
8,1.9136,3.96962,1.05751
9,2.13311,4.47141,1.1139
10,2.38215,5.02941,1.19035
11,2.66358,5.65044,1.29189
12,2.98067,6.34162,1.42479
13,3.33705,7.11033,1.59684
14,3.73672,7.96407,1.81776
15,4.18401,8.91014,2.0995
16,4.68351,9.95533,2.45679
17,5.23997,11.1053,2.90756
18,5.85813,12.3637,3.47343
19,6.54251,13.7311,4.18019
20,7.29703,15.2036,5.05802
21,8.12455,16.7703,6.14146
22,9.02621,18.4116,7.46878
23,10.0006,20.0956,9.08053
24,11.0428,21.7754,11.0167
25,12.1429,23.3861,13.3125
26,13.2849,24.843,15.9914
27,14.4454,26.0422,19.0573
28,15.5922,26.8642,22.4841
29,16.6848,27.1835,26.2063
30,17.6746,26.8836,30.1121
31,18.5081,25.8771,34.0435
32,19.1306,24.1273,37.8058
33,19.4923,21.666,41.1886
34,19.555,18.6007,43.9957
35,19.2977,15.1056,46.0775
36,18.7202,11.398,47.3557
37,17.8438,7.70426,47.834
38,16.7082,4.22576,47.5908
39,15.3665,1.11376,46.758
40,13.8779,-1.54167,45.4933
41,12.3018,-3.70914,43.954
42,10.6926,-5.40421,42.2781
43,9.09626,-6.6737,40.5745
44,7.54906,-7.58083,38.9208
45,6.07756,-8.19338,37.3664
46,4.69941,-8.57591,35.9377
47,3.42479,-8.78542,34.6448
48,2.25793,-8.86968,33.4865
49,1.19856,-8.86714,32.4549
50,0.243204,-8.80787,31.5389
51,-0.613809,-8.71478,30.7258
52,-1.37948,-8.60497,30.0031
53,-2.06156,-8.49093,29.3594
54,-2.66804,-8.38158,28.7842
55,-3.20688,-8.28315,28.2687
56,-3.68579,-8.19979,27.8055
57,-4.11203,-8.13416,27.3884
58,-4.49238,-8.08776,27.0123
59,-4.83309,-8.06126,26.6732
60,-5.13981,-8.05472,26.368
61,-5.41768,-8.06773,26.0942
62,-5.67126,-8.09957,25.8499
63,-5.90461,-8.14925,25.6338
64,-6.1213,-8.2156,25.4449
65,-6.32443,-8.29729,25.2824
66,-6.51669,-8.39291,25.1459
67,-6.70037,-8.5009,25.0351
68,-6.87738,-8.61966,24.9498
69,-7.0493,-8.74747,24.89
70,-7.21738,-8.88256,24.8556
71,-7.38261,-9.02307,24.8465
72,-7.54566,-9.16706,24.8627
73,-7.70699,-9.31251,24.9039
74,-7.8668,-9.45734,24.9698
75,-8.02506,-9.5994,25.0599
76,-8.18156,-9.7365,25.1737
77,-8.33588,-9.86639,25.3102
78,-8.48744,-9.98686,25.4683
79,-8.63549,-10.0957,25.6466
80,-8.77916,-10.1907,25.8435
81,-8.91745,-10.2698,26.0569
82,-9.04926,-10.3312,26.2846
83,-9.17345,-10.3731,26.524
84,-9.2888,-10.3941,26.7721
85,-9.39411,-10.393,27.026
86,-9.4882,-10.3691,27.2823
87,-9.56992,-10.3218,27.5375
88,-9.63824,-10.2512,27.788
89,-9.69223,-10.1579,28.0303
90,-9.73114,-10.0426,28.261
91,-9.75436,-9.90674,28.4765
92,-9.76152,-9.75214,28.6739
93,-9.75247,-9.58091,28.8503
94,-9.72728,-9.39555,29.0032
95,-9.68627,-9.19878,29.1307
96,-9.63,-8.99352,29.2312
97,-9.55927,-8.7828,29.3036
98,-9.47508,-8.56965,29.3474
99,-9.37862,-8.35706,29.3624
100,-9.27125,-8.14789,29.3491
101,-9.15446,-7.9448,29.3083
102,-9.02986,-7.75023,29.2411
103,-8.8991,-7.56633,29.149
104,-8.76387,-7.39498,29.0337
105,-8.62588,-7.23771,28.8973
106,-8.48679,-7.09578,28.7419
107,-8.3482,-6.97014,28.5696
108,-8.21167,-6.86145,28.3827
109,-8.07862,-6.77015,28.1835
110,-7.9504,-6.69643,27.9742
111,-7.82822,-6.6403,27.757
112,-7.71316,-6.60159,27.5342
113,-7.6062,-6.58001,27.3076
114,-7.50818,-6.57517,27.0794
115,-7.41982,-6.58658,26.8513
116,-7.34172,-6.6137,26.6253
117,-7.27436,-6.65596,26.403
118,-7.21815,-6.71272,26.186
119,-7.17336,-6.78335,25.976
120,-7.1402,-6.86721,25.7743
121,-7.11879,-6.96362,25.5825
122,-7.10917,-7.0719,25.4018
123,-7.11131,-7.19136,25.2337
124,-7.12514,-7.32128,25.0792
125,-7.15048,-7.46089,24.9398
126,-7.18714,-7.60942,24.8165
127,-7.23484,-7.76602,24.7104
128,-7.29326,-7.92978,24.6227
129,-7.36201,-8.09972,24.5542
130,-7.44064,-8.27477,24.506
131,-7.52865,-8.45377,24.4789
132,-7.62546,-8.63544,24.4736
133,-7.73042,-8.81838,24.4908
134,-7.8428,-9.0011,24.531
135,-7.96179,-9.18193,24.5944
136,-8.08651,-9.35914,24.6814
137,-8.21598,-9.53083,24.7917
138,-8.34911,-9.69503,24.9251
139,-8.48476,-9.84968,25.081
140,-8.62167,-9.99266,25.2585
141,-8.7585,-10.1218,25.4565
142,-8.89385,-10.2351,25.6733
143,-9.02624,-10.3303,25.9071
144,-9.15415,-10.4057,26.1557
145,-9.27602,-10.4593,26.4164
146,-9.39029,-10.4898,26.6862
147,-9.49542,-10.4959,26.962
148,-9.58991,-10.4768,27.2403
149,-9.67234,-10.432,27.5174
150,-9.74143,-10.3616,27.7895
151,-9.79602,-10.2661,28.0527
152,-9.83515,-10.1464,28.3034
153,-9.85805,-10.004,28.5379
154,-9.86421,-9.84096,28.7527
155,-9.85336,-9.65956,28.9449
156,-9.8255,-9.46253,29.1118
157,-9.7809,-9.25288,29.2511
158,-9.72012,-9.03382,29.3613
159,-9.64395,-8.80869,29.4411
160,-9.55345,-8.58081,29.49
161,-9.44988,-8.35346,29.5079
162,-9.33468,-8.12976,29.4952
163,-9.20945,-7.91264,29.4529
164,-9.0759,-7.70473,29.3823
165,-8.93582,-7.50835,29.285
166,-8.79102,-7.32551,29.163
167,-8.64332,-7.15785,29.0184
168,-8.49451,-7.00669,28.8535
169,-8.34632,-6.87299,28.6707
170,-8.20038,-6.75744,28.4725
171,-8.05822,-6.66044,28.2613
172,-7.92127,-6.58214,28.0394
173,-7.7908,-6.5225,27.8094
174,-7.66797,-6.4813,27.5733
175,-7.55378,-6.45817,27.3335
176,-7.44912,-6.45266,27.0919
177,-7.35472,-6.46422,26.8506
178,-7.2712,-6.49224,26.6113
179,-7.19907,-6.5361,26.376
180,-7.13872,-6.59513,26.1462
181,-7.09044,-6.66864,25.9237
182,-7.05441,-6.75597,25.7098
183,-7.03077,-6.85641,25.5061
184,-7.01954,-6.96928,25.3141
185,-7.0207,-7.09387,25.1349
186,-7.03414,-7.22946,24.97
187,-7.0597,-7.37529,24.8207
188,-7.09717,-7.53059,24.688
189,-7.14628,-7.69451,24.5733
190,-7.2067,-7.86615,24.4775
191,-7.27803,-8.04455,24.4019
192,-7.35984,-8.22863,24.3474
193,-7.45161,-8.41722,24.3149
194,-7.55276,-8.60903,24.3053
195,-7.66263,-8.80264,24.3193
196,-7.7805,-8.99651,24.3575
197,-7.90555,-9.18894,24.4203
198,-8.03686,-9.37809,24.508
199,-8.17344,-9.562,24.6206
200,-8.31419,-9.73856,24.7579
201,-8.4579,-9.90559,24.9193
202,-8.60328,-10.0608,25.1041
203,-8.74893,-10.2019,25.3111
204,-8.89336,-10.3265,25.5387
205,-9.03502,-10.4324,25.7851
206,-9.17228,-10.5174,26.0478
207,-9.30348,-10.5795,26.3242
208,-9.42693,-10.6171,26.6113
209,-9.54096,-10.6286,26.9055
210,-9.64393,-10.6131,27.2032
211,-9.73429,-10.5699,27.5004
212,-9.8106,-10.499,27.7929
213,-9.87157,-10.4008,28.0767
214,-9.91612,-10.2763,28.3476
215,-9.94335,-10.1269,28.6016
216,-9.95267,-9.95487,28.8349
217,-9.94373,-9.76257,29.0442
218,-9.91648,-9.553,29.2265
219,-9.87117,-9.3294,29.3794
220,-9.80836,-9.09529,29.5009
221,-9.72888,-8.85429,29.5898
222,-9.63385,-8.61007,29.6455
223,-9.52461,-8.36621,29.6678
224,-9.40272,-8.12615,29.6572
225,-9.2699,-7.89307,29.6146
226,-9.12799,-7.66985,29.5416
227,-8.97892,-7.45902,29.4399
228,-8.82466,-7.26274,29.3117
229,-8.66719,-7.08278,29.1593
230,-8.50842,-6.92053,28.9852
231,-8.35022,-6.77701,28.7919
232,-8.19435,-6.65291,28.5823
233,-8.04246,-6.54861,28.3588
234,-7.89606,-6.46423,28.124
235,-7.75652,-6.39968,27.8805
236,-7.62507,-6.35466,27.6306
237,-7.50277,-6.32875,27.3767
238,-7.39055,-6.32142,27.1209
239,-7.28918,-6.33205,26.8653
240,-7.19932,-6.35998,26.6118
241,-7.12147,-6.4045,26.3623
242,-7.05604,-6.4649,26.1186
243,-7.00332,-6.54047,25.8822
244,-6.96352,-6.63049,25.6548
245,-6.93674,-6.73424,25.4379
246,-6.92302,-6.85102,25.2329
247,-6.92232,-6.98012,25.0412
248,-6.93454,-7.12082,24.8641
249,-6.95951,-7.27237,24.7031
250,-6.99702,-7.434,24.5593
251,-7.04681,-7.6049,24.434
252,-7.10852,-7.78418,24.3284
253,-7.1818,-7.97088,24.2435
254,-7.26618,-8.16395,24.1806
255,-7.36117,-8.36224,24.1406
256,-7.46619,-8.56444,24.1245
257,-7.58059,-8.76915,24.1331
258,-7.70364,-8.97477,24.1672
259,-7.83453,-9.17958,24.2272
260,-7.97233,-9.38169,24.3135
261,-8.11605,-9.57904,24.4263
262,-8.26454,-9.76944,24.5655
263,-8.4166,-9.95054,24.7308
264,-8.57087,-10.1199,24.9213
265,-8.7259,-10.275,25.1359
266,-8.88016,-10.4134,25.3733
267,-9.03199,-10.5325,25.6314
268,-9.17967,-10.6298,25.908
269,-9.32142,-10.7032,26.2002
270,-9.45542,-10.7507,26.5049
271,-9.57986,-10.7704,26.8184
272,-9.69295,-10.7613,27.1368
273,-9.79297,-10.7224,27.4558
274,-9.87832,-10.6534,27.7711
275,-9.94754,-10.5547,28.078
276,-9.99937,-10.4272,28.372
277,-10.0328,-10.2724,28.6487
278,-10.0471,-10.0924,28.9039
279,-10.0418,-9.8899,29.1339
280,-10.0167,-9.66801,29.3353
281,-9.97215,-9.43026,29.5054
282,-9.90858,-9.18047,29.6419
283,-9.82687,-8.92262,29.7434
284,-9.72816,-8.66072,29.809
285,-9.61389,-8.39873,29.8387
286,-9.48572,-8.14043,29.8328
287,-9.34548,-7.88933,29.7924
288,-9.19517,-7.64862,29.719
289,-9.03688,-7.42108,29.6147
290,-8.87273,-7.20908,29.4817
291,-8.70485,-7.01454,29.3225
292,-8.53535,-6.83897,29.1399
293,-8.36623,-6.68347,28.9368
294,-8.19941,-6.54874,28.7159
295,-8.03667,-6.43517,28.4801
296,-7.87963,-6.34285,28.2322
297,-7.72978,-6.27163,27.9749
298,-7.58841,-6.22115,27.7106
299,-7.45668,-6.19093,27.4419
300,-7.33556,-6.18034,27.1711
301,-7.22588,-6.1887,26.9002
302,-7.12833,-6.21525,26.6314
303,-7.04343,-6.25924,26.3666
304,-6.97161,-6.3199,26.1075
305,-6.91317,-6.39646,25.856
306,-6.86832,-6.48817,25.6135
307,-6.83717,-6.59428,25.3817
308,-6.81974,-6.71408,25.162
309,-6.81601,-6.84685,24.9559
310,-6.82587,-6.99188,24.7648
311,-6.84915,-7.14842,24.5901
312,-6.88564,-7.31575,24.433
313,-6.93507,-7.49306,24.2949
314,-6.99712,-7.6795,24.177
315,-7.07141,-7.87414,24.0805
316,-7.15751,-8.07598,24.0067
317,-7.25493,-8.28386,23.9566
318,-7.3631,-8.49654,23.9313
319,-7.48139,-8.71259,23.9318
320,-7.60909,-8.93045,23.9589
321,-7.74538,-9.14836,24.0133
322,-7.88936,-9.36438,24.0955
323,-8.04003,-9.57642,24.2058
324,-8.19625,-9.78217,24.3444
325,-8.35678,-9.97918,24.5109
326,-8.52025,-10.1649,24.7047
327,-8.68518,-10.3365,24.925
328,-8.84996,-10.4913,25.1704
329,-9.01287,-10.6266,25.4389
330,-9.17209,-10.7396,25.7283
331,-9.32572,-10.8277,26.0358
332,-9.47183,-10.8886,26.3581
333,-9.60843,-10.9204,26.6914
334,-9.73357,-10.9213,27.0316
335,-9.84534,-10.8902,27.3742
336,-9.94196,-10.8266,27.7144
337,-10.0217,-10.7306,28.0472
338,-10.0833,-10.6029,28.3677
339,-10.1253,-10.445,28.6709
340,-10.1469,-10.2589,28.9522
341,-10.1476,-10.0476,29.2073
342,-10.1269,-9.81415,29.4325
343,-10.0851,-9.56248,29.6244
344,-10.0226,-9.29668,29.7806
345,-9.94026,-9.02111,29.8992
346,-9.83923,-8.74018,29.9791
347,-9.72099,-8.45827,30.0202
348,-9.58731,-8.1796,30.0228
349,-9.44014,-7.90807,29.9879
350,-9.28163,-7.64724,29.9171
351,-9.11403,-7.40021,29.8126
352,-8.93964,-7.16963,29.6769
353,-8.76079,-6.95763,29.5127
354,-8.57976,-6.7659,29.323
355,-8.39874,-6.59562,29.1108
356,-8.21981,-6.44759,28.8793
357,-8.04491,-6.32219,28.6316
358,-7.87583,-6.2195,28.3705
359,-7.71415,-6.13933,28.0991
360,-7.5613,-6.08125,27.82
361,-7.41852,-6.0447,27.5358
362,-7.28686,-6.02898,27.2491
363,-7.16721,-6.03329,26.9619
364,-7.0603,-6.05683,26.6766
365,-6.96669,-6.09874,26.3951
366,-6.88683,-6.15819,26.1193
367,-6.82105,-6.23436,25.8509
368,-6.76955,-6.32643,25.5916
369,-6.73245,-6.43365,25.343
370,-6.70979,-6.55527,25.1067
371,-6.70152,-6.69057,24.8842
372,-6.70755,-6.83884,24.6768
373,-6.72772,-6.99937,24.486
374,-6.7618,-7.17143,24.3131
375,-6.80955,-7.35428,24.1596
376,-6.87064,-7.5471,24.0266
377,-6.94471,-7.74902,23.9156
378,-7.03135,-7.95907,23.8279
379,-7.13009,-8.17617,23.7645
380,-7.24038,-8.39911,23.7267
381,-7.36162,-8.62651,23.7157
382,-7.49311,-8.85683,23.7323
383,-7.63408,-9.08833,23.7775
384,-7.78365,-9.31907,23.852
385,-7.94082,-9.54693,23.9563
386,-8.10448,-9.76953,24.0906
387,-8.27339,-9.98433,24.2549
388,-8.44619,-10.1886,24.4489
389,-8.62135,-10.3794,24.6717
390,-8.79723,-10.5539,24.9223
391,-8.97206,-10.7089,25.1988
392,-9.14394,-10.8413,25.4991
393,-9.31086,-10.9484,25.8205
394,-9.47075,-11.0274,26.1596
395,-9.62147,-11.0757,26.5127
396,-9.76089,-11.0915,26.8754
397,-9.88689,-11.073,27.2429
398,-9.99746,-11.0195,27.6102
399,-10.0907,-10.9306,27.9719
400,-10.1649,-10.8068,28.3225
401,-10.2186,-10.6494,28.6566
402,-10.2507,-10.4604,28.9689
403,-10.2604,-10.2426,29.2546
404,-10.2471,-9.99939,29.5092
405,-10.2109,-9.73476,29.7289
406,-10.1521,-9.45317,29.9107
407,-10.0714,-9.15935,30.0524
408,-9.9701,-8.8582,30.1526
409,-9.8496,-8.55456,30.2106
410,-9.71174,-8.25316,30.2267
411,-9.55861,-7.9584,30.202
412,-9.39249,-7.6743,30.138
413,-9.2158,-7.40438,30.0371
414,-9.03105,-7.15165,29.9018
415,-8.84076,-6.91857,29.7351
416,-8.64743,-6.70704,29.5403
417,-8.45347,-6.51841,29.3207
418,-8.26116,-6.35359,29.0797
419,-8.07264,-6.21303,28.8207
420,-7.88986,-6.09681,28.5468
421,-7.71458,-6.00469,28.2612
422,-7.54837,-5.93621,27.967
423,-7.39257,-5.89071,27.6667
424,-7.24835,-5.86739,27.3632
425,-7.11667,-5.86538,27.0587
426,-6.99833,-5.88375,26.7556
427,-6.89394,-5.92156,26.456
428,-6.80399,-5.9779,26.1617
429,-6.72882,-6.05186,25.8747
430,-6.66866,-6.14259,25.5967
431,-6.62363,-6.24928,25.3294
432,-6.59378,-6.37114,25.0742
433,-6.57908,-6.50746,24.8328
434,-6.57942,-6.65751,24.6065
435,-6.59464,-6.82062,24.397
436,-6.62453,-6.99608,24.2054
437,-6.66885,-7.1832,24.0334
438,-6.7273,-7.38121,23.8822
439,-6.79952,-7.58932,23.7532
440,-6.88512,-7.80663,23.6479
441,-6.98366,-8.03213,23.5674
442,-7.09463,-8.26469,23.5132
443,-7.21747,-8.50302,23.4865
444,-7.35151,-8.74563,23.4884
445,-7.49603,-8.99085,23.52
446,-7.65018,-9.23679,23.5822
447,-7.81301,-9.4813,23.6758
448,-7.98346,-9.72204,23.8012
449,-8.1603,-9.95638,23.9587
450,-8.3422,-10.1815,24.1482
451,-8.52764,-10.3944,24.3693
452,-8.71496,-10.5917,24.6209
453,-8.90236,-10.7704,24.9017
454,-9.08789,-10.9269,25.2097
455,-9.26944,-11.0579,25.5423
456,-9.44483,-11.1603,25.8963
457,-9.61177,-11.2311,26.2679
458,-9.76793,-11.2679,26.6528
459,-9.91098,-11.2684,27.046
460,-10.0387,-11.2312,27.4421
461,-10.1488,-11.1556,27.8354
462,-10.2394,-11.0417,28.2199
463,-10.3087,-10.8902,28.5895
464,-10.3553,-10.7031,28.9384
465,-10.378,-10.4828,29.261
466,-10.3761,-10.2329,29.552
467,-10.3493,-9.95757,29.8071
468,-10.2979,-9.66141,30.0223
469,-10.2223,-9.3496,30.1949
470,-10.1237,-9.02749,30.3229
471,-10.0036,-8.70052,30.4053
472,-9.86379,-8.37397,30.4422
473,-9.70642,-8.05287,30.4342
474,-9.53392,-7.74183,30.3829
475,-9.34889,-7.44493,30.2908
476,-9.15405,-7.16567,30.1605
477,-8.95214,-6.90693,29.9953
478,-8.74591,-6.67094,29.7986
479,-8.53802,-6.45935,29.5741
480,-8.331,-6.27323,29.3255
481,-8.12722,-6.11314,29.0565
482,-7.92887,-5.97921,28.7707
483,-7.73791,-5.87122,28.4714
484,-7.55608,-5.78863,28.1619
485,-7.38489,-5.73071,27.8452
486,-7.22564,-5.69657,27.5241
487,-7.0794,-5.68521,27.2013
488,-6.94706,-5.6956,26.8791
489,-6.82931,-5.72669,26.5598
490,-6.72669,-5.77744,26.2454
491,-6.63957,-5.84687,25.9379
492,-6.56821,-5.93403,25.6391
493,-6.51276,-6.03805,25.3506
494,-6.47327,-6.15811,25.074
495,-6.44971,-6.29345,24.8111
496,-6.44198,-6.44337,24.5631
497,-6.44993,-6.60717,24.3317
498,-6.47335,-6.78421,24.1182
499,-6.51201,-6.97383,23.9242
500,-6.56562,-7.17534,23.751
501,-6.63384,-7.38801,23.6002
502,-6.71632,-7.61106,23.473
503,-6.81264,-7.84357,23.3711
504,-6.92234,-8.08452,23.2958
505,-7.04489,-8.33274,23.2484
506,-7.1797,-8.58687,23.2303
507,-7.32609,-8.84534,23.2429
508,-7.48327,-9.10635,23.2871
509,-7.65038,-9.36784,23.3641
510,-7.82641,-9.6275,23.4746
511,-8.0102,-9.88273,23.6192
512,-8.20046,-10.1307,23.7982
513,-8.39572,-10.3682,24.0114
514,-8.59437,-10.5919,24.2583
515,-8.7946,-10.7983,24.5378
516,-8.99442,-10.9837,24.8483
517,-9.1917,-11.1443,25.1875
518,-9.38416,-11.2766,25.5526
519,-9.56937,-11.377,25.9398
520,-9.74484,-11.4423,26.345
521,-9.90802,-11.4699,26.7631
522,-10.0564,-11.4574,27.1886
523,-10.1874,-11.4036,27.6153
524,-10.2989,-11.3077,28.037
525,-10.3885,-11.1701,28.4469
526,-10.4546,-10.992,28.8385
527,-10.4956,-10.7759,29.2051
528,-10.5104,-10.5248,29.5409
529,-10.4983,-10.243,29.8403
530,-10.4593,-9.93526,30.0987
531,-10.3937,-9.60714,30.3123
532,-10.3024,-9.26445,30.4784
533,-10.1867,-8.91321,30.5953
534,-10.0484,-8.55941,30.6625
535,-9.88966,-8.20881,30.6804
536,-9.71307,-7.86676,30.6505
537,-9.52135,-7.53809,30.5748
538,-9.31742,-7.22696,30.4563
539,-9.10427,-6.93685,30.2984
540,-8.88493,-6.67051,30.1048
541,-8.66236,-6.42999,29.8795
542,-8.43938,-6.21665,29.6266
543,-8.21867,-6.03127,29.3501
544,-8.00268,-5.87411,29.0539
545,-7.79366,-5.74498,28.7419
546,-7.59357,-5.64334,28.4177
547,-7.40415,-5.56838,28.0844
548,-7.22687,-5.51911,27.7454
549,-7.06297,-5.49441,27.4033
550,-6.91346,-5.49311,27.0608
551,-6.77913,-5.51401,26.7204
552,-6.66061,-5.55594,26.3841
553,-6.55832,-5.61779,26.054
554,-6.47258,-5.6985,25.732
555,-6.40355,-5.79711,25.4199
556,-6.3513,-5.91272,25.1193
557,-6.31581,-6.04453,24.8318
558,-6.297,-6.19179,24.5589
559,-6.29471,-6.35384,24.3022
560,-6.30875,-6.53004,24.0632
561,-6.33888,-6.71976,23.8433
562,-6.38483,-6.92241,23.644
563,-6.44629,-7.13735,23.4667
564,-6.52292,-7.36388,23.3131
565,-6.61435,-7.60124,23.1846
566,-6.72016,-7.84856,23.0826
567,-6.83987,-8.10481,23.0089
568,-6.97296,-8.36881,22.9647
569,-7.11882,-8.63915,22.9517
570,-7.27678,-8.9142,22.9711
571,-7.44603,-9.19207,23.0243
572,-7.62566,-9.47057,23.1124
573,-7.81463,-9.74721,23.2363
574,-8.01175,-10.0192,23.3967
575,-8.21563,-10.2833,23.5939
576,-8.42474,-10.5363,23.8279
577,-8.63733,-10.7743,24.0981
578,-8.85146,-10.9935,24.4034
579,-9.06499,-11.1898,24.7421
580,-9.27561,-11.359,25.1116
581,-9.48081,-11.4971,25.5088
582,-9.67796,-11.6002,25.9297
583,-9.86432,-11.6647,26.3695
584,-10.0371,-11.6876,26.8227
585,-10.1935,-11.6666,27.283
586,-10.3308,-11.6001,27.7437
587,-10.4465,-11.4875,28.1977
588,-10.5383,-11.3294,28.6375
589,-10.6042,-11.1273,29.0558
590,-10.6425,-10.8841,29.4454
591,-10.6522,-10.6034,29.7999
592,-10.6326,-10.2903,30.1133
593,-10.5838,-9.95023,30.3807
594,-10.5062,-9.58952,30.5981
595,-10.4009,-9.21476,30.7631
596,-10.2696,-8.8327,30.874
597,-10.1143,-8.44998,30.9307
598,-9.93762,-8.07288,30.9342
599,-9.74237,-7.70717,30.8862
600,-9.53165,-7.35794,30.7897
601,-9.30873,-7.02951,30.648
602,-9.07692,-6.72539,30.4652
603,-8.83951,-6.44823,30.2456
604,-8.5997,-6.19992,29.9936
605,-8.36053,-5.98161,29.7138
606,-8.12482,-5.7938,29.4105
607,-7.89514,-5.63644,29.0881
608,-7.6738,-5.50904,28.7505
609,-7.46282,-5.41076,28.4014
610,-7.26392,-5.34051,28.0444
611,-7.07858,-5.29706,27.6826
612,-6.90797,-5.27906,27.3188
613,-6.75307,-5.28513,26.9558
614,-6.6146,-5.31395,26.5958
615,-6.49309,-5.36421,26.241
616,-6.38892,-5.4347,25.8935
617,-6.3023,-5.52433,25.555
618,-6.23334,-5.63208,25.2274
619,-6.18203,-5.75705,24.9123
620,-6.1483,-5.89846,24.6111
621,-6.13201,-6.05558,24.3255
622,-6.13295,-6.22779,24.0569
623,-6.15089,-6.41449,23.8068
624,-6.18557,-6.61515,23.5768
625,-6.2367,-6.82921,23.3683
626,-6.30397,-7.0561,23.1828
627,-6.38701,-7.29521,23.022
628,-6.48548,-7.54584,22.8874
629,-6.59894,-7.80715,22.7807
630,-6.72696,-8.07818,22.7034
631,-6.869,-8.35777,22.6572
632,-7.0245,-8.64452,22.6437
633,-7.19277,-8.93679,22.6645
634,-7.37302,-9.23262,22.721
635,-7.56436,-9.52976,22.8146
636,-7.76573,-9.82558,22.9463
637,-7.9759,-10.1171,23.1171
638,-8.19347,-10.401,23.3274
639,-8.41683,-10.6735,23.5773
640,-8.64415,-10.9306,23.8664
641,-8.8734,-11.168,24.1937
642,-9.10229,-11.3812,24.5573
643,-9.32832,-11.5656,24.9549
644,-9.54881,-11.7165,25.3829
645,-9.76088,-11.8296,25.8371
646,-9.96155,-11.9009,26.3124
647,-10.1477,-11.9268,26.8027
648,-10.3163,-11.9046,27.3011
649,-10.4644,-11.8325,27.8002
650,-10.589,-11.7097,28.2921
651,-10.6877,-11.5368,28.7685
652,-10.7582,-11.3155,29.2211
653,-10.7987,-11.049,29.6421
654,-10.8079,-10.7415,30.0242
655,-10.7853,-10.3986,30.3607
656,-10.7307,-10.0266,30.6464
657,-10.6448,-9.63258,30.8769
658,-10.5288,-9.22399,31.0496
659,-10.3845,-8.80843,31.1631
660,-10.2144,-8.3933,31.2172
661,-10.0213,-7.98555,31.2134
662,-9.8084,-7.59151,31.154
663,-9.57913,-7.2167,31.0423
664,-9.33713,-6.8657,30.8825
665,-9.08606,-6.54216,30.679
666,-8.82954,-6.24877,30.4368
667,-8.57104,-5.98733,30.1608
668,-8.31385,-5.75881,29.8562
669,-8.061,-5.5635,29.5276
670,-7.81521,-5.40107,29.1798
671,-7.57892,-5.27074,28.817
672,-7.35422,-5.17139,28.4431
673,-7.1429,-5.10165,28.0618
674,-6.94642,-5.06001,27.6763
675,-6.76597,-5.04489,27.2896
676,-6.60247,-5.05472,26.9044
677,-6.45661,-5.08798,26.523
678,-6.32887,-5.14324,26.1475
679,-6.21956,-5.21918,25.7801
680,-6.12883,-5.31462,25.4224
681,-6.05671,-5.42852,25.0762
682,-6.00315,-5.55994,24.7431
683,-5.96801,-5.7081,24.4246
684,-5.9511,-5.87232,24.1223
685,-5.95217,-6.05201,23.8375
686,-5.97097,-6.24663,23.5719
687,-6.00721,-6.45572,23.3268
688,-6.06057,-6.67882,23.1039
689,-6.13075,-6.91545,22.9047
690,-6.2174,-7.16508,22.7308
691,-6.32016,-7.42714,22.5839
692,-6.43866,-7.70089,22.4657
693,-6.57246,-7.98546,22.378
694,-6.72109,-8.27979,22.3225
695,-6.884,-8.58256,22.3011
696,-7.06057,-8.89219,22.3154
697,-7.25006,-9.20676,22.3671
698,-7.4516,-9.52401,22.4579
699,-7.66418,-9.84127,22.5892
700,-7.88659,-10.1555,22.762
701,-8.11745,-10.4631,22.9773
702,-8.35515,-10.7603,23.2353
703,-8.59782,-11.0426,23.536
704,-8.84336,-11.3054,23.8785
705,-9.0894,-11.5438,24.2614
706,-9.33331,-11.7525,24.6821
707,-9.57223,-11.9263,25.1375
708,-9.80307,-12.0603,25.6231
709,-10.0226,-12.1496,26.1335
710,-10.2273,-12.1902,26.6624
711,-10.414,-12.1784,27.2024
712,-10.5791,-12.1121,27.7453
713,-10.7195,-11.9899,28.2823
714,-10.8323,-11.8121,28.8043
715,-10.9147,-11.5802,29.3021
716,-10.9648,-11.2976,29.7665
717,-10.9809,-10.9687,30.1893
718,-10.9621,-10.5996,30.563
719,-10.9084,-10.1973,30.8813
720,-10.8202,-9.76974,31.1394
721,-10.6989,-9.32536,31.334
722,-10.5463,-8.87269,31.4634
723,-10.3651,-8.42012,31.5276
724,-10.1584,-7.97552,31.5281
725,-9.92976,-7.54604,31.4676
726,-9.68298,-7.13784,31.3499
727,-9.42208,-6.75607,31.1796
728,-9.15113,-6.40471,30.9619
729,-8.87411,-6.08667,30.7024
730,-8.59489,-5.80381,30.4066
731,-8.31706,-5.55707,30.0802
732,-8.04394,-5.34658,29.7284
733,-7.77852,-5.17181,29.3564
734,-7.52341,-5.03171,28.9688
735,-7.28087,-4.92488,28.5699
736,-7.05278,-4.84964,28.1635
737,-6.8407,-4.80421,27.753
738,-6.64584,-4.78674,27.3415
739,-6.46915,-4.7954,26.9319
740,-6.31128,-4.82847,26.5264
741,-6.1727,-4.88433,26.1273
742,-6.05367,-4.96152,25.7365
743,-5.95428,-5.05874,25.356
744,-5.87453,-5.17486,24.9872
745,-5.8143,-5.30892,24.6318
746,-5.77338,-5.46011,24.2913
747,-5.75155,-5.62775,23.9672
748,-5.74853,-5.81128,23.6609
749,-5.764,-6.01024,23.3739
750,-5.79767,-6.22424,23.1077
751,-5.84921,-6.45292,22.8638
752,-5.9183,-6.69592,22.6437
753,-6.00463,-6.95287,22.4492
754,-6.10784,-7.22331,22.282
755,-6.2276,-7.50669,22.1438
756,-6.36353,-7.80231,22.0366
757,-6.51521,-8.10927,21.9622
758,-6.68217,-8.42645,21.9226
759,-6.86387,-8.75242,21.9198
760,-7.05965,-9.08543,21.9557
761,-7.26874,-9.42334,22.0322
762,-7.49023,-9.7636,22.1511
763,-7.72302,-10.1032,22.314
764,-7.96579,-10.4385,22.522
765,-8.21701,-10.7657,22.776
766,-8.47488,-11.0802,23.0765
767,-8.73733,-11.3769,23.4231
768,-9.00196,-11.6506,23.8149
769,-9.2661,-11.8954,24.2497
770,-9.52679,-12.1057,24.7249
771,-9.78076,-12.2754,25.2361
772,-10.0245,-12.399,25.7782
773,-10.2544,-12.4713,26.3448
774,-10.4666,-12.4877,26.9282
775,-10.6574,-12.4449,27.5197
776,-10.8229,-12.3407,28.1097
777,-10.9598,-12.1744,28.6883
778,-11.0649,-11.947,29.2448
779,-11.1354,-11.6612,29.769
780,-11.1694,-11.3216,30.251
781,-11.1655,-10.9342,30.6819
782,-11.1231,-10.5067,31.054
783,-11.0425,-10.0477,31.3613
784,-10.9247,-9.56665,31.5994
785,-10.7716,-9.07322,31.7658
786,-10.586,-8.57707,31.86
787,-10.371,-8.08738,31.8832
788,-10.1306,-7.6125,31.8382
789,-9.86887,-7.15971,31.7291
790,-9.59028,-6.73508,31.561
791,-9.29934,-6.34336,31.3397
792,-9.00056,-5.98801,31.0714
793,-8.69824,-5.67126,30.7626
794,-8.39647,-5.3942,30.4194
795,-8.09897,-5.15699,30.048
796,-7.80912,-4.959,29.654
797,-7.52986,-4.79899,29.2426
798,-7.26372,-4.67527,28.8186
799,-7.01281,-4.58587,28.3862
800,-6.77884,-4.52866,27.949
801,-6.56316,-4.50148,27.5106
802,-6.36679,-4.50218,27.0736
803,-6.19044,-4.52875,26.6407
804,-6.03457,-4.57931,26.2142
805,-5.89944,-4.65217,25.7959
806,-5.78512,-4.74586,25.3879
807,-5.69154,-4.85909,24.9916
808,-5.61856,-4.99081,24.6086
809,-5.5659,-5.14011,24.2404
810,-5.53329,-5.30631,23.8884
811,-5.52039,-5.48884,23.554
812,-5.52686,-5.68727,23.2387
813,-5.55236,-5.9013,22.9438
814,-5.59654,-6.13065,22.6708
815,-5.65907,-6.37511,22.4214
816,-5.73964,-6.63446,22.1971
817,-5.83794,-6.90845,21.9998
818,-5.95364,-7.19675,21.8311
819,-6.08645,-7.49889,21.693
820,-6.23601,-7.81427,21.5876
821,-6.40197,-8.14204,21.517
822,-6.58387,-8.48109,21.4833
823,-6.78122,-8.82998,21.4887
824,-6.9934,-9.1869,21.5355
825,-7.21965,-9.54959,21.6258
826,-7.45905,-9.91529,21.7617
827,-7.71049,-10.2807,21.9449
828,-7.9726,-10.642,22.1771
829,-8.24378,-10.9948,22.4593
830,-8.52211,-11.3339,22.7921
831,-8.80534,-11.6538,23.1753
832,-9.09088,-11.9484,23.6079
833,-9.37579,-12.2112,24.0878
834,-9.6568,-12.4355,24.6117
835,-9.93027,-12.6146,25.1752
836,-10.1923,-12.7421,25.7722
837,-10.4388,-12.8121,26.3954
838,-10.6655,-12.8194,27.0362
839,-10.8682,-12.7602,27.6845
840,-11.0426,-12.6323,28.3295
841,-11.1849,-12.435,28.9595
842,-11.2915,-12.1698,29.5627
843,-11.3597,-11.8402,30.1273
844,-11.387,-11.4518,30.6424
845,-11.3723,-11.0122,31.0981
846,-11.315,-10.5302,31.486
847,-11.2157,-10.0162,31.8
848,-11.0758,-9.48121,32.0358
849,-10.8977,-8.93633,32.1914
850,-10.6847,-8.39249,32.267
851,-10.4407,-7.85987,32.265
852,-10.1701,-7.34753,32.1891
853,-9.87783,-6.86318,32.0447
854,-9.56888,-6.41302,31.8381
855,-9.24834,-6.00168,31.5763
856,-8.92117,-5.63228,31.2666
857,-8.59208,-5.30656,30.9161
858,-8.26546,-5.02503,30.5319
859,-7.94524,-4.7872,30.1205
860,-7.63493,-4.59178,29.6881
861,-7.33753,-4.4369,29.2401
862,-7.05557,-4.32026,28.7813
863,-6.79108,-4.23939,28.316
864,-6.5457,-4.19169,27.848
865,-6.32062,-4.17461,27.3805
866,-6.11673,-4.18572,26.9163
867,-5.93456,-4.22275,26.4578
868,-5.77443,-4.28367,26.0071
869,-5.63641,-4.36668,25.5661
870,-5.52043,-4.47024,25.1364
871,-5.42628,-4.59305,24.7195
872,-5.35367,-4.73408,24.3169
873,-5.30224,-4.89249,23.9299
874,-5.27159,-5.06766,23.5599
875,-5.26132,-5.25914,23.2081
876,-5.27102,-5.46663,22.876
877,-5.30031,-5.68994,22.5649
878,-5.34883,-5.92897,22.2762
879,-5.41623,-6.18366,22.0116
880,-5.50222,-6.45397,21.7727
881,-5.60649,-6.73983,21.5612
882,-5.7288,-7.04109,21.3791
883,-5.86886,-7.35748,21.2284
884,-6.02643,-7.68859,21.1113
885,-6.20119,-8.03374,21.03
886,-6.39281,-8.39199,20.9869
887,-6.60087,-8.76208,20.9845
888,-6.82486,-9.14228,21.0253
889,-7.06412,-9.53045,21.1119
890,-7.31782,-9.92384,21.2466
891,-7.58494,-10.3192,21.4319
892,-7.86419,-10.7124,21.6696
893,-8.154,-11.0989,21.9615
894,-8.45248,-11.4733,22.3086
895,-8.75734,-11.8294,22.7112
896,-9.06594,-12.1607,23.1688
897,-9.37519,-12.4597,23.6797
898,-9.68161,-12.7189,24.2409
899,-9.98129,-12.9306,24.8479
900,-10.27,-13.0871,25.4947
901,-10.5431,-13.1812,26.1734
902,-10.796,-13.2067,26.8748
903,-11.0237,-13.1586,27.5878
904,-11.2214,-13.0336,28.3003
905,-11.3847,-12.8305,28.9991
906,-11.5093,-12.5503,29.6705
907,-11.5918,-12.1966,30.3011
908,-11.6295,-11.7753,30.878
909,-11.6205,-11.2948,31.3895
910,-11.5643,-10.7653,31.826
911,-11.4611,-10.1987,32.1799
912,-11.3125,-9.60757,32.4463
913,-11.1211,-9.0049,32.6228
914,-10.8906,-8.40336,32.7098
915,-10.6253,-7.81472,32.7099
916,-10.3303,-7.24941,32.6278
917,-10.011,-6.71623,32.4698
918,-9.67323,-6.22214,32.2434
919,-9.32269,-5.77222,31.9567
920,-8.96496,-5.36976,31.6181
921,-8.60535,-5.0164,31.236
922,-8.24872,-4.71237,30.8181
923,-7.89945,-4.45675,30.3721
924,-7.56136,-4.24774,29.9045
925,-7.23771,-4.08288,29.4214
926,-6.9312,-3.95933,28.928
927,-6.64397,-3.87401,28.4289
928,-6.37768,-3.82383,27.9278
929,-6.13353,-3.80576,27.4281
930,-5.91234,-3.81696,26.9327
931,-5.71456,-3.85481,26.4438
932,-5.54041,-3.917,25.9635
933,-5.38984,-4.0015,25.4937
934,-5.26265,-4.10662,25.0357
935,-5.15851,-4.23095,24.5911
936,-5.07699,-4.37338,24.1611
937,-5.01762,-4.53304,23.747
938,-4.97991,-4.70935,23.3499
939,-4.96335,-4.9019,22.9711
940,-4.96746,-5.11047,22.6118
941,-4.9918,-5.335,22.2733
942,-5.03597,-5.57553,21.957
943,-5.0996,-5.83219,21.6643
944,-5.18239,-6.10513,21.397
945,-5.28407,-6.39453,21.1566
946,-5.40441,-6.70049,20.945
947,-5.54323,-7.02306,20.7644
948,-5.70032,-7.36213,20.617
949,-5.87552,-7.71739,20.505
950,-6.06862,-8.08829,20.4311
951,-6.27936,-8.47392,20.398
952,-6.50741,-8.87302,20.4084
953,-6.75231,-9.28382,20.4653
954,-7.01348,-9.704,20.5716
955,-7.29012,-10.1306,20.7303
956,-7.58119,-10.56,20.944
957,-7.88538,-10.9877,21.2152
958,-8.20103,-11.4083,21.5459
959,-8.52609,-11.8159,21.9376
960,-8.85809,-12.2033,22.3908
961,-9.19408,-12.5628,22.905
962,-9.53061,-12.886,23.4784
963,-9.86376,-13.164,24.1077
964,-10.1891,-13.3876,24.7876
965,-10.5018,-13.548,25.5111
966,-10.7965,-13.6368,26.2692
967,-11.068,-13.6468,27.0507
968,-11.3105,-13.5724,27.8427
969,-11.5186,-13.4101,28.6309
970,-11.6871,-13.159,29.3998
971,-11.8115,-12.8209,30.1334
972,-11.8879,-12.4007,30.8163
973,-11.9133,-11.9064,31.4337
974,-11.8861,-11.3484,31.9728
975,-11.8058,-10.7396,32.4232
976,-11.6734,-10.0942,32.7773
977,-11.491,-9.42745,33.0308
978,-11.262,-8.75447,33.1824
979,-10.9911,-8.0897,33.234
980,-10.6837,-7.44619,33.1901
981,-10.3457,-6.83517,33.0575
982,-9.98375,-6.26566,32.8444
983,-9.60431,-5.74443,32.5601
984,-9.2139,-5.27598,32.2145
985,-8.81873,-4.86275,31.8175
986,-8.42454,-4.50536,31.3783
987,-8.03652,-4.20292,30.9059
988,-7.65923,-3.9534,30.408
989,-7.29654,-3.75391,29.8919
990,-6.95166,-3.60103,29.3635
991,-6.62716,-3.49106,28.8281
992,-6.325,-3.4202,28.2901
993,-6.04659,-3.38476,27.7531
994,-5.79287,-3.38125,27.2201
995,-5.56438,-3.40647,26.6938
996,-5.36131,-3.45759,26.1762
997,-5.18357,-3.53212,25.669
998,-5.03089,-3.62796,25.1738
999,-4.90282,-3.74341,24.6919
1000,-4.79881,-3.87708,24.2244
1001,-4.71826,-4.02794,23.7724
1002,-4.66054,-4.19526,23.337
1003,-4.625,-4.37857,22.9191
1004,-4.61106,-4.57763,22.52
1005,-4.61814,-4.79241,22.1406
1006,-4.64575,-5.02304,21.7822
1007,-4.69346,-5.26978,21.4461
1008,-4.76091,-5.53299,21.1336
1009,-4.84779,-5.81307,20.8463
1010,-4.9539,-6.11046,20.586
1011,-5.07906,-6.42555,20.3545
1012,-5.22317,-6.75868,20.1539
1013,-5.38614,-7.11006,19.9864
1014,-5.56793,-7.4797,19.8547
1015,-5.76847,-7.86739,19.7614
1016,-5.98768,-8.2726,19.7094
1017,-6.22539,-8.69438,19.702
1018,-6.48137,-9.13132,19.7423
1019,-6.75523,-9.5814,19.8339
1020,-7.04638,-10.0419,19.9801
1021,-7.35402,-10.5095,20.1846
1022,-7.67705,-10.9796,20.4504
1023,-8.01399,-11.4471,20.7806
1024,-8.36297,-11.9055,21.1775
1025,-8.72163,-12.3475,21.6428
1026,-9.08708,-12.7645,22.177
1027,-9.45586,-13.1472,22.7794
1028,-9.82389,-13.4854,23.4474
1029,-10.1865,-13.7684,24.1766
1030,-10.5384,-13.9854,24.9604
1031,-10.8739,-14.1259,25.7896
1032,-11.1867,-14.1806,26.6527
1033,-11.4705,-14.1415,27.5358
1034,-11.7188,-14.0028,28.4227
1035,-11.9253,-13.7619,29.2957
1036,-12.0843,-13.4194,30.1362
1037,-12.1908,-12.9793,30.9255
1038,-12.2409,-12.4497,31.6457
1039,-12.2319,-11.8421,32.2807
1040,-12.1628,-11.1709,32.8172
1041,-12.034,-10.4528,33.2451
1042,-11.8475,-9.70556,33.5585
1043,-11.607,-8.94757,33.755
1044,-11.3175,-8.19626,33.8365
1045,-10.985,-7.46753,33.8078
1046,-10.6164,-6.77506,33.677
1047,-10.2192,-6.12984,33.4538
1048,-9.80109,-5.54003,33.1495
1049,-9.36951,-5.01096,32.7758
1050,-8.93171,-4.5454,32.3443
1051,-8.49437,-4.14384,31.8663
1052,-8.06348,-3.80498,31.352
1053,-7.64428,-3.52606,30.8107
1054,-7.24117,-3.30338,30.2503
1055,-6.85779,-3.13258,29.6778
1056,-6.49696,-3.00903,29.0989
1057,-6.1608,-2.92806,28.5183
1058,-5.8508,-2.88514,27.9399
1059,-5.56789,-2.87604,27.3667
1060,-5.31251,-2.89693,26.8013
1061,-5.08474,-2.94441,26.2457
1062,-4.88432,-3.01555,25.7015
1063,-4.71079,-3.10789,25.1699
1064,-4.56351,-3.21943,24.6522
1065,-4.44172,-3.3486,24.1493
1066,-4.34461,-3.4942,23.662
1067,-4.27136,-3.65543,23.1912
1068,-4.22116,-3.83178,22.7377
1069,-4.19324,-4.02303,22.3023
1070,-4.1869,-4.2292,21.8859
1071,-4.20151,-4.45053,21.4895
1072,-4.23654,-4.68742,21.1142
1073,-4.29155,-4.94042,20.761
1074,-4.36622,-5.21017,20.4314
1075,-4.46028,-5.49738,20.1269
1076,-4.5736,-5.8028,19.849
1077,-4.70611,-6.12715,19.5997
1078,-4.85782,-6.47112,19.3811
1079,-5.0288,-6.83528,19.1956
1080,-5.21916,-7.22003,19.0457
1081,-5.42902,-7.62557,18.9345
1082,-5.6585,-8.05176,18.865
1083,-5.90769,-8.49809,18.8408
1084,-6.17657,-8.96357,18.8655
1085,-6.46502,-9.44657,18.9432
1086,-6.77274,-9.94476,19.0781
1087,-7.0992,-10.455,19.2742
1088,-7.44356,-10.973,19.5359
1089,-7.80462,-11.4936,19.8672
1090,-8.18073,-12.0102,20.2715
1091,-8.5697,-12.5151,20.7519
1092,-8.96876,-12.9989,21.3102
1093,-9.37446,-13.4514,21.9469
1094,-9.78263,-13.8607,22.6609
1095,-10.1883,-14.2145,23.4487
1096,-10.5858,-14.4994,24.3043
1097,-10.9688,-14.7026,25.2188
1098,-11.3302,-14.8116,26.1801
1099,-11.6625,-14.8155,27.1733
1100,-11.9582,-14.7058,28.1802
1101,-12.2096,-14.4771,29.1803
1102,-12.4094,-14.1283,30.1515
1103,-12.5514,-13.6625,31.0711
1104,-12.6301,-13.0876,31.9168
1105,-12.6419,-12.4162,32.6685
1106,-12.5846,-11.665,33.3087
1107,-12.4582,-10.8538,33.8244
1108,-12.2647,-10.0042,34.2071
1109,-12.0077,-9.13854,34.4537
1110,-11.693,-8.27848,34.5656
1111,-11.3274,-7.4437,34.5488
1112,-10.9191,-6.65108,34.413
1113,-10.4768,-5.91409,34.1703
1114,-10.0095,-5.24256,33.8346
1115,-9.5263,-4.64271,33.4202
1116,-9.03557,-4.1175,32.9414
1117,-8.54517,-3.66703,32.4117
1118,-8.06212,-3.28915,31.8433
1119,-7.59243,-2.98003,31.2471
1120,-7.14115,-2.73469,30.6321
1121,-6.71232,-2.54746,30.0062
1122,-6.30906,-2.41242,29.3757
1123,-5.93361,-2.3237,28.7454
1124,-5.58746,-2.27568,28.1195
1125,-5.27143,-2.26319,27.5009
1126,-4.98582,-2.28158,26.8921
1127,-4.73047,-2.32678,26.2947
1128,-4.50487,-2.39532,25.7102
1129,-4.30828,-2.48431,25.1396
1130,-4.13975,-2.59141,24.5837
1131,-3.99825,-2.71481,24.0432
1132,-3.88269,-2.85314,23.5187
1133,-3.79198,-3.00549,23.0106
1134,-3.72505,-3.1713,22.5196
1135,-3.68091,-3.35034,22.046
1136,-3.65865,-3.54268,21.5906
1137,-3.65747,-3.74862,21.154
1138,-3.67667,-3.96869,20.7369
1139,-3.7157,-4.20359,20.3402
1140,-3.77413,-4.45415,19.9648
1141,-3.85163,-4.72135,19.612
1142,-3.94803,-5.00624,19.283
1143,-4.06327,-5.3099,18.9794
1144,-4.19739,-5.63347,18.7029
1145,-4.35055,-5.97806,18.4556
1146,-4.52299,-6.34472,18.2396
1147,-4.71501,-6.73438,18.0576
1148,-4.92699,-7.14782,17.9126
1149,-5.15931,-7.58556,17.8078
1150,-5.41236,-8.04781,17.7469
1151,-5.6865,-8.53432,17.7339
1152,-5.982,-9.04432,17.7732
1153,-6.29899,-9.57635,17.8697
1154,-6.63741,-10.1281,18.0283
1155,-6.99697,-10.6962,18.2544
1156,-7.37698,-11.2762,18.5533
1157,-7.77637,-11.8622,18.9303
1158,-8.19352,-12.4468,19.3902
1159,-8.62616,-13.0209,19.9371
1160,-9.07133,-13.5735,20.574
1161,-9.52518,-14.0922,21.3025
1162,-9.98299,-14.5626,22.1219
1163,-10.439,-14.9692,23.0286
1164,-10.8866,-15.2956,24.0161
1165,-11.3181,-15.5252,25.074
1166,-11.7251,-15.6424,26.1877
1167,-12.0985,-15.6332,27.3386
1168,-12.4289,-15.4868,28.5043
1169,-12.707,-15.1968,29.659
1170,-12.9241,-14.7618,30.7751
1171,-13.0722,-14.1869,31.8239
1172,-13.1452,-13.4831,32.7781
1173,-13.1387,-12.6677,33.6129
1174,-13.0507,-11.763,34.3083
1175,-12.8818,-10.7951,34.8497
1176,-12.6348,-9.7919,35.2293
1177,-12.3154,-8.78162,35.4459
1178,-11.9309,-7.79065,35.5045
1179,-11.4906,-6.84218,35.4155
1180,-11.0048,-5.95516,35.1934
1181,-10.4844,-5.14373,34.8552
1182,-9.94029,-4.41713,34.4192
1183,-9.38316,-3.78007,33.9037
1184,-8.82279,-3.23329,33.326
1185,-8.268,-2.77434,32.7018
1186,-7.72639,-2.39839,32.0449
1187,-7.2043,-2.09898,31.3668
1188,-6.70681,-1.86874,30.6772
1189,-6.23778,-1.69989,29.9836
1190,-5.79998,-1.58475,29.2919
1191,-5.39518,-1.51599,28.6065
1192,-5.02433,-1.48685,27.9307
1193,-4.68767,-1.49133,27.2669
1194,-4.38487,-1.52413,26.6167
1195,-4.11521,-1.58078,25.9813
1196,-3.87759,-1.65754,25.3614
1197,-3.67074,-1.75136,24.7574
1198,-3.49323,-1.85987,24.1696
1199,-3.34357,-1.98126,23.5983
1200,-3.22027,-2.11424,23.0436
1201,-3.12189,-2.25799,22.5055
1202,-3.04705,-2.41206,21.9843
1203,-2.99449,-2.57637,21.4801
1204,-2.96307,-2.75112,20.9931
1205,-2.95179,-2.93678,20.5236
1206,-2.95981,-3.13402,20.072
1207,-2.98643,-3.34373,19.6388
1208,-3.03112,-3.56692,19.2246
1209,-3.09349,-3.80479,18.83
1210,-3.17333,-4.05862,18.456
1211,-3.27055,-4.32982,18.1036
1212,-3.38523,-4.61986,17.7742
1213,-3.51757,-4.93028,17.469
1214,-3.6679,-5.26265,17.1899
1215,-3.83669,-5.61856,16.939
1216,-4.02448,-5.99954,16.7185
1217,-4.23193,-6.40708,16.5312
1218,-4.45976,-6.84252,16.3803
1219,-4.70875,-7.30699,16.2692
1220,-4.97968,-7.80135,16.2021
1221,-5.27333,-8.32602,16.1837
1222,-5.59044,-8.88092,16.2189
1223,-5.93161,-9.46523,16.3136
1224,-6.29727,-10.0773,16.4739
1225,-6.68761,-10.7142,16.7065
1226,-7.10246,-11.3719,17.0183
1227,-7.5412,-12.0445,17.4166
1228,-8.00261,-12.7243,17.9083
1229,-8.48476,-13.4015,18.5001
1230,-8.98486,-14.0639,19.1975
1231,-9.49911,-14.6967,20.0045
1232,-10.0225,-15.2828,20.9228
1233,-10.5489,-15.8029,21.9509
1234,-11.0706,-16.2357,23.0835
1235,-11.5787,-16.5593,24.3103
1236,-12.0631,-16.7519,25.6155
1237,-12.5126,-16.7934,26.9776
1238,-12.9152,-16.6671,28.3692
1239,-13.259,-16.362,29.7582
1240,-13.5321,-15.8736,31.1086
1241,-13.724,-15.206,32.3825
1242,-13.8259,-14.3724,33.5433
1243,-13.8317,-13.3944,34.5575
1244,-13.7379,-12.3013,35.3977
1245,-13.545,-11.1281,36.0446
1246,-13.2563,-9.91227,36.4881
1247,-12.879,-8.69168,36.7279
1248,-12.4225,-7.5013,36.7722
1249,-11.899,-6.37125,36.6367
1250,-11.3216,-5.32531,36.3421
1251,-10.7044,-4.38024,35.9125
1252,-10.0613,-3.54592,35.3728
1253,-9.40558,-2.82599,34.7473
1254,-8.74921,-2.2189,34.0583
1255,-8.10277,-1.71914,33.3252
1256,-7.47516,-1.31845,32.5645
1257,-6.87353,-1.00688,31.7894
1258,-6.30339,-0.773765,31.0104
1259,-5.76868,-0.60836,30.2353
1260,-5.27197,-0.500395,29.4696
1261,-4.81465,-0.44039,28.7174
1262,-4.39711,-0.419852,27.9811
1263,-4.01895,-0.431361,27.2624
1264,-3.67917,-0.468579,26.562
1265,-3.37628,-0.526203,25.8803
1266,-3.10851,-0.599897,25.2172
1267,-2.87387,-0.686193,24.5725
1268,-2.67027,-0.782395,23.946
1269,-2.4956,-0.886481,23.3371
1270,-2.34777,-0.997008,22.7454
1271,-2.2248,-1.11303,22.1707
1272,-2.12482,-1.23402,21.6124
1273,-2.04609,-1.35979,21.0703
1274,-1.98706,-1.49048,20.5442
1275,-1.94634,-1.62645,20.0338
1276,-1.92271,-1.76827,19.539
1277,-1.91514,-1.91672,19.0597
1278,-1.92277,-2.0727,18.5959
1279,-1.94493,-2.23728,18.1477
1280,-1.9811,-2.41161,17.7151
1281,-2.03094,-2.597,17.2985
1282,-2.09428,-2.79484,16.8982
1283,-2.17107,-3.00662,16.5145
1284,-2.26145,-3.23397,16.1482
1285,-2.36569,-3.47858,15.7998
1286,-2.48419,-3.74225,15.4704
1287,-2.61751,-4.0269,15.1611
1288,-2.76632,-4.33451,14.8731
1289,-2.93144,-4.66718,14.6083
1290,-3.1138,-5.02704,14.3684
1291,-3.31446,-5.4163,14.1558
1292,-3.53457,-5.83717,13.9734
1293,-3.77541,-6.29183,13.8244
1294,-4.03832,-6.78238,13.7126
1295,-4.3247,-7.31072,13.6425
1296,-4.636,-7.87848,13.6192
1297,-4.97367,-8.48684,13.6487
1298,-5.33909,-9.13638,13.7379
1299,-5.73352,-9.82678,13.8944
1300,-6.15805,-10.5566,14.1267
1301,-6.61343,-11.323,14.4444
1302,-7.1,-12.1212,14.8575
1303,-7.61747,-12.9441,15.3768
1304,-8.16481,-13.7817,16.013
1305,-8.73997,-14.6209,16.7766
1306,-9.33967,-15.4448,17.6768
1307,-9.95914,-16.2327,18.7207
1308,-10.5919,-16.9595,19.9122
1309,-11.2295,-17.5967,21.2501
1310,-11.8615,-18.1126,22.7272
1311,-12.4752,-18.4741,24.3284
1312,-13.0561,-18.6487,26.0295
1313,-13.5881,-18.6068,27.7969
1314,-14.054,-18.3255,29.5879
1315,-14.4367,-17.7914,31.3519
1316,-14.7198,-17.0039,33.0339
1317,-14.8893,-15.9764,34.5776
1318,-14.9343,-14.7375,35.931
1319,-14.8486,-13.3286,37.0506
1320,-14.6308,-11.8016,37.9054
1321,-14.285,-10.2136,38.4797
1322,-13.8204,-8.62201,38.7737
1323,-13.2505,-7.07965,38.802
1324,-12.5923,-5.63085,38.5908
1325,-11.8648,-4.30897,38.1742
1326,-11.0878,-3.13565,37.5903
1327,-10.2807,-2.12132,36.8772
1328,-9.46163,-1.26682,36.0709
1329,-8.64669,-0.565445,35.2028
1330,-7.8495,-0.00524518,34.2991
1331,-7.08108,0.428954,33.3804
1332,-6.34989,0.753807,32.4624
1333,-5.66198,0.986126,31.5564
1334,-5.02124,1.14196,30.6697
1335,-4.42975,1.23604,29.8071
1336,-3.88805,1.28141,28.9711
1337,-3.39547,1.2894,28.1625
1338,-2.95041,1.26957,27.3813
1339,-2.55062,1.2299,26.6269
1340,-2.19334,1.17687,25.8981
1341,-1.87553,1.1157,25.1936
1342,-1.59402,1.05049,24.5121
1343,-1.34556,0.984414,23.8524
1344,-1.12697,0.91987,23.2131
1345,-0.935187,0.858619,22.5933
1346,-0.767267,0.801916,21.9918
1347,-0.620467,0.750609,21.4078
1348,-0.492236,0.705234,20.8405
1349,-0.380226,0.666088,20.2891
1350,-0.282293,0.633292,19.7531
1351,-0.196494,0.606845,19.2319
1352,-0.121072,0.58666,18.7249
1353,-0.0544507,0.572603,18.2316
1354,0.00478318,0.564516,17.7518
1355,0.0578931,0.562242,17.2848
1356,0.106008,0.565634,16.8304
1357,0.150136,0.574577,16.3883
1358,0.19118,0.58899,15.958
1359,0.229954,0.608838,15.5393
1360,0.26719,0.634135,15.1319
1361,0.303556,0.664953,14.7356
1362,0.339666,0.70142,14.35
1363,0.37609,0.743728,13.9749
1364,0.413368,0.792136,13.6102
1365,0.452012,0.846972,13.2556
1366,0.492525,0.908637,12.9108
1367,0.535399,0.977608,12.5759
1368,0.581133,1.05445,12.2505
1369,0.630233,1.1398,11.9347
1370,0.683225,1.23441,11.6284
1371,0.740659,1.33912,11.3314
1372,0.803118,1.45488,11.0439
1373,0.871227,1.58276,10.7658
1374,0.945657,1.72394,10.4973
1375,1.02714,1.87978,10.2386
1376,1.11646,2.05173,9.99
1377,1.21449,2.24147,9.7518
1378,1.32219,2.45079,9.52454
1379,1.44058,2.68171,9.30888
1380,1.57081,2.93645,9.10564
1381,1.71414,3.21742,8.91588
1382,1.87195,3.52728,8.74091
1383,2.04573,3.86891,8.58236
1384,2.23716,4.24545,8.44222
1385,2.44802,4.66024,8.32297
1386,2.68028,5.11687,8.2276
1387,2.93607,5.6191,8.1598
1388,3.21768,6.17085,8.12401
1389,3.52755,6.7761,8.1256
1390,3.86827,7.43877,8.17106
1391,4.24257,8.16258,8.26813
1392,4.65321,8.95078,8.42604
1393,5.103,9.80586,8.65567
1394,5.59466,10.7291,8.96976
1395,6.13068,11.7201,9.38305
1396,6.71317,12.776,9.91231
1397,7.3436,13.8904,10.5763
1398,8.02251,15.0528,11.3954
1399,8.74914,16.2471,12.391
1400,9.52091,17.4503,13.5844
1401,10.3329,18.6313,14.9954
1402,11.1774,19.7503,16.6392
1403,12.0431,20.7581,18.5243
1404,12.9146,21.597,20.648
1405,13.7723,22.2031,22.9926
1406,14.5921,22.5104,25.5219
1407,15.3461,22.4569,28.178
1408,16.0037,21.9929,30.8817
1409,16.5335,21.0894,33.5352
1410,16.9055,19.7462,36.0294
1411,17.0941,17.9967,38.2545
1412,17.0813,15.9082,40.1126
1413,16.8584,13.5762,41.5304
1414,16.4275,11.1141,42.4679
1415,15.8018,8.63893,42.9221
1416,15.0039,6.25852,42.9245
1417,14.0636,4.06024,42.5338
1418,13.015,2.10504,41.8247
1419,11.8933,0.426279,40.8779
1420,10.7324,-0.967472,39.7703
1421,9.56278,-2.08712,38.5696
1422,8.41021,-2.95692,37.33
1423,7.29536,-3.6087,36.0927
1424,6.23373,-4.07722,34.8861
1425,5.236,-4.39679,33.7283
1426,4.30872,-4.59916,32.629
1427,3.45494,-4.71239,31.5923
1428,2.67495,-4.76044,30.618
1429,1.96696,-4.76324,29.7035
1430,1.32759,-4.73703,28.8449
1431,0.752426,-4.69477,28.0378
1432,0.236371,-4.6467,27.2774
1433,-0.226047,-4.60073,26.5596
1434,-0.64044,-4.56295,25.8805
1435,-1.01239,-4.53794,25.2368
1436,-1.34732,-4.52911,24.6256
1437,-1.65043,-4.53899,24.0448
1438,-1.92662,-4.5694,23.4925
1439,-2.18046,-4.62166,22.9676
1440,-2.41622,-4.6967,22.4689
1441,-2.63781,-4.7952,21.9961
1442,-2.84884,-4.91769,21.5487
1443,-3.05263,-5.06454,21.127
1444,-3.25219,-5.23611,20.7313
1445,-3.4503,-5.4327,20.3622
1446,-3.64948,-5.65461,20.0206
1447,-3.85206,-5.90212,19.7076
1448,-4.06017,-6.17551,19.4247
1449,-4.27575,-6.47503,19.1737
1450,-4.50059,-6.80084,18.9566
1451,-4.73632,-7.15302,18.7757
1452,-4.9844,-7.5315,18.6338
1453,-5.24615,-7.93595,18.5338
1454,-5.52271,-8.36573,18.4791
1455,-5.81504,-8.81982,18.4735
1456,-6.12387,-9.29665,18.521
1457,-6.44971,-9.79399,18.6258
1458,-6.79274,-10.3088,18.7925
1459,-7.15281,-10.8372,19.0256
1460,-7.52935,-11.374,19.3296
1461,-7.92131,-11.913,19.7088
1462,-8.32705,-12.4465,20.167
1463,-8.74433,-12.9653,20.7069
1464,-9.17013,-13.4589,21.3304
1465,-9.60068,-13.9152,22.0374
1466,-10.0313,-14.3209,22.8258
1467,-10.4566,-14.662,23.6911
1468,-10.8702,-14.924,24.6255
1469,-11.2649,-15.0925,25.618
1470,-11.633,-15.1547,26.6541
1471,-11.9665,-15.0994,27.7158
1472,-12.2569,-14.9187,28.7822
1473,-12.4962,-14.6087,29.8298
1474,-12.677,-14.1703,30.834
1475,-12.7929,-13.6097,31.7699
1476,-12.839,-12.9382,32.6143
1477,-12.8121,-12.1723,33.3466
1478,-12.711,-11.3321,33.9502
1479,-12.537,-10.441,34.4139
1480,-12.2933,-9.52333,34.7318
1481,-11.9851,-8.60332,34.9038
1482,-11.6195,-7.70352,34.9349
1483,-11.2049,-6.84364,34.8346
1484,-10.7505,-6.03972,34.6154
1485,-10.266,-5.30378,34.2922
1486,-9.76124,-4.64371,33.8808
1487,-9.24554,-4.0636,33.397
1488,-8.72762,-3.56424,32.8559
1489,-8.21531,-3.14369,32.2712
1490,-7.71538,-2.798,31.655
1491,-7.23354,-2.52177,31.0178
1492,-6.77438,-2.30881,30.3681
1493,-6.34144,-2.15253,29.7131
1494,-5.93731,-2.04633,29.0581
1495,-5.56369,-1.98392,28.4075
1496,-5.22157,-1.95945,27.7647
1497,-4.91129,-1.96765,27.1321
1498,-4.63272,-2.00392,26.5115
1499,-4.3853,-2.06429,25.9042
1500,-4.1682,-2.14545,25.3112
1501,-3.98037,-2.24472,24.7333
1502,-3.82066,-2.35999,24.171
1503,-3.68782,-2.48966,23.6247
1504,-3.58062,-2.63261,23.0948
1505,-3.49783,-2.78811,22.5816
1506,-3.43831,-2.95584,22.0856
1507,-3.401,-3.13575,21.6071
1508,-3.38496,-3.32809,21.1467
1509,-3.38937,-3.53335,20.7048
1510,-3.41355,-3.7522,20.2822
1511,-3.45695,-3.98552,19.8795
1512,-3.51915,-4.23429,19.4978
1513,-3.59991,-4.49963,19.138
1514,-3.69908,-4.78276,18.8015
1515,-3.81666,-5.08493,18.4897
1516,-3.95279,-5.40745,18.2042
1517,-4.10769,-5.75163,17.947
1518,-4.2817,-6.11872,17.7203
1519,-4.47525,-6.50992,17.5268
1520,-4.68881,-6.92625,17.3692
1521,-4.92292,-7.36854,17.2511
1522,-5.17811,-7.83732,17.176
1523,-5.45492,-8.33272,17.1481
1524,-5.75381,-8.85435,17.1721
1525,-6.07513,-9.40119,17.253
1526,-6.41905,-9.97134,17.3961
1527,-6.78552,-10.562,17.6073
1528,-7.17414,-11.1689,17.8924
1529,-7.58412,-11.7867,18.2575
1530,-8.01413,-12.4083,18.7084
1531,-8.46218,-13.0246,19.2502
1532,-8.92555,-13.6247,19.8872
1533,-9.40064,-14.1956,20.6223
1534,-9.88284,-14.7226,21.4562
1535,-10.3665,-15.1888,22.3868
1536,-10.8449,-15.5764,23.4089
1537,-11.31,-15.8669,24.513
1538,-11.7531,-16.042,25.6852
1539,-12.1644,-16.085,26.907
1540,-12.5338,-15.9822,28.155
1541,-12.8507,-15.7242,29.402
1542,-13.1052,-15.3072,30.6178
1543,-13.2883,-14.7341,31.7705
1544,-13.3922,-14.0151,32.829
1545,-13.4114,-13.1673,33.7645
1546,-13.3428,-12.2143,34.5529
1547,-13.186,-11.1844,35.1763
1548,-12.9438,-10.1087,35.6242
1549,-12.6212,-9.01895,35.8936
1550,-12.2263,-7.94537,35.9891
1551,-11.7686,-6.91472,35.9215
1552,-11.2594,-5.94903,35.7067
1553,-10.7106,-5.06486,35.3635
1554,-10.1342,-4.2731,34.9125
1555,-9.54214,-3.57937,34.3744
1556,-8.94516,-2.98466,33.7686
1557,-8.35309,-2.48622,33.1129
1558,-7.77437,-2.07856,32.4226
1559,-7.21603,-1.75431,31.7108
1560,-6.68366,-1.50502,30.9877
1561,-6.1815,-1.32187,30.2617
1562,-5.71254,-1.19612,29.539
1563,-5.27868,-1.11946,28.8242
1564,-4.88088,-1.08431,28.1208
1565,-4.51931,-1.08387,27.4309
1566,-4.19355,-1.11225,26.7562
1567,-3.90268,-1.16442,26.0974
1568,-3.64543,-1.23621,25.4553
1569,-3.42031,-1.32422,24.83
1570,-3.22565,-1.42579,24.2216
1571,-3.05976,-1.53888,23.6301
1572,-2.92091,-1.66202,23.0555
1573,-2.80744,-1.79424,22.4976
1574,-2.71776,-1.93497,21.9563
1575,-2.65041,-2.08403,21.4318
1576,-2.60407,-2.24155,20.9238
1577,-2.57754,-2.40791,20.4326
1578,-2.56983,-2.58374,19.9583
1579,-2.58007,-2.76986,19.501
1580,-2.60759,-2.96726,19.0613
1581,-2.65186,-3.17709,18.6394
1582,-2.71254,-3.40063,18.2359
1583,-2.78944,-3.63927,17.8515
1584,-2.88252,-3.89453,17.4871
1585,-2.99191,-4.168,17.1438
1586,-3.11785,-4.46136,16.8227
1587,-3.26076,-4.77635,16.5253
1588,-3.42117,-5.11476,16.2534
1589,-3.59972,-5.4784,16.0092
1590,-3.79718,-5.86906,15.7949
1591,-4.0144,-6.28848,15.6135
1592,-4.25232,-6.73829,15.4683
1593,-4.51193,-7.21993,15.363
1594,-4.79426,-7.73457,15.302
1595,-5.10033,-8.28297,15.2902
1596,-5.4311,-8.86536,15.3334
1597,-5.78744,-9.48123,15.4376
1598,-6.17005,-10.1292,15.6099
1599,-6.57935,-10.8065,15.8576
1600,-7.01543,-11.5092,16.1889
1601,-7.47787,-12.2312,16.6118
1602,-7.96564,-12.9646,17.1349
1603,-8.47692,-13.6989,17.766
1604,-9.00894,-14.4208,18.512
1605,-9.55778,-15.1142,19.3784
1606,-10.1182,-15.7597,20.3681
1607,-10.6836,-16.3357,21.4804
1608,-11.2456,-16.8177,22.7104
1609,-11.7945,-17.1804,24.0471
1610,-12.3188,-17.3982,25.4737
1611,-12.806,-17.4475,26.9658
1612,-13.2425,-17.3084,28.4927
1613,-13.6146,-16.9676,30.0171
1614,-13.9088,-16.4197,31.4975
1615,-14.113,-15.6697,32.8902
1616,-14.2172,-14.733,34.1525
1617,-14.2144,-13.6359,35.2462
1618,-14.101,-12.4132,36.1405
1619,-13.8777,-11.1064,36.8144
1620,-13.5489,-9.75956,37.2584
1621,-13.1232,-8.41648,37.4743
1622,-12.6119,-7.11691,37.4743
1623,-12.0291,-5.89421,37.2788
1624,-11.3902,-4.77377,36.9135
1625,-10.7112,-3.77242,36.4073
1626,-10.0076,-2.89892,35.7895
1627,-9.29409,-2.15487,35.0876
1628,-8.58381,-1.53622,34.3264
1629,-7.888,-1.03478,33.527
1630,-7.21592,-0.63965,32.7066
1631,-6.57484,-0.338501,31.8788
1632,-5.97014,-0.118585,31.0538
1633,-5.40548,0.0325416,30.2388
1634,-4.88303,0.126509,29.4389
1635,-4.40369,0.173837,28.6572
1636,-3.96734,0.183785,27.8956
1637,-3.57304,0.16432,27.155
1638,-3.21927,0.122151,26.4356
1639,-2.90404,0.0628152,25.7371
1640,-2.62511,-0.00920528,25.0591
1641,-2.38004,-0.0903649,24.4009
1642,-2.16634,-0.177929,23.7618
1643,-1.98154,-0.269858,23.1411
1644,-1.82322,-0.364697,22.5381
1645,-1.68909,-0.461481,21.9521
1646,-1.57701,-0.559648,21.3827
1647,-1.48499,-0.658971,20.8292
1648,-1.41124,-0.759493,20.2912
1649,-1.35414,-0.86148,19.7683
1650,-1.31226,-0.965375,19.2601
1651,-1.28438,-1.07177,18.7664
1652,-1.26942,-1.18139,18.2867
1653,-1.2665,-1.29504,17.821
1654,-1.27491,-1.41364,17.369
1655,-1.29409,-1.53818,16.9307
1656,-1.32362,-1.66974,16.5058
1657,-1.36325,-1.80946,16.0945
1658,-1.41284,-1.95857,15.6968
1659,-1.47242,-2.11839,15.3128
1660,-1.5421,-2.2903,14.9426
1661,-1.62216,-2.47581,14.5866
1662,-1.71298,-2.67651,14.2451
1663,-1.81506,-2.89411,13.9187
1664,-1.92902,-3.13043,13.6081
1665,-2.05561,-3.38742,13.3141
1666,-2.19569,-3.66716,13.0377
1667,-2.35025,-3.97189,12.7802
1668,-2.52041,-4.30394,12.5433
1669,-2.70739,-4.6658,12.3289
1670,-2.91256,-5.06006,12.1393
1671,-3.1374,-5.48941,11.9773
1672,-3.38352,-5.95658,11.8462
1673,-3.6526,-6.46431,11.75
1674,-3.94647,-7.01525,11.6934
1675,-4.26699,-7.61185,11.6821
1676,-4.61608,-8.25621,11.7223
1677,-4.99565,-8.94992,11.8218
1678,-5.40753,-9.69372,11.9891
1679,-5.85341,-10.4873,12.2343
1680,-6.33472,-11.3287,12.5683
1681,-6.85247,-12.2141,13.0035
1682,-7.40708,-13.137,13.5533
1683,-7.99817,-14.0877,14.2315
1684,-8.62429,-15.0524,15.0524
1685,-9.28259,-16.013,16.0293
1686,-9.96853,-16.9458,17.1738
1687,-10.6755,-17.8219,18.4938
1688,-11.3944,-18.6066,19.9924
1689,-12.1136,-19.2608,21.6648
1690,-12.8185,-19.7418,23.4967
1691,-13.492,-20.0063,25.462
1692,-14.1145,-20.0139,27.522
1693,-14.6646,-19.7316,29.6245
1694,-15.1206,-19.1383,31.7064
1695,-15.4615,-18.2296,33.6967
1696,-15.6687,-17.0207,35.5223
1697,-15.7279,-15.5472,37.1146
1698,-15.6307,-13.8635,38.417
1699,-15.3751,-12.0379,39.3899
1700,-14.9662,-10.146,40.0155
1701,-14.416,-8.26272,40.2975
1702,-13.7422,-6.45579,40.2593
1703,-12.9665,-4.77996,39.9394
1704,-12.1132,-3.27418,39.3856
1705,-11.207,-1.96108,38.6492
1706,-10.2717,-0.84842,37.7798
1707,-9.3291,0.0681532,36.8224
1708,-8.39796,0.801864,35.8146
1709,-7.4937,1.37157,34.7863
1710,-6.62835,1.799,33.76
1711,-5.81063,2.10661,32.7515
1712,-5.04638,2.31603,31.7711
1713,-4.33886,2.44718,30.8247
1714,-3.68926,2.5177,29.9153
1715,-3.09707,2.54281,29.0434
1716,-2.56051,2.53536,28.2084
1717,-2.07686,2.50597,27.4085
1718,-1.64274,2.46325,26.6418
1719,-1.25435,2.41412,25.9059
1720,-0.907682,2.36403,25.1988
1721,-0.598642,2.31722,24.5184
1722,-0.323173,2.27694,23.8629
1723,-0.0773325,2.24565,23.2305
1724,0.142646,2.22518,22.62
1725,0.340322,2.21688,22.0301
1726,0.519028,2.22176,21.4598
1727,0.68186,2.24055,20.9084
1728,0.831682,2.27383,20.3751
1729,0.971132,2.32205,19.8594
1730,1.10264,2.38563,19.3609
1731,1.22845,2.465,18.8793
1732,1.35061,2.56058,18.4145
1733,1.47105,2.67289,17.9664
1734,1.59155,2.80253,17.535
1735,1.71379,2.95021,17.1205
1736,1.83935,3.11673,16.7231
1737,1.96976,3.30306,16.3434
1738,2.1065,3.51027,15.9818
1739,2.251,3.73961,15.6392
1740,2.4047,3.99244,15.3165
1741,2.56903,4.27029,15.0148
1742,2.74543,4.5748,14.7356
1743,2.93539,4.90773,14.4807
1744,3.14041,5.27097,14.2522
1745,3.36203,5.66644,14.0526
1746,3.60183,6.09613,13.8848
1747,3.86143,6.56196,13.7525
1748,4.14248,7.06579,13.6596
1749,4.44664,7.60924,13.6111
1750,4.77554,8.19362,13.6124
1751,5.13077,8.81971,13.6699
1752,5.5138,9.48759,13.7909
1753,5.92592,10.1964,13.9835
1754,6.36818,10.9439,14.2567
1755,6.84121,11.7263,14.6204
1756,7.34513,12.5377,15.085
1757,7.87939,13.3695,15.6613
1758,8.4425,14.2103,16.3601
1759,9.03187,15.0451,17.1913
1760,9.64356,15.8549,18.1634
1761,10.272,16.6168,19.2819
1762,10.9097,17.304,20.5485
1763,11.5473,17.886,21.9592
1764,12.1733,18.3302,23.503
1765,12.7739,18.6033,25.1604
1766,13.3337,18.6737,26.9026
1767,13.8361,18.5147,28.6911
1768,14.2637,18.1076,30.4789
1769,14.5994,17.4451,32.2126
1770,14.828,16.5333,33.8357
1771,14.9368,15.3933,35.2935
1772,14.9172,14.0606,36.5373
1773,14.7651,12.5825,37.5293
1774,14.482,11.0142,38.2461
1775,14.0746,9.41386,38.6797
1776,13.5544,7.83741,38.838
1777,12.9369,6.33394,38.7419
1778,12.2402,4.94258,38.4222
1779,11.484,3.69091,37.9155
1780,10.6881,2.59481,37.2606
1781,9.87144,1.65965,36.4949
1782,9.05116,0.882164,35.6524
1783,8.24221,0.252682,34.7619
1784,7.45694,-0.242676,33.847
1785,6.7051,-0.620084,32.9258
1786,5.99391,-0.896475,32.0115
1787,5.32831,-1.08843,31.1135
1788,4.71124,-1.21142,30.2377
1789,4.14395,-1.27941,29.3875
1790,3.62633,-1.3046,28.5646
1791,3.15722,-1.29746,27.7694
1792,2.73463,-1.26675,27.0014
1793,2.35602,-1.21967,26.2596
1794,2.01847,-1.16208,25.543
1795,1.71884,-1.09861,24.85
1796,1.4539,-1.03288,24.1794
1797,1.22042,-0.967653,23.53
1798,1.01526,-0.905003,22.9005
1799,0.835392,-0.846424,22.2899
1800,0.677976,-0.792954,21.6973
1801,0.540353,-0.745281,21.1217
1802,0.420066,-0.703814,20.5625
1803,0.314862,-0.668761,20.0189
1804,0.222692,-0.640181,19.4904
1805,0.141701,-0.618031,18.9764
1806,0.0702187,-0.602205,18.4764
1807,0.00674425,-0.592563,17.99
1808,-0.0500653,-0.588954,17.5167
1809,-0.101411,-0.591237,17.0562
1810,-0.148368,-0.599292,16.6082
1811,-0.191899,-0.613034,16.1721
1812,-0.232868,-0.63242,15.7479
1813,-0.272057,-0.657459,15.3351
1814,-0.310175,-0.688213,14.9335
1815,-0.347873,-0.724804,14.5428
1816,-0.385755,-0.767418,14.1629
1817,-0.424389,-0.816307,13.7933
1818,-0.464315,-0.871795,13.4341
1819,-0.506057,-0.934281,13.0849
1820,-0.550131,-1.00424,12.7456
1821,-0.597052,-1.08224,12.4161
1822,-0.647345,-1.16892,12.0963
1823,-0.70155,-1.26503,11.7861
1824,-0.760233,-1.37141,11.4855
1825,-0.823991,-1.48903,11.1944
1826,-0.893461,-1.61896,10.913
1827,-0.969328,-1.76241,10.6414
1828,-1.05233,-1.92071,10.3797
1829,-1.14328,-2.09537,10.1283
1830,-1.24306,-2.28803,9.8876
1831,-1.35261,-2.50054,9.65807
1832,-1.47301,-2.73492,9.44041
1833,-1.6054,-2.99339,9.23548
1834,-1.75105,-3.27839,9.04436
1835,-1.91135,-3.59259,8.86842
1836,-2.08783,-3.93889,8.70933
1837,-2.28214,-4.32041,8.56916
1838,-2.49611,-4.74052,8.45044
1839,-2.73171,-5.20278,8.35626
1840,-2.99107,-5.71096,8.2904
1841,-3.27648,-6.26892,8.25742
1842,-3.5904,-6.88061,8.26282
1843,-3.9354,-7.54985,8.31323
1844,-4.3142,-8.28025,8.41655
1845,-4.72954,-9.0749,8.5822
1846,-5.18418,-9.93608,8.82123
1847,-5.68077,-10.8648,9.14657
1848,-6.22173,-11.8602,9.57312
1849,-6.80903,-12.9189,10.1178
1850,-7.44399,-14.0341,10.7994
1851,-8.12695,-15.1944,11.6382
1852,-8.85686,-16.3829,12.6554
1853,-9.63083,-17.5756,13.872
1854,-10.4436,-18.7405,15.3067
1855,-11.2869,-19.8369,16.9737
1856,-12.149,-20.8147,18.8799
1857,-13.0141,-21.6161,21.0205
1858,-13.862,-22.1773,23.3755
1859,-14.6683,-22.4334,25.9058
1860,-15.4051,-22.3247,28.5513
1861,-16.0418,-21.8046,31.231
1862,-16.5474,-20.8481,33.8462
1863,-16.8929,-19.4597,36.2887
1864,-17.0538,-17.6768,38.451
1865,-17.0133,-15.5701,40.2393
1866,-16.7645,-13.2367,41.5853
1867,-16.3108,-10.7894,42.454
1868,-15.6666,-8.34317,42.8471
1869,-14.8553,-6.00221,42.7995
1870,-13.9069,-3.84969,42.371
1871,-12.8555,-1.94246,41.6368
1872,-11.7358,-0.31039,40.676
1873,-10.581,1.04047,39.5639
1874,-9.42067,2.12257,38.3654
1875,-8.27983,2.9608,37.133
1876,-7.1783,3.58702,35.9056
1877,-6.13087,4.03553,34.7102
1878,-5.14767,4.33997,33.5638
1879,-4.23476,4.53129,32.4753
1880,-3.39488,4.63681,31.4484
1881,-2.62807,4.67978,30.4827
1882,-1.93237,4.67952,29.5755
1883,-1.30435,4.65176,28.723
1884,-0.739537,4.60906,27.9208
1885,-0.232855,4.56131,27.1643
1886,0.22114,4.51618,26.4494
1887,0.628007,4.47954,25.7725
1888,0.993264,4.45584,25.1302
1889,1.32227,4.44838,24.5199
1890,1.62014,4.45959,23.9395
1891,1.89172,4.49126,23.3871
1892,2.1415,4.54465,22.8617
1893,2.37369,4.6207,22.3623
1894,2.59214,4.72008,21.8883
1895,2.80041,4.8433,21.4396
1896,3.00175,4.99077,21.0162
1897,3.19916,5.16287,20.6185
1898,3.39537,5.35992,20.2471
1899,3.59287,5.58226,19.903
1900,3.79398,5.83022,19.5872
1901,4.00079,6.10412,19.3012
1902,4.21526,6.40427,19.0469
1903,4.43916,6.7309,18.8261
1904,4.67413,7.08417,18.6412
1905,4.92164,7.46407,18.4951
1906,5.18303,7.87037,18.3906
1907,5.45947,8.30254,18.3313
1908,5.75194,8.75965,18.3208
1909,6.06123,9.24024,18.3633
1910,6.38788,9.74223,18.4631
1911,6.73213,10.2627,18.6248
1912,7.0939,10.7978,18.8531
1913,7.47267,11.3426,19.1528
1914,7.86747,11.8909,19.5283
1915,8.27674,12.4351,19.9835
1916,8.69828,12.9659,20.5218
1917,9.12916,13.4729,21.1451
1918,9.56564,13.9438,21.8538
1919,10.0031,14.3652,22.6462
1920,10.4361,14.7226,23.518
1921,10.8581,15.0012,24.4618
1922,11.2622,15.1861,25.4669
1923,11.6402,15.2637,26.5188
1924,11.984,15.2222,27.5994
1925,12.285,15.053,28.6877
1926,12.5349,14.7515,29.7597
1927,12.7259,14.3178,30.7901
1928,12.8513,13.7578,31.7533
1929,12.9057,13.0826,32.6249
1930,12.8858,12.3086,33.3835
1931,12.7902,11.4565,34.0116
1932,12.6198,10.55,34.497
1933,12.3777,9.6142,34.8334
1934,12.0692,8.67426,35.02
1935,11.7013,7.75361,35.0619
1936,11.2826,6.8728,34.9684
1937,10.8226,6.04863,34.7526
1938,10.3312,5.2937,34.4295
1939,9.81842,4.61635,34.0156
1940,9.29392,4.02092,33.5272
1941,8.76668,3.50831,32.9799
1942,8.24477,3.07656,32.3879
1943,7.73519,2.72158,31.7638
1944,7.24381,2.43782,31.1181
1945,6.77538,2.21884,30.46
1946,6.33355,2.0578,29.7964
1947,5.92096,1.94789,29.1332
1948,5.53938,1.88255,28.4746
1949,5.18981,1.85573,27.824
1950,4.87259,1.86199,27.184
1951,4.58756,1.89654,26.5562
1952,4.33414,1.95528,25.942
1953,4.11145,2.03479,25.3424
1954,3.91842,2.13229,24.7579
1955,3.75381,2.24559,24.1892
1956,3.61634,2.37301,23.6365
1957,3.50471,2.5134,23.1003
1958,3.41767,2.666,22.5808
1959,3.354,2.83043,22.0783
1960,3.3126,3.00665,21.5933
1961,3.2925,3.19488,21.126
1962,3.29282,3.3956,20.6771
1963,3.31284,3.60948,20.2471
1964,3.35198,3.8374,19.8367
1965,3.4098,4.08036,19.4467
1966,3.48601,4.33949,19.0781
1967,3.58047,4.61603,18.7322
1968,3.69314,4.91128,18.4101
1969,3.82415,5.22659,18.1136
1970,3.97373,5.56334,17.8445
1971,4.14221,5.92287,17.6048
1972,4.33002,6.30648,17.3971
1973,4.53768,6.71533,17.2241
1974,4.76574,7.15042,17.0891
1975,5.01481,7.61249,16.9955
1976,5.28547,8.10194,16.9476
1977,5.57828,8.61868,16.9497
1978,5.89369,9.16206,17.0069
1979,6.23203,9.73062,17.1245
1980,6.5934,10.322,17.3084
1981,6.97763,10.9327,17.5646
1982,7.38415,11.5578,17.8994
1983,7.81191,12.1908,18.3188
1984,8.25926,12.8234,18.8288
1985,8.72382,13.4455,19.4344
1986,9.20236,14.0445,20.1393
1987,9.69068,14.6062,20.9454
1988,10.1835,15.1139,21.8524
1989,10.6744,15.5497,22.8564
1990,11.1559,15.8946,23.9498
1991,11.6191,16.1292,25.1206
1992,12.0545,16.2353,26.3517
1993,12.4517,16.1971,27.6212
1994,12.8,16.0025,28.9027
1995,13.0888,15.6448,30.1658
1996,13.3081,15.1238,31.3782
1997,13.4493,14.4469,32.5068
1998,13.5057,13.6288,33.5206
1999,13.4729,12.6915,34.3921
2000,13.3494,11.6626,35.1002
2001,13.1365,10.5735,35.6305
2002,12.8387,9.45736,35.9772
2003,12.463,8.34643,36.142
2004,12.0188,7.27009,36.1341
2005,11.5172,6.2532,35.9681
2006,10.9702,5.31508,35.6629
2007,10.3903,4.4691,35.2395
2008,9.78996,3.72293,34.7194
2009,9.18065,3.07907,34.1234
2010,8.57295,2.53583,33.4708
2011,7.97606,2.08825,32.7783
2012,7.39772,1.72915,32.06
2013,6.84418,1.44997,31.3277
2014,6.32025,1.24155,30.5904
2015,5.82939,1.09467,29.8552
2016,5.37388,1.00052,29.1272
2017,4.95498,0.950923,28.4103
2018,4.57308,0.938548,27.7069
2019,4.22788,0.95697,27.0189
2020,3.91854,1.00069,26.3471
2021,3.64384,1.06511,25.6922
2022,3.40225,1.14645,25.0545
2023,3.19209,1.24172,24.434
2024,3.01158,1.34861,23.8306
2025,2.8589,1.4654,23.2442
2026,2.7323,1.59091,22.6746
2027,2.63008,1.72442,22.1218
2028,2.55066,1.86557,21.5855
2029,2.49261,2.01438,21.0657
2030,2.45461,2.17111,20.5624
2031,2.43556,2.3363,20.0757
2032,2.43447,2.51067,19.6056
2033,2.45056,2.69513,19.1524
2034,2.48321,2.89078,18.7163
2035,2.53195,3.09881,18.2979
2036,2.59651,3.32057,17.8976
2037,2.67675,3.55752,17.516
2038,2.7727,3.81122,17.1541
2039,2.88454,4.08331,16.8129
2040,3.01258,4.37554,16.4935
2041,3.1573,4.6897,16.1974
2042,3.31928,5.02766,15.9264
2043,3.49923,5.39129,15.6825
2044,3.69799,5.78249,15.4681
2045,3.91646,6.2031,15.2862
2046,4.15566,6.65485,15.1399
2047,4.41666,7.13933,15.0332
2048,4.70057,7.65785,14.9704
2049,5.00848,8.21134,14.9565
2050,5.34148,8.80022,14.9972
2051,5.70053,9.42418,15.099
2052,6.08644,10.082,15.2689
2053,6.49978,10.7712,15.5146
2054,6.94074,11.488,15.8445
2055,7.40905,12.2266,16.2672
2056,7.90383,12.979,16.7916
2057,8.42338,13.7348,17.4261
2058,8.96505,14.4807,18.1784
2059,9.52503,15.2002,19.0547
2060,10.0981,15.8738,20.0585
2061,10.6777,16.4786,21.1902
2062,11.2553,16.9897,22.4451
2063,11.8209,17.3802,23.8131
2064,12.363,17.6231,25.2772
2065,12.8684,17.693,26.8131
2066,13.3231,17.5684,28.389
2067,13.7126,17.2342,29.9665
2068,14.0228,16.6839,31.5022
2069,14.2408,15.9216,32.9501
2070,14.3559,14.9628,34.265
2071,14.3602,13.8343,35.4061
2072,14.25,12.5726,36.3405
2073,14.0256,11.2211,37.0456
2074,13.6914,9.82651,37.511
2075,13.2561,8.43512,37.7383
2076,12.7317,7.08903,37.7405
2077,12.1327,5.82351,37.539
2078,11.4754,4.66528,37.1614
2079,10.7763,3.63198,36.6382
2080,10.0518,2.73253,36.0002
2081,9.31728,1.96834,35.2767
2082,8.58629,1.33481,34.4936
2083,7.87054,0.82298,33.673
2084,7.17961,0.421139,32.8326
2085,6.52099,0.116132,31.9864
2086,5.90016,-0.105568,31.1447
2087,5.3208,-0.257089,30.3149
2088,4.78505,-0.350649,29.5018
2089,4.29374,-0.39725,28.7086
2090,3.84662,-0.406543,27.937
2091,3.44264,-0.3868,27.1875
2092,3.08009,-0.344967,26.4602
2093,2.75686,-0.286764,25.7548
2094,2.47053,-0.21681,25.0706
2095,2.21852,-0.138754,24.4068
2096,1.99819,-0.0554138,23.7625
2097,1.80693,0.0311056,23.1369
2098,1.6422,0.119293,22.5294
2099,1.50157,0.20813,21.9391
2100,1.38278,0.297003,21.3653
2101,1.28375,0.385628,20.8076
2102,1.20256,0.473987,20.2653
2103,1.13749,0.562271,19.738
2104,1.08704,0.650845,19.2253
2105,1.04984,0.740208,18.7267
2106,1.02475,0.830969,18.242
2107,1.01078,0.923826,17.7707
2108,1.00711,1.01955,17.3128
2109,1.01308,1.11899,16.8679
2110,1.02815,1.22304,16.4358
2111,1.05195,1.33265,16.0164
2112,1.08423,1.44886,15.6096
2113,1.12485,1.57273,15.2153
2114,1.17382,1.70541,14.8335
2115,1.23122,1.84814,14.4642
2116,1.29729,2.00221,14.1076
2117,1.37233,2.16903,13.7638
2118,1.45679,2.35009,13.4332
2119,1.55119,2.547,13.116
2120,1.65618,2.7615,12.8129
2121,1.77252,2.99547,12.5244
2122,1.90108,3.25091,12.2514
2123,2.04284,3.52998,11.995
2124,2.1989,3.83502,11.7564
2125,2.37049,4.1685,11.5372
2126,2.55897,4.53305,11.3394
2127,2.76582,4.93147,11.1653
2128,2.99266,5.36665,11.0177
2129,3.24122,5.84159,10.9001
2130,3.51337,6.35931,10.8166
2131,3.81108,6.92281,10.7719
2132,4.13642,7.53492,10.7718
2133,4.4915,8.19815,10.8232
2134,4.87846,8.91451,10.9339
2135,5.29939,9.68523,11.1131
2136,5.75624,10.5104,11.3714
2137,6.25073,11.3886,11.7209
2138,6.78417,12.3162,12.1747
2139,7.35725,13.2868,12.7477
2140,7.96988,14.2908,13.4552
2141,8.6208,15.3139,14.3133
2142,9.30732,16.337,15.3372
2143,10.0249,17.3349,16.5404
2144,10.7666,18.2764,17.9332
2145,11.5232,19.1235,19.5198
2146,12.282,19.833,21.2965
2147,13.0276,20.3573,23.2489
2148,13.7412,20.6477,25.3491
2149,14.4014,20.6586,27.5547
2150,14.9846,20.3522,29.8081
2151,15.4668,19.7045,32.0389
2152,15.8247,18.7107,34.1673
2153,16.0379,17.3883,36.1114
2154,16.0906,15.7787,37.7951
2155,15.9736,13.9445,39.1557
2156,15.6856,11.9638,40.1517
2157,15.2328,9.92196,40.7661
2158,14.6292,7.90291,41.007
2159,13.8951,5.98067,40.9045
2160,13.0551,4.21359,40.5049
2161,12.136,2.64144,39.8637
2162,11.1651,1.2853,39.0391
2163,10.1683,0.149801,38.0861
2164,9.1686,-0.773408,37.0531
2165,8.1858,-1.50173,35.9798
2166,7.23574,-2.05796,34.897
2167,6.33047,-2.46718,33.8269
2168,5.47849,-2.75459,32.7845
2169,4.68516,-2.94389,31.7788
2170,3.95318,-3.05649,30.8148
2171,3.28309,-3.11106,29.8939
2172,2.67373,-3.12346,29.0157
2173,2.12267,-3.10688,28.1786
2174,1.62659,-3.07212,27.3801
2175,1.18154,-3.02785,26.6175
2176,0.78324,-2.98092,25.8881
2177,0.427211,-2.93671,25.1893
2178,0.108966,-2.89937,24.5188
2179,-0.175903,-2.87205,23.8747
2180,-0.431646,-2.85713,23.2551
2181,-0.662306,-2.85638,22.6586
2182,-0.871686,-2.87113,22.0841
2183,-1.06334,-2.90238,21.5306
2184,-1.24055,-2.9509,20.9973
2185,-1.40638,-3.0173,20.4838
2186,-1.56363,-3.10214,19.9896
2187,-1.71491,-3.20594,19.5147
2188,-1.86261,-3.32924,19.0588
2189,-2.00895,-3.47264,18.6223
2190,-2.15601,-3.63682,18.2053
2191,-2.30574,-3.82253,17.8083
2192,-2.45997,-4.03066,17.432
2193,-2.62045,-4.26221,17.0772
2194,-2.78887,-4.51826,16.745
2195,-2.96686,-4.80004,16.4367
2196,-3.15603,-5.10884,16.1538
2197,-3.35795,-5.44607,15.8983
2198,-3.57417,-5.81314,15.6725
2199,-3.80626,-6.2115,15.4789
2200,-4.05573,-6.64253,15.3209
2201,-4.32412,-7.1075,15.2019
2202,-4.6129,-7.60749,15.1263
2203,-4.9235,-8.14324,15.0988
2204,-5.25727,-8.71501,15.1248
2205,-5.61543,-9.32245,15.2106
2206,-5.99898,-9.96435,15.363
2207,-6.4087,-10.6384,15.5894
2208,-6.84498,-11.3408,15.8979
2209,-7.30775,-12.0662,16.2969
2210,-7.79632,-12.8071,16.7951
2211,-8.30927,-13.5534,17.4008
2212,-8.84419,-14.2927,18.1218
2213,-9.39759,-15.0091,18.9643
2214,-9.96466,-15.684,19.9323
2215,-10.5391,-16.2956,21.0266
2216,-11.1131,-16.8195,22.2436
2217,-11.6769,-17.2297,23.5745
2218,-12.2196,-17.4997,25.0039
2219,-12.7285,-17.6039,26.5091
2220,-13.19,-17.5206,28.0604
2221,-13.5899,-17.2334,29.6213
2222,-13.9142,-16.7341,31.1499
2223,-14.1498,-16.0245,32.6016
2224,-14.2858,-15.1176,33.9315
2225,-14.314,-14.0373,35.0984
2226,-14.2296,-12.8175,36.0682
2227,-14.032,-11.4995,36.8162
2228,-13.725,-10.1287,37.3296
2229,-13.316,-8.75088,37.6072
2230,-12.8162,-7.40841,37.6594
2231,-12.2394,-6.13764,37.5054
2232,-11.6012,-4.96683,37.171
2233,-10.918,-3.91542,36.6855
2234,-10.206,-2.99419,36.0794
2235,-9.48055,-2.20626,35.3818
2236,-8.75549,-1.54847,34.6189
2237,-8.04282,-1.01304,33.8135
2238,-7.3525,-0.589087,32.984
2239,-6.69242,-0.263999,32.1452
2240,-6.06847,-0.0245646,31.3081
2241,-5.48472,0.142226,30.4806
2242,-4.94366,0.248608,29.6683
2243,-4.44644,0.305699,28.8746
2244,-3.99309,0.323321,28.1016
2245,-3.58276,0.309948,27.3502
2246,-3.21395,0.272736,26.6207
2247,-2.8847,0.217614,25.9128
2248,-2.59269,0.149395,25.2259
2249,-2.33543,0.0719039,24.5594
2250,-2.11036,-0.0118889,23.9124
2251,-1.91489,-0.0997457,23.2843
2252,-1.74651,-0.190046,22.6742
2253,-1.60282,-0.281683,22.0814
2254,-1.48156,-0.373974,21.5053
2255,-1.38063,-0.466585,20.9454
2256,-1.29814,-0.559462,20.401
2257,-1.23236,-0.652779,19.8717
2258,-1.18175,-0.746891,19.3571
2259,-1.14497,-0.842304,18.8569
2260,-1.12086,-0.939643,18.3706
2261,-1.10842,-1.03963,17.8981
2262,-1.10685,-1.14308,17.439
2263,-1.11548,-1.25086,16.9932
2264,-1.13378,-1.36394,16.5606
2265,-1.16141,-1.48333,16.1409
2266,-1.19811,-1.61011,15.7342
2267,-1.24379,-1.74544,15.3403
2268,-1.29847,-1.89055,14.9594
2269,-1.36227,-2.04674,14.5916
2270,-1.43546,-2.21541,14.2371
2271,-1.51841,-2.39807,13.896
2272,-1.61158,-2.59632,13.5689
2273,-1.71557,-2.81187,13.2562
2274,-1.83109,-3.0466,12.9586
2275,-1.95896,-3.30247,12.677
2276,-2.10013,-3.58163,12.4123
2277,-2.25564,-3.88634,12.1659
2278,-2.42668,-4.21905,11.9394
2279,-2.61457,-4.58232,11.7346
2280,-2.82073,-4.97887,11.554
2281,-3.04674,-5.4115,11.4003
2282,-3.29427,-5.88311,11.277
2283,-3.56512,-6.3966,11.188
2284,-3.86121,-6.95484,11.1381
2285,-4.18452,-7.56051,11.1331
2286,-4.53709,-8.21595,11.1795
2287,-4.92097,-8.92302,11.2851
2288,-5.33815,-9.68275,11.459
2289,-5.79047,-10.4951,11.7114
2290,-6.27955,-11.3584,12.0539
2291,-6.80655,-12.269,12.4995
2292,-7.37211,-13.2204,13.0623
2293,-7.97599,-14.2031,13.7572
2294,-8.61687,-15.203,14.5993
2295,-9.29202,-16.2013,15.6033
2296,-9.99688,-17.1737,16.7818
2297,-10.7247,-18.0896,18.1442
2298,-11.4663,-18.9128,19.6944
2299,-12.2095,-19.6014,21.4281
2300,-12.9391,-20.11,23.3312
2301,-13.6371,-20.3921,25.3767
2302,-14.2828,-20.404,27.5235
2303,-14.8537,-20.1099,29.7166
2304,-15.3264,-19.4869,31.8884
2305,-15.6786,-18.5301,33.963
2306,-15.8907,-17.2558,35.8618
2307,-15.9475,-15.703,37.5117
2308,-15.84,-13.9306,38.8523
2309,-15.5663,-12.0128,39.8428
2310,-15.1325,-10.031,40.4654
2311,-14.5515,-8.06538,40.7264
2312,-13.8425,-6.18768,40.6527
2313,-13.0289,-4.45497,40.2876
2314,-12.1365,-2.90692,39.6833
2315,-11.1916,-1.56544,38.8951
2316,-10.2193,-0.436603,37.9761
2317,-9.24214,0.486225,36.9734
2318,-8.2795,1.21869,35.9259
2319,-7.34713,1.78197,34.8643
2320,-6.45711,2.19981,33.8109
2321,-5.61808,2.49632,32.781
2322,-4.83562,2.69443,31.7845
2323,-4.11267,2.81498,30.8265
2324,-3.45005,2.87627,29.9092
2325,-2.84687,2.89397,29.0326
2326,-2.30098,2.88114,28.1954
2327,-1.8093,2.84855,27.3954
2328,-1.3681,2.80488,26.6304
2329,-0.973293,2.75702,25.8976
2330,-0.620591,2.7104,25.1947
2331,-0.305656,2.66921,24.5195
2332,-0.0242142,2.63666,23.8701
2333,0.227866,2.61517,23.2447
2334,0.454522,2.60655,22.6418
2335,0.659467,2.61213,22.0604
2336,0.84617,2.63293,21.4994
2337,1.01785,2.66971,20.9581
2338,1.17749,2.72308,20.4359
2339,1.32785,2.79355,19.9322
2340,1.47145,2.88162,19.4469
2341,1.61063,2.9878,18.9798
2342,1.74757,3.11263,18.5309
2343,1.88429,3.25673,18.1004
2344,2.02267,3.42083,17.6884
2345,2.1645,3.60575,17.2956
2346,2.31147,3.81244,16.9223
2347,2.46523,4.04199,16.5696
2348,2.62735,4.2956,16.2383
2349,2.79939,4.57459,15.9297
2350,2.9829,4.8804,15.6454
2351,3.1794,5.21456,15.3871
2352,3.39044,5.57868,15.1571
2353,3.61757,5.97439,14.958
2354,3.86233,6.40333,14.7927
2355,4.12629,6.86704,14.6649
2356,4.41099,7.3669,14.5788
2357,4.71797,7.90404,14.539
2358,5.04868,8.47915,14.5511
2359,5.4045,9.09236,14.6213
2360,5.78663,9.74302,14.7566
2361,6.19606,10.4294,14.9646
2362,6.63346,11.1485,15.2538
2363,7.09907,11.8956,15.6332
2364,7.59254,12.6638,16.1121
2365,8.11283,13.444,16.7
2366,8.65794,14.2239,17.4057
2367,9.22478,14.9883,18.237
2368,9.80893,15.7185,19.1998
2369,10.4044,16.3924,20.297
2370,11.0037,16.9847,21.5271
2371,11.5972,17.4677,22.8835
2372,12.1737,17.8124,24.3525
2373,12.7204,17.9903,25.9131
2374,13.2228,17.9756,27.5362
2375,13.6658,17.7478,29.1847
2376,14.0341,17.2943,30.815
2377,14.3132,16.613,32.379
2378,14.4902,15.7139,33.8275
2379,14.5551,14.6194,35.1141
2380,14.5016,13.3637,36.1987
2381,14.3276,11.9899,37.0514
2382,14.0357,10.547,37.6547
2383,13.633,9.08536,38.0047
2384,13.1305,7.6525,38.1099
2385,12.5426,6.28983,37.9898
2386,11.8857,5.03007,37.6717
2387,11.1774,3.89613,37.1874
2388,10.4352,2.90117,36.5704
2389,9.67593,2.04958,35.8528
2390,8.91471,1.33856,35.064
2391,8.16474,0.7599,34.229
2392,7.43702,0.301827,33.3686
2393,6.74023,-0.0494678,32.499
2394,6.0809,-0.30853,31.6321
2395,5.46354,-0.489699,30.7768
2396,4.89091,-0.606462,29.9387
2397,4.36427,-0.671059,29.1216
2398,3.88368,-0.694291,28.3274
2399,3.44824,-0.685459,27.557
2400,3.0563,-0.652413,26.8104
2401,2.7057,-0.601645,26.087
2402,2.39395,-0.53843,25.3862
2403,2.1183,-0.466968,24.707
2404,1.87595,-0.390531,24.0484
2405,1.66407,-0.311609,23.4094
2406,1.47991,-0.232032,22.7892
2407,1.32083,-0.153089,22.1869
2408,1.18433,-0.0756259,21.6016
2409,1.0681,-0.000133552,21.0328
2410,0.970004,0.0731812,20.4797
2411,0.888119,0.144334,19.9418
2412,0.8207,0.213515,19.4185
2413,0.766197,0.281046,18.9095
2414,0.723245,0.347352,18.4142
2415,0.69065,0.412935,17.9323
2416,0.667386,0.478354,17.4634
2417,0.652577,0.544215,17.0072
2418,0.645493,0.611162,16.5633
2419,0.645533,0.679867,16.1316
2420,0.65222,0.751032,15.7117
2421,0.665192,0.825388,15.3034
2422,0.684191,0.903698,14.9064
2423,0.709057,0.986756,14.5207
2424,0.739724,1.0754,14.1459
2425,0.776214,1.17051,13.7821
2426,0.818633,1.27304,13.429
2427,0.867171,1.38396,13.0867
2428,0.922095,1.50438,12.7551
2429,0.983757,1.63542,12.4342
2430,1.05259,1.77836,12.1241
2431,1.1291,1.93454,11.8251
2432,1.21389,2.10544,11.5372
2433,1.30765,2.29267,11.261
2434,1.41117,2.49797,10.9968
2435,1.52532,2.72326,10.7452
2436,1.65111,2.97061,10.5071
2437,1.78961,3.24229,10.2833
2438,1.94207,3.54074,10.0751
2439,2.10982,3.86862,9.88405
2440,2.29434,4.22878,9.7119
2441,2.49727,4.62428,9.56095
2442,2.72036,5.05835,9.43395
2443,2.96553,5.53439,9.33424
2444,3.23484,6.05592,9.26585
2445,3.5305,6.6265,9.23363
2446,3.85484,7.24963,9.2434
2447,4.21029,7.92863,9.30208
2448,4.59935,8.66641,9.41789
2449,5.02453,9.46522,9.60047
2450,5.48828,10.3263,9.86106
2451,5.99284,11.2493,10.2126
2452,6.54014,12.232,10.6699
2453,7.13157,13.2693,11.2493
2454,7.76772,14.3522,11.9687
2455,8.44807,15.4674,12.847
2456,9.17061,16.5957,13.9032
2457,9.93139,17.7111,15.1549
2458,10.724,18.7803,16.617
2459,11.539,19.7618,18.2985
2460,12.3637,20.6065,20.2001
2461,13.1814,21.2592,22.3105
2462,13.9718,21.6617,24.6031
2463,14.7108,21.7571,27.0334
2464,15.3717,21.4966,29.5384
2465,15.9263,20.8462,32.0374
2466,16.3468,19.7941,34.4372
2467,16.6082,18.356,36.6395
2468,16.6909,16.5772,38.5512
2469,16.5828,14.5305,40.0951
2470,16.281,12.3087,41.2195
2471,15.7922,10.0146,41.903
2472,15.1322,7.74951,42.1561
2473,14.3246,5.60204,42.0165
2474,13.398,3.64101,41.5417
2475,12.3839,1.9117,40.8002
2476,11.3139,0.436217,39.8623
2477,10.2177,-0.783367,38.7935
2478,9.12176,-1.76022,37.6502
2479,8.04793,-2.51766,36.4774
2480,7.01367,-3.08451,35.3088
2481,6.03187,-3.49145,34.1678
2482,5.11129,-3.76841,33.0691
2483,4.25712,-3.94295,32.0207
2484,3.47158,-4.03941,31.026
2485,2.75454,-4.07862,30.0851
2486,2.10406,-4.07796,29.1959
2487,1.51688,-4.05163,28.3552
2488,0.988853,-4.01109,27.5594
2489,0.515248,-3.96536,26.8048
2490,0.0910213,-3.92153,26.0879
2491,-0.288981,-3.88503,25.4053
2492,-0.629875,-3.86002,24.7545
2493,-0.936633,-3.84961,24.133
2494,-1.21401,-3.85613,23.539
2495,-1.46651,-3.88129,22.9708
2496,-1.69832,-3.92637,22.4274
2497,-1.91337,-3.99233,21.9078
2498,-2.11527,-4.07988,21.4116
2499,-2.30736,-4.18964,20.9384
2500,-2.49271,-4.32213,20.4882
2501,-2.67415,-4.47786,20.0613
2502,-2.85428,-4.65734,19.658
2503,-3.03553,-4.86111,19.279
2504,-3.22012,-5.08978,18.9252
2505,-3.41013,-5.34397,18.5979
2506,-3.60751,-5.62438,18.2983
2507,-3.81409,-5.9317,18.0284
2508,-4.03159,-6.26663,17.79
2509,-4.26162,-6.62982,17.5857
2510,-4.50572,-7.02183,17.4182
2511,-4.7653,-7.44305,17.2907
2512,-5.04169,-7.89363,17.2067
2513,-5.33607,-8.37338,17.1703
2514,-5.64947,-8.88161,17.1861
2515,-5.98274,-9.41705,17.259
2516,-6.33649,-9.97765,17.3943
2517,-6.71102,-10.5604,17.5977
2518,-7.10626,-11.161,17.8752
2519,-7.52171,-11.774,18.2326
2520,-7.95627,-12.3922,18.6758
2521,-8.40819,-13.0066,19.2101
2522,-8.87496,-13.6062,19.8398
2523,-9.35315,-14.1783,20.5678
2524,-9.83833,-14.7077,21.395
2525,-10.325,-15.1779,22.3196
2526,-10.8065,-15.571,23.3365
2527,-11.2751,-15.8682,24.4366
2528,-11.722,-16.0512,25.6062
2529,-12.1376,-16.1031,26.827
2530,-12.5117,-16.0098,28.0761
2531,-12.8338,-15.7615,29.3262
2532,-13.094,-15.3538,30.5471
2533,-13.2829,-14.7893,31.7072
2534,-13.393,-14.0777,32.7748
2535,-13.4183,-13.2356,33.7209
2536,-13.3558,-12.2863,34.521
2537,-13.2048,-11.258,35.1567
2538,-12.9677,-10.1818,35.6168
2539,-12.6497,-9.08947,35.898
2540,-12.2586,-8.01155,36.0043
2541,-11.8038,-6.97515,35.9464
2542,-11.2967,-6.00269,35.7397
2543,-10.7491,-5.11114,35.4032
2544,-10.1731,-4.31176,34.9573
2545,-9.58065,-3.61049,34.4229
2546,-8.98262,-3.00856,33.8196
2547,-8.38893,-2.50343,33.1653
2548,-7.80814,-2.0897,32.4755
2549,-7.24738,-1.76005,31.7635
2550,-6.71234,-1.50607,31.0398
2551,-6.20735,-1.31888,30.3127
2552,-5.73547,-1.1897,29.5886
2553,-5.29868,-1.11017,28.8724
2554,-4.89797,-1.07262,28.1674
2555,-4.53357,-1.07018,27.4759
2556,-4.20506,-1.0969,26.7994
2557,-3.91157,-1.14766,26.1391
2558,-3.65182,-1.21825,25.4953
2559,-3.42432,-1.30521,24.8683
2560,-3.22743,-1.40583,24.2583
2561,-3.05942,-1.51802,23.6653
2562,-2.91858,-1.64029,23.0891
2563,-2.80322,-1.77161,22.5296
2564,-2.71175,-1.91142,21.9868
2565,-2.64268,-2.0595,21.4606
2566,-2.59469,-2.21594,20.9511
2567,-2.56656,-2.38114,20.4582
2568,-2.55729,-2.55569,19.9823
2569,-2.56598,-2.7404,19.5233
2570,-2.59196,-2.93625,19.0818
2571,-2.63469,-3.14439,18.658
2572,-2.69381,-3.36608,18.2526
2573,-2.76911,-3.6027,17.8661
2574,-2.86054,-3.85577,17.4995
2575,-2.96821,-4.12687,17.1538
2576,-3.09238,-4.41768,16.8301
2577,-3.23343,-4.72994,16.5299
2578,-3.39188,-5.06544,16.255
2579,-3.56837,-5.42599,16.0074
2580,-3.76367,-5.8134,15.7894
2581,-3.97862,-6.22943,15.6039
2582,-4.21415,-6.67573,15.454
2583,-4.47127,-7.15378,15.3436
2584,-4.751,-7.66481,15.277
2585,-5.05437,-8.20963,15.2589
2586,-5.38237,-8.78858,15.295
2587,-5.73589,-9.40126,15.3914
2588,-6.11565,-10.0464,15.555
2589,-6.52214,-10.7215,15.7932
2590,-6.95549,-11.4227,16.114
2591,-7.41538,-12.1443,16.5256
2592,-7.90085,-12.8786,17.0364
2593,-8.4102,-13.6153,17.6546
2594,-8.94081,-14.3416,18.3872
2595,-9.48891,-15.0416,19.24
2596,-10.0494,-15.6964,20.2163
2597,-10.6159,-16.2845,21.3159
2598,-11.1802,-16.7816,22.5345
2599,-11.7327,-17.1623,23.8622
2600,-12.2621,-17.4008,25.2825
2601,-12.756,-17.4731,26.7723
2602,-13.2009,-17.3586,28.3012
2603,-13.5829,-17.0428,29.8327
2604,-13.8885,-16.5193,31.3256
2605,-14.1052,-15.7916,32.7359
2606,-14.2228,-14.8741,34.0206
2607,-14.2336,-13.7916,35.1404
2608,-14.1337,-12.5783,36.0633
2609,-13.9232,-11.2752,36.7669
2610,-13.6061,-9.92653,37.2403
2611,-13.1905,-8.5765,37.484
2612,-12.6876,-7.26569,37.509
2613,-12.1111,-6.0285,37.3349
2614,-11.4763,-4.89142,36.9873
2615,-10.7994,-3.87241,36.4948
2616,-10.0961,-2.98112,35.887
2617,-9.38117,-2.21995,35.1918
2618,-8.66801,-1.58538,34.4345
2619,-7.96816,-1.06957,33.6367
2620,-7.29114,-0.661802,32.8162
2621,-6.64447,-0.349781,31.987
2622,-6.03376,-0.120696,31.1597
2623,-5.46287,0.0380227,30.3419
2624,-4.93413,0.138177,29.5387
2625,-4.44856,0.190472,28.7537
2626,-4.00616,0.204358,27.9887
2627,-3.60606,0.187981,27.2448
2628,-3.24677,0.148218,26.5221
2629,-2.92635,0.0907588,25.8205
2630,-2.64256,0.0202155,25.1395
2631,-2.39297,-0.0597516,24.4784
2632,-2.17508,-0.14631,23.8366
2633,-1.98639,-0.237338,23.2133
2634,-1.82448,-0.331311,22.6078
2635,-1.68701,-0.427204,22.0194
2636,-1.57182,-0.52441,21.4476
2637,-1.47689,-0.622658,20.8919
2638,-1.40039,-0.721958,20.3516
2639,-1.34069,-0.822544,19.8265
2640,-1.29631,-0.924834,19.3162
2641,-1.266,-1.0294,18.8202
2642,-1.24866,-1.13693,18.3384
2643,-1.24338,-1.24822,17.8705
2644,-1.24941,-1.36417,17.4163
2645,-1.26616,-1.48574,16.9757
2646,-1.2932,-1.61399,16.5485
2647,-1.33024,-1.75003,16.1348
2648,-1.37713,-1.89507,15.7346
2649,-1.43385,-2.05039,15.3479
2650,-1.5005,-2.21736,14.9749
2651,-1.57732,-2.39743,14.6159
2652,-1.66466,-2.59217,14.2711
2653,-1.763,-2.80324,13.9412
2654,-1.87292,-3.03243,13.6267
2655,-1.99515,-3.28165,13.3283
2656,-2.13052,-3.55295,13.0471
2657,-2.27998,-3.84849,12.7843
2658,-2.4446,-4.1706,12.5413
2659,-2.6256,-4.52172,12.32
2660,-2.82429,-4.90443,12.1225
2661,-3.04213,-5.32139,11.9515
2662,-3.28068,-5.77535,11.81
2663,-3.54164,-6.26909,11.7019
2664,-3.82678,-6.8053,11.6316
2665,-4.13798,-7.38657,11.6043
2666,-4.47715,-8.01517,11.6262
2667,-4.84622,-8.69293,11.7045
2668,-5.2471,-9.42097,11.8475
2669,-5.68156,-10.1994,12.0647
2670,-6.15115,-11.027,12.3668
2671,-6.65707,-11.9007,12.7659
2672,-7.2,-12.815,13.275
2673,-7.77992,-13.7614,13.908
2674,-8.39578,-14.7277,14.6792
2675,-9.0453,-15.6973,15.6026
2676,-9.72458,-16.6484,16.6906
2677,-10.4278,-17.5539,17.953
2678,-11.1467,-18.3808,19.3948
2679,-11.8705,-19.0912,21.0144
2680,-12.5858,-19.643,22.8012
2681,-13.276,-19.9923,24.7335
2682,-13.9223,-20.097,26.7768
2683,-14.5037,-19.9202,28.8832
2684,-14.9982,-19.4359,30.9928
2685,-15.3842,-18.6331,33.0361
2686,-15.6419,-17.5198,34.9392
2687,-15.7552,-16.1249,36.6307
2688,-15.7132,-14.497,38.0481
2689,-15.5117,-12.701,39.1451
2690,-15.1532,-10.8113,39.8957
2691,-14.6476,-8.90483,40.2962
2692,-14.0109,-7.05329,40.3642
2693,-13.2637,-5.31684,40.1337
2694,-12.4298,-3.74044,39.6507
2695,-11.5342,-2.35244,38.9663
2696,-10.6014,-1.16545,38.1318
2697,-9.65416,-0.178781,37.1944
2698,-8.71246,0.618345,36.1949
2699,-7.793,1.24345,35.1659
2700,-6.90901,1.71781,34.1327
2701,-6.07039,2.06408,33.1131
2702,-5.2839,2.30453,32.1192
2703,-4.55366,2.45989,31.1583
2704,-3.88147,2.54876,30.2341
2705,-3.26735,2.58732,29.348
2706,-2.70986,2.58928,28.4995
2707,-2.20655,2.56605,27.6871
2708,-1.75417,2.52694,26.9089
2709,-1.34903,2.47945,26.1626
2710,-0.987118,2.42952,25.4459
2711,-0.664324,2.38179,24.7568
2712,-0.376536,2.33983,24.0933
2713,-0.119735,2.30636,23.4537
2714,0.109937,2.2834,22.8365
2715,0.316139,2.27247,22.2404
2716,0.502308,2.27468,21.6643
2717,0.67164,2.29086,21.1075
2718,0.8271,2.32164,20.5692
2719,0.971421,2.36751,20.0487
2720,1.10712,2.42891,19.5458
2721,1.23652,2.50627,19.06
2722,1.36176,2.60003,18.5912
2723,1.48481,2.7107,18.1393
2724,1.60753,2.83885,17.7043
2725,1.73163,2.98518,17.2864
2726,1.85877,3.15048,16.8858
2727,1.99049,3.33567,16.5031
2728,2.1283,3.54183,16.1387
2729,2.27368,3.77015,15.7934
2730,2.42808,4.02198,15.4682
2731,2.59294,4.29879,15.1642
2732,2.76973,4.60221,14.8829
2733,2.95993,4.93396,14.626
2734,3.16505,5.29588,14.3957
2735,3.38662,5.68985,14.1944
2736,3.62623,6.11781,14.0251
2737,3.88548,6.58164,13.8913
2738,4.166,7.08312,13.7972
2739,4.46944,7.62384,13.7473
2740,4.79741,8.20501,13.7474
2741,5.15147,8.82739,13.8037
2742,5.53305,9.49097,13.9232
2743,5.94344,10.1948,14.1142
2744,6.38361,10.9367,14.3854
2745,6.85417,11.7127,14.7466
2746,7.35523,12.5169,15.2081
2747,7.88617,13.3408,15.7804
2748,8.44549,14.173,16.474
2749,9.03059,14.9986,17.2987
2750,9.63752,15.7989,18.2627
2751,10.2607,16.5513,19.3712
2752,10.8929,17.2292,20.6258
2753,11.5245,17.8028,22.0223
2754,12.1444,18.24,23.5496
2755,12.7389,18.5082,25.1886
2756,13.2929,18.5764,26.9106
2757,13.7899,18.4187,28.678
2758,14.2129,18.0167,30.4444
2759,14.5453,17.3632,32.1574
2760,14.7719,16.4644,33.7618
2761,14.8802,15.341,35.2037
2762,14.8619,14.0275,36.4354
2763,14.7129,12.5702,37.4197
2764,14.4347,11.0231,38.1333
2765,14.0336,9.44327,38.5682
2766,13.5211,7.88552,38.7315
2767,12.9121,6.39821,38.6435
2768,12.2246,5.02005,38.334
2769,11.4777,3.77845,37.8389
2770,10.6911,2.68944,37.1959
2771,9.8834,1.7587,36.442
2772,9.07152,0.983406,35.6104
2773,8.2703,0.354371,34.7299
2774,7.492,-0.141811,33.8237
2775,6.74635,-0.52088,32.9099
2776,6.04058,-0.799404,32.0019
2777,5.37966,-0.993662,31.1091
2778,4.76661,-1.1189,30.2374
2779,4.20276,-1.1889,29.3906
2780,3.68808,-1.21575,28.5703
2781,3.22148,-1.20983,27.7772
2782,2.80108,-1.17984,27.0107
2783,2.4244,-1.13297,26.2701
2784,2.08861,-1.07503,25.5543
2785,1.79063,-1.01067,24.8619
2786,1.52729,-0.94349,24.1917
2787,1.29542,-0.876267,23.5425
2788,1.09194,-0.811062,22.913
2789,0.91386,-0.749368,22.3024
2790,0.758387,-0.692218,21.7096
2791,0.6229,-0.640286,21.1338
2792,0.504978,-0.593966,20.5742
2793,0.402407,-0.553443,20.0303
2794,0.313171,-0.518746,19.5013
2795,0.235449,-0.489798,18.9868
2796,0.167606,-0.466449,18.4862
2797,0.108178,-0.44851,17.9992
2798,0.055859,-0.435772,17.5252
2799,0.00948795,-0.428025,17.0639
2800,-0.0319666,-0.425075,16.6149
2801,-0.0694206,-0.426751,16.1779
2802,-0.103688,-0.432914,15.7526
2803,-0.135494,-0.443464,15.3386
2804,-0.165486,-0.458344,14.9356
2805,-0.19425,-0.477541,14.5434
2806,-0.222313,-0.501093,14.1617
2807,-0.25016,-0.529086,13.7903
2808,-0.278242,-0.561661,13.4288
2809,-0.306981,-0.599014,13.0771
2810,-0.336781,-0.641396,12.735
2811,-0.368034,-0.68912,12.4022
2812,-0.401127,-0.74256,12.0785
2813,-0.436451,-0.802158,11.7639
2814,-0.474403,-0.868425,11.4581
2815,-0.515396,-0.941949,11.161
2816,-0.559862,-1.0234,10.8725
2817,-0.608261,-1.11353,10.5926
2818,-0.661085,-1.21319,10.3211
2819,-0.718867,-1.32335,10.0582
2820,-0.782182,-1.44506,9.80373
2821,-0.851661,-1.57952,9.55794
2822,-0.927994,-1.72806,9.32094
2823,-1.01194,-1.89216,9.09299
2824,-1.10433,-2.07345,8.87441
2825,-1.20608,-2.27374,8.66565
2826,-1.31822,-2.49505,8.46731
2827,-1.44184,-2.73958,8.28012
2828,-1.57819,-3.00977,8.10506
2829,-1.72863,-3.30828,7.9433
2830,-1.89465,-3.63803,7.79634
2831,-2.07788,-4.00219,7.66603
2832,-2.28014,-4.4042,7.55465
2833,-2.50338,-4.84774,7.46499
2834,-2.74975,-5.33673,7.40049
2835,-3.02158,-5.87528,7.36533
2836,-3.32135,-6.46764,7.36459
2837,-3.65175,-7.1181,7.40442
2838,-4.01558,-7.83083,7.49226
2839,-4.41579,-8.6097,7.63698
2840,-4.85537,-9.45796,7.84916
2841,-5.33729,-10.3779,8.1413
2842,-5.86439,-11.3702,8.52798
2843,-6.43922,-12.4334,9.02604
2844,-7.06378,-13.5629,9.65454
2845,-7.73928,-14.7502,10.4346
2846,-8.46572,-15.9811,11.3889
2847,-9.24147,-17.2349,12.5408
2848,-10.0627,-18.4826,13.9127
2849,-10.9227,-19.6859,15.5241
2850,-11.8113,-20.7964,17.3882
2851,-12.7142,-21.7557,19.5084
2852,-13.6125,-22.4973,21.8733
2853,-14.4824,-22.9498,24.4531
2854,-15.2958,-23.0433,27.195
2855,-16.0209,-22.7176,30.0225
2856,-16.6238,-21.9314,32.8367
2857,-17.0717,-20.6724,35.5228
2858,-17.3351,-18.9636,37.9607
2859,-17.3913,-16.8663,40.0385
2860,-17.2276,-14.4755,41.6672
2861,-16.8425,-11.9099,42.7921
2862,-16.2466,-9.29712,43.3989
2863,-15.4614,-6.75822,43.5128
2864,-14.5171,-4.39442,43.1915
2865,-13.4493,-2.27887,42.5136
2866,-12.2956,-0.454045,41.5666
2867,-11.0928,1.0659,40.4357
2868,-9.87432,2.28954,39.1966
2869,-8.6687,3.2414,37.9111
2870,-7.49904,3.95525,36.6258
2871,-6.38274,4.46872,35.3732
2872,-5.33198,4.81927,34.1739
2873,-4.35431,5.0417,33.0391
2874,-3.45345,5.16679,31.9733
2875,-2.63004,5.22079,30.9764
2876,-1.8824,5.22548,30.0453
2877,-1.20711,5.19854,29.1756
2878,-0.59959,5.15404,28.362
2879,-0.0545132,5.10302,27.5994
2880,0.433876,5.05402,26.8829
2881,0.871491,5.01351,26.2082
2882,1.26422,4.98637,25.5714
2883,1.61779,4.97621,24.9695
2884,1.93768,4.98564,24.3999
2885,2.22905,5.01653,23.8608
2886,2.49672,5.0702,23.3506
2887,2.74517,5.14754,22.8684
2888,2.97851,5.24916,22.4134
2889,3.2005,5.37545,21.9856
2890,3.41459,5.5267,21.585
2891,3.62392,5.70306,21.2121
2892,3.83132,5.90464,20.8674
2893,4.0394,6.13153,20.552
2894,4.25049,6.38373,20.2671
2895,4.46672,6.6612,20.0143
2896,4.68999,6.96385,19.7954
2897,4.92203,7.29142,19.6125
2898,5.16434,7.64352,19.468
2899,5.41827,8.01954,19.3646
2900,5.68494,8.41855,19.3053
2901,5.96526,8.83924,19.2933
2902,6.25992,9.27983,19.3321
2903,6.56934,9.73795,19.4253
2904,6.89363,10.2105,19.5768
2905,7.23258,10.6936,19.7902
2906,7.58556,11.1824,20.0693
2907,7.95151,11.671,20.4174
2908,8.32884,12.1523,20.8372
2909,8.71538,12.6182,21.3309
2910,9.10835,13.0591,21.8991
2911,9.50425,13.4647,22.5414
2912,9.89891,13.8235,23.2552
2913,10.2874,14.1235,24.0359
2914,10.6642,14.3526,24.8763
2915,11.0229,14.4989,25.7665
2916,11.3571,14.5517,26.6938
2917,11.6595,14.5019,27.6425
2918,11.9232,14.3434,28.5949
2919,12.1413,14.0728,29.531
2920,12.3075,13.6911,30.4301
2921,12.4164,13.2032,31.2713
2922,12.4637,12.6185,32.0347
2923,12.4467,11.9501,32.7028
2924,12.3643,11.2148,33.2612
2925,12.2173,10.4315,33.6994
2926,12.0083,9.62039,34.0115
2927,11.7415,8.80196,34.1962
2928,11.4225,7.99545,34.2563
2929,11.0585,7.21812,34.1986
2930,10.6572,6.48448,34.0325
2931,10.2268,5.80589,33.7698
2932,9.77579,5.19039,33.4233
2933,9.31239,4.64286,33.0064
2934,8.84437,4.16534,32.5319
2935,8.37883,3.75743,32.012
2936,7.92205,3.41684,31.4577
2937,7.47943,3.13983,30.8786
2938,7.05547,2.92176,30.2831
2939,6.65374,2.75746,29.6779
2940,6.27699,2.64153,29.0689
2941,5.92719,2.56871,28.4606
2942,5.60562,2.53395,27.8566
2943,5.313,2.53264,27.2598
2944,5.04955,2.56066,26.6725
2945,4.81511,2.61439,26.0964
2946,4.60921,2.69076,25.5329
2947,4.43116,2.78724,24.983
2948,4.28013,2.90179,24.4477
2949,4.15518,3.03284,23.9278
2950,4.05534,3.17923,23.4238
2951,3.97964,3.34021,22.9366
2952,3.92715,3.51535,22.4666
2953,3.897,3.70452,22.0147
2954,3.88841,3.90784,21.5815
2955,3.90068,4.12566,21.1679
2956,3.93323,4.35853,20.7747
2957,3.9856,4.60712,20.4031
2958,4.05743,4.87223,20.0542
2959,4.1485,5.15477,19.7294
2960,4.25866,5.45567,19.4302
2961,4.38791,5.77589,19.1584
2962,4.5363,6.11637,18.916
2963,4.70398,6.47799,18.7053
2964,4.89118,6.86148,18.5288
2965,5.09813,7.26742,18.3893
2966,5.32513,7.69611,18.2901
2967,5.57241,8.14754,18.2347
2968,5.84021,8.62125,18.227
2969,6.12864,9.11621,18.2711
2970,6.43769,9.63073,18.3715
2971,6.76714,10.1623,18.5329
2972,7.11651,10.7075,18.7601
2973,7.48499,11.2615,19.0579
2974,7.87133,11.8187,19.431
2975,8.27378,12.3715,19.8834
2976,8.68997,12.9111,20.4187
2977,9.11686,13.4271,21.0389
2978,9.55061,13.9076,21.7447
2979,9.98656,14.3392,22.5348
2980,10.4191,14.7075,23.405
2981,10.8419,14.9975,24.3484
2982,11.2477,15.1945,25.3544
2983,11.6285,15.2844,26.4089
2984,11.976,15.2552,27.4941
2985,12.2815,15.098,28.5889
2986,12.5366,14.8077,29.6696
2987,12.7332,14.3841,30.7107
2988,12.8646,13.8324,31.6863
2989,12.9252,13.1635,32.5718
2990,12.9114,12.3935,33.3452
2991,12.8215,11.5428,33.9885
2992,12.6563,10.6353,34.4891
2993,12.4187,9.69613,34.8399
2994,12.1138,8.7508,35.0398
2995,11.7487,7.82308,35.0935
2996,11.3317,6.93398,35.0101
2997,10.8724,6.10073,34.8026
2998,10.3808,5.33638,34.486
2999,9.86686,4.64963,34.0768
3000,9.34047,4.04514,33.5915
3001,8.81069,3.52402,33.046
3002,8.2857,3.08448,32.4546
3003,7.77264,2.72251,31.8301
3004,7.27748,2.43259,31.1835
3005,6.80508,2.20825,30.5238
3006,6.35919,2.04261,29.8583
3007,5.94252,1.92878,29.1928
3008,5.55691,1.86013,28.5319
3009,5.20339,1.83051,27.8789
3010,4.88236,1.83439,27.2362
3011,4.59367,1.86689,26.6059
3012,4.33676,1.92385,25.9891
3013,4.11076,2.00177,25.3869
3014,3.91457,2.09781,24.7999
3015,3.74698,2.2097,24.2287
3016,3.60668,2.33575,23.6735
3017,3.49236,2.47474,23.1347
3018,3.40274,2.62589,22.6126
3019,3.3366,2.78879,22.1075
3020,3.29282,2.96336,21.6197
3021,3.27039,3.14982,21.1497
3022,3.26844,3.34862,20.6979
3023,3.28621,3.56043,20.2649
3024,3.3231,3.7861,19.8514
3025,3.37868,4.02664,19.4581
3026,3.45262,4.28317,19.0861
3027,3.54476,4.55693,18.7364
3028,3.65506,4.84922,18.4103
3029,3.78364,5.16142,18.1095
3030,3.93071,5.4949,17.8357
3031,4.09661,5.85103,17.591
3032,4.28176,6.23114,17.3778
3033,4.48667,6.63643,17.1988
3034,4.71191,7.06796,17.0571
3035,4.95808,7.52653,16.9564
3036,5.22579,8.01262,16.9005
3037,5.51563,8.52627,16.894
3038,5.82807,9.06693,16.9418
3039,6.16349,9.63333,17.0492
3040,6.52205,10.2233,17.222
3041,6.90364,10.8335,17.4663
3042,7.30778,11.4592,17.7883
3043,7.73353,12.0944,18.1945
3044,8.17934,12.731,18.6905
3045,8.64298,13.359,19.2818
3046,9.12137,13.9664,19.9725
3047,9.61048,14.539,20.765
3048,10.1052,15.0606,21.6591
3049,10.5993,15.5131,22.652
3050,11.0853,15.8775,23.7366
3051,11.5547,16.1344,24.9016
3052,11.9979,16.2649,26.1308
3053,12.4045,16.2526,27.4029
3054,12.7639,16.0844,28.692
3055,13.0651,15.7526,29.9681
3056,13.2981,15.2558,31.1988
3057,13.4539,14.6,32.3506
3058,13.5253,13.799,33.3918
3059,13.5075,12.8737,34.2938
3060,13.3984,11.8511,35.0341
3061,13.1989,10.7627,35.5972
3062,12.9129,9.64158,35.9756
3063,12.5473,8.52074,36.17
3064,12.111,7.4304,36.1886
3065,11.615,6.39648,36.0453
3066,11.0714,5.43936,35.7588
3067,10.4928,4.57348,35.3499
3068,9.89166,3.8074,34.8405
3069,9.27978,3.14435,34.2518
3070,8.66797,2.58318,33.6035
3071,8.06574,2.11928,32.9128
3072,7.4811,1.74565,32.1944
3073,6.92057,1.45378,31.4605
3074,6.38919,1.23447,30.7206
3075,5.89064,1.07837,29.9819
3076,5.42737,0.976494,29.2501
3077,5.00077,0.920486,28.529
3078,4.61135,0.902812,27.8214
3079,4.25888,0.916854,27.1289
3080,3.9426,0.956929,26.4529
3081,3.66129,1.01827,25.7937
3082,3.41346,1.09695,25.1518
3083,3.1974,1.18985,24.5272
3084,3.01134,1.29453,23.9197
3085,2.85344,1.40919,23.3294
3086,2.7219,1.53255,22.7559
3087,2.61501,1.66382,22.1991
3088,2.53115,1.80259,21.6589
3089,2.46883,1.94881,21.1352
3090,2.42673,2.1027,20.6279
3091,2.40366,2.26475,20.1371
3092,2.39864,2.43566,19.6629
3093,2.41082,2.61632,19.2053
3094,2.43955,2.80776,18.7648
3095,2.48433,3.01117,18.3417
3096,2.54483,3.22788,17.9364
3097,2.62091,3.45932,17.5496
3098,2.71254,3.70702,17.182
3099,2.81988,3.97262,16.8347
3100,2.94321,4.25785,16.5086
3101,3.08297,4.5645,16.2053
3102,3.23973,4.89444,15.9264
3103,3.41416,5.24955,15.6738
3104,3.60709,5.63176,15.4498
3105,3.81942,6.04293,15.257
3106,4.05214,6.4849,15.0988
3107,4.30633,6.95931,14.9786
3108,4.58311,7.46763,14.9008
3109,4.88361,8.01096,14.8701
3110,5.20895,8.58995,14.8921
3111,5.56014,9.2046,14.973
3112,5.93811,9.85406,15.1196
3113,6.34351,10.5364,15.3395
3114,6.77673,11.2482,15.641
3115,7.2377,11.9845,16.0328
3116,7.72576,12.738,16.5237
3117,8.23955,13.4993,17.1226
3118,8.77678,14.2559,17.8377
3119,9.33404,14.9924,18.6757
3120,9.90664,15.69,19.6415
3121,10.4884,16.3268,20.7368
3122,11.0714,16.8784,21.9587
3123,11.6463,17.3179,23.2993
3124,12.2017,17.6178,24.7438
3125,12.725,17.7516,26.2704
3126,13.2023,17.6959,27.8494
3127,13.6189,17.4327,29.4442
3128,13.9603,16.9522,31.0124
3129,14.2129,16.2545,32.5077
3130,14.3651,15.3516,33.8839
3131,14.4078,14.2668,35.0976
3132,14.3358,13.0339,36.1124
3133,14.1478,11.6952,36.9016
3134,13.847,10.2972,37.4507
3135,13.441,8.88754,37.7573
3136,12.9406,7.51051,37.8311
3137,12.36,6.20441,37.6913
3138,11.715,4.99924,37.3642
3139,11.0225,3.91577,36.8803
3140,10.2992,2.96574,36.271
3141,9.56089,2.15278,35.5665
3142,8.82204,1.47391,34.7943
3143,8.09508,0.921222,33.978
3144,7.39036,0.483511,33.137
3145,6.71609,0.147737,32.2866
3146,6.07841,-0.0998097,31.4382
3147,5.48157,-0.272639,30.6
3148,4.92818,-0.383462,29.7778
3149,4.41943,-0.443825,28.975
3150,3.95538,-0.463928,28.1937
3151,3.53516,-0.452568,27.4348
3152,3.15722,-0.41717,26.6984
3153,2.81953,-0.363888,25.9843
3154,2.51971,-0.297715,25.2918
3155,2.25517,-0.222628,24.6202
3156,2.02325,-0.141718,23.9684
3157,1.82129,-0.0573237,23.3358
3158,1.64668,0.0288497,22.7215
3159,1.49692,0.115622,22.1247
3160,1.36966,0.202247,21.5448
3161,1.26274,0.288326,20.981
3162,1.17415,0.373746,20.4329
3163,1.10209,0.458619,19.8999
3164,1.04495,0.543237,19.3815
3165,1.0013,0.628037,18.8774
3166,0.969913,0.713565,18.3872
3167,0.949708,0.800464,17.9105
3168,0.939791,0.889447,17.4471
3169,0.939417,0.981295,16.9966
3170,0.947992,1.07684,16.559
3171,0.965058,1.17698,16.1338
3172,0.99029,1.28266,15.7212
3173,1.02348,1.39487,15.3208
3174,1.06456,1.51466,14.9326
3175,1.11353,1.64318,14.5566
3176,1.17055,1.78161,14.1928
3177,1.23584,1.93123,13.8414
3178,1.30976,2.09341,13.5024
3179,1.39274,2.26963,13.1762
3180,1.48534,2.46148,12.8631
3181,1.5882,2.67066,12.5635
3182,1.7021,2.89903,12.2781
3183,1.8279,3.14858,12.0076
3184,1.96658,3.42145,11.7531
3185,2.11926,3.71996,11.5158
3186,2.28715,4.04659,11.2972
3187,2.47162,4.40398,11.0991
3188,2.67414,4.79492,10.9238
3189,2.89634,5.22237,10.7739
3190,3.13995,5.68936,10.6529
3191,3.40686,6.199,10.5645
3192,3.69906,6.75441,10.5135
3193,4.01864,7.35855,10.5055
3194,4.36778,8.01417,10.547
3195,4.74866,8.72355,10.6458
3196,5.16347,9.48826,10.811
3197,5.61428,10.3088,11.0528
3198,6.10295,11.1844,11.3832
3199,6.631,12.112,11.8156
3200,7.19937,13.0862,12.3645
3201,7.80827,14.098,13.0458
3202,8.45682,15.1344,13.8758
3203,9.14276,16.1773,14.8707
3204,9.86204,17.2026,16.0453
3205,10.6084,18.1799,17.4112
3206,11.3729,19.0721,18.975
3207,12.1437,19.8359,20.7354
3208,12.9057,20.4232,22.6808
3209,13.6406,20.7836,24.7866
3210,14.3268,20.8687,27.013
3211,14.9408,20.6369,29.3045
3212,15.4577,20.0593,31.5913
3213,15.8532,19.1256,33.793
3214,16.1055,17.8484,35.8248
3215,16.1969,16.2647,37.606
3216,16.1165,14.4348,39.0681
3217,15.8608,12.4367,40.163
3218,15.4347,10.3577,40.8679
3219,14.8509,8.28563,41.1861
3220,14.1291,6.29962,41.1448
3221,13.2938,4.46337,40.7893
3222,12.3724,2.82155,40.176
3223,11.393,1.39924,39.3648
3224,10.3823,0.203835,38.4138
3225,9.36484,-0.771422,37.3742
3226,8.36138,-1.54336,36.2886
3227,7.38887,-2.13496,35.1902
3228,6.4603,-2.572,34.1029
3229,5.58491,-2.88063,33.0433
3230,4.76866,-3.08564,32.0213
3231,4.01468,-3.20948,31.0423
3232,3.32377,-3.27179,30.1082
3233,2.69498,-3.28928,29.2187
3234,2.12595,-3.27589,28.3719
3235,1.61338,-3.24298,27.5653
3236,1.15328,-3.19971,26.7961
3237,0.741279,-3.15335,26.0614
3238,0.372814,-3.10957,25.3586
3239,0.0432737,-3.07274,24.685
3240,-0.251877,-3.04621,24.0387
3241,-0.517019,-3.03249,23.4177
3242,-0.756322,-3.03348,22.8206
3243,-0.973716,-3.05057,22.2462
3244,-1.17287,-3.08483,21.6933
3245,-1.3572,-3.13705,21.1613
3246,-1.52985,-3.20791,20.6497
3247,-1.69374,-3.29798,20.1581
3248,-1.85156,-3.40778,19.6863
3249,-2.00578,-3.53788,19.2344
3250,-2.15872,-3.68887,18.8025
3251,-2.3125,-3.86144,18.391
3252,-2.46915,-4.05633,18.0004
3253,-2.63055,-4.27442,17.6316
3254,-2.79851,-4.51668,17.2853
3255,-2.97475,-4.78416,16.9629
3256,-3.16094,-5.07805,16.6658
3257,-3.35871,-5.39956,16.3957
3258,-3.56964,-5.75,16.1548
3259,-3.79529,-6.13065,15.9456
3260,-4.03721,-6.5428,15.7708
3261,-4.29691,-6.9876,15.6339
3262,-4.57583,-7.46605,15.5389
3263,-4.87541,-7.97886,15.4901
3264,-5.19695,-8.52631,15.4925
3265,-5.54165,-9.10814,15.552
3266,-5.91055,-9.7233,15.6748
3267,-6.30442,-10.3698,15.8678
3268,-6.72371,-11.0443,16.1386
3269,-7.16846,-11.7421,16.495
3270,-7.63815,-12.4564,16.945
3271,-8.13157,-13.1784,17.4967
3272,-8.64667,-13.8967,18.1574
3273,-9.18038,-14.5974,18.9333
3274,-9.72844,-15.2634,19.8288
3275,-10.2853,-15.8749,20.8455
3276,-10.8438,-16.4098,21.9812
3277,-11.3953,-16.8438,23.2289
3278,-11.9298,-17.152,24.5758
3279,-12.4357,-17.3099,26.003
3280,-12.9003,-17.2958,27.4845
3281,-13.3103,-17.0922,28.9878
3282,-13.6523,-16.6888,30.4751
3283,-13.9135,-16.0836,31.905
3284,-14.0829,-15.285,33.2351
3285,-14.1515,-14.3114,34.4248
3286,-14.1135,-13.1913,35.4391
3287,-13.967,-11.9609,36.2508
3288,-13.7136,-10.6616,36.843
3289,-13.3591,-9.33661,37.2099
3290,-12.9127,-8.02744,37.3564
3291,-12.3865,-6.77106,37.2968
3292,-11.7946,-5.59773,37.0527
3293,-11.1523,-4.5297,36.6504
3294,-10.4752,-3.58107,36.1179
3295,-9.77835,-2.75833,35.4835
3296,-9.07561,-2.06144,34.7732
3297,-8.37933,-1.48528,34.0102
3298,-7.69997,-1.02113,33.2141
3299,-7.04608,-0.65797,32.4007
3300,-6.42424,-0.383688,31.5823
3301,-5.83928,-0.185944,30.7682
3302,-5.29439,-0.0528351,29.9649
3303,-4.79136,0.0266769,29.1769
3304,-4.33082,0.0625134,28.407
3305,-3.91245,0.0633631,27.6568
3306,-3.5352,0.0366657,26.9271
3307,-3.19747,-0.01134,26.2181
3308,-2.89726,-0.0755264,25.5294
3309,-2.63235,-0.151768,24.8607
3310,-2.40034,-0.23682,24.2113
3311,-2.19884,-0.328205,23.5806
3312,-2.02543,-0.424097,22.9679
3313,-1.87782,-0.523225,22.3726
3314,-1.75381,-0.624775,21.7941
3315,-1.65136,-0.72832,21.232
3316,-1.56861,-0.833746,20.6857
3317,-1.50386,-0.941197,20.1548
3318,-1.4556,-1.05103,19.6389
3319,-1.42253,-1.16379,19.1379
3320,-1.40351,-1.28014,18.6513
3321,-1.39757,-1.40089,18.179
3322,-1.40394,-1.52695,17.7209
3323,-1.42199,-1.65933,17.2767
3324,-1.45128,-1.79911,16.8466
3325,-1.49148,-1.94749,16.4305
3326,-1.54245,-2.10571,16.0285
3327,-1.60415,-2.27515,15.6407
3328,-1.67671,-2.45723,15.2674
3329,-1.76036,-2.65351,14.9089
3330,-1.85548,-2.86563,14.5658
3331,-1.96258,-3.09534,14.2387
3332,-2.08226,-3.34452,13.9282
3333,-2.2153,-3.61516,13.6355
3334,-2.36255,-3.90937,13.3616
3335,-2.52502,-4.22941,13.1081
3336,-2.70382,-4.57764,12.8768
3337,-2.90021,-4.95651,12.6697
3338,-3.11556,-5.36859,12.4895
3339,-3.35133,-5.81649,12.3392
3340,-3.60914,-6.30282,12.2226
3341,-3.89065,-6.83012,12.1439
3342,-4.19763,-7.40078,12.1082
3343,-4.53188,-8.01689,12.1216
3344,-4.89523,-8.68007,12.1908
3345,-5.28943,-9.39125,12.324
3346,-5.71611,-10.1504,12.5303
3347,-6.1767,-10.956,12.8198
3348,-6.67226,-11.8051,13.204
3349,-7.20336,-12.6922,13.6952
3350,-7.76983,-13.6088,14.3065
3351,-8.37061,-14.5433,15.0514
3352,-9.00337,-15.4796,15.9427
3353,-9.6643,-16.3971,16.992
3354,-10.3477,-17.2699,18.2081
3355,-11.0457,-18.067,19.5955
3356,-11.7481,-18.7526,21.1524
3357,-12.4419,-19.2873,22.8685
3358,-13.1116,-19.6301,24.7234
3359,-13.7393,-19.7413,26.6847
3360,-14.3052,-19.5865,28.7079
3361,-14.7885,-19.1408,30.737
3362,-15.1689,-18.3932,32.7072
3363,-15.4276,-17.3501,34.5495
3364,-15.549,-16.0371,36.1964
3365,-15.5226,-14.498,37.5884
3366,-15.3436,-12.7922,38.6803
3367,-15.014,-10.9887,39.4455
3368,-14.5424,-9.15936,39.8776
3369,-13.9431,-7.37228,39.9901
3370,-13.2352,-5.68565,39.8128
3371,-12.441,-4.14402,39.3869
3372,-11.5838,-2.77672,38.7595
3373,-10.6872,-1.59832,37.9788
3374,-9.77298,-0.610592,37.0898
3375,-8.86072,0.194656,36.132
3376,-7.96688,0.832512,35.1379
3377,-7.10473,1.32216,34.1326
3378,-6.28435,1.68457,33.1348
3379,-5.51285,1.94071,32.1571
3380,-4.79473,2.11044,31.2078
3381,-4.13224,2.21176,30.2913
3382,-3.52581,2.26046,29.4098
3383,-2.97445,2.2701,28.5633
3384,-2.47606,2.252,27.7509
3385,-2.02777,2.21552,26.9711
3386,-1.6262,2.16821,26.2219
3387,-1.26762,2.11611,25.5014
3388,-0.948154,2.06393,24.8076
3389,-0.663907,2.01535,24.1386
3390,-0.411044,1.97316,23.4929
3391,-0.185863,1.93943,22.869
3392,0.0151544,1.91573,22.2656
3393,0.195318,1.90318,21.6817
3394,0.357716,1.90258,21.1164
3395,0.505206,1.91454,20.5689
3396,0.640424,1.93951,20.0386
3397,0.765795,1.97784,19.5249
3398,0.883542,2.02986,19.0274
3399,0.995711,2.09591,18.5459
3400,1.10418,2.17635,18.08
3401,1.2107,2.27161,17.6296
3402,1.31689,2.38221,17.1947
3403,1.42426,2.50878,16.7753
3404,1.53426,2.65204,16.3716
3405,1.64827,2.81287,15.9837
3406,1.76762,2.99227,15.612
3407,1.89363,3.19138,15.257
3408,2.0276,3.41151,14.9194
3409,2.17085,3.65411,14.5999
3410,2.3247,3.92078,14.2997
3411,2.49053,4.21328,14.0201
3412,2.66973,4.53352,13.7625
3413,2.86378,4.88352,13.5288
3414,3.0742,5.26542,13.3215
3415,3.30257,5.68145,13.1431
3416,3.55053,6.13387,12.9969
3417,3.81981,6.62489,12.8869
3418,4.11214,7.15663,12.8174
3419,4.4293,7.73099,12.7937
3420,4.77306,8.3495,12.8221
3421,5.14515,9.01311,12.9095
3422,5.54717,9.72199,13.0639
3423,5.98055,10.4752,13.2945
3424,6.44641,11.2703,13.6114
3425,6.94548,12.1031,14.0255
3426,7.47786,12.9668,14.5486
3427,8.04289,13.8518,15.1929
3428,8.63888,14.7448,15.9704
3429,9.26285,15.6288,16.8922
3430,9.91027,16.4821,17.9674
3431,10.5747,17.2782,19.202
3432,11.2477,17.9863,20.5969
3433,11.9184,18.5717,22.1464
3434,12.5736,18.9976,23.8364
3435,13.1977,19.2267,25.6426
3436,13.7733,19.2247,27.5302
3437,14.2816,18.9638,29.4531
3438,14.7034,18.4267,31.3563
3439,15.0204,17.6098,33.1783
3440,15.2164,16.5261,34.8561
3441,15.2789,15.2056,36.3301
3442,15.2001,13.6941,37.5504
3443,14.978,12.0492,38.4812
3444,14.6167,10.3353,39.1044
3445,14.1259,8.61742,39.42
3446,13.5206,6.95511,39.4447
3447,12.8195,5.3981,39.2089
3448,12.0436,3.98335,38.7517
3449,11.2148,2.7342,38.1163
3450,10.3544,1.66115,37.3461
3451,9.48239,0.763803,36.4811
3452,8.61611,0.0334255,35.5559
3453,7.77026,-0.544413,34.5989
3454,6.95659,-0.987438,33.6323
3455,6.18394,-1.31472,32.6723
3456,5.45851,-1.5452,31.7302
3457,4.78413,-1.69674,30.8132
3458,4.16266,-1.78551,29.9255
3459,3.59434,-1.82573,29.0689
3460,3.07812,-1.82956,28.2438
3461,2.612,-1.80724,27.4496
3462,2.19328,-1.76719,26.6849
3463,1.81879,-1.71624,25.9483
3464,1.48509,-1.65984,25.238
3465,1.1886,-1.60226,24.5524
3466,0.92573,-1.54679,23.89
3467,0.692944,-1.49594,23.2492
3468,0.486848,-1.45156,22.6289
3469,0.30422,-1.41499,22.0278
3470,0.142033,-1.38719,21.4451
3471,-0.00252473,-1.36881,20.8799
3472,-0.132052,-1.36029,20.3314
3473,-0.248932,-1.36193,19.799
3474,-0.355345,-1.37394,19.282
3475,-0.453282,-1.39646,18.7802
3476,-0.544557,-1.42964,18.293
3477,-0.630826,-1.47365,17.82
3478,-0.713605,-1.52869,17.3611
3479,-0.794288,-1.59502,16.9159
3480,-0.874165,-1.673,16.4842
3481,-0.954443,-1.76306,16.0659
3482,-1.03626,-1.86574,15.661
3483,-1.12069,-1.98171,15.2693
3484,-1.20881,-2.11173,14.891
3485,-1.30162,-2.25672,14.5262
3486,-1.40017,-2.41773,14.1752
3487,-1.50548,-2.59593,13.8381
3488,-1.61862,-2.79269,13.5155
3489,-1.74067,-3.00951,13.2079
3490,-1.87277,-3.24805,12.9161
3491,-2.01613,-3.51016,12.641
3492,-2.17201,-3.79786,12.3839
3493,-2.34176,-4.11333,12.1461
3494,-2.52682,-4.45893,11.9294
3495,-2.72871,-4.83717,11.736
3496,-2.94907,-5.25069,11.5684
3497,-3.18963,-5.70224,11.4298
3498,-3.45222,-6.19464,11.3239
3499,-3.73877,-6.73066,11.2552
3500,-4.05128,-7.31299,11.2288
3501,-4.3918,-7.94404,11.2511
3502,-4.76241,-8.62584,11.3291
3503,-5.16515,-9.35971,11.4715
3504,-5.60194,-10.146,11.6877
3505,-6.07449,-10.9838,11.9887
3506,-6.58419,-11.8703,12.387
3507,-7.13189,-12.8002,12.8959
3508,-7.71775,-13.7653,13.5299
3509,-8.34094,-14.7537,14.3041
3510,-8.99935,-15.7486,15.233
3511,-9.68925,-16.7284,16.3304
3512,-10.4049,-17.6653,17.6068
3513,-11.1382,-18.5257,19.0685
3514,-11.8783,-19.2704,20.7151
3515,-12.6115,-19.8558,22.5367
3516,-13.3211,-20.2359,24.5121
3517,-13.9876,-20.366,26.6068
3518,-14.5893,-20.2067,28.772
3519,-15.1034,-19.7294,30.9457
3520,-15.5071,-18.9211,33.0558
3521,-15.7797,-17.7889,35.0249
3522,-15.904,-16.3617,36.7777
3523,-15.8684,-14.6897,38.2481
3524,-15.6679,-12.8403,39.3867
3525,-15.305,-10.8919,40.1657
3526,-14.7897,-8.92512,40.581
3527,-14.1385,-7.01546,40.6508
3528,-13.373,-5.22613,40.4113
3529,-12.5178,-3.60418,39.9108
3530,-11.599,-2.17901,39.2034
3531,-10.6421,-0.963356,38.3429
3532,-9.67066,0.0440714,37.3789
3533,-8.70546,0.85509,36.3536
3534,-7.76369,1.48849,35.3011
3535,-6.85896,1.96687,34.247
3536,-6.00133,2.31408,33.2097
3537,-5.19766,2.55344,32.2012
3538,-4.45204,2.70658,31.2286
3539,-3.76617,2.79278,30.2953
3540,-3.13993,2.82874,29.4024
3541,-2.57171,2.82856,28.5491
3542,-2.05884,2.80393,27.7336
3543,-1.59792,2.76435,26.9537
3544,-1.18503,2.71746,26.2069
3545,-0.815998,2.66928,25.4908
3546,-0.48654,2.6245,24.8031
3547,-0.192381,2.58673,24.1418
3548,0.0706437,2.55871,23.5051
3549,0.306529,2.54249,22.8913
3550,0.519058,2.53961,22.2994
3551,0.711781,2.55121,21.7281
3552,0.888003,2.57812,21.1766
3553,1.05078,2.62102,20.6443
3554,1.20295,2.68046,20.1305
3555,1.34712,2.75691,19.635
3556,1.48568,2.85085,19.1575
3557,1.62086,2.96281,18.698
3558,1.75473,3.09335,18.2564
3559,1.88921,3.24313,17.833
3560,2.0261,3.41291,17.428
3561,2.16713,3.60358,17.042
3562,2.31393,3.81615,16.6755
3563,2.46809,4.05174,16.3295
3564,2.63117,4.31164,16.005
3565,2.80469,4.59721,15.7033
3566,2.99018,4.90998,15.4259
3567,3.18916,5.25153,15.1749
3568,3.40317,5.62354,14.9524
3569,3.63375,6.02769,14.7612
3570,3.88248,6.46567,14.6043
3571,4.15092,6.93905,14.4857
3572,4.44063,7.44926,14.4094
3573,4.75315,7.9974,14.3805
3574,5.08995,8.58415,14.4047
3575,5.45242,9.2096,14.4884
3576,5.84176,9.87296,14.6388
3577,6.25894,10.5724,14.864
3578,6.70459,11.3045,15.1725
3579,7.17889,12.0643,15.5738
3580,7.68141,12.8445,16.0773
3581,8.21096,13.6353,16.6927
3582,8.76538,14.4239,17.4291
3583,9.34133,15.194,18.2941
3584,9.9341,15.9262,19.2934
3585,10.5374,16.5971,20.4295
3586,11.143,17.1805,21.7001
3587,11.7412,17.6476,23.0972
3588,12.3201,17.9689,24.606
3589,12.8662,18.1153,26.2034
3590,13.3648,18.0611,27.8582
3591,13.8002,17.7866,29.531
3592,14.157,17.2808,31.1763
3593,14.4204,16.5438,32.7443
3594,14.5779,15.5881,34.1848
3595,14.6198,14.4394,35.4513
3596,14.5406,13.1346,36.5047
3597,14.339,11.7198,37.3168
3598,14.0188,10.2457,37.8728
3599,13.5879,8.76359,38.1714
3600,13.0585,7.32116,38.2244
3601,12.4459,5.95894,38.0537
3602,11.7671,4.70818,37.6888
3603,11.0401,3.58992,37.1631
3604,10.2828,2.61532,36.5107
3605,9.51196,1.78687,35.7641
3606,8.74251,1.1001,34.9522
3607,7.98741,0.545447,34.0997
3608,7.25726,0.110131,33.2265
3609,6.56037,-0.220339,32.348
3610,5.90281,-0.460918,31.4756
3611,5.28868,-0.626136,30.6171
3612,4.72037,-0.729507,29.7778
3613,4.1988,-0.783186,28.9608
3614,3.72372,-0.797817,28.1678
3615,3.29398,-0.782508,27.3991
3616,2.90772,-0.744895,26.6548
3617,2.56262,-0.691262,25.934
3618,2.25602,-0.626687,25.2359
3619,1.98511,-0.55519,24.5594
3620,1.747,-0.479889,23.9036
3621,1.53879,-0.403138,23.2675
3622,1.3577,-0.32666,22.65
3623,1.20105,-0.251656,22.0503
3624,1.06635,-0.178909,21.4677
3625,0.951259,-0.108864,20.9013
3626,0.853648,-0.0417016,20.3507
3627,0.771577,0.0226036,19.8151
3628,0.703305,0.0842348,19.294
3629,0.647277,0.143494,18.7871
3630,0.602121,0.200773,18.2938
3631,0.566635,0.256525,17.8137
3632,0.539778,0.311253,17.3465
3633,0.520656,0.365493,16.8918
3634,0.508515,0.419804,16.4493
3635,0.502725,0.474767,16.0187
3636,0.502771,0.530976,15.5997
3637,0.508247,0.589044,15.192
3638,0.518843,0.649601,14.7953
3639,0.53434,0.713295,14.4095
3640,0.554602,0.780802,14.0344
3641,0.579574,0.852827,13.6696
3642,0.609271,0.930109,13.3152
3643,0.643782,1.01344,12.9708
3644,0.683265,1.10364,12.6364
3645,0.727943,1.20162,12.3119
3646,0.778109,1.30834,11.9972
3647,0.834121,1.42485,11.6924
3648,0.89641,1.55229,11.3974
3649,0.965477,1.69189,11.1124
3650,1.0419,1.84502,10.8375
3651,1.12633,2.01314,10.573
3652,1.21952,2.19789,10.3191
3653,1.3223,2.40105,10.0764
3654,1.4356,2.62456,9.84542
3655,1.56046,2.87056,9.62694
3656,1.69802,3.14137,9.42193
3657,1.84957,3.43953,9.23157
3658,2.0165,3.7678,9.05736
3659,2.20037,4.12916,8.90114
3660,2.40285,4.52681,8.76518
3661,2.6258,4.96417,8.65223
3662,2.87122,5.44483,8.56566
3663,3.14127,5.97254,8.50955
3664,3.43827,6.55115,8.48884
3665,3.76469,7.18447,8.50947
3666,4.12311,7.87615,8.57853
3667,4.5162,8.6295,8.7045
3668,4.94667,9.44716,8.89735
3669,5.41716,10.3308,9.16882
3670,5.93018,11.2805,9.53247
3671,6.48788,12.2944,10.0038
3672,7.09192,13.3676,10.6003
3673,7.74313,14.4913,11.3411
3674,8.44124,15.6521,12.2466
3675,9.18439,16.8302,13.3373
3676,9.96871,17.9986,14.6329
3677,10.7877,19.1221,16.1501
3678,11.6318,20.1566,17.8996
3679,12.4876,21.0498,19.8833
3680,13.3377,21.7421,22.0902
3681,14.1605,22.1702,24.4926
3682,14.9305,22.2722,27.0435
3683,15.6189,21.9947,29.6749
3684,16.1955,21.3003,32.2996
3685,16.6303,20.1766,34.8162
3686,16.8966,18.6411,37.1181
3687,16.9734,16.7447,39.1047
3688,16.8482,14.5678,40.6935
3689,16.5182,12.2128,41.8307
3690,15.9915,9.79223,42.4966
3691,15.2858,7.41518,42.7065
3692,14.4271,5.17594,42.5049
3693,13.4467,3.14589,41.9572
3694,12.3784,1.37011,41.1391
3695,11.256,-0.131629,40.1271
3696,10.1108,-1.36083,38.9911
3697,8.97005,-2.33476,37.79
3698,7.85649,-3.08069,36.57
3699,6.78764,-3.63092,35.3648
3700,5.77626,-4.01891,34.1968
3701,4.83074,-4.27668,33.0799
3702,3.95579,-4.43325,32.0208
3703,3.15305,-4.51389,31.0214
3704,2.42183,-4.53999,30.0809
3705,1.75961,-4.52918,29.196
3706,1.16264,-4.49574,28.363
3707,0.626288,-4.45106,27.5774
3708,0.145401,-4.40404,26.835
3709,-0.285422,-4.36159,26.1321
3710,-0.671648,-4.32899,25.4652
3711,-1.01866,-4.3102,24.8312
3712,-1.33165,-4.30819,24.2279
3713,-1.61557,-4.32512,23.6533
3714,-1.87506,-4.36258,23.1057
3715,-2.11446,-4.42173,22.5842
3716,-2.3378,-4.50342,22.088
3717,-2.54877,-4.60827,21.6167
3718,-2.75078,-4.7368,21.1701
3719,-2.94697,-4.88943,20.7483
3720,-3.14019,-5.06655,20.3518
3721,-3.33308,-5.26856,19.9813
3722,-3.52806,-5.49585,19.6377
3723,-3.72735,-5.74883,19.3222
3724,-3.93301,-6.02791,19.0363
3725,-4.14694,-6.33348,18.7818
3726,-4.37088,-6.66589,18.5607
3727,-4.60645,-7.02539,18.3754
3728,-4.85514,-7.41209,18.2289
3729,-5.11827,-7.82587,18.1241
3730,-5.39703,-8.26633,18.0646
3731,-5.69243,-8.73263,18.0543
3732,-6.0053,-9.22343,18.0974
3733,-6.33621,-9.73673,18.1984
3734,-6.68545,-10.2697,18.3623
3735,-7.05298,-10.8185,18.5939
3736,-7.43833,-11.3783,18.8983
3737,-7.84056,-11.9427,19.2803
3738,-8.25814,-12.5039,19.7441
3739,-8.68887,-13.0528,20.2935
3740,-9.1298,-13.5782,20.9306
3741,-9.57713,-14.0676,21.6564
3742,-10.0262,-14.507,22.4693
3743,-10.4713,-14.8813,23.3651
3744,-10.9058,-15.1748,24.3366
3745,-11.3224,-15.3718,25.3728
3746,-11.7129,-15.4577,26.4587
3747,-12.0684,-15.4199,27.5759
3748,-12.3802,-15.2492,28.702
3749,-12.6394,-14.9402,29.8121
3750,-12.8378,-14.4932,30.8796
3751,-12.9683,-13.9139,31.8775
3752,-13.0253,-13.2141,32.7801
3753,-13.0052,-12.411,33.5647
3754,-12.9064,-11.5264,34.2129
3755,-12.7299,-10.5855,34.712
3756,-12.479,-9.61484,35.0555
3757,-12.1593,-8.64092,35.243
3758,-11.7781,-7.68841,35.2799
3759,-11.3445,-6.77882,35.1766
3760,-10.8684,-5.92962,34.947
3761,-10.3603,-5.15372,34.6074
3762,-9.83055,-4.45953,34.175
3763,-9.28932,-3.8512,33.6671
3764,-8.74589,-3.32926,33.1001
3765,-8.20859,-2.89129,32.4888
3766,-7.68463,-2.53268,31.8461
3767,-7.18,-2.24732,31.1829
3768,-6.6995,-2.02826,30.5084
3769,-6.24679,-1.86821,29.8297
3770,-5.82449,-1.75993,29.1525
3771,-5.4343,-1.69654,28.4811
3772,-5.07712,-1.6717,27.8188
3773,-4.7532,-1.67973,27.1679
3774,-4.46226,-1.71568,26.53
3775,-4.2036,-1.77532,25.9064
3776,-3.97623,-1.85513,25.2978
3777,-3.77895,-1.95226,24.7049
3778,-3.61044,-2.06448,24.1279
3779,-3.4693,-2.1901,23.5672
3780,-3.35414,-2.32793,23.023
3781,-3.26361,-2.47723,22.4955
3782,-3.19645,-2.63761,21.985
3783,-3.15148,-2.80904,21.4917
3784,-3.12764,-2.99177,21.016
3785,-3.12402,-3.18628,20.5582
3786,-3.13986,-3.39328,20.1188
3787,-3.17452,-3.61365,19.6985
3788,-3.22755,-3.84844,19.2979
3789,-3.29862,-4.09882,18.918
3790,-3.38756,-4.36607,18.5597
3791,-3.49434,-4.65156,18.2244
3792,-3.61906,-4.95671,17.9134
3793,-3.76197,-5.283,17.6284
3794,-3.9234,-5.6319,17.3714
3795,-4.10383,-6.00484,17.1446
3796,-4.3038,-6.40321,16.9508
3797,-4.52393,-6.82824,16.7928
3798,-4.76489,-7.28096,16.6742
3799,-5.02738,-7.76214,16.5988
3800,-5.31206,-8.27213,16.5709
3801,-5.61958,-8.81078,16.5955
3802,-5.95045,-9.37727,16.678
3803,-6.30503,-9.96994,16.824
3804,-6.68343,-10.5861,17.04
3805,-7.08542,-11.2217,17.3325
3806,-7.51037,-11.8712,17.7081
3807,-7.95709,-12.5274,18.1733
3808,-8.42369,-13.181,18.7344
3809,-8.90751,-13.8206,19.3963
3810,-9.40493,-14.4324,20.163
3811,-9.91125,-15.0004,21.0358
3812,-10.4206,-15.5065,22.0135
3813,-10.9259,-15.9312,23.0911
3814,-11.4187,-16.2537,24.2593
3815,-11.8895,-16.4537,25.5035
3816,-12.3279,-16.5123,26.8041
3817,-12.7226,-16.4137,28.136
3818,-13.0623,-16.1467,29.4694
3819,-13.3359,-15.7065,30.771
3820,-13.5333,-15.0957,32.0057
3821,-13.6459,-14.3254,33.1387
3822,-13.6675,-13.4144,34.138
3823,-13.5946,-12.3891,34.9769
3824,-13.4268,-11.2809,35.6358
3825,-13.1669,-10.1248,36.1034
3826,-12.8208,-8.95614,36.3772
3827,-12.3973,-7.80826,36.463
3828,-11.907,-6.71055,36.3738
3829,-11.3623,-5.68682,36.1279
3830,-10.7763,-4.75453,35.7469
3831,-10.1623,-3.92472,35.2539
3832,-9.5329,-3.2025,34.6718
3833,-8.89991,-2.5879,34.0221
3834,-8.27373,-2.07693,33.3239
3835,-7.66325,-1.66272,32.5935
3836,-7.07579,-1.33652,31.8444
3837,-6.51705,-1.08862,31.0874
3838,-5.99128,-0.909021,30.3307
3839,-5.50136,-0.788004,29.5804
3840,-5.049,-0.716467,28.841
3841,-4.63494,-0.686156,28.1154
3842,-4.2591,-0.689783,27.4056
3843,-3.92075,-0.721062,26.7128
3844,-3.6187,-0.774687,26.0376
3845,-3.35139,-0.846281,25.3802
3846,-3.11706,-0.932314,24.7407
3847,-2.91379,-1.03002,24.1188
3848,-2.73965,-1.1373,23.5143
3849,-2.59269,-1.25264,22.9269
3850,-2.47103,-1.37504,22.3564
3851,-2.37292,-1.50393,21.8024
3852,-2.29671,-1.63908,21.2649
3853,-2.24093,-1.7806,20.7436
3854,-2.20424,-1.92885,20.2384
3855,-2.18549,-2.08442,19.7492
3856,-2.18373,-2.24809,19.2762
3857,-2.19813,-2.42081,18.8194
3858,-2.22808,-2.60366,18.379
3859,-2.27312,-2.79789,17.9553
3860,-2.33296,-3.00483,17.5487
3861,-2.40748,-3.22595,17.1598
3862,-2.49669,-3.4628,16.7891
3863,-2.60079,-3.71706,16.4376
3864,-2.72008,-3.99049,16.1062
3865,-2.85505,-4.28493,15.7961
3866,-3.00628,-4.6023,15.5089
3867,-3.17451,-4.94458,15.2463
3868,-3.3606,-5.31382,15.0105
3869,-3.5655,-5.71204,14.8038
3870,-3.79028,-6.14126,14.6293
3871,-4.03609,-6.60341,14.4904
3872,-4.30416,-7.10027,14.391
3873,-4.59574,-7.63337,14.3357
3874,-4.9121,-8.20386,14.3299
3875,-5.25449,-8.81237,14.3796
3876,-5.62404,-9.45881,14.4915
3877,-6.02173,-10.1421,14.6733
3878,-6.4483,-10.86,14.9333
3879,-6.90411,-11.6085,15.2805
3880,-7.38903,-12.3818,15.7245
3881,-7.90228,-13.1718,16.2749
3882,-8.44223,-13.9673,16.9413
3883,-9.00621,-14.7543,17.7323
3884,-9.59031,-15.5152,18.6552
3885,-10.1891,-16.2288,19.7143
3886,-10.7956,-16.8704,20.9104
3887,-11.4008,-17.4125,22.2391
3888,-11.994,-17.8257,23.6899
3889,-12.5627,-18.0801,25.2443
3890,-13.0926,-18.1476,26.8759
3891,-13.5684,-18.0046,28.5499
3892,-13.9745,-17.6343,30.2239
3893,-14.2954,-17.03,31.8499
3894,-14.5171,-16.1968,33.3773
3895,-14.628,-15.153,34.7565
3896,-14.62,-13.9293,35.9433
3897,-14.4893,-12.5671,36.9026
3898,-14.2367,-11.1152,37.6115
3899,-13.8677,-9.6255,38.0608
3900,-13.3922,-8.14856,38.2549
3901,-12.824,-6.72971,38.2103
3902,-12.1791,-5.406,37.9528
3903,-11.4754,-4.20457,37.5142
3904,-10.731,-3.14228,36.9286
3905,-9.96335,-2.22646,36.2301
3906,-9.1887,-1.45637,35.4499
3907,-8.42127,-0.825092,34.6154
3908,-7.67307,-0.32139,33.7495
3909,-6.95376,0.0685262,32.87
3910,-6.2707,0.35958,31.9907
3911,-5.62912,0.566737,31.1215
3912,-5.03235,0.704238,30.2689
3913,-4.48213,0.785126,29.4373
3914,-3.97884,0.820985,28.6291
3915,-3.52179,0.821853,27.8453
3916,-3.1095,0.79624,27.086
3917,-2.73987,0.751222,26.3509
3918,-2.41039,0.692576,25.6392
3919,-2.11832,0.624928,24.9498
3920,-1.86077,0.551912,24.2817
3921,-1.63482,0.476315,23.6339
3922,-1.4376,0.400219,23.0053
3923,-1.26636,0.325118,22.3951
3924,-1.11846,0.252032,21.8024
3925,-0.991474,0.181599,21.2265
3926,-0.883129,0.114152,20.6665
3927,-0.791363,0.0497871,20.122
3928,-0.714309,-0.0115842,19.5924
3929,-0.650292,-0.070188,19.0771
3930,-0.597823,-0.126354,18.5757
3931,-0.55559,-0.180487,18.0878
3932,-0.522448,-0.233047,17.6129
3933,-0.497405,-0.284531,17.1507
3934,-0.479613,-0.335463,16.7009
3935,-0.468357,-0.386389,16.2631
3936,-0.46304,-0.437865,15.8371
3937,-0.463178,-0.490462,15.4225
3938,-0.468385,-0.544765,15.019
3939,-0.478372,-0.601371,14.6265
3940,-0.49293,-0.660896,14.2446
3941,-0.511935,-0.723979,13.8732
3942,-0.535334,-0.791284,13.512
3943,-0.563142,-0.86351,13.161
3944,-0.595446,-0.941397,12.8198
3945,-0.632393,-1.02573,12.4884
3946,-0.674195,-1.11736,12.1667
3947,-0.721129,-1.2172,11.8546
3948,-0.773533,-1.32622,11.552
3949,-0.831812,-1.44551,11.259
3950,-0.896441,-1.57622,10.9756
3951,-0.967963,-1.71965,10.7019
3952,-1.047,-1.8772,10.4382
3953,-1.13425,-2.05039,10.1846
3954,-1.2305,-2.24092,9.94167
3955,-1.33664,-2.45063,9.70976
3956,-1.45365,-2.68156,9.48957
3957,-1.58261,-2.93593,9.28192
3958,-1.72473,-3.21616,9.08785
3959,-1.88136,-3.52489,8.90866
3960,-2.05395,-3.86501,8.74595
3961,-2.24413,-4.23961,8.60171
3962,-2.45366,-4.65201,8.47837
3963,-2.68447,-5.10577,8.37891
3964,-2.93865,-5.60461,8.30695
3965,-3.21844,-6.1524,8.26688
3966,-3.52627,-6.75307,8.26401
3967,-3.86468,-7.4105,8.30472
3968,-4.23634,-8.12834,8.39665
3969,-4.644,-8.90983,8.54887
3970,-5.09042,-9.75742,8.77212
3971,-5.57827,-10.6724,9.07891
3972,-6.11002,-11.6544,9.48375
3973,-6.68776,-12.7006,10.0031
3974,-7.31295,-13.8049,10.6555
3975,-7.98615,-14.957,11.4608
3976,-8.70663,-16.1412,12.4403
3977,-9.4719,-17.335,13.6149
3978,-10.2772,-18.5081,15.0041
3979,-11.115,-19.6215,16.6232
3980,-11.9742,-20.6272,18.4807
3981,-12.8399,-21.4686,20.5745
3982,-13.6928,-22.083,22.8881
3983,-14.5094,-22.4054,25.3864
3984,-15.2623,-22.3743,28.0137
3985,-15.9214,-21.9398,30.6929
3986,-16.4557,-21.0722,33.3286
3987,-16.8353,-19.7693,35.8137
3988,-17.0349,-18.0619,38.0398
3989,-17.036,-16.0142,39.9092
3990,-16.8292,-13.7186,41.3477
3991,-16.4162,-11.2859,42.3134
3992,-15.8089,-8.83153,42.8005
3993,-15.0293,-6.46279,42.8377
3994,-14.1063,-4.26761,42.4806
3995,-13.0732,-2.30831,41.8021
3996,-11.9649,-0.620058,40.8812
3997,-10.815,0.786679,39.7944
3998,-9.65401,1.92107,38.6092
3999,-8.50783,2.80597,37.3804
4000,-7.39735,3.47218,36.1498
4001,-6.33835,3.95379,34.9466
4002,-5.34185,4.28474,33.7895
4003,-4.41468,4.49663,32.6891
4004,-3.56019,4.61752,31.6497
4005,-2.77892,4.6715,30.6719
4006,-2.06927,4.67865,29.7532
4007,-1.42806,4.65538,28.89
4008,-0.851017,4.61486,28.078
4009,-0.333143,4.56746,27.3125
4010,0.13094,4.52129,26.5895
4011,0.546782,4.48253,25.9051
4012,0.919917,4.4559,25.2559
4013,1.25574,4.4449,24.6392
4014,1.55943,4.45214,24.0528
4015,1.83586,4.4795,23.4947
4016,2.08962,4.52835,22.9638
4017,2.32497,4.59969,22.459
4018,2.54582,4.69422,21.9797
4019,2.7558,4.81249,21.5257
4020,2.95822,4.95494,21.097
4021,3.15611,5.12192,20.6939
4022,3.35227,5.31379,20.3169
4023,3.54923,5.53088,19.9669
4024,3.74934,5.77351,19.645
4025,3.95475,6.04203,19.3526
4026,4.16743,6.33674,19.0914
4027,4.38919,6.6579,18.8633
4028,4.6217,7.00568,18.6706
4029,4.86646,7.38012,18.516
4030,5.12486,7.78105,18.4024
4031,5.39808,8.20801,18.3332
4032,5.68715,8.66018,18.3121
4033,5.99292,9.13621,18.343
4034,6.31597,9.63415,18.4303
4035,6.65661,10.1513,18.5786
4036,7.01484,10.684,18.7925
4037,7.39024,11.2276,19.0768
4038,7.78194,11.7762,19.4361
4039,8.18852,12.3223,19.8743
4040,8.6079,12.8573,20.3951
4041,9.03734,13.3707,21.0006
4042,9.47325,13.8508,21.6917
4043,9.91123,14.2843,22.4672
4044,10.3459,14.6569,23.3233
4045,10.7712,14.9538,24.2533
4046,11.18,15.1601,25.2472
4047,11.5645,15.2617,26.2914
4048,11.9166,15.2464,27.3686
4049,12.2277,15.1047,28.4581
4050,12.4893,14.8311,29.5365
4051,12.6935,14.4249,30.5788
4052,12.8334,13.8904,31.5592
4053,12.9033,13.2378,32.4529
4054,12.8993,12.4824,33.2377
4055,12.8197,11.6442,33.8952
4056,12.6647,10.7462,34.4119
4057,12.4372,9.81364,34.7803
4058,12.142,8.8717,34.9984
4059,11.7857,7.94433,35.0702
4060,11.3767,7.05281,35.0042
4061,10.9242,6.21481,34.8127
4062,10.4382,5.44384,34.5106
4063,9.92865,4.74914,34.1141
4064,9.40543,4.13585,33.6397
4065,8.87765,3.60553,33.1031
4066,8.3536,3.15677,32.5189
4067,7.84052,2.78586,31.9002
4068,7.34452,2.4875,31.2578
4069,6.87059,2.25535,30.6012
4070,6.42259,2.08265,29.9379
4071,6.00339,1.96251,29.2738
4072,5.61492,1.8883,28.6136
4073,5.25833,1.85386,27.9608
4074,4.93409,1.85359,27.3181
4075,4.64212,1.88255,26.6873
4076,4.38194,1.93651,26.0699
4077,4.15272,2.01189,25.4669
4078,3.9534,2.10578,24.879
4079,3.78278,2.21587,24.3067
4080,3.63958,2.34038,23.7504
4081,3.52251,2.47805,23.2105
4082,3.43027,2.62803,22.6872
4083,3.36167,2.78988,22.1809
4084,3.31556,2.96348,21.6919
4085,3.29093,3.14901,21.2207
4086,3.2869,3.34689,20.7676
4087,3.3027,3.55776,20.3333
4088,3.33773,3.78246,19.9184
4089,3.39152,4.02195,19.5237
4090,3.46374,4.27735,19.1503
4091,3.5542,4.54989,18.7991
4092,3.66288,4.84084,18.4716
4093,3.78984,5.15155,18.1691
4094,3.93531,5.48341,17.8936
4095,4.09959,5.83777,17.6471
4096,4.2831,6.21593,17.432
4097,4.48633,6.61911,17.2509
4098,4.70985,7.04835,17.1069
4099,4.95423,7.50446,17.0037
4100,5.22009,7.98792,16.945
4101,5.50798,8.49879,16.9354
4102,5.81839,9.03653,16.9797
4103,6.1517,9.59991,17.0832
4104,6.50805,10.1868,17.2517
4105,6.88735,10.7939,17.4911
4106,7.28914,11.4167,17.8078
4107,7.71247,12.0491,18.2078
4108,8.15585,12.6832,18.6971
4109,8.61708,13.3093,19.2811
4110,9.09313,13.9154,19.9637
4111,9.58004,14.4875,20.7475
4112,10.0728,15.0095,21.6325
4113,10.5651,15.4639,22.6159
4114,11.0499,15.8315,23.691
4115,11.5185,16.0931,24.8467
4116,11.9615,16.2301,26.0671
4117,12.3687,16.2259,27.3314
4118,12.7293,16.0674,28.614
4119,13.0328,15.7465,29.8854
4120,13.2688,15.2616,31.1135
4121,13.4286,14.6182,32.2651
4122,13.5047,13.8294,33.3085
4123,13.4923,12.9157,34.2152
4124,13.3891,11.9036,34.9624
4125,13.1959,10.824,35.5342
4126,12.9165,9.70985,35.9226
4127,12.5572,8.59382,36.128
4128,12.1271,7.50617,36.1577
4129,11.6369,6.47295,36.0255
4130,11.0984,5.51479,35.7494
4131,10.5243,4.64644,35.3502
4132,9.92694,3.87679,34.8493
4133,9.3181,3.20944,34.2681
4134,8.70862,2.64354,33.626
4135,8.10803,2.17476,32.9405
4136,7.52441,1.79632,32.2263
4137,6.96436,1.49987,31.4957
4138,6.43299,1.27632,30.7583
4139,5.93406,1.1164,30.0216
4140,5.47011,1.01116,29.2912
4141,5.0426,0.952255,28.5712
4142,4.6521,0.932143,27.8642
4143,4.29845,0.944184,27.1723
4144,3.98092,0.982665,26.4965
4145,3.69835,1.04278,25.8375
4146,3.44928,1.12058,25.1957
4147,3.23203,1.21289,24.5711
4148,3.04485,1.31726,23.9636
4149,2.88591,1.43183,23.3732
4150,2.75345,1.55532,22.7996
4151,2.64573,1.6869,22.2428
4152,2.56116,1.82614,21.7026
4153,2.49826,1.97298,21.1789
4154,2.45569,2.12762,20.6716
4155,2.43228,2.29054,20.1809
4156,2.42704,2.46244,19.7068
4157,2.43912,2.64418,19.2495
4158,2.46786,2.8368,18.8092
4159,2.51277,3.04149,18.3865
4160,2.57352,3.25956,17.9817
4161,2.64995,3.49244,17.5955
4162,2.74204,3.74167,17.2286
4163,2.84994,4.00887,16.8821
4164,2.97395,4.29578,16.5572
4165,3.11448,4.60417,16.2551
4166,3.27209,4.9359,15.9776
4167,3.44749,5.29285,15.7267
4168,3.64145,5.67691,15.5046
4169,3.8549,6.08995,15.3142
4170,4.08881,6.53374,15.1586
4171,4.34424,7.00991,15.0414
4172,4.62231,7.51986,14.9669
4173,4.92412,8.06465,14.9401
4174,5.25077,8.64484,14.9663
4175,5.60325,9.26033,15.0519
4176,5.98244,9.91017,15.2037
4177,6.38897,10.5923,15.4294
4178,6.82314,11.3032,15.7371
4179,7.28484,12.0376,16.1355
4180,7.77334,12.7882,16.6333
4181,8.28718,13.5452,17.2393
4182,8.82398,14.2961,17.9614
4183,9.38024,15.0252,18.8062
4184,9.95113,15.7136,19.7782
4185,10.5304,16.3394,20.8785
4186,11.11,16.878,22.104
4187,11.6805,17.3029,23.446
4188,12.2305,17.5868,24.8894
4189,12.7473,17.7037,26.4118
4190,13.217,17.6309,27.9831
4191,13.6252,17.3511,29.5665
4192,13.9575,16.8556,31.1196
4193,14.2006,16.1454,32.5965
4194,14.3431,15.2333,33.9516
4195,14.3764,14.1434,35.1424
4196,14.2955,12.9098,36.1336
4197,14.0997,11.5747,36.8997
4198,13.7924,10.1844,37.4271
4199,13.3813,8.78585,37.7146
4200,12.8776,7.42251,37.7722
4201,12.2953,6.13173,37.6196
4202,11.6504,4.94256,37.2832
4203,10.9594,3.87496,36.7932
4204,10.2389,2.94,36.1805
4205,9.50458,2.14085,35.4751
4206,8.77056,1.47423,34.7039
4207,8.04905,0.932125,33.8899
4208,7.35019,0.503328,33.0521
4209,6.682,0.174902,32.2054
4210,6.05045,-0.0667043,31.361
4211,5.45966,-0.234811,30.527
4212,4.91214,-0.341928,29.7087
4213,4.40902,-0.39941,28.9098
4214,3.95029,-0.417273,28.1321
4215,3.53508,-0.404149,27.3766
4216,3.16183,-0.367325,26.6434
4217,2.82851,-0.312828,25.9322
4218,2.53274,-0.245548,25.2424
4219,2.27198,-0.169374,24.5732
4220,2.04359,-0.0873252,23.9239
4221,1.84493,-0.00167774,23.2935
4222,1.67343,0.0859136,22.6812
4223,1.52663,0.174313,22.0864
4224,1.40222,0.262809,21.5084
4225,1.29806,0.351038,20.9465
4226,1.2122,0.438918,20.4002
4227,1.14285,0.526588,19.869
4228,1.08845,0.614369,19.3524
4229,1.0476,0.702725,18.8501
4230,1.0191,0.792233,18.3617
4231,1.00191,0.883566,17.8868
4232,0.99517,0.977473,17.4253
4233,0.998162,1.07477,16.9769
4234,1.01033,1.17634,16.5413
4235,1.03125,1.28311,16.1184
4236,1.06063,1.39607,15.7081
4237,1.0983,1.51629,15.3102
4238,1.14423,1.64487,14.9248
4239,1.19847,1.78302,14.5519
4240,1.26121,1.93199,14.1915
4241,1.33274,2.09316,13.8438
4242,1.41345,2.26797,13.5091
4243,1.50383,2.45798,13.1876
4244,1.6045,2.6649,12.8798
4245,1.71617,2.89052,12.5864
4246,1.83966,3.13681,12.308
4247,1.97593,3.40587,12.0457
4248,2.12602,3.69996,11.8006
4249,2.29113,4.02151,11.5742
4250,2.47256,4.37309,11.3683
4251,2.67174,4.75744,11.185
4252,2.89024,5.17742,11.0269
4253,3.12976,5.63602,10.8973
4254,3.39212,6.13627,10.7999
4255,3.67925,6.68119,10.7392
4256,3.9932,7.27372,10.7207
4257,4.33607,7.91655,10.7507
4258,4.71001,8.61194,10.8366
4259,5.11716,9.36151,10.9871
4260,5.55954,10.1659,11.2122
4261,6.03899,11.0243,11.5235
4262,6.55703,11.9342,11.9337
4263,7.11465,12.8904,12.457
4264,7.71212,13.8847,13.1088
4265,8.34872,14.9047,13.9048
4266,9.02238,15.9335,14.861
4267,9.72938,16.9484,15.9919
4268,10.4639,17.9205,17.3094
4269,11.2175,18.8144,18.8205
4270,11.979,19.5889,20.5252
4271,12.7341,20.1974,22.4137
4272,13.4653,20.5912,24.464
4273,14.152,20.7225,26.6396
4274,14.7715,20.5494,28.8888
4275,15.2995,20.0413,31.1456
4276,15.712,19.1849,33.3331
4277,15.9872,17.9884,35.3689
4278,16.1071,16.4837,37.1729
4279,16.0597,14.7255,38.6759
4280,15.84,12.7869,39.8266
4281,15.4515,10.7521,40.5978
4282,14.9051,8.70695,40.9877
4283,14.2188,6.73084,41.0182
4284,13.4159,4.88932,40.7302
4285,12.5226,3.23,40.1768
4286,11.5665,1.78142,39.416
4287,10.5742,0.554448,38.5051
4288,9.57024,-0.454614,37.4957
4289,8.57575,-1.26015,36.4313
4290,7.60824,-1.88335,35.3465
4291,6.68133,-2.34886,34.2667
4292,5.80492,-2.68222,33.2098
4293,4.98558,-2.90797,32.187
4294,4.22701,-3.04863,31.2046
4295,3.53055,-3.12407,30.2654
4296,2.89564,-3.15133,29.3696
4297,2.32029,-3.14469,28.5159
4298,1.80149,-3.1159,27.702
4299,1.33548,-3.07446,26.9253
4300,0.918053,-3.02794,26.183
4301,0.544779,-2.98228,25.4724
4302,0.211138,-2.94209,24.7912
4303,-0.0873391,-2.91091,24.1371
4304,-0.354991,-2.89139,23.5084
4305,-0.595963,-2.88554,22.9034
4306,-0.81417,-2.89485,22.3209
4307,-1.01328,-2.92044,21.7598
4308,-1.19669,-2.96316,21.2193
4309,-1.36758,-3.02367,20.6988
4310,-1.52885,-3.10256,20.198
4311,-1.68318,-3.20036,19.7164
4312,-1.83308,-3.31759,19.2542
4313,-1.98082,-3.45484,18.8112
4314,-2.12857,-3.61275,18.3879
4315,-2.27831,-3.79205,17.9845
4316,-2.43193,-3.99358,17.6017
4317,-2.59122,-4.21827,17.2403
4318,-2.7579,-4.4672,16.9012
4319,-2.93362,-4.74152,16.5857
4320,-3.12001,-5.04251,16.2954
4321,-3.31865,-5.3715,16.032
4322,-3.5311,-5.7299,15.7977
4323,-3.75892,-6.11913,15.595
4324,-4.00365,-6.54056,15.427
4325,-4.26681,-6.99548,15.2972
4326,-4.54987,-7.48498,15.2096
4327,-4.8543,-8.00988,15.1688
4328,-5.18143,-8.57055,15.1801
4329,-5.53251,-9.16679,15.2494
4330,-5.9086,-9.79758,15.3834
4331,-6.31053,-10.4609,15.5893
4332,-6.73877,-11.1534,15.875
4333,-7.19337,-11.87,16.2487
4334,-7.67381,-12.6039,16.7189
4335,-8.17884,-13.3458,17.2941
4336,-8.70633,-14.0838,17.9821
4337,-9.25307,-14.8031,18.7894
4338,-9.81462,-15.4858,19.7206
4339,-10.3851,-16.1111,20.7773
4340,-10.9571,-16.6555,21.9572
4341,-11.5215,-17.0935,23.2527
4342,-12.0677,-17.3988,24.6502
4343,-12.5835,-17.5458,26.1292
4344,-13.0556,-17.5118,27.662
4345,-13.47,-17.279,29.2139
4346,-13.8128,-16.8372,30.7447
4347,-14.0707,-16.1855,32.2105
4348,-14.2323,-15.3338,33.5669
4349,-14.2885,-14.3031,34.7718
4350,-14.2339,-13.1245,35.7891
4351,-14.0668,-11.8373,36.592
4352,-13.7896,-10.4857,37.1645
4353,-13.4088,-9.11515,37.5024
4354,-12.9348,-7.76878,37.613
4355,-12.3804,-6.48441,37.5131
4356,-11.7608,-5.29227,37.2268
4357,-11.0921,-4.21402,36.7824
4358,-10.3905,-3.26262,36.2099
4359,-9.67154,-2.44316,35.5387
4360,-8.94933,-1.7541,34.7955
4361,-8.23632,-1.1889,34.004
4362,-7.54298,-0.737529,33.1837
4363,-6.87769,-0.387897,32.3501
4364,-6.24683,-0.127026,31.5151
4365,-5.65495,0.0580675,30.6876
4366,-5.10494,0.179743,29.8735
4367,-4.5983,0.249339,29.077
4368,-4.13536,0.276951,28.3004
4369,-3.71551,0.271347,27.545
4370,-3.33745,0.239984,26.8112
4371,-2.99934,0.189071,26.0989
4372,-2.69899,0.123678,25.4077
4373,-2.43398,0.0478644,24.737
4374,-2.20177,-0.0351996,24.0859
4375,-1.99982,-0.123103,23.4537
4376,-1.8256,-0.214081,22.8397
4377,-1.67673,-0.306907,22.2431
4378,-1.55091,-0.400802,21.6635
4379,-1.44603,-0.495355,21.1
4380,-1.36016,-0.590453,20.5523
4381,-1.29154,-0.686225,20.0198
4382,-1.23861,-0.782999,19.5022
4383,-1.19999,-0.88126,18.999
4384,-1.17449,-0.98162,18.5099
4385,-1.16111,-1.0848,18.0347
4386,-1.15898,-1.19162,17.5732
4387,-1.16743,-1.30297,17.1251
4388,-1.18594,-1.41981,16.6902
4389,-1.2141,-1.54318,16.2686
4390,-1.25169,-1.67419,15.86
4391,-1.29859,-1.81402,15.4646
4392,-1.3548,-1.96391,15.0824
4393,-1.42047,-2.12521,14.7135
4394,-1.49586,-2.29936,14.3582
4395,-1.58132,-2.48788,14.0167
4396,-1.67735,-2.69241,13.6894
4397,-1.78455,-2.91471,13.3771
4398,-1.90364,-3.15667,13.0803
4399,-2.03546,-3.42031,12.8
4400,-2.18095,-3.70779,12.5373
4401,-2.3412,-4.02142,12.2936
4402,-2.51741,-4.36364,12.0705
4403,-2.71091,-4.73705,11.8703
4404,-2.92315,-5.14435,11.6952
4405,-3.1557,-5.58833,11.5484
4406,-3.41026,-6.07186,11.4333
4407,-3.68864,-6.59777,11.3543
4408,-3.99273,-7.16879,11.3163
4409,-4.32451,-7.78745,11.3253
4410,-4.68599,-8.45586,11.3883
4411,-5.07914,-9.17555,11.5133
4412,-5.50588,-9.94714,11.7097
4413,-5.96793,-10.77,11.9879
4414,-6.46671,-11.6418,12.36
4415,-7.00318,-12.558,12.839
4416,-7.57764,-13.5111,13.439
4417,-8.1895,-14.4902,14.1748
4418,-8.83695,-15.4798,15.0612
4419,-9.51668,-16.4597,16.1117
4420,-10.2235,-17.4037,17.338
4421,-10.9498,-18.2801,18.7472
4422,-11.6857,-19.0511,20.3405
4423,-12.4181,-19.6744,22.1107
4424,-13.1312,-20.105,24.0395
4425,-13.8062,-20.2979,26.096
4426,-14.4222,-20.2124,28.2352
4427,-14.9566,-19.8174,30.3987
4428,-15.3869,-19.0958,32.5173
4429,-15.6917,-18.0494,34.5152
4430,-15.8531,-16.7016,36.3165
4431,-15.858,-15.0968,37.853
4432,-15.6998,-13.2982,39.071
4433,-15.3792,-11.3811,39.9375
4434,-14.9041,-9.42549,40.4422
4435,-14.2894,-7.50801,40.5978
4436,-13.5553,-5.69481,40.4359
4437,-12.7257,-4.03683,40.0018
4438,-11.8262,-2.56776,39.348
4439,-10.8824,-1.30438,38.5282
4440,-9.91823,-0.248828,37.5929
4441,-8.9551,0.608093,36.586
4442,-8.01101,1.2834,35.5433
4443,-7.10043,1.79867,34.4926
4444,-6.23426,2.17734,33.4538
4445,-5.42014,2.44275,32.4405
4446,-4.66283,2.61683,31.4609
4447,-3.96462,2.71934,30.5194
4448,-3.32586,2.76753,29.6177
4449,-2.74532,2.77606,28.7554
4450,-2.22063,2.75717,27.931
4451,-1.74858,2.72085,27.1425
4452,-1.32543,2.67516,26.3875
4453,-0.947073,2.62648,25.6635
4454,-0.609294,2.57983,24.9683
4455,-0.307841,2.53906,24.2997
4456,-0.0385478,2.50712,23.6561
4457,0.202597,2.48621,23.0357
4458,0.419407,2.47798,22.4372
4459,0.615466,2.48366,21.8595
4460,0.794118,2.50416,21.3016
4461,0.958466,2.54017,20.7629
4462,1.11137,2.59225,20.2428
4463,1.25549,2.6609,19.7408
4464,1.39324,2.74658,19.2567
4465,1.52687,2.84977,18.7903
4466,1.65848,2.97102,18.3416
4467,1.79,3.11094,17.9107
4468,1.92326,3.27025,17.4978
4469,2.05996,3.4498,17.1034
4470,2.20176,3.65053,16.728
4471,2.35024,3.87354,16.3723
4472,2.50693,4.12005,16.0372
4473,2.67336,4.39141,15.724
4474,2.85104,4.6891,15.4339
4475,3.04148,5.0147,15.1688
4476,3.24619,5.36989,14.9307
4477,3.46673,5.75639,14.722
4478,3.70465,6.17596,14.5457
4479,3.96152,6.6303,14.4051
4480,4.23893,7.12099,14.3042
4481,4.53845,7.6494,14.2476
4482,4.86162,8.21657,14.2405
4483,5.20991,8.82301,14.2891
4484,5.58467,9.46856,14.4002
4485,5.98704,10.1521,14.5814
4486,6.41791,10.8712,14.8411
4487,6.8778,11.6221,15.1884
4488,7.36667,12.3988,15.633
4489,7.88386,13.193,16.1847
4490,8.42783,13.9937,16.8532
4491,8.99598,14.7867,17.6473
4492,9.58445,15.5541,18.5745
4493,10.1879,16.2746,19.6393
4494,10.7991,16.9233,20.8427
4495,11.4094,17.4723,22.1804
4496,12.0078,17.8917,23.6419
4497,12.5817,18.1511,25.2089
4498,13.1167,18.222,26.8545
4499,13.5974,18.0801,28.5437
4500,14.0079,17.7084,30.2336
4501,14.3325,17.0997,31.8755
4502,14.5569,16.2593,33.418
4503,14.6695,15.2055,34.8107
4504,14.662,13.9694,36.0089
4505,14.5305,12.5932,36.9767
4506,14.2757,11.1262,37.691
4507,13.9033,9.62139,38.1425
4508,13.4233,8.13001,38.3358
4509,12.8497,6.69804,38.288
4510,12.1988,5.363,38.0252
4511,11.4887,4.15225,37.5798
4512,10.7376,3.08271,36.9867
4513,9.96344,2.1616,36.2804
4514,9.18242,1.38797,35.4925
4515,8.40897,0.754605,34.6508
4516,7.65519,0.249972,33.7782
4517,6.93077,-0.140023,32.8928
4518,6.24311,-0.430576,32.0084
4519,5.59744,-0.636885,31.1346
4520,4.99706,-0.773387,30.2783
4521,4.44367,-0.853275,29.4436
4522,3.93759,-0.888254,28.6327
4523,3.4781,-0.888447,27.8467
4524,3.06365,-0.862428,27.0856
4525,2.69209,-0.817318,26.349
4526,2.36087,-0.758923,25.636
4527,2.06717,-0.691892,24.9456
4528,1.80807,-0.619871,24.2766
4529,1.5806,-0.545658,23.6281
4530,1.38186,-0.471344,22.9989
4531,1.20905,-0.398431,22.3881
4532,1.05951,-0.327949,21.7949
4533,0.930762,-0.260547,21.2185
4534,0.820517,-0.196573,20.6582
4535,0.72668,-0.13614,20.1133
4536,0.647355,-0.0791824,19.5833
4537,0.580838,-0.0255005,19.0677
4538,0.525612,0.0252041,18.5659
4539,0.480338,0.0733001,18.0776
4540,0.44384,0.119205,17.6024
4541,0.415095,0.163367,17.1398
4542,0.393223,0.206256,16.6895
4543,0.377472,0.248354,16.2512
4544,0.367207,0.290149,15.8245
4545,0.361902,0.332134,15.4092
4546,0.361126,0.374805,15.005
4547,0.364538,0.418662,14.6116
4548,0.371877,0.464213,14.2287
4549,0.382954,0.511977,13.8561
4550,0.397652,0.562483,13.4936
4551,0.415912,0.616284,13.1409
4552,0.437737,0.673956,12.7978
4553,0.463184,0.736105,12.4641
4554,0.492367,0.803375,12.1398
4555,0.52545,0.876456,11.8246
4556,0.562649,0.95609,11.5183
4557,0.604237,1.04308,11.221
4558,0.650536,1.1383,10.9325
4559,0.701926,1.24271,10.6527
4560,0.758848,1.35734,10.3818
4561,0.821803,1.48335,10.1196
4562,0.891359,1.622,9.86647
4563,0.968157,1.77467,9.62242
4564,1.05291,1.94289,9.38774
4565,1.14643,2.12834,9.16279
4566,1.24961,2.33288,8.94804
4567,1.36344,2.55855,8.7441
4568,1.48902,2.80758,8.55175
4569,1.62758,3.08243,8.37198
4570,1.78046,3.38578,8.20604
4571,1.94916,3.72057,8.05546
4572,2.13531,4.08997,7.92216
4573,2.34072,4.49741,7.80848
4574,2.56733,4.94654,7.71731
4575,2.8173,5.44125,7.65217
4576,3.09292,5.98561,7.61736
4577,3.39669,6.58378,7.61808
4578,3.73125,7.23993,7.66062
4579,4.09938,7.9581,7.75255
4580,4.50397,8.74194,7.9029
4581,4.94795,9.59444,8.12241
4582,5.43421,10.5175,8.42371
4583,5.96548,11.5115,8.8215
4584,6.54413,12.5743,9.33265
4585,7.17201,13.7009,9.97621
4586,7.85005,14.8817,10.7731
4587,8.57799,16.1019,11.7457
4588,9.35383,17.3397,12.9166
4589,10.1733,18.5654,14.3074
4590,11.0293,19.7397,15.9361
4591,11.9112,20.8138,17.8142
4592,12.8042,21.729,19.9425
4593,13.689,22.4196,22.3075
4594,14.5416,22.8158,24.8763
4595,15.3337,22.8505,27.5941
4596,16.034,22.4672,30.3825
4597,16.6093,21.6293,33.1424
4598,17.0278,20.3295,35.7606
4599,17.2613,18.5953,38.1202
4600,17.2891,16.4911,40.1146
4601,17.0998,14.113,41.6605
4602,16.6937,11.5784,42.7094
4603,16.0825,9.01144,43.2519
4604,15.2884,6.52845,43.3163
4605,14.3417,4.22532,42.9614
4606,13.2774,2.17029,42.265
4607,12.1325,0.401965,41.3121
4608,10.9428,-1.06808,40.1854
4609,9.74043,-2.24972,38.9572
4610,8.55305,-3.1677,37.6866
4611,7.40272,-3.85532,36.4178
4612,6.3061,-4.34926,35.1817
4613,5.27471,-4.6859,33.9977
4614,4.31567,-4.8989,32.8765
4615,3.43239,-5.01802,31.822
4616,2.62533,-5.06863,30.8342
4617,1.89269,-5.07179,29.9101
4618,1.23107,-5.04459,29.0454
4619,0.6359,-5.00066,28.2351
4620,0.101916,-4.9507,27.4743
4621,-0.37655,-4.90298,26.7583
4622,-0.805313,-4.86381,26.0828
4623,-1.19016,-4.83794,25.4444
4624,-1.53671,-4.82888,24.8401
4625,-1.85033,-4.8392,24.2673
4626,-2.13611,-4.87075,23.7243
4627,-2.39878,-4.92481,23.2097
4628,-2.64272,-5.00232,22.7225
4629,-2.87199,-5.10388,22.2621
4630,-3.09028,-5.22994,21.8283
4631,-3.301,-5.38081,21.4213
4632,-3.50723,-5.55672,21.0413
4633,-3.71179,-5.75785,20.6891
4634,-3.91725,-5.98434,20.3657
4635,-4.12595,-6.2363,20.0723
4636,-4.34,-6.51382,19.8103
4637,-4.56132,-6.81688,19.5818
4638,-4.79166,-7.14539,19.3886
4639,-5.03256,-7.49912,19.2333
4640,-5.28539,-7.8776,19.1186
4641,-5.55136,-8.2801,19.0474
4642,-5.83144,-8.70554,19.0232
4643,-6.12639,-9.15234,19.0494
4644,-6.43675,-9.61836,19.1299
4645,-6.76274,-10.1008,19.2687
4646,-7.10427,-10.5959,19.4698
4647,-7.46084,-11.0992,19.7372
4648,-7.83154,-11.6048,20.0745
4649,-8.21492,-12.1059,20.4852
4650,-8.60897,-12.5944,20.9717
4651,-9.01101,-13.0608,21.5355
4652,-9.41769,-13.4945,22.1767
4653,-9.82488,-13.8837,22.8935
4654,-10.2277,-14.216,23.6821
4655,-10.6205,-14.4783,24.5358
4656,-10.997,-14.6581,25.4452
4657,-11.3504,-14.7433,26.3979
4658,-11.6732,-14.7238,27.3785
4659,-11.958,-14.5919,28.3688
4660,-12.1975,-14.343,29.3482
4661,-12.3849,-13.9767,30.2951
4662,-12.5141,-13.4971,31.1871
4663,-12.5801,-12.9127,32.0029
4664,-12.5797,-12.2367,32.7232
4665,-12.5113,-11.4858,33.3316
4666,-12.3751,-10.6798,33.8163
4667,-12.1733,-9.83998,34.1697
4668,-11.91,-8.98807,34.3896
4669,-11.5911,-8.14489,34.4781
4670,-11.2234,-7.32926,34.4416
4671,-10.815,-6.55716,34.2901
4672,-10.3747,-5.84119,34.0355
4673,-9.91129,-5.19043,33.6915
4674,-9.43341,-4.6105,33.2722
4675,-8.94936,-4.10388,32.7914
4676,-8.46671,-3.67038,32.262
4677,-7.99218,-3.3077,31.6959
4678,-7.53158,-3.01195,31.1035
4679,-7.0897,-2.7782,30.4935
4680,-6.67041,-2.60092,29.8733
4681,-6.27664,-2.47434,29.249
4682,-5.91052,-2.39278,28.6254
4683,-5.57344,-2.35082,28.0063
4684,-5.26616,-2.34348,27.3947
4685,-4.98891,-2.36631,26.7927
4686,-4.74152,-2.41541,26.2023
4687,-4.52348,-2.48747,25.6247
4688,-4.33404,-2.57972,25.061
4689,-4.17229,-2.68997,24.512
4690,-4.03723,-2.81649,23.9784
4691,-3.92779,-2.95801,23.4608
4692,-3.84292,-3.11369,22.9597
4693,-3.78161,-3.28302,22.4757
4694,-3.7429,-3.46583,22.0095
4695,-3.72593,-3.66222,21.5616
4696,-3.72992,-3.87251,21.1327
4697,-3.75425,-4.09726,20.7237
4698,-3.79837,-4.33717,20.3354
4699,-3.8619,-4.59308,19.969
4700,-3.94454,-4.86594,19.6256
4701,-4.04614,-5.15678,19.3067
4702,-4.16667,-5.46666,19.0138
4703,-4.30618,-5.79665,18.7488
4704,-4.46483,-6.14781,18.5138
4705,-4.64286,-6.52108,18.3112
4706,-4.84058,-6.91731,18.1437
4707,-5.05833,-7.33711,18.0143
4708,-5.29646,-7.78085,17.9264
4709,-5.55531,-8.24851,17.8838
4710,-5.83518,-8.7396,17.8905
4711,-6.13624,-9.25305,17.9511
4712,-6.45852,-9.78705,18.0703
4713,-6.80184,-10.3389,18.2532
4714,-7.16571,-10.9047,18.505
4715,-7.54929,-11.4796,18.8308
4716,-7.95126,-12.0572,19.2356
4717,-8.36974,-12.6293,19.7237
4718,-8.80221,-13.1865,20.2987
4719,-9.24536,-13.7173,20.963
4720,-9.69507,-14.2088,21.7169
4721,-10.1463,-14.6464,22.5588
4722,-10.5929,-15.0147,23.4838
4723,-11.0281,-15.2975,24.484
4724,-11.4441,-15.4791,25.5475
4725,-11.8322,-15.5447,26.6584
4726,-12.1835,-15.482,27.797
4727,-12.4889,-15.2823,28.9401
4728,-12.7393,-14.941,30.0617
4729,-12.9266,-14.4595,31.1343
4730,-13.0438,-13.8449,32.1304
4731,-13.0854,-13.1105,33.0243
4732,-13.048,-12.2749,33.7935
4733,-12.9308,-11.3615,34.4203
4734,-12.7351,-10.3964,34.8931
4735,-12.4647,-9.40702,35.2066
4736,-12.1259,-8.42032,35.362
4737,-11.7266,-7.46092,35.3659
4738,-11.2761,-6.54994,35.2301
4739,-10.7849,-5.7042,34.9696
4740,-10.2636,-4.93578,34.6013
4741,-9.7228,-4.25216,34.1433
4742,-9.17269,-3.65658,33.6129
4743,-8.62251,-3.14869,33.0266
4744,-8.08047,-2.72531,32.3991
4745,-7.55361,-2.38124,31.743
4746,-7.04772,-2.10988,31.0691
4747,-6.56737,-1.90394,30.386
4748,-6.116,-1.7559,29.7006
4749,-5.69599,-1.65841,29.0183
4750,-5.30884,-1.60452,28.343
4751,-4.95525,-1.5879,27.6778
4752,-4.6353,-1.60294,27.0248
4753,-4.34856,-1.64475,26.3855
4754,-4.09421,-1.7092,25.7609
4755,-3.87116,-1.79288,25.1517
4756,-3.67811,-1.89305,24.5584
4757,-3.51367,-2.00757,23.9813
4758,-3.37641,-2.13486,23.4206
4759,-3.26489,-2.27383,22.8764
4760,-3.17775,-2.42379,22.349
4761,-3.11369,-2.58445,21.8386
4762,-3.07153,-2.75585,21.3453
4763,-3.05022,-2.93828,20.8696
4764,-3.04886,-3.13229,20.4117
4765,-3.06668,-3.33863,19.9721
4766,-3.10307,-3.55823,19.5515
4767,-3.15759,-3.79218,19.1505
4768,-3.22992,-4.04167,18.7699
4769,-3.31991,-4.30805,18.4109
4770,-3.42756,-4.5927,18.0745
4771,-3.553,-4.8971,17.7622
4772,-3.69649,-5.22276,17.4758
4773,-3.8584,-5.5712,17.217
4774,-4.03923,-5.94393,16.9883
4775,-4.23955,-6.34236,16.7921
4776,-4.46002,-6.76782,16.6315
4777,-4.70135,-7.22141,16.51
4778,-4.96428,-7.70399,16.4314
4779,-5.24953,-8.21601,16.4001
4780,-5.55779,-8.75744,16.421
4781,-5.88963,-9.32757,16.4996
4782,-6.24548,-9.92487,16.6418
4783,-6.62553,-10.5468,16.854
4784,-7.02962,-11.1894,17.1428
4785,-7.45721,-11.8473,17.5151
4786,-7.90718,-12.5135,17.9778
4787,-8.37775,-13.1786,18.5373
4788,-8.86633,-13.8312,19.199
4789,-9.36937,-14.4576,19.967
4790,-9.88224,-15.0416,20.8435
4791,-10.3991,-15.5648,21.8274
4792,-10.9128,-16.0071,22.9143
4793,-11.4149,-16.3475,24.0951
4794,-11.8959,-16.5648,25.3557
4795,-12.345,-16.6391,26.6764
4796,-12.7508,-16.5539,28.0319
4797,-13.1017,-16.2969,29.392
4798,-13.3862,-15.8625,30.7228
4799,-13.5937,-15.2527,31.9881
4800,-13.7153,-14.4781,33.1519
4801,-13.7444,-13.5577,34.181
4802,-13.6772,-12.5178,35.0475
4803,-13.5129,-11.3911,35.7304
4804,-13.2543,-10.2131,36.2178
4805,-12.9071,-9.0204,36.5067
4806,-12.4803,-7.84771,36.6026
4807,-11.9846,-6.72549,36.5188
4808,-11.4328,-5.67851,36.274
4809,-10.8383,-4.72497,35.8904
4810,-10.2146,-3.8764,35.3921
4811,-9.57488,-3.13813,34.8025
4812,-8.93111,-2.51022,34.1439
4813,-8.29403,-1.98854,33.436
4814,-7.67279,-1.56596,32.6956
4815,-7.07488,-1.23341,31.9366
4816,-6.50618,-0.980824,31.1701
4817,-5.97101,-0.797866,30.4043
4818,-5.47232,-0.674485,29.6455
4819,-5.01184,-0.601283,28.8982
4820,-4.5903,-0.56975,28.1654
4821,-4.20758,-0.572378,27.4489
4822,-3.86291,-0.602697,26.7499
4823,-3.55505,-0.655253,26.0689
4824,-3.28237,-0.725547,25.4061
4825,-3.04304,-0.809952,24.7615
4826,-2.83508,-0.90562,24.1347
4827,-2.65647,-1.01039,23.5255
4828,-2.50521,-1.12271,22.9336
4829,-2.37934,-1.24151,22.3585
4830,-2.27705,-1.3662,21.8001
4831,-2.19663,-1.49651,21.258
4832,-2.13654,-1.63253,20.732
4833,-2.0954,-1.77458,20.222
4834,-2.072,-1.92322,19.7279
4835,-2.06533,-2.07919,19.2496
4836,-2.07452,-2.24341,18.7871
4837,-2.09891,-2.41694,18.3407
4838,-2.13799,-2.60097,17.9105
4839,-2.19142,-2.7968,17.4968
4840,-2.25904,-3.00587,17.1001
4841,-2.34081,-3.22968,16.7208
4842,-2.43688,-3.46988,16.3598
4843,-2.54753,-3.72819,16.0177
4844,-2.67318,-4.00644,15.6958
4845,-2.81439,-4.30654,15.3953
4846,-2.97186,-4.63048,15.1177
4847,-3.14641,-4.98031,14.8649
4848,-3.33897,-5.35814,14.6391
4849,-3.55061,-5.76608,14.4429
4850,-3.78247,-6.20622,14.2794
4851,-4.03578,-6.68056,14.1521
4852,-4.31186,-7.19093,14.0653
4853,-4.61205,-7.73889,14.0238
4854,-4.93768,-8.32563,14.0332
4855,-5.29006,-8.95173,14.0998
4856,-5.67039,-9.61703,14.2309
4857,-6.07969,-10.3203,14.4343
4858,-6.51871,-11.059,14.719
4859,-6.98779,-11.8289,15.0944
4860,-7.48676,-12.6236,15.5705
4861,-8.01472,-13.4341,16.1575
4862,-8.56987,-14.2486,16.8654
4863,-9.14929,-15.0519,17.703
4864,-9.74871,-15.8249,18.6775
4865,-10.3623,-16.5448,19.7931
4866,-10.9824,-17.1855,21.0499
4867,-11.5994,-17.7176,22.4422
4868,-12.2018,-18.11,23.9577
4869,-12.7763,-18.3317,25.5757
4870,-13.3077,-18.3539,27.2666
4871,-13.78,-18.1531,28.9923
4872,-14.1768,-17.7139,30.707
4873,-14.4824,-17.0319,32.3595
4874,-14.6824,-16.1157,33.8967
4875,-14.7658,-14.9878,35.2679
4876,-14.7251,-13.6834,36.4287
4877,-14.5574,-12.2486,37.3457
4878,-14.2649,-10.7357,37.9988
4879,-13.8547,-9.19926,38.3826
4880,-13.3383,-7.69114,38.5059
4881,-12.7308,-6.25645,38.3893
4882,-12.0496,-4.93089,38.0624
4883,-11.3134,-3.73938,37.5596
4884,-10.5409,-2.6961,36.9173
4885,-9.75011,-1.8056,36.1703
4886,-8.95709,-1.06455,35.3501
4887,-8.17589,-0.463774,34.4838
4888,-7.41813,0.00973712,33.5933
4889,-6.69296,0.371102,32.6956
4890,-6.00721,0.636144,31.8034
4891,-5.36552,0.820369,30.9254
4892,-4.77068,0.938281,30.0675
4893,-4.22389,1.00298,29.2331
4894,-3.72509,1.02595,28.424
4895,-3.27318,1.01706,27.6407
4896,-2.86632,0.984601,26.8831
4897,-2.50213,0.935393,26.1502
4898,-2.17786,0.874971,25.4412
4899,-1.89056,0.807734,24.7549
4900,-1.63718,0.737112,24.09
4901,-1.4147,0.665715,23.4456
4902,-1.22013,0.595481,22.8204
4903,-1.05065,0.527792,22.2136
4904,-0.903581,0.463585,21.6243
4905,-0.776421,0.403446,21.0517
4906,-0.666875,0.347685,20.4951
4907,-0.572844,0.2964,19.9538
4908,-0.492426,0.249532,19.4273
4909,-0.423915,0.206908,18.9151
4910,-0.365784,0.168275,18.4166
4911,-0.31668,0.133326,17.9315
4912,-0.27541,0.101723,17.4593
4913,-0.240928,0.0731122,16.9996
4914,-0.212319,0.0471361,16.5522
4915,-0.188792,0.0234415,16.1165
4916,-0.169662,0.00168533,15.6924
4917,-0.154342,-0.0184617,15.2795
4918,-0.142333,-0.0373133,14.8775
4919,-0.133209,-0.0551671,14.486
4920,-0.126616,-0.072305,14.1049
4921,-0.122258,-0.0889946,13.7339
4922,-0.119891,-0.105491,13.3726
4923,-0.11932,-0.122039,13.0208
4924,-0.12039,-0.138874,12.6784
4925,-0.122983,-0.156229,12.3449
4926,-0.127016,-0.174332,12.0203
4927,-0.132433,-0.193413,11.7042
4928,-0.139207,-0.213704,11.3965
4929,-0.147336,-0.235447,11.0969
4930,-0.15684,-0.258889,10.8053
4931,-0.167764,-0.284296,10.5214
4932,-0.180172,-0.311945,10.245
4933,-0.194151,-0.34214,9.97604
4934,-0.209809,-0.375203,9.71424
4935,-0.227277,-0.411489,9.45947
4936,-0.246707,-0.451385,9.21156
4937,-0.268275,-0.495314,8.97036
4938,-0.292186,-0.543746,8.73575
4939,-0.318669,-0.597195,8.50759
4940,-0.347983,-0.656234,8.28578
4941,-0.380422,-0.721497,8.07022
4942,-0.416314,-0.793686,7.86084
4943,-0.456026,-0.873582,7.65757
4944,-0.49997,-0.962052,7.4604
4945,-0.548604,-1.06006,7.26931
4946,-0.602442,-1.16869,7.08435
4947,-0.662054,-1.28912,6.90559
4948,-0.728078,-1.42268,6.73318
4949,-0.801224,-1.57086,6.56729
4950,-0.882283,-1.73529,6.4082
4951,-0.972135,-1.9178,6.25627
4952,-1.07176,-2.1204,6.112
4953,-1.18225,-2.34535,5.97599
4954,-1.3048,-2.59512,5.84903
4955,-1.44078,-2.87246,5.73213
4956,-1.59166,-3.18039,5.62656
4957,-1.7591,-3.52223,5.53388
4958,-1.94493,-3.90161,5.45606
4959,-2.15114,-4.32249,5.39556
4960,-2.37997,-4.78915,5.35538
4961,-2.63382,-5.30615,5.33928
4962,-2.91535,-5.87837,5.35182
4963,-3.22742,-6.51084,5.39867
4964,-3.5731,-7.20875,5.48669
4965,-3.95567,-7.97718,5.62426
4966,-4.37857,-8.82094,5.82153
4967,-4.84533,-9.7442,6.09068
4968,-5.35951,-10.75,6.44624
4969,-5.92453,-11.8396,6.90535
4970,-6.54348,-13.0117,7.48797
4971,-7.21889,-14.2614,8.21691
4972,-7.9523,-15.5784,9.11765
4973,-8.74386,-16.9461,10.2178
4974,-9.59172,-18.3392,11.5457
4975,-10.4913,-19.722,13.1288
4976,-11.4345,-21.0471,14.9904
4977,-12.4088,-22.2539,17.1457
4978,-13.3967,-23.2696,19.5966
4979,-14.3746,-24.0113,22.3256
4980,-15.3133,-24.3916,25.2901
4981,-16.1779,-24.3274,28.4179
4982,-16.9298,-23.7513,31.6067
4983,-17.5288,-22.6244,34.7278
4984,-17.9369,-20.9485,37.6367
4985,-18.1219,-18.773,40.1893
4986,-18.0618,-16.1946,42.2609
4987,-17.7479,-13.3471,43.764
4988,-17.1861,-10.385,44.6605
4989,-16.3966,-7.46201,44.9646
4990,-15.4116,-4.71231,44.7357
4991,-14.2712,-2.2365,44.0653
4992,-13.0196,-0.0961442,43.0605
4993,-11.7008,1.68468,41.8283
4994,-10.3552,3.11264,40.4647
4995,-9.01776,4.21604,39.0484
4996,-7.71667,5.03592,37.6382
4997,-6.47322,5.61848,36.2745
4998,-5.30228,6.00971,34.9822
4999,-4.21305,6.25204,33.7741
5000,-3.21009,6.38261,32.6544
5001,-2.29428,6.43265,31.6216
5002,-1.46369,6.42775,30.6707
5003,-0.714423,6.3883,29.7953
5004,-0.0412218,6.33031,28.9879
5005,0.56201,6.26608,28.2417
5006,1.10181,6.20495,27.5501
5007,1.58486,6.15387,26.9074
5008,2.01779,6.11793,26.3086
5009,2.40698,6.10078,25.7499
5010,2.75851,6.10492,25.2281
5011,3.07809,6.13205,24.7405
5012,3.37099,6.1832,24.2856
5013,3.64208,6.25894,23.8618
5014,3.89577,6.35947,23.4687
5015,4.13609,6.48476,23.1056
5016,4.36664,6.63454,22.7729
5017,4.59068,6.80841,22.4707
5018,4.81109,7.00584,22.1998
5019,5.03043,7.22616,21.9612
5020,5.25094,7.46859,21.756
5021,5.47456,7.73219,21.5857
5022,5.70297,8.01585,21.4519
5023,5.93755,8.31826,21.3565
5024,6.17944,8.63783,21.3014
5025,6.42947,8.97269,21.2887
5026,6.68822,9.32056,21.3205
5027,6.95598,9.67878,21.3991
5028,7.23272,10.0442,21.5264
5029,7.5181,10.413,21.7045
5030,7.81141,10.781,21.9351
5031,8.11158,11.1431,22.2193
5032,8.41716,11.4939,22.5579
5033,8.72624,11.8272,22.951
5034,9.03651,12.1363,23.3976
5035,9.3452,12.4139,23.8957
5036,9.6491,12.6526,24.442
5037,9.94462,12.8449,25.032
5038,10.2278,12.9836,25.6594
5039,10.4943,13.0619,26.3165
5040,10.7398,13.074,26.9941
5041,10.9597,13.0153,27.6813
5042,11.1495,12.8829,28.3665
5043,11.305,12.6759,29.0369
5044,11.4225,12.3958,29.6795
5045,11.4987,12.0459,30.2816
5046,11.5313,11.6325,30.8309
5047,11.5186,11.1634,31.3166
5048,11.4602,10.6487,31.7297
5049,11.3567,10.0995,32.0632
5050,11.2095,9.52794,32.3125
5051,11.0214,8.94622,32.4757
5052,10.7958,8.36633,32.553
5053,10.537,7.79935,32.5471
5054,10.25,7.25511,32.4626
5055,9.93986,6.74191,32.3053
5056,9.61221,6.26629,32.0824
5057,9.2725,5.83309,31.8015
5058,8.92607,5.44542,31.4707
5059,8.57799,5.10488,31.0978
5060,8.23293,4.81175,30.6904
5061,7.89507,4.56522,30.2555
5062,7.5681,4.36363,29.7997
5063,7.25514,4.20472,29.3285
5064,6.95879,4.08584,28.8472
5065,6.68116,4.00413,28.36
5066,6.42385,3.95669,27.8708
5067,6.18806,3.94066,27.3829
5068,5.97459,3.95338,26.899
5069,5.78393,3.99238,26.4214
5070,5.61631,4.05546,25.9523
5071,5.47173,4.14069,25.4934
5072,5.35002,4.24646,25.0463
5073,5.2509,4.37141,24.6124
5074,5.17399,4.51447,24.1931
5075,5.11885,4.67482,23.7897
5076,5.08503,4.85185,23.4034
5077,5.07206,5.04516,23.0354
5078,5.0795,5.25451,22.687
5079,5.10693,5.4798,22.3597
5080,5.15395,5.72102,22.0547
5081,5.22023,5.97824,21.7737
5082,5.30546,6.25154,21.5182
5083,5.40937,6.54101,21.29
5084,5.53171,6.84666,21.091
5085,5.67228,7.1684,20.9233
5086,5.83086,7.506,20.7891
5087,6.00723,7.859,20.6907
5088,6.20112,8.2267,20.6307
5089,6.41223,8.60802,20.6116
5090,6.64013,9.0015,20.6362
5091,6.8843,9.40518,20.7073
5092,7.14404,9.81655,20.8277
5093,7.41846,10.2325,21
5094,7.70642,10.6491,21.2267
5095,8.00646,11.0618,21.5099
5096,8.31683,11.4652,21.8512
5097,8.63534,11.853,22.2517
5098,8.95943,12.2184,22.7114
5099,9.28605,12.5537,23.2293
5100,9.61171,12.8506,23.803
5101,9.93243,13.1006,24.4285
5102,10.2438,13.2952,25.1004
5103,10.5411,13.4261,25.8109
5104,10.8191,13.4858,26.5508
5105,11.0726,13.4681,27.3089
5106,11.2964,13.3683,28.0724
5107,11.4854,13.184,28.8272
5108,11.6347,12.9151,29.5584
5109,11.7402,12.5644,30.251
5110,11.7985,12.1376,30.8905
5111,11.8074,11.6428,31.4634
5112,11.7654,11.0908,31.9583
5113,11.6726,10.494,32.3661
5114,11.5303,9.86635,32.6804
5115,11.3409,9.22216,32.8978
5116,11.1079,8.57564,33.0179
5117,10.8361,7.94013,33.0432
5118,10.5306,7.32757,32.9784
5119,10.1975,6.74812,32.8301
5120,9.84285,6.20985,32.6066
5121,9.47298,5.71872,32.3166
5122,9.09401,5.27861,31.9696
5123,8.71178,4.89153,31.5747
5124,8.33167,4.55782,31.1407
5125,7.95852,4.2765,30.6759
5126,7.59657,4.04554,30.1877
5127,7.24941,3.86219,29.6826
5128,6.92001,3.72321,29.1664
5129,6.61074,3.62512,28.6439
5130,6.3234,3.56441,28.1193
5131,6.0593,3.53763,27.596
5132,5.81929,3.54158,27.0771
5133,5.60386,3.57329,26.5648
5134,5.41319,3.63014,26.0614
5135,5.24719,3.70987,25.5685
5136,5.10561,3.81054,25.0875
5137,4.98802,3.93058,24.62
5138,4.89394,4.06876,24.167
5139,4.8228,4.22411,23.7297
5140,4.77401,4.39599,23.3092
5141,4.747,4.58397,22.9066
5142,4.74122,4.78784,22.5231
5143,4.75616,5.00757,22.1598
5144,4.79136,5.24328,21.818
5145,4.84643,5.4952,21.4991
5146,4.92102,5.76361,21.2046
5147,5.01486,6.04884,20.936
5148,5.12775,6.35123,20.6953
5149,5.25951,6.67103,20.4843
5150,5.41002,7.00842,20.3053
5151,5.57916,7.36341,20.1605
5152,5.76683,7.7358,20.0526
5153,5.9729,8.12511,19.9842
5154,6.1972,8.5305,19.9584
5155,6.43946,8.95071,19.9781
5156,6.6993,9.38392,20.0467
5157,6.97617,9.82774,20.1674
5158,7.26932,10.279,20.3434
5159,7.57772,10.7339,20.5778
5160,7.90005,11.1875,20.8735
5161,8.23457,11.634,21.2329
5162,8.57915,12.0669,21.6576
5163,8.93115,12.4782,22.1484
5164,9.28742,12.8595,22.7049
5165,9.64424,13.2014,23.3252
5166,9.99732,13.4938,24.0057
5167,10.3418,13.7268,24.7407
5168,10.6725,13.8902,25.5223
5169,10.9834,13.9749,26.3405
5170,11.2687,13.9728,27.1829
5171,11.5222,13.8779,28.0348
5172,11.7379,13.6865,28.8801
5173,11.9101,13.3979,29.7016
5174,12.0339,13.0147,30.4816
5175,12.1051,12.5429,31.2027
5176,12.1207,11.9921,31.8491
5177,12.0791,11.3746,32.407
5178,11.98,10.7052,32.8655
5179,11.8248,10.0004,33.2172
5180,11.6163,9.2771,33.4583
5181,11.3586,8.55221,33.5886
5182,11.0569,7.84147,33.6113
5183,10.7177,7.15879,33.5325
5184,10.3475,6.51585,33.3605
5185,9.95374,5.9217,33.1052
5186,9.54351,5.38281,32.7774
5187,9.12389,4.90309,32.3882
5188,8.70148,4.48421,31.9483
5189,8.28234,4.12592,31.4679
5190,7.87186,3.82643,30.9564
5191,7.47468,3.58281,30.4219
5192,7.09466,3.39138,29.8717
5193,6.73495,3.24798,29.3118
5194,6.39796,3.14827,28.7475
5195,6.0855,3.08796,28.1828
5196,5.79877,3.06294,27.6212
5197,5.5385,3.06942,27.0657
5198,5.305,3.10397,26.5184
5199,5.09824,3.16361,25.9813
5200,4.91794,3.24576,25.4558
5201,4.76362,3.34829,24.9433
5202,4.63465,3.46951,24.4448
5203,4.53034,3.60806,23.9615
5204,4.44994,3.76299,23.4941
5205,4.39271,3.93365,23.0437
5206,4.3579,4.11968,22.611
5207,4.34484,4.32095,22.1971
5208,4.35293,4.53758,21.803
5209,4.38161,4.76982,21.4297
5210,4.43043,5.01811,21.0785
5211,4.49904,5.28295,20.7506
5212,4.58714,5.56496,20.4477
5213,4.69455,5.86474,20.1712
5214,4.82115,6.18291,19.9232
5215,4.9669,6.52004,19.7056
5216,5.13179,6.87659,19.5207
5217,5.31587,7.25286,19.3711
5218,5.5192,7.64892,19.2597
5219,5.74183,8.06454,19.1893
5220,5.98374,8.49914,19.1635
5221,6.24486,8.95162,19.1856
5222,6.525,9.42033,19.2596
5223,6.82377,9.90293,19.3891
5224,7.14059,10.3962,19.5783
5225,7.47455,10.8962,19.8309
5226,7.82443,11.3976,20.1507
5227,8.18856,11.8943,20.5408
5228,8.56477,12.3786,21.0038
5229,8.95032,12.842,21.5413
5230,9.34187,13.2745,22.1536
5231,9.73538,13.665,22.8392
5232,10.1261,14.002,23.5946
5233,10.5086,14.2731,24.4141
5234,10.8769,14.4662,25.289
5235,11.2242,14.5699,26.208
5236,11.5436,14.574,27.1568
5237,11.8279,14.4709,28.1183
5238,12.0699,14.2556,29.0736
5239,12.2629,13.9269,30.002
5240,12.4008,13.4877,30.8821
5241,12.4788,12.9455,31.6934
5242,12.4932,12.3116,32.4167
5243,12.4421,11.6013,33.0358
5244,12.3253,10.8329,33.5382
5245,12.1445,10.0263,33.9155
5246,11.9031,9.20243,34.1642
5247,11.6063,8.38135,34.2852
5248,11.2605,7.58167,34.2835
5249,10.8732,6.8195,34.1675
5250,10.4526,6.10788,33.9482
5251,10.0071,5.45655,33.6382
5252,9.54522,4.87192,33.2507
5253,9.07504,4.35736,32.7993
5254,8.60407,3.91353,32.2964
5255,8.13905,3.53894,31.7539
5256,7.68586,3.23041,31.1822
5257,7.24946,2.98358,30.5902
5258,6.83388,2.79342,29.9856
5259,6.44227,2.65451,29.3747
5260,6.07697,2.56142,28.7625
5261,5.73958,2.50891,28.1532
5262,5.43106,2.4921,27.5499
5263,5.15185,2.50656,26.9553
5264,4.90194,2.5484,26.3712
5265,4.68098,2.61426,25.7991
5266,4.48836,2.70131,25.2403
5267,4.32328,2.80728,24.6957
5268,4.18484,2.93035,24.1662
5269,4.07205,3.06917,23.6524
5270,3.98393,3.22279,23.1549
5271,3.91951,3.39062,22.6744
5272,3.87786,3.57241,22.2116
5273,3.85815,3.76815,21.7671
5274,3.85963,3.97811,21.3417
5275,3.88165,4.20274,20.9363
5276,3.92369,4.44267,20.5517
5277,3.98533,4.69866,20.1892
5278,4.06628,4.97157,19.8499
5279,4.16635,5.26236,19.5354
5280,4.28547,5.57199,19.2471
5281,4.42368,5.90144,18.9871
5282,4.58108,6.25166,18.7574
5283,4.75787,6.6235,18.5603
5284,4.95429,7.01765,18.3987
5285,5.17064,7.43462,18.2755
5286,5.40719,7.87461,18.194
5287,5.6642,8.33746,18.158
5288,5.94189,8.82249,18.1715
5289,6.24033,9.32847,18.2388
5290,6.55946,9.85338,18.3646
5291,6.89897,10.3943,18.5536
5292,7.25828,10.9474,18.8109
5293,7.6364,11.5074,19.1412
5294,8.03191,12.0678,19.549
5295,8.44282,12.6207,20.0383
5296,8.86648,13.1563,20.6122
5297,9.29953,13.6636,21.2723
5298,9.73776,14.1299,22.0186
5299,10.1761,14.5411,22.8486
5300,10.6086,14.8824,23.7572
5301,11.0285,15.1386,24.7358
5302,11.428,15.2949,25.7724
5303,11.799,15.3377,26.8511
5304,12.1328,15.256,27.9526
5305,12.4208,15.0422,29.0543
5306,12.6544,14.693,30.1312
5307,12.8261,14.2106,31.1572
5308,12.9294,13.6025,32.1064
5309,12.9594,12.882,32.9547
5310,12.9133,12.0675,33.6814
5311,12.7904,11.1813,34.2705
5312,12.5924,10.2484,34.7114
5313,12.3233,9.29474,34.9998
5314,11.989,8.34547,35.137
5315,11.5974,7.4237,35.13
5316,11.1575,6.54916,34.9897
5317,10.6791,5.73748,34.7304
5318,10.1726,4.99993,34.3684
5319,9.64792,4.34346,33.9203
5320,9.11478,3.7711,33.4028
5321,8.58197,3.28255,32.8312
5322,8.05732,2.87488,32.2195
5323,7.54752,2.54322,31.5798
5324,7.05811,2.28145,30.9222
5325,6.59346,2.08274,30.2552
5326,6.15689,1.94006,29.5853
5327,5.75072,1.84648,28.9177
5328,5.3764,1.79549,28.2565
5329,5.03467,1.78111,27.6046
5330,4.72564,1.79802,26.9642
5331,4.44896,1.84162,26.3369
5332,4.20388,1.90798,25.7237
5333,3.98941,1.99387,25.1256
5334,3.80436,2.09668,24.543
5335,3.64743,2.21439,23.9763
5336,3.5173,2.3455,23.4259
5337,3.41264,2.48898,22.892
5338,3.33216,2.64422,22.3749
5339,3.27466,2.81094,21.875
5340,3.23907,2.98921,21.3925
5341,3.22439,3.17935,20.9278
5342,3.2298,3.38191,20.4815
5343,3.25461,3.59765,20.0542
5344,3.29825,3.8275,19.6464
5345,3.36035,4.07253,19.2591
5346,3.44063,4.33391,18.8933
5347,3.53899,4.61294,18.5501
5348,3.65545,4.91097,18.231
5349,3.79017,5.2294,17.9374
5350,3.94341,5.56963,17.6714
5351,4.11555,5.93306,17.435
5352,4.30708,6.32101,17.2308
5353,4.51853,6.73469,17.0616
5354,4.75052,7.17514,16.9306
5355,5.00367,7.6431,16.8416
5356,5.27861,8.139,16.7987
5357,5.57593,8.66275,16.8065
5358,5.89612,9.21367,16.8702
5359,6.23952,9.79029,16.9952
5360,6.60627,10.3902,17.1876
5361,6.99618,11.0097,17.4535
5362,7.4087,11.6437,17.7994
5363,7.84274,12.2857,18.2315
5364,8.29661,12.9271,18.756
5365,8.76788,13.5572,19.3778
5366,9.25321,14.1633,20.1008
5367,9.74827,14.7304,20.9271
5368,10.2476,15.2417,21.8559
5369,10.7447,15.6784,22.8833
5370,11.2316,16.021,24.0013
5371,11.6994,16.2498,25.197
5372,12.1382,16.346,26.4529
5373,12.5373,16.2936,27.746
5374,12.8858,16.0807,29.0488
5375,13.1728,15.7007,30.33
5376,13.3882,15.1542,31.5562
5377,13.5234,14.4494,32.6937
5378,13.5715,13.6023,33.7106
5379,13.5286,12.6361,34.5796
5380,13.3931,11.5798,35.2795
5381,13.167,10.4659,35.7967
5382,12.855,9.3286,36.1261
5383,12.4647,8.20071,36.2707
5384,12.0058,7.11194,36.2405
5385,11.4899,6.08713,36.0516
5386,10.9295,5.14527,35.7236
5387,10.3374,4.29919,35.2785
5388,9.72596,3.55589,34.7383
5389,9.10708,2.91719,34.1243
5390,8.49129,2.38067,33.4557
5391,7.88777,1.94078,32.7494
5392,7.30419,1.58977,32.0195
5393,6.74668,1.31868,31.2773
5394,6.21991,1.11799,30.5319
5395,5.72719,0.978263,29.79
5396,5.27065,0.890508,29.0565
5397,4.85138,0.846467,28.3351
5398,4.46963,0.83876,27.6281
5399,4.12496,0.860953,26.937
5400,3.81643,0.907567,26.2627
5401,3.54269,0.974031,25.6057
5402,3.30213,1.05663,24.9661
5403,3.09298,1.1524,24.3439
5404,2.91339,1.25909,23.739
5405,2.76151,1.37504,23.1511
5406,2.63551,1.4991,22.5801
5407,2.53367,1.63058,22.0258
5408,2.45438,1.76917,21.488
5409,2.39616,1.91491,20.9666
5410,2.35771,2.06808,20.4615
5411,2.33788,2.22923,19.9728
5412,2.33569,2.39911,19.5006
5413,2.35033,2.57862,19.045
5414,2.38116,2.76886,18.6062
5415,2.42774,2.97104,18.1846
5416,2.48975,3.18649,17.7808
5417,2.56707,3.41668,17.3952
5418,2.65971,3.66316,17.0287
5419,2.76784,3.92759,16.6822
5420,2.89179,4.21172,16.3568
5421,3.032,4.51736,16.0539
5422,3.18908,4.84642,15.7751
5423,3.36373,5.2008,15.5224
5424,3.55679,5.58247,15.298
5425,3.76919,5.99336,15.1046
5426,4.00198,6.43532,14.9453
5427,4.25624,6.91009,14.8239
5428,4.53314,7.41919,14.7445
5429,4.83384,7.96382,14.7119
5430,5.15951,8.54472,14.7317
5431,5.51123,9.162,14.8101
5432,5.88995,9.81492,14.9542
5433,6.29643,10.5017,15.1714
5434,6.73108,11.219,15.4703
5435,7.19393,11.9621,15.8597
5436,7.68442,12.7238,16.3486
5437,8.20124,13.4947,16.9462
5438,8.7422,14.2624,17.661
5439,9.30396,15.0114,18.5001
5440,9.8819,15.723,19.4689
5441,10.4699,16.3752,20.5693
5442,11.0601,16.9427,21.7992
5443,11.6429,17.3986,23.1509
5444,12.2072,17.7145,24.6099
5445,12.7399,17.8632,26.1546
5446,13.2269,17.8201,27.7553
5447,13.6535,17.5664,29.3749
5448,14.0046,17.0913,30.9703
5449,14.2664,16.3944,32.4943
5450,14.4266,15.4869,33.8993
5451,14.4759,14.3922,35.1408
5452,14.4086,13.1447,36.1808
5453,14.2234,11.7872,36.9918
5454,13.9232,10.3675,37.558
5455,13.5154,8.93434,37.8769
5456,13.0113,7.53343,37.9579
5457,12.425,6.20422,37.8208
5458,11.7727,4.97765,37.4924
5459,11.0717,3.87518,37.004
5460,10.339,2.90891,36.3877
5461,9.5909,2.08258,35.6748
5462,8.84198,1.39311,34.8933
5463,8.10502,0.832316,34.0675
5464,7.39059,0.388664,33.2172
5465,6.70706,0.0487278,32.3579
5466,6.06067,-0.201589,31.5012
5467,5.45575,-0.376153,30.6557
5468,4.89491,-0.487997,29.8267
5469,4.37935,-0.548943,29.018
5470,3.90909,-0.569418,28.2315
5471,3.48322,-0.558406,27.4679
5472,3.10013,-0.523485,26.7275
5473,2.75772,-0.470925,26.0098
5474,2.45354,-0.405813,25.3141
5475,2.18495,-0.3322,24.6395
5476,1.9492,-0.253235,23.9852
5477,1.74356,-0.171303,23.3501
5478,1.56535,-0.0881503,22.7336
5479,1.41203,-0.0049915,22.1347
5480,1.28117,0.0773921,21.5527
5481,1.17056,0.15857,20.987
5482,1.07813,0.238394,20.4369
5483,1.00202,0.316938,19.902
5484,0.940587,0.394452,19.3817
5485,0.892337,0.471323,18.8756
5486,0.855983,0.548047,18.3833
5487,0.830406,0.625202,17.9044
5488,0.814652,0.703437,17.4386
5489,0.807922,0.783452,16.9857
5490,0.809563,0.865999,16.5453
5491,0.819058,0.951869,16.1172
5492,0.836016,1.0419,15.7012
5493,0.860164,1.13697,15.2972
5494,0.891342,1.23801,14.9049
5495,0.929496,1.34599,14.5243
5496,0.974673,1.46196,14.1553
5497,1.02702,1.58701,13.7979
5498,1.08677,1.72234,13.452
5499,1.15426,1.86921,13.1179
5500,1.22992,2.02899,12.7956
5501,1.31426,2.20314,12.4855
5502,1.40791,2.39328,12.1878
5503,1.51159,2.60112,11.903
5504,1.62611,2.82855,11.6318
5505,1.75241,3.07759,11.3749
5506,1.89151,3.35043,11.1334
5507,2.0446,3.64947,10.9084
5508,2.21294,3.97724,10.7014
5509,2.39795,4.33648,10.5143
5510,2.60118,4.7301,10.3494
5511,2.82432,5.16117,10.2094
5512,3.06918,5.63288,10.0977
5513,3.33773,6.14852,10.0181
5514,3.63205,6.71138,9.97555
5515,3.95435,7.32465,9.97568
5516,4.30689,7.9913,10.0252
5517,4.69201,8.71388,10.1322
5518,5.11202,9.49421,10.3059
5519,5.56916,10.3331,10.5571
5520,6.06544,11.2299,10.8982
5521,6.60253,12.1818,11.3431
5522,7.18155,13.1834,11.9072
5523,7.80286,14.2259,12.6073
5524,8.4657,15.2958,13.4607
5525,9.16787,16.3745,14.4848
5526,9.90531,17.437,15.6955
5527,10.6716,18.4515,17.1057
5528,11.4577,19.379,18.7227
5529,12.2512,20.1736,20.546
5530,13.0363,20.7842,22.5638
5531,13.7938,21.1573,24.7504
5532,14.501,21.2411,27.0638
5533,15.1331,20.9911,29.4449
5534,15.6638,20.3767,31.8195
5535,16.0674,19.3874,34.1015
5536,16.3208,18.0375,36.2008
5537,16.4057,16.3679,38.0316
5538,16.3107,14.4442,39.5223
5539,16.0328,12.3506,40.6236
5540,15.5777,10.1812,41.3135
5541,14.9596,8.0291,41.5989
5542,14.1997,5.97713,41.5114
5543,13.3245,4.09093,41.1016
5544,12.3629,2.41519,40.4309
5545,11.3446,0.973521,39.5637
5546,10.2976,-0.229063,38.561
5547,9.24708,-1.20214,37.4762
5548,8.21422,-1.96534,36.3528
5549,7.21615,-2.54415,35.2239
5550,6.26578,-2.96644,34.1134
5551,5.3721,-3.25996,33.0368
5552,4.54071,-3.45065,32.0034
5553,3.77431,-3.56175,31.0174
5554,3.0733,-3.61337,30.0802
5555,2.43626,-3.62249,29.1904
5556,1.86045,-3.60313,28.3459
5557,1.34219,-3.56668,27.5435
5558,0.877166,-3.52223,26.7801
5559,0.460717,-3.47694,26.0524
5560,0.0880188,-3.43637,25.3577
5561,-0.245758,-3.4048,24.6932
5562,-0.545336,-3.38546,24.0568
5563,-0.815259,-3.38079,23.4465
5564,-1.05984,-3.39261,22.8609
5565,-1.28312,-3.42226,22.2988
5566,-1.48888,-3.47077,21.7592
5567,-1.68062,-3.53892,21.2415
5568,-1.86157,-3.62736,20.7452
5569,-2.03473,-3.73666,20.2701
5570,-2.20284,-3.86737,19.8162
5571,-2.36845,-4.02006,19.3837
5572,-2.53392,-4.19533,18.973
5573,-2.70144,-4.39386,18.5847
5574,-2.87306,-4.61642,18.2195
5575,-3.05073,-4.86383,17.8786
5576,-3.23628,-5.13701,17.5632
5577,-3.43145,-5.43695,17.275
5578,-3.63793,-5.76467,17.0157
5579,-3.85733,-6.1212,16.7877
5580,-4.09121,-6.50756,16.5936
5581,-4.34109,-6.92466,16.4363
5582,-4.6084,-7.37327,16.3194
5583,-4.8945,-7.85389,16.2469
5584,-5.20068,-8.36667,16.2233
5585,-5.52806,-8.91127,16.2537
5586,-5.87761,-9.48666,16.3437
5587,-6.25007,-10.091,16.4993
5588,-6.64588,-10.7213,16.7274
5589,-7.06509,-11.3732,17.0346
5590,-7.50726,-12.041,17.4283
5591,-7.97137,-12.7168,17.9153
5592,-8.45561,-13.3907,18.5022
5593,-8.95734,-14.0507,19.1947
5594,-9.47286,-14.6819,19.9967
5595,-9.99731,-15.2672,20.9099
5596,-10.5246,-15.7874,21.933
5597,-11.0472,-16.2213,23.0607
5598,-11.5562,-16.5469,24.2829
5599,-12.0417,-16.7423,25.5839
5600,-12.4925,-16.7876,26.9424
5601,-12.8967,-16.666,28.3314
5602,-13.2424,-16.3661,29.7187
5603,-13.5177,-15.8833,31.0685
5604,-13.7122,-15.2216,32.3432
5605,-13.817,-14.3936,33.506
5606,-13.8259,-13.4207,34.5234
5607,-13.7354,-12.3321,35.3679
5608,-13.5458,-11.1623,36.0198
5609,-13.2605,-9.94887,36.469
5610,-12.8862,-8.72953,36.7146
5611,-12.4328,-7.53932,36.7647
5612,-11.9118,-6.40846,36.6347
5613,-11.3367,-5.36089,36.3452
5614,-10.7213,-4.41359,35.92
5615,-10.0797,-3.57662,35.3841
5616,-9.42498,-2.8538,34.7617
5617,-8.76926,-2.24375,34.0751
5618,-8.12314,-1.7411,33.3439
5619,-7.49554,-1.33767,32.5846
5620,-6.89368,-1.02359,31.8106
5621,-6.3231,-0.788218,31.0322
5622,-5.78779,-0.620839,30.2574
5623,-5.29037,-0.511179,29.4919
5624,-4.83225,-0.449748,28.7397
5625,-4.41387,-0.428035,28.0033
5626,-4.03485,-0.438597,27.2844
5627,-3.6942,-0.475069,26.5837
5628,-3.39047,-0.532127,25.9017
5629,-3.1219,-0.605409,25.2383
5630,-2.8865,-0.691425,24.5934
5631,-2.68218,-0.787459,23.9665
5632,-2.50685,-0.891471,23.3573
5633,-2.35843,-1.002,22.7653
5634,-2.23492,-1.1181,22.1902
5635,-2.13446,-1.23921,21.6317
5636,-2.05532,-1.36516,21.0894
5637,-1.99594,-1.49606,20.563
5638,-1.95491,-1.63228,20.0523
5639,-1.93103,-1.77438,19.5573
5640,-1.92327,-1.92313,19.0778
5641,-1.93075,-2.07944,18.6138
5642,-1.95281,-2.24436,18.1654
5643,-1.98892,-2.41907,17.7327
5644,-2.03875,-2.60485,17.316
5645,-2.10211,-2.8031,16.9155
5646,-2.17896,-3.01532,16.5318
5647,-2.26944,-3.24312,16.1654
5648,-2.37381,-3.4882,15.8171
5649,-2.49248,-3.75237,15.4878
5650,-2.62599,-4.03753,15.1786
5651,-2.77503,-4.34567,14.8908
5652,-2.94041,-4.67889,14.6262
5653,-3.12306,-5.03931,14.3866
5654,-3.32403,-5.42914,14.1745
5655,-3.54449,-5.85059,13.9926
5656,-3.78569,-6.30583,13.8442
5657,-4.04897,-6.79693,13.7331
5658,-4.33575,-7.32581,13.6638
5659,-4.64747,-7.89406,13.6414
5660,-4.98555,-8.50284,13.6721
5661,-5.35137,-9.1527,13.7625
5662,-5.7462,-9.84331,13.9204
5663,-6.1711,-10.5732,14.1543
5664,-6.62681,-11.3394,14.4737
5665,-7.11364,-12.1372,14.8888
5666,-7.6313,-12.9592,15.4101
5667,-8.17872,-13.7957,16.0484
5668,-8.75382,-14.6333,16.8141
5669,-9.35328,-15.4551,17.7164
5670,-9.97232,-16.2403,18.7622
5671,-10.6044,-16.9638,19.9553
5672,-11.241,-17.5971,21.2944
5673,-11.8717,-18.1085,22.772
5674,-12.4839,-18.4651,24.3729
5675,-13.0628,-18.6344,26.0728
5676,-13.5926,-18.5871,27.8379
5677,-14.056,-18.3005,29.6253
5678,-14.4358,-17.7617,31.3847
5679,-14.716,-16.9703,33.0608
5680,-14.8825,-15.94,34.5978
5681,-14.9246,-14.6995,35.9439
5682,-14.8362,-13.2907,37.056
5683,-14.616,-11.7651,37.9035
5684,-14.2683,-10.1798,38.4712
5685,-13.8022,-8.59197,38.7593
5686,-13.2314,-7.05419,38.7828
5687,-12.5728,-5.6104,38.568
5688,-11.8455,-4.29367,38.1489
5689,-11.0691,-3.12535,37.5635
5690,-10.263,-2.11568,36.8499
5691,-9.44532,-1.26535,36.0437
5692,-8.63198,-0.567608,35.1762
5693,-7.83654,-0.0104663,34.2734
5694,-7.06998,0.421221,33.3559
5695,-6.34069,0.744059,32.4392
5696,-5.65466,0.974796,31.5345
5697,-5.01576,1.12942,30.6491
5698,-4.42603,1.22257,29.7877
5699,-3.88599,1.26726,28.9527
5700,-3.39498,1.27473,28.1452
5701,-2.95139,1.25452,27.3649
5702,-2.55295,1.21454,26.6113
5703,-2.19692,1.16125,25.8832
5704,-1.88027,1.09984,25.1794
5705,-1.59983,1.03438,24.4985
5706,-1.35236,0.96803,23.8393
5707,-1.13471,0.903167,23.2005
5708,-0.943789,0.84154,22.5811
5709,-0.776697,0.784391,21.98
5710,-0.630692,0.732561,21.3964
5711,-0.503234,0.686575,20.8294
5712,-0.391986,0.646724,20.2783
5713,-0.294815,0.61312,19.7426
5714,-0.209787,0.585754,19.2216
5715,-0.135157,0.564533,18.7148
5716,-0.069356,0.549312,18.2218
5717,-0.0109818,0.539926,17.7421
5718,0.0412195,0.536206,17.2753
5719,0.0883669,0.537996,16.8211
5720,0.131459,0.545166,16.379
5721,0.171389,0.557622,15.9489
5722,0.208958,0.575313,15.5302
5723,0.244889,0.598237,15.1229
5724,0.279836,0.626444,14.7265
5725,0.314402,0.660042,14.3409
5726,0.349143,0.699199,13.9657
5727,0.384583,0.744146,13.6009
5728,0.421219,0.79518,13.246
5729,0.459534,0.85267,12.901
5730,0.500004,0.917056,12.5658
5731,0.543104,0.988859,12.24
5732,0.589318,1.06868,11.9237
5733,0.639146,1.15721,11.6166
5734,0.69311,1.25524,11.3189
5735,0.751762,1.36366,11.0304
5736,0.815693,1.48347,10.7511
5737,0.885536,1.61578,10.4812
5738,0.96198,1.76186,10.2208
5739,1.04577,1.9231,9.97009
5740,1.13773,2.10105,9.7294
5741,1.23875,2.29742,9.49915
5742,1.34981,2.51412,9.27991
5743,1.47199,2.75324,9.07237
5744,1.60647,3.01708,8.87744
5745,1.75456,3.30817,8.69626
5746,1.91769,3.62927,8.53025
5747,2.09743,3.98337,8.38116
5748,2.29548,4.3737,8.25115
5749,2.51372,4.80375,8.14287
5750,2.75419,5.2772,8.05956
5751,3.01908,5.79792,8.00516
5752,3.31077,6.36991,7.98445
5753,3.63178,6.99719,8.00321
5754,3.98476,7.68372,8.06839
5755,4.3725,8.43312,8.18827
5756,4.79783,9.2485,8.37272
5757,5.26356,10.1321,8.63336
5758,5.7724,11.0846,8.98375
5759,6.32675,12.105,9.43948
5760,6.92859,13.1892,10.0182
5761,7.57913,14.3297,10.7396
5762,8.27853,15.5139,11.6248
5763,9.02546,16.7233,12.6956
5764,9.81661,17.932,13.9733
5765,10.6461,19.1056,15.4766
5766,11.5049,20.2002,17.2192
5767,12.3802,21.1631,19.2061
5768,13.255,21.9329,21.4299
5769,14.1079,22.4436,23.8664
5770,14.9129,22.6289,26.4712
5771,15.6408,22.4292,29.1779
5772,16.2599,21.8007,31.8988
5773,16.7386,20.7237,34.5293
5774,17.0479,19.2101,36.9572
5775,17.1644,17.3069,39.0739
5776,17.073,15.0941,40.7881
5777,16.7689,12.6766,42.0374
5778,16.2586,10.1729,42.7951
5779,15.5591,7.6996,43.0725
5780,14.6966,5.3593,42.9131
5781,13.7032,3.23072,42.3843
5782,12.6141,1.36471,41.5655
5783,11.4649,-0.215324,40.5382
5784,10.2885,-1.50924,39.3774
5785,9.11421,-2.53428,38.1465
5786,7.96598,-3.31882,36.8952
5787,6.86263,-3.8969,35.6599
5788,5.81782,-4.30395,34.4648
5789,4.84059,-4.57391,33.3245
5790,3.93603,-4.73756,32.2461
5791,3.10603,-4.82164,31.2318
5792,2.34993,-4.84872,30.28
5793,1.66519,-4.83739,29.3876
5794,1.04794,-4.80264,28.5501
5795,0.493369,-4.75637,27.7627
5796,-0.00384987,-4.70789,27.021
5797,-0.449329,-4.66437,26.3206
5798,-0.84874,-4.63126,25.658
5799,-1.20767,-4.61267,25.0299
5800,-1.53149,-4.61161,24.4337
5801,-1.82534,-4.63029,23.8674
5802,-2.09403,-4.67032,23.3293
5803,-2.34204,-4.73282,22.8184
5804,-2.57351,-4.8186,22.3338
5805,-2.79227,-4.92825,21.8752
5806,-3.00182,-5.0622,21.4424
5807,-3.20537,-5.2208,21.0356
5808,-3.40584,-5.40435,20.6554
5809,-3.60592,-5.6131,20.3025
5810,-3.80806,-5.8473,19.9778
5811,-4.01448,-6.1072,19.6828
5812,-4.22725,-6.39301,19.419
5813,-4.44823,-6.70487,19.1883
5814,-4.67912,-7.04284,18.9929
5815,-4.92146,-7.40686,18.8353
5816,-5.17663,-7.79664,18.7184
5817,-5.44583,-8.21164,18.6453
5818,-5.7301,-8.65091,18.6196
5819,-6.03023,-9.11308,18.645
5820,-6.34681,-9.59613,18.7257
5821,-6.68014,-10.0974,18.8659
5822,-7.03019,-10.6132,19.07
5823,-7.39653,-11.139,19.3425
5824,-7.7783,-11.669,19.6875
5825,-8.1741,-12.1961,20.109
5826,-8.58194,-12.7121,20.6098
5827,-8.99911,-13.2068,21.1921
5828,-9.4222,-13.6692,21.8565
5829,-9.84697,-14.0868,22.6015
5830,-10.2683,-14.4461,23.4236
5831,-10.6804,-14.733,24.3163
5832,-11.0765,-14.9337,25.2701
5833,-11.4493,-15.0349,26.272
5834,-11.791,-15.0252,27.3058
5835,-12.0935,-14.8957,28.352
5836,-12.3488,-14.6411,29.3888
5837,-12.5495,-14.2604,30.3925
5838,-12.689,-13.7576,31.3391
5839,-12.7617,-13.1417,32.205
5840,-12.764,-12.4269,32.9691
5841,-12.694,-11.6314,33.6138
5842,-12.5519,-10.7766,34.1258
5843,-12.3401,-9.886,34.4973
5844,-12.0629,-8.9832,34.7259
5845,-11.7265,-8.09091,34.8143
5846,-11.3385,-7.22954,34.7698
5847,-10.9077,-6.41625,34.6035
5848,-10.4434,-5.66445,34.3289
5849,-9.9551,-4.98356,33.9609
5850,-9.45214,-4.37922,33.515
5851,-8.94334,-3.85362,33.0061
5852,-8.43673,-3.40607,32.4484
5853,-7.9394,-3.03361,31.8542
5854,-7.45741,-2.73165,31.2345
5855,-6.99573,-2.49455,30.5986
5856,-6.55832,-2.31606,29.9539
5857,-6.14812,-2.18982,29.3066
5858,-5.76721,-2.10957,28.6616
5859,-5.4169,-2.06944,28.0224
5860,-5.09783,-2.06406,27.392
5861,-4.8101,-2.08865,26.7726
5862,-4.55337,-2.13909,26.1656
5863,-4.32698,-2.21187,25.5722
5864,-4.13002,-2.30409,24.9934
5865,-3.96142,-2.41346,24.4297
5866,-3.82003,-2.53818,23.8818
5867,-3.70465,-2.67696,23.3501
5868,-3.6141,-2.82894,22.835
5869,-3.54725,-2.99362,22.3369
5870,-3.50304,-3.17084,21.8562
5871,-3.48051,-3.36073,21.3935
5872,-3.47882,-3.56366,20.9494
5873,-3.49726,-3.78024,20.5244
5874,-3.53525,-4.01123,20.1194
5875,-3.59233,-4.25754,19.7353
5876,-3.66821,-4.52023,19.3731
5877,-3.7627,-4.80043,19.0341
5878,-3.87576,-5.09935,18.7198
5879,-4.00746,-5.41822,18.4316
5880,-4.15799,-5.75829,18.1717
5881,-4.32763,-6.12077,17.9421
5882,-4.51675,-6.50677,17.7454
5883,-4.72579,-6.91728,17.5845
5884,-4.95521,-7.35307,17.4625
5885,-5.20552,-7.81463,17.3832
5886,-5.47719,-8.30206,17.3504
5887,-5.77062,-8.81495,17.3688
5888,-6.08613,-9.35226,17.4431
5889,-6.42386,-9.91215,17.5787
5890,-6.78371,-10.4918,17.781
5891,-7.16528,-11.0872,18.0558
5892,-7.56775,-11.6931,18.4088
5893,-7.98981,-12.3025,18.8455
5894,-8.42953,-12.9067,19.3711
5895,-8.88423,-13.4952,19.9895
5896,-9.35041,-14.0557,20.7035
5897,-9.82362,-14.5736,21.5137
5898,-10.2984,-15.033,22.4183
5899,-10.7682,-15.4167,23.4121
5900,-11.2254,-15.7068,24.4861
5901,-11.6615,-15.8857,25.6273
5902,-12.067,-15.9374,26.8177
5903,-12.4322,-15.8484,28.0352
5904,-12.7469,-15.6094,29.2538
5905,-13.0015,-15.2163,30.4444
5906,-13.1871,-14.6713,31.5765
5907,-13.2962,-13.9838,32.6199
5908,-13.3231,-13.1695,33.5467
5909,-13.2648,-12.2507,34.3329
5910,-13.1206,-11.254,34.9607
5911,-12.8927,-10.2092,35.419
5912,-12.5859,-9.14689,35.7042
5913,-12.2076,-8.09637,35.8195
5914,-11.767,-7.08393,35.7747
5915,-11.2748,-6.13149,35.5841
5916,-10.7423,-5.2558,35.2658
5917,-10.1814,-4.46825,34.8392
5918,-9.60339,-3.77508,34.3241
5919,-9.01911,-3.17799,33.7397
5920,-8.43819,-2.67498,33.1034
5921,-7.86905,-2.26124,32.4304
5922,-7.31875,-1.93001,31.7335
5923,-6.79297,-1.67338,31.0236
5924,-6.29608,-1.48293,30.3088
5925,-5.8312,-1.35023,29.5957
5926,-5.4004,-1.26723,28.8892
5927,-5.0048,-1.22649,28.1928
5928,-4.64474,-1.22131,27.509
5929,-4.31993,-1.24586,26.8396
5930,-4.0296,-1.29513,26.1855
5931,-3.77261,-1.36493,25.5475
5932,-3.54757,-1.45186,24.926
5933,-3.35293,-1.5532,24.3212
5934,-3.18708,-1.6669,23.7331
5935,-3.04835,-1.79143,23.1617
5936,-2.93517,-1.92578,22.607
5937,-2.84599,-2.06937,22.069
5938,-2.77939,-2.22197,21.5478
5939,-2.73409,-2.38367,21.0434
5940,-2.70895,-2.55486,20.5559
5941,-2.70297,-2.73613,20.0856
5942,-2.71534,-2.92829,19.6327
5943,-2.74537,-3.13232,19.1977
5944,-2.79259,-3.34936,18.781
5945,-2.85664,-3.58067,18.3833
5946,-2.93736,-3.82765,18.0054
5947,-3.03472,-4.09179,17.6482
5948,-3.14884,-4.37465,17.3129
5949,-3.27999,-4.67789,17.0009
5950,-3.42857,-5.00321,16.7137
5951,-3.59511,-5.35232,16.4532
5952,-3.78025,-5.72697,16.2218
5953,-3.98472,-6.12882,16.022
5954,-4.20936,-6.55948,15.8568
5955,-4.45505,-7.02038,15.7298
5956,-4.72274,-7.51271,15.6448
5957,-5.01336,-8.03734,15.6066
5958,-5.32783,-8.59465,15.6202
5959,-5.66698,-9.1844,15.6914
5960,-6.03151,-9.80551,15.8265
5961,-6.4219,-10.4559,16.0325
5962,-6.8383,-11.1321,16.3169
5963,-7.28049,-11.8291,16.6874
5964,-7.74766,-12.5401,17.152
5965,-8.23835,-13.2558,17.7183
5966,-8.75022,-13.9647,18.3933
5967,-9.27995,-14.6525,19.1828
5968,-9.82301,-15.302,20.0905
5969,-10.3736,-15.8933,21.1172
5970,-10.9243,-16.4043,22.2599
5971,-11.4664,-16.8112,23.5106
5972,-11.9896,-17.0896,24.8557
5973,-12.4823,-17.2159,26.2751
5974,-12.932,-17.1697,27.7423
5975,-13.3254,-16.935,29.2244
5976,-13.6496,-16.5031,30.6837
5977,-13.8923,-15.8739,32.0792
5978,-14.0427,-15.0572,33.3697
5979,-14.0929,-14.0729,34.5162
5980,-14.0376,-12.9502,35.4855
5981,-13.8756,-11.7254,36.2527
5982,-13.6091,-10.4395,36.8028
5983,-13.2443,-9.13461,37.1317
5984,-12.7908,-7.85072,37.2457
5985,-12.2607,-6.62313,37.1599
5986,-11.6682,-5.48035,36.8961
5987,-11.0283,-4.44307,36.4801
5988,-10.3562,-3.52405,35.9397
5989,-9.66657,-2.7288,35.3021
5990,-8.97288,-2.05664,34.5925
5991,-8.28699,-1.50214,33.8331
5992,-7.61894,-1.05647,33.0426
5993,-6.97689,-0.708761,32.2362
5994,-6.36711,-0.447151,31.4257
5995,-5.79414,-0.259632,30.6196
5996,-5.26096,-0.134668,29.8244
5997,-4.76922,-0.0615921,29.0443
5998,-4.31945,-0.0308356,28.2819
5999,-3.91125,-0.0340339,27.5389
6000,-3.54355,-0.064036,26.816
6001,-3.21474,-0.114854,26.1133
6002,-2.92287,-0.181577,25.4306
6003,-2.66572,-0.26026,24.7674
6004,-2.44099,-0.347815,24.1233
6005,-2.2463,-0.441892,23.4976
6006,-2.07934,-0.540774,22.8898
6007,-1.93786,-0.643281,22.2991
6008,-1.81974,-0.74868,21.7252
6009,-1.72302,-0.856612,21.1676
6010,-1.64589,-0.967025,20.6257
6011,-1.58674,-1.08012,20.0992
6012,-1.54412,-1.19632,19.5879
6013,-1.51679,-1.3162,19.0914
6014,-1.50368,-1.44051,18.6096
6015,-1.50389,-1.5701,18.1422
6016,-1.51671,-1.70595,17.6892
6017,-1.54158,-1.84913,17.2505
6018,-1.57811,-2.0008,16.8262
6019,-1.62606,-2.16222,16.4163
6020,-1.68534,-2.33473,16.021
6021,-1.75598,-2.51979,15.6406
6022,-1.83818,-2.71892,15.2755
6023,-1.93226,-2.93378,14.9261
6024,-2.03866,-3.16609,14.5931
6025,-2.15796,-3.41774,14.2772
6026,-2.29087,-3.69068,13.9795
6027,-2.43822,-3.98702,13.7012
6028,-2.60097,-4.30897,13.4437
6029,-2.7802,-4.65884,13.209
6030,-2.97712,-5.03905,12.9991
6031,-3.19305,-5.45209,12.8167
6032,-3.42943,-5.90048,12.6648
6033,-3.68779,-6.38673,12.5473
6034,-3.96977,-6.91326,12.4683
6035,-4.27706,-7.48231,12.433
6036,-4.6114,-8.0958,12.4474
6037,-4.97451,-8.75515,12.5183
6038,-5.36806,-9.46107,12.6536
6039,-5.79359,-10.2132,12.8623
6040,-6.25237,-11.01,13.1546
6041,-6.74535,-11.8479,13.5414
6042,-7.27292,-12.7213,14.0349
6043,-7.83478,-13.6215,14.6476
6044,-8.42966,-14.5365,15.3923
6045,-9.05508,-15.4502,16.2813
6046,-9.70707,-16.3421,17.3252
6047,-10.3798,-17.1864,18.5319
6048,-11.0654,-17.9529,19.9049
6049,-11.7535,-18.6066,21.4413
6050,-12.4313,-19.1095,23.13
6051,-13.0836,-19.4222,24.9499
6052,-13.6929,-19.5073,26.8688
6053,-14.2399,-19.3325,28.8426
6054,-14.7047,-18.8751,30.8166
6055,-15.0676,-18.1262,32.7282
6056,-15.3109,-17.0933,34.5112
6057,-15.4199,-15.8021,36.1014
6058,-15.3849,-14.2959,37.4424
6059,-15.2018,-12.6318,38.4918
6060,-14.8728,-10.8763,39.225
6061,-14.4063,-9.09807,39.6365
6062,-13.8166,-7.36192,39.7397
6063,-13.1222,-5.72328,39.5631
6064,-12.3443,-4.2246,39.1461
6065,-11.5059,-2.8939,38.5337
6066,-10.6293,-1.74523,37.7719
6067,-9.73577,-0.780488,36.9038
6068,-8.84408,0.00791083,35.9673
6069,-7.97019,0.634177,34.9935
6070,-7.12698,1.1165,34.0069
6071,-6.32427,1.47483,33.0257
6072,-5.56903,1.72925,32.0624
6073,-4.86571,1.89881,31.1251
6074,-4.21657,2.00085,30.2187
6075,-3.62214,2.05064,29.3451
6076,-3.08152,2.0613,28.505
6077,-2.59278,2.04388,27.6975
6078,-2.15318,2.00747,26.9212
6079,-1.7595,1.95947,26.1746
6080,-1.40817,1.90579,25.4557
6081,-1.09546,1.85106,24.7627
6082,-0.817615,1.79889,24.0939
6083,-0.570942,1.752,23.4478
6084,-0.351863,1.71245,22.8229
6085,-0.156979,1.68174,22.2181
6086,0.0169108,1.66097,21.6324
6087,0.172788,1.65089,21.0647
6088,0.313414,1.65207,20.5144
6089,0.44133,1.66489,19.9808
6090,0.558868,1.68964,19.4633
6091,0.668165,1.72659,18.9615
6092,0.771176,1.77598,18.4749
6093,0.869698,1.83808,18.0034
6094,0.965381,1.91322,17.5467
6095,1.05976,2.00179,17.1045
6096,1.15425,2.1043,16.6768
6097,1.2502,2.22132,16.2637
6098,1.34889,2.35358,15.865
6099,1.45154,2.50193,15.4811
6100,1.55936,2.66733,15.1121
6101,1.67353,2.85092,14.7584
6102,1.79524,3.05397,14.4206
6103,1.92568,3.27791,14.0992
6104,2.0661,3.52434,13.7952
6105,2.21776,3.795,13.5095
6106,2.382,4.09183,13.2435
6107,2.5602,4.41688,12.9987
6108,2.75383,4.77238,12.7771
6109,2.96444,5.16066,12.581
6110,3.19363,5.58417,12.4131
6111,3.44312,6.04539,12.2768
6112,3.71469,6.54682,12.1761
6113,4.01017,7.09085,12.1155
6114,4.33146,7.67968,12.1006
6115,4.68045,8.31515,12.1377
6116,5.05901,8.99854,12.2342
6117,5.46893,9.73036,12.3987
6118,5.91179,10.5099,12.6407
6119,6.38894,11.3352,12.971
6120,6.90125,12.2019,13.4014
6121,7.44904,13.1034,13.9448
6122,8.03179,14.0299,14.6143
6123,8.64793,14.9678,15.4234
6124,9.29453,15.899,16.3845
6125,9.96698,16.8005,17.5081
6126,10.6587,17.6441,18.8013
6127,11.3607,18.3966,20.2662
6128,12.0616,19.0203,21.8972
6129,12.7473,19.4746,23.68
6130,13.4011,19.7188,25.5887
6131,14.0042,19.7148,27.5856
6132,14.5363,19.4319,29.6207
6133,14.9764,18.8509,31.6336
6134,15.3048,17.9683,33.5568
6135,15.5039,16.7989,35.3211
6136,15.5601,15.3767,36.8617
6137,15.4655,13.7533,38.1249
6138,15.2182,11.993,39.0731
6139,14.8232,10.1674,39.6888
6140,14.2918,8.34738,39.9749
6141,13.6407,6.59735,39.9526
6142,12.8905,4.96979,39.6576
6143,12.0644,3.50254,39.1346
6144,11.186,2.21814,38.4318
6145,10.2782,1.12509,37.5964
6146,9.36197,0.220299,36.6712
6147,8.45546,-0.507927,35.6928
6148,7.57378,-1.07688,34.6902
6149,6.72874,-1.50682,33.6858
6150,5.92908,-1.81895,32.6952
6151,5.18066,-2.03388,31.7291
6152,4.48694,-2.1707,30.7938
6153,3.8493,-2.24649,29.8926
6154,3.26746,-2.27603,29.0266
6155,2.73991,-2.27188,28.1955
6156,2.26415,-2.24445,27.3979
6157,1.83706,-2.20226,26.632
6158,1.45505,-2.15217,25.8959
6159,1.11432,-2.09958,25.1876
6160,0.810964,-2.04873,24.5052
6161,0.541097,-2.00286,23.8469
6162,0.300934,-1.96444,23.2112
6163,0.086846,-1.93528,22.5967
6164,-0.104598,-1.91673,22.0023
6165,-0.276612,-1.90976,21.4269
6166,-0.432185,-1.91509,20.8698
6167,-0.574076,-1.93324,20.3302
6168,-0.704829,-1.96461,19.8076
6169,-0.826778,-2.00955,19.3014
6170,-0.942066,-2.06837,18.8113
6171,-1.05267,-2.14143,18.337
6172,-1.1604,-2.22912,17.8783
6173,-1.26695,-2.33192,17.4352
6174,-1.3739,-2.45039,17.0076
6175,-1.48273,-2.58521,16.5955
6176,-1.59486,-2.73717,16.1992
6177,-1.71164,-2.90721,15.819
6178,-1.83441,-3.0964,15.4552
6179,-1.96448,-3.30596,15.1085
6180,-2.10315,-3.53727,14.7796
6181,-2.25174,-3.79184,14.4694
6182,-2.41162,-4.07136,14.1791
6183,-2.58416,-4.37766,13.9101
6184,-2.77081,-4.7127,13.6641
6185,-2.97305,-5.07856,13.4433
6186,-3.19244,-5.47743,13.25
6187,-3.4306,-5.91153,13.0874
6188,-3.68919,-6.38312,12.9589
6189,-3.96996,-6.89436,12.8687
6190,-4.27467,-7.44728,12.8217
6191,-4.60507,-8.04357,12.8236
6192,-4.96294,-8.68449,12.881
6193,-5.34992,-9.37063,13.0013
6194,-5.76755,-10.1016,13.1932
6195,-6.21711,-10.8758,13.4663
6196,-6.69952,-11.6898,13.831
6197,-7.21521,-12.5382,14.2989
6198,-7.76391,-13.413,14.8818
6199,-8.34445,-14.3026,15.5919
6200,-8.95454,-15.1919,16.4409
6201,-9.59042,-16.0616,17.4389
6202,-10.2467,-16.8876,18.5935
6203,-10.9158,-17.6413,19.9084
6204,-11.5881,-18.2898,21.3812
6205,-12.2517,-18.7971,23.0022
6206,-12.892,-19.126,24.7523
6207,-13.4927,-19.2405,26.6019
6208,-14.0353,-19.1092,28.5103
6209,-14.501,-18.7093,30.4269
6210,-14.8708,-18.03,32.2931
6211,-15.1274,-17.0762,34.0459
6212,-15.2564,-15.8694,35.6238
6213,-15.2475,-14.4479,36.9715
6214,-15.0958,-12.864,38.0459
6215,-14.8025,-11.1792,38.8201
6216,-14.3745,-9.45884,39.2852
6217,-13.8243,-7.76559,39.4499
6218,-13.169,-6.15435,39.3385
6219,-12.4285,-4.66847,38.986
6220,-11.6243,-3.33793,38.4341
6221,-10.7783,-2.17935,37.7266
6222,-9.91114,-1.19741,36.9052
6223,-9.0414,-0.387215,36.0072
6224,-8.18518,0.263121,35.0643
6225,-7.35564,0.769905,34.1014
6226,-6.56301,1.15168,33.1376
6227,-5.81475,1.42756,32.1866
6228,-5.11581,1.61596,31.2574
6229,-4.469,1.7339,30.3556
6230,-3.8753,1.79654,29.4841
6231,-3.33427,1.81704,28.6439
6232,-2.84436,1.80654,27.835
6233,-2.40319,1.77432,27.0562
6234,-2.00781,1.72796,26.3062
6235,-1.65489,1.67355,25.5833
6236,-1.34093,1.61591,24.8858
6237,-1.06233,1.5588,24.2122
6238,-0.815528,1.50509,23.5609
6239,-0.597074,1.45691,22.9306
6240,-0.40366,1.41586,22.3202
6241,-0.232166,1.38305,21.7285
6242,-0.0796816,1.35929,21.1546
6243,0.0564905,1.3451,20.5978
6244,0.178832,1.34085,20.0574
6245,0.289617,1.34676,19.5327
6246,0.39092,1.36301,19.0233
6247,0.484635,1.38973,18.5286
6248,0.572488,1.42707,18.0484
6249,0.656053,1.4752,17.5823
6250,0.736778,1.53434,17.13
6251,0.815993,1.6048,16.6912
6252,0.894937,1.68695,16.2659
6253,0.97477,1.78126,15.8539
6254,1.05659,1.88833,15.4551
6255,1.14146,2.00885,15.0695
6256,1.23041,2.14364,14.6973
6257,1.32445,2.29367,14.3385
6258,1.42459,2.46004,13.9934
6259,1.53188,2.64399,13.6624
6260,1.64737,2.84692,13.3459
6261,1.77217,3.07041,13.0447
6262,1.90742,3.31619,12.7593
6263,2.05434,3.58616,12.491
6264,2.21423,3.8824,12.241
6265,2.38845,4.20717,12.0107
6266,2.57847,4.56289,11.8021
6267,2.78587,4.95212,11.6174
6268,3.0123,5.37756,11.4594
6269,3.25953,5.84201,11.3314
6270,3.52943,6.3483,11.2373
6271,3.82397,6.89921,11.1819
6272,4.14517,7.49739,11.1706
6273,4.49511,8.14519,11.21
6274,4.87587,8.84446,11.3077
6275,5.28948,9.5963,11.4726
6276,5.73783,10.4008,11.7147
6277,6.22256,11.2564,12.0454
6278,6.74493,12.1597,12.4776
6279,7.30562,13.1046,13.0251
6280,7.90453,14.0819,13.7027
6281,8.54049,15.078,14.5255
6282,9.21092,16.0749,15.5081
6283,9.91153,17.0489,16.6636
6284,10.6359,17.9703,18.0015
6285,11.375,18.8035,19.5265
6286,12.1172,19.5075,21.2354
6287,12.8476,20.0373,23.1152
6288,13.5487,20.3466,25.1405
6289,14.2,20.3914,27.2723
6290,14.7793,20.1348,29.4571
6291,15.2634,19.5524,31.6289
6292,15.6299,18.6369,33.7129
6293,15.8587,17.4022,35.6309
6294,15.9342,15.8843,37.309
6295,15.8466,14.1398,38.6852
6296,15.5932,12.241,39.7163
6297,15.1791,10.2685,40.3817
6298,14.6163,8.30284,40.6848
6299,13.9234,6.41662,40.6504
6300,13.1232,4.66869,40.3195
6301,12.2413,3.10074,39.7435
6302,11.3038,1.73672,38.9773
6303,10.3359,0.584517,38.0744
6304,9.36064,-0.361067,37.0822
6305,8.3976,-1.11465,36.0409
6306,7.46296,-1.69677,34.9819
6307,6.56922,-2.13087,33.9285
6308,5.7254,-2.441,32.8968
6309,4.93744,-2.65017,31.8971
6310,4.20857,-2.77944,30.9352
6311,3.53987,-2.84739,30.0136
6312,2.93065,-2.86993,29.1327
6313,2.3789,-2.86042,28.2911
6314,1.88166,-2.82987,27.487
6315,1.4353,-2.78717,26.7178
6316,1.03577,-2.73942,25.9812
6317,0.678826,-2.69219,25.2746
6318,0.360133,-2.64983,24.5959
6319,0.075428,-2.61564,23.9431
6320,-0.179429,-2.59212,23.3145
6321,-0.40839,-2.58114,22.7086
6322,-0.615183,-2.58411,22.1241
6323,-0.803297,-2.60206,21.5601
6324,-0.975974,-2.63576,21.0158
6325,-1.13621,-2.68586,20.4905
6326,-1.28679,-2.75286,19.9839
6327,-1.43024,-2.83726,19.4955
6328,-1.56894,-2.93956,19.0252
6329,-1.70507,-3.06028,18.5731
6330,-1.84064,-3.20004,18.1391
6331,-1.97756,-3.35954,17.7236
6332,-2.11761,-3.53959,17.3269
6333,-2.26251,-3.74111,16.9496
6334,-2.41387,-3.96517,16.5925
6335,-2.57329,-4.21295,16.2564
6336,-2.74232,-4.48576,15.9427
6337,-2.92249,-4.78503,15.6527
6338,-3.11533,-5.11228,15.3882
6339,-3.32239,-5.46913,15.1513
6340,-3.5452,-5.85722,14.9445
6341,-3.78531,-6.27822,14.7706
6342,-4.0443,-6.73372,14.6332
6343,-4.32371,-7.22518,14.5363
6344,-4.6251,-7.75384,14.4844
6345,-4.94995,-8.32054,14.4829
6346,-5.29967,-8.92561,14.5378
6347,-5.67553,-9.56864,14.656
6348,-6.0786,-10.2483,14.845
6349,-6.50966,-10.9618,15.1131
6350,-6.96908,-11.7051,15.4692
6351,-7.45671,-12.4719,15.9227
6352,-7.9717,-13.2535,16.4831
6353,-8.51234,-14.0387,17.1596
6354,-9.07584,-14.8129,17.9605
6355,-9.65816,-15.5582,18.8923
6356,-10.2537,-16.2533,19.9589
6357,-10.8554,-16.8734,21.1602
6358,-11.454,-17.3913,22.491
6359,-12.0389,-17.7778,23.9396
6360,-12.5974,-18.0039,25.487
6361,-13.1153,-18.0425,27.1059
6362,-13.5776,-17.8712,28.7609
6363,-13.9689,-17.4749,30.4097
6364,-14.274,-16.8486,32.0047
6365,-14.4796,-15.999,33.4962
6366,-14.5748,-14.9456,34.8361
6367,-14.552,-13.7198,35.982
6368,-14.408,-12.3634,36.9009
6369,-14.1443,-10.9245,37.5718
6370,-13.7668,-9.45412,37.9872
6371,-13.2858,-8.00129,38.1528
6372,-12.715,-6.60963,38.0859
6373,-12.0704,-5.31449,37.8122
6374,-11.3697,-4.14145,37.3632
6375,-10.6307,-3.10612,36.7725
6376,-9.87035,-2.21493,36.0731
6377,-9.10453,-1.46661,35.2954
6378,-8.34702,-0.854,34.4658
6379,-7.60942,-0.365891,33.6063
6380,-6.90104,0.011312,32.7342
6381,-6.22895,0.292226,31.8626
6382,-5.59815,0.491452,31.0011
6383,-5.0118,0.622849,30.1559
6384,-4.47152,0.699093,29.3313
6385,-3.9776,0.731428,28.5296
6386,-3.52933,0.729589,27.7518
6387,-3.1252,0.701823,26.998
6388,-2.76315,0.654985,26.2678
6389,-2.4407,0.594664,25.5605
6390,-2.15515,0.525331,24.8752
6391,-1.90366,0.450492,24.2109
6392,-1.68337,0.372828,23.5665
6393,-1.4915,0.294333,22.9411
6394,-1.32533,0.216426,22.3339
6395,-1.18232,0.140066,21.744
6396,-1.06009,0.0658324,21.1707
6397,-0.956439,-0.00599307,20.6133
6398,-0.869367,-0.0753641,20.0712
6399,-0.797069,-0.142417,19.544
6400,-0.737931,-0.207428,19.031
6401,-0.690523,-0.27078,18.5319
6402,-0.653594,-0.332936,18.0462
6403,-0.626057,-0.394418,17.5737
6404,-0.606981,-0.455792,17.1138
6405,-0.59558,-0.517662,16.6663
6406,-0.591201,-0.580655,16.231
6407,-0.593314,-0.645427,15.8075
6408,-0.601504,-0.712656,15.3955
6409,-0.615458,-0.783046,14.9949
6410,-0.634966,-0.857326,14.6054
6411,-0.659905,-0.936262,14.2267
6412,-0.69024,-1.02066,13.8589
6413,-0.726017,-1.11135,13.5017
6414,-0.767362,-1.20926,13.1549
6415,-0.814476,-1.31533,12.8186
6416,-0.867638,-1.43061,12.4927
6417,-0.927201,-1.5562,12.1772
6418,-0.993595,-1.69332,11.8721
6419,-1.06733,-1.84328,11.5777
6420,-1.149,-2.00752,11.2941
6421,-1.23927,-2.18758,11.0216
6422,-1.33893,-2.38517,10.7606
6423,-1.44883,-2.60217,10.5118
6424,-1.56994,-2.84059,10.2757
6425,-1.70334,-3.10265,10.0533
6426,-1.85022,-3.39076,9.84561
6427,-2.01191,-3.70753,9.65414
6428,-2.18985,-4.05578,9.48054
6429,-2.38565,-4.43855,9.32691
6430,-2.60104,-4.85907,9.19582
6431,-2.83791,-5.32074,9.09038
6432,-3.09831,-5.82714,9.01438
6433,-3.38443,-6.38189,8.97237
6434,-3.6986,-6.98866,8.96983
6435,-4.04327,-7.65095,9.01332
6436,-4.42099,-8.37201,9.11064
6437,-4.83434,-9.15448,9.271
6438,-5.28586,-10.0002,9.50518
6439,-5.77797,-10.9096,9.82572
6440,-6.31284,-11.8814,10.2469
6441,-6.89215,-12.9116,10.785
6442,-7.51692,-13.993,11.4577
6443,-8.18718,-15.114,12.2841
6444,-8.90157,-16.2574,13.2839
6445,-9.65695,-17.3997,14.4761
6446,-10.4479,-18.5097,15.8774
6447,-11.266,-19.5481,17.5
6448,-12.0998,-20.4675,19.3486
6449,-12.9338,-21.2132,21.4169
6450,-13.7485,-21.7259,23.684
6451,-14.5209,-21.9459,26.1117
6452,-15.2243,-21.8189,28.6423
6453,-15.83,-21.303,31.1992
6454,-16.3093,-20.3769,33.6902
6455,-16.6351,-19.0462,36.015
6456,-16.7851,-17.3466,38.0744
6457,-16.7437,-15.3437,39.782
6458,-16.5045,-13.1273,41.0745
6459,-16.0711,-10.8013,41.9191
6460,-15.4565,-8.47198,42.316
6461,-14.6826,-6.23602,42.2958
6462,-13.7774,-4.17156,41.9125
6463,-12.7724,-2.33305,41.2341
6464,-11.7003,-0.75034,40.3335
6465,-10.5924,0.568699,39.2806
6466,-9.47682,1.63361,38.1367
6467,-8.37753,2.46598,36.9517
6468,-7.31374,3.09439,35.7635
6469,-6.29998,3.55031,34.5989
6470,-5.34637,3.86502,33.4753
6471,-4.45921,4.06771,32.4025
6472,-3.64153,4.18438,31.3851
6473,-2.89381,4.23742,30.4237
6474,-2.2145,4.24558,29.5164
6475,-1.60059,4.22428,28.6602
6476,-1.04804,4.18591,27.8513
6477,-0.552147,4.14034,27.0858
6478,-0.107809,4.09526,26.3598
6479,0.290225,4.05663,25.67
6480,0.647205,4.02896,25.0134
6481,0.968253,4.01568,24.3873
6482,1.25829,4.01933,23.7899
6483,1.52197,4.04178,23.2192
6484,1.76366,4.08441,22.6742
6485,1.98742,4.14825,22.1537
6486,2.19702,4.23406,21.6574
6487,2.39593,4.34245,21.1847
6488,2.58735,4.47395,20.7356
6489,2.77419,4.62904,20.3104
6490,2.95918,4.80818,19.9094
6491,3.14479,5.01187,19.5334
6492,3.33333,5.24064,19.1832
6493,3.52694,5.49504,18.8601
6494,3.72759,5.77566,18.5655
6495,3.93715,6.08308,18.3012
6496,4.15733,6.41789,18.0692
6497,4.38978,6.7806,17.872
6498,4.63598,7.17158,17.7123
6499,4.89734,7.59107,17.5934
6500,5.17513,8.03898,17.5188
6501,5.47046,8.5149,17.4925
6502,5.7843,9.0179,17.519
6503,6.11739,9.54641,17.6031
6504,6.47022,10.0981,17.7499
6505,6.84296,10.6696,17.965
6506,7.23539,11.2563,18.2539
6507,7.64683,11.8526,18.6222
6508,8.07601,12.4507,19.0751
6509,8.52101,13.0417,19.6173
6510,8.97912,13.6145,20.2524
6511,9.44674,14.1562,20.9825
6512,9.91931,14.6521,21.8075
6513,10.3912,15.086,22.7247
6514,10.8559,15.4408,23.7281
6515,11.3055,15.6989,24.8077
6516,11.7315,15.8432,25.9492
6517,12.1246,15.8585,27.1341
6518,12.475,15.7326,28.3394
6519,12.7729,15.4574,29.5386
6520,13.0089,15.0306,30.7027
6521,13.1746,14.456,31.8017
6522,13.2632,13.7444,32.8062
6523,13.2696,12.913,33.6897
6524,13.1914,11.9846,34.43
6525,13.0288,10.9865,35.0111
6526,12.7844,9.94802,35.4237
6527,12.4637,8.89916,35.6659
6528,12.0744,7.86809,35.7425
6529,11.6258,6.87971,35.664
6530,11.1289,5.95446,35.4457
6531,10.5948,5.10761,35.1053
6532,10.0352,4.34923,34.6622
6533,9.46123,3.68445,34.1359
6534,8.88316,3.11414,33.5447
6535,8.31032,2.63573,32.9053
6536,7.7507,2.24408,32.2323
6537,7.21099,1.93228,31.5378
6538,6.69652,1.69248,30.8319
6539,6.21133,1.51639,30.1224
6540,5.7583,1.39581,29.4155
6541,5.33928,1.32295,28.7156
6542,4.95522,1.29066,28.0262
6543,4.60634,1.29254,27.3495
6544,4.29226,1.32302,26.6871
6545,4.01215,1.37734,26.04
6546,3.76486,1.45156,25.4089
6547,3.549,1.54246,24.7942
6548,3.36303,1.64752,24.1961
6549,3.20536,1.76482,23.6146
6550,3.07439,1.89298,23.0498
6551,2.96857,2.03111,22.5017
6552,2.88643,2.1787,21.9703
6553,2.8266,2.33562,21.4558
6554,2.78785,2.50205,20.9581
6555,2.7691,2.6784,20.4776
6556,2.76942,2.86534,20.0144
6557,2.78805,3.06372,19.569
6558,2.82438,3.27455,19.1417
6559,2.87797,3.49902,18.7333
6560,2.94853,3.73841,18.3443
6561,3.03593,3.99414,17.9757
6562,3.1402,4.26771,17.6285
6563,3.26151,4.5607,17.304
6564,3.40016,4.87475,17.0036
6565,3.55659,5.21155,16.7293
6566,3.73136,5.57279,16.4829
6567,3.92512,5.96014,16.2669
6568,4.13863,6.37518,16.0842
6569,4.37272,6.8194,15.9379
6570,4.62826,7.29405,15.8319
6571,4.90618,7.80013,15.7703
6572,5.20734,8.33818,15.7579
6573,5.53261,8.90824,15.8001
6574,5.88269,9.50958,15.903
6575,6.25813,10.1406,16.0731
6576,6.65922,10.7984,16.3174
6577,7.08587,11.4789,16.6436
6578,7.53754,12.1759,17.0591
6579,8.01305,12.8817,17.5718
6580,8.51048,13.5857,18.1886
6581,9.02697,14.2752,18.9159
6582,9.55861,14.9346,19.7582
6583,10.1002,15.5456,20.7174
6584,10.6453,16.0875,21.7925
6585,11.1858,16.5377,22.9776
6586,11.7123,16.8724,24.2621
6587,12.214,17.0682,25.6293
6588,12.679,17.1034,27.0559
6589,13.0946,16.9604,28.5126
6590,13.4479,16.6272,29.9646
6591,13.7264,16.0995,31.3731
6592,13.919,15.3825,32.6976
6593,14.0164,14.4908,33.8987
6594,14.0122,13.4487,34.941
6595,13.9033,12.2885,35.7959
6596,13.6901,11.0485,36.444
6597,13.377,9.76934,36.876
6598,12.9717,8.4915,37.0931
6599,12.485,7.25199,37.1057
6600,11.9297,6.08211,36.932
6601,11.3204,5.006,36.5956
6602,10.6718,4.04008,36.1226
6603,9.99883,3.19335,35.5402
6604,9.31517,2.46817,34.874
6605,8.63333,1.86159,34.1474
6606,7.96412,1.36665,33.3804
6607,7.31651,0.973728,32.5897
6608,6.69763,0.671703,31.7886
6609,6.11283,0.448889,30.9872
6610,5.56584,0.293757,30.1929
6611,5.05897,0.19542,29.411
6612,4.59332,0.14395,28.645
6613,4.16898,0.130544,27.8971
6614,3.78529,0.147577,27.1683
6615,3.44093,0.188589,26.4593
6616,3.13418,0.248217,25.7701
6617,2.86302,0.322106,25.1004
6618,2.62525,0.406794,24.4497
6619,2.41857,0.499606,23.8176
6620,2.2407,0.598549,23.2034
6621,2.08941,0.702204,22.6067
6622,1.96257,0.809644,22.0269
6623,1.85818,0.920351,21.4636
6624,1.77442,1.03415,20.9163
6625,1.70961,1.15113,20.3846
6626,1.66226,1.27166,19.8683
6627,1.63108,1.39625,19.3672
6628,1.61495,1.52561,18.8809
6629,1.61293,1.66057,18.4094
6630,1.62425,1.80211,17.9526
6631,1.64833,1.9513,17.5105
6632,1.68473,2.1093,17.0831
6633,1.73318,2.27739,16.6705
6634,1.79356,2.45694,16.273
6635,1.86589,2.64942,15.8909
6636,1.95034,2.85638,15.5245
6637,2.04722,3.07949,15.1745
6638,2.15697,3.32053,14.8416
6639,2.28015,3.58137,14.5266
6640,2.41747,3.86401,14.2306
6641,2.56975,4.17055,13.9549
6642,2.73796,4.5032,13.7012
6643,2.92318,4.86426,13.4715
6644,3.1266,5.25611,13.268
6645,3.34954,5.68117,13.0935
6646,3.59342,6.14189,12.9514
6647,3.85975,6.64063,12.8456
6648,4.15013,7.17963,12.7806
6649,4.4662,7.76089,12.7618
6650,4.80962,8.38599,12.7954
6651,5.18201,9.05595,12.8886
6652,5.58489,9.77091,13.0495
6653,6.01962,10.5299,13.2873
6654,6.48724,11.3305,13.6121
6655,6.98839,12.1682,14.0352
6656,7.5231,13.0362,14.5684
6657,8.0906,13.9246,15.2238
6658,8.6891,14.8199,16.0135
6659,9.31549,15.7046,16.9486
6660,9.96507,16.5567,18.038
6661,10.6313,17.3492,19.2875
6662,11.3054,18.0511,20.6974
6663,11.9763,18.6272,22.2617
6664,12.6307,19.0404,23.9653
6665,13.2527,19.2535,25.7832
6666,13.8247,19.2325,27.6795
6667,14.3278,18.95,29.6073
6668,14.7428,18.3895,31.5107
6669,15.0513,17.5489,33.3278
6670,15.2375,16.4424,34.9951
6671,15.289,15.1016,36.4538
6672,15.1985,13.5734,37.6545
6673,14.9644,11.9165,38.5627
6674,14.5914,10.1958,39.1617
6675,14.0897,8.47634,39.453
6676,13.4746,6.81721,39.4547
6677,12.765,5.26734,39.1981
6678,11.9823,3.86269,38.7231
6679,11.1484,2.62554,38.0733
6680,10.2847,1.56539,37.2919
6681,9.41077,0.681003,36.4188
6682,8.54403,-0.0369874,35.4882
6683,7.6989,-0.603456,34.528
6684,6.8869,-1.03639,33.5599
6685,6.11666,-1.35498,32.5998
6686,5.39416,-1.57817,31.6584
6687,4.72306,-1.72376,30.7428
6688,4.10507,-1.80782,29.8569
6689,3.54029,-1.84441,29.0023
6690,3.02757,-1.84558,28.1794
6691,2.56483,-1.82141,27.3873
6692,2.14931,-1.78021,26.6248
6693,1.7778,-1.72869,25.8902
6694,1.44683,-1.6722,25.1819
6695,1.15279,-1.61493,24.4983
6696,0.892092,-1.5601,23.8376
6697,0.661198,-1.51016,23.1986
6698,0.456718,-1.46692,22.58
6699,0.275432,-1.43168,21.9806
6700,0.114326,-1.40538,21.3995
6701,-0.0294061,-1.38866,20.8358
6702,-0.15835,-1.38194,20.2889
6703,-0.27488,-1.38552,19.7579
6704,-0.381168,-1.3996,19.2426
6705,-0.479195,-1.42434,18.7422
6706,-0.570771,-1.45989,18.2565
6707,-0.657545,-1.50643,17.7851
6708,-0.74103,-1.56418,17.3277
6709,-0.82262,-1.63343,16.8841
6710,-0.903606,-1.71453,16.454
6711,-0.985196,-1.80797,16.0375
6712,-1.06853,-1.91429,15.6343
6713,-1.15471,-2.03419,15.2446
6714,-1.24478,-2.16848,14.8683
6715,-1.33979,-2.31808,14.5056
6716,-1.44078,-2.48409,14.1569
6717,-1.5488,-2.66773,13.8223
6718,-1.66493,-2.87039,13.5025
6719,-1.79027,-3.09362,13.198
6720,-1.926,-3.33911,12.9097
6721,-2.07332,-3.60877,12.6385
6722,-2.23353,-3.90464,12.3857
6723,-2.40801,-4.22895,12.1529
6724,-2.59822,-4.58408,11.9419
6725,-2.80572,-4.97258,11.755
6726,-3.03216,-5.39711,11.595
6727,-3.27931,-5.86042,11.4651
6728,-3.54902,-6.36529,11.3693
6729,-3.84322,-6.91446,11.3123
6730,-4.16394,-7.51051,11.2995
6731,-4.51323,-8.15574,11.3374
6732,-4.89312,-8.85193,11.4337
6733,-5.30563,-9.60011,11.597
6734,-5.7526,-10.4003,11.8374
6735,-6.23564,-11.2508,12.1663
6736,-6.75597,-12.1484,12.5961
6737,-7.31422,-13.0867,13.1407
6738,-7.91026,-14.0566,13.8146
6739,-8.54288,-15.0446,14.6327
6740,-9.20948,-16.0327,15.6093
6741,-9.90576,-16.9974,16.757
6742,-10.6253,-17.9094,18.0854
6743,-11.3592,-18.7334,19.5987
6744,-12.0958,-19.4291,21.2935
6745,-12.8205,-19.9521,23.157
6746,-13.5158,-20.2568,25.1638
6747,-14.1616,-20.3,27.2753
6748,-14.7359,-20.0457,29.4389
6749,-15.2159,-19.4696,31.5896
6750,-15.5795,-18.5648,33.6535
6751,-15.807,-17.3449,35.5539
6752,-15.8828,-15.8452,37.2179
6753,-15.7974,-14.1214,38.5845
6754,-15.548,-12.2442,39.6109
6755,-15.1395,-10.293,40.2765
6756,-14.5838,-8.34684,40.5841
6757,-13.899,-6.47755,40.5576
6758,-13.1076,-4.7433,40.2371
6759,-12.2347,-3.1856,39.6729
6760,-11.3063,-1.82855,38.9188
6761,-10.3472,-0.680382,38.0275
6762,-9.38005,0.263543,37.046
6763,-8.42444,1.01728,36.0141
6764,-7.49646,1.60081,34.9629
6765,-6.60856,2.03711,33.9159
6766,-5.7698,2.3498,32.8892
6767,-4.98616,2.56161,31.8933
6768,-4.26096,2.69338,30.9341
6769,-3.59535,2.7635,30.0144
6770,-2.98875,2.7878,29.1345
6771,-2.43922,2.77959,28.2934
6772,-1.94389,2.74981,27.4892
6773,-1.49921,2.70738,26.7196
6774,-1.1012,2.65937,25.9822
6775,-0.745679,2.61139,25.2746
6776,-0.428371,2.56776,24.5946
6777,-0.145063,2.53182,23.9402
6778,0.108341,2.50607,23.3099
6779,0.335751,2.4924,22.702
6780,0.540861,2.4922,22.1155
6781,0.727129,2.50651,21.5492
6782,0.897766,2.53611,21.0024
6783,1.05575,2.58161,20.4744
6784,1.20382,2.64354,19.9648
6785,1.3445,2.72236,19.4732
6786,1.48013,2.81854,18.9994
6787,1.61287,2.93261,18.5433
6788,1.74472,3.06515,18.105
6789,1.87756,3.21683,17.6848
6790,2.01315,3.38844,17.2828
6791,2.15317,3.58089,16.8996
6792,2.29922,3.79521,16.5359
6793,2.45288,4.03257,16.1926
6794,2.61567,4.29426,15.8706
6795,2.7891,4.58171,15.5713
6796,2.97469,4.89646,15.2962
6797,3.17396,5.24013,15.0475
6798,3.38844,5.61445,14.8272
6799,3.61968,6.02113,14.6381
6800,3.86926,6.4619,14.4835
6801,4.13874,6.93839,14.3671
6802,4.42971,7.45204,14.2932
6803,4.74371,8.00402,14.2668
6804,5.08225,8.59504,14.2937
6805,5.44671,9.2252,14.3804
6806,5.83832,9.89376,14.5342
6807,6.25808,10.5988,14.7633
6808,6.70662,11.3371,15.0765
6809,7.18415,12.1035,15.4832
6810,7.69024,12.8907,15.9931
6811,8.22369,13.6886,16.616
6812,8.78231,14.4844,17.3612
6813,9.36275,15.2615,18.2366
6814,9.96022,16.0001,19.2478
6815,10.5683,16.6766,20.3974
6816,11.1788,17.2641,21.6832
6817,11.7817,17.7336,23.097
6818,12.3649,18.0547,24.6236
6819,12.9148,18.198,26.2394
6820,13.4164,18.1376,27.9125
6821,13.8537,17.8534,29.6029
6822,14.2111,17.3345,31.264
6823,14.4737,16.5812,32.8452
6824,14.6288,15.607,34.2954
6825,14.6668,14.4381,35.5676
6826,14.582,13.1128,36.6223
6827,14.3734,11.6781,37.4314
6828,14.045,10.1857,37.9805
6829,13.6051,8.68784,38.2691
6830,13.0663,7.23273,38.3096
6831,12.444,5.86114,38.1251
6832,11.7557,4.60426,37.7459
6833,11.0198,3.48284,37.2062
6834,10.2542,2.5076,36.5406
6835,9.47586,1.6805,35.7821
6836,8.69985,0.996521,34.9597
6837,7.93912,0.445606,34.0984
6838,7.20428,0.0145247,33.2177
6839,6.50353,-0.311569,32.3332
6840,5.84291,-0.547908,31.4559
6841,5.2264,-0.70922,30.5936
6842,4.65628,-0.809159,29.7514
6843,4.13337,-0.859964,28.9322
6844,3.65733,-0.872324,28.1375
6845,3.2269,-0.855365,27.3677
6846,2.84014,-0.816721,26.6225
6847,2.49466,-0.762665,25.9012
6848,2.18774,-0.698251,25.2027
6849,1.91648,-0.62748,24.5261
6850,1.67796,-0.553446,23.8703
6851,1.46924,-0.478487,23.2341
6852,1.28749,-0.40431,22.6168
6853,1.13001,-0.332107,22.0172
6854,0.994252,-0.262656,21.4347
6855,0.877873,-0.196406,20.8686
6856,0.77871,-0.133546,20.3181
6857,0.694802,-0.0740647,19.7827
6858,0.624381,-0.0178019,19.2618
6859,0.565871,0.0355165,18.755
6860,0.517874,0.086246,18.2618
6861,0.479164,0.134799,17.7818
6862,0.448671,0.181629,17.3146
6863,0.425472,0.227214,16.8599
6864,0.408778,0.272048,16.4172
6865,0.397923,0.316638,15.9864
6866,0.392354,0.361497,15.5671
6867,0.391617,0.407144,15.1589
6868,0.395354,0.454106,14.7617
6869,0.40329,0.502918,14.3751
6870,0.415227,0.554128,13.999
6871,0.43104,0.608298,13.633
6872,0.45067,0.666015,13.2771
6873,0.47412,0.727891,12.9309
6874,0.501454,0.794571,12.5943
6875,0.532793,0.866741,12.2671
6876,0.568312,0.945137,11.9492
6877,0.608245,1.03055,11.6405
6878,0.652879,1.12383,11.3409
6879,0.702561,1.22592,11.0503
6880,0.757697,1.33783,10.7688
6881,0.818755,1.46068,10.4963
6882,0.886271,1.59567,10.2329
6883,0.960849,1.74416,9.97887
6884,1.04317,1.90761,9.73433
6885,1.13401,2.08766,9.49963
6886,1.2342,2.28608,9.2752
6887,1.34471,2.50483,9.0616
6888,1.4666,2.74607,8.85955
6889,1.60102,3.01215,8.66998
6890,1.74928,3.30568,8.49403
6891,1.9128,3.62945,8.33314
6892,2.09315,3.98652,8.1891
6893,2.29207,4.3802,8.06409
6894,2.51144,4.81403,7.9608
6895,2.7533,5.29175,7.88252
6896,3.0199,5.81732,7.83326
6897,3.31361,6.3948,7.81788
6898,3.63701,7.0283,7.84225
6899,3.99279,7.72182,7.91344
6900,4.38377,8.47906,8.0399
6901,4.81281,9.30316,8.23169
6902,5.28278,10.1964,8.50064
6903,5.7964,11.1594,8.86058
6904,6.35614,12.1911,9.32743
6905,6.96395,13.2874,9.91924
6906,7.62107,14.4403,10.656
6907,8.32761,15.6369,11.5593
6908,9.08216,16.8582,12.6513
6909,9.88128,18.0775,13.9537
6910,10.7189,19.2592,15.4853
6911,11.5856,20.3585,17.2598
6912,12.4684,21.321,19.2818
6913,13.3496,22.0842,21.5428
6914,14.2072,22.5805,24.0173
6915,15.0147,22.7425,26.6587
6916,15.7422,22.5106,29.3981
6917,16.3575,21.8414,32.1447
6918,16.8286,20.717,34.7914
6919,17.1262,19.1521,37.2236
6920,17.2273,17.1974,39.3319
6921,17.1171,14.9368,41.0252
6922,16.7918,12.4789,42.243
6923,16.2589,9.94474,42.9618
6924,15.5367,7.45235,43.1964
6925,14.6523,5.10411,42.9941
6926,13.6388,2.97746,42.4252
6927,12.5322,1.12114,41.5716
6928,11.3683,-0.44383,40.5158
6929,10.1803,-1.71964,39.3331
6930,8.99714,-2.7255,38.0866
6931,7.84277,-3.49129,36.8254
6932,6.73558,-4.05206,35.5846
6933,5.68885,-4.44384,34.3877
6934,4.71122,-4.70087,33.2482
6935,3.80743,-4.85393,32.1727
6936,2.97901,-4.9297,31.1625
6937,2.22503,-4.95053,30.216
6938,1.54272,-4.93478,29.3293
6939,0.927998,-4.89722,28.4979
6940,0.375923,-4.84951,27.7169
6941,-0.118962,-4.80076,26.9817
6942,-0.562352,-4.75794,26.288
6943,-0.959981,-4.72638,25.632
6944,-1.31747,-4.71001,25.0107
6945,-1.64025,-4.71177,24.4215
6946,-1.93344,-4.73377,23.8622
6947,-2.20186,-4.77752,23.3314
6948,-2.45,-4.84411,22.8279
6949,-2.68201,-4.93428,22.3511
6950,-2.90167,-5.04858,21.9005
6951,-3.1125,-5.1874,21.4761
6952,-3.31767,-5.35104,21.0782
6953,-3.5201,-5.53974,20.7072
6954,-3.72244,-5.75374,20.3641
6955,-3.92713,-5.99321,20.0499
6956,-4.13636,-6.25834,19.766
6957,-4.35216,-6.54926,19.5141
6958,-4.57636,-6.86601,19.296
6959,-4.81062,-7.20855,19.1142
6960,-5.05641,-7.57666,18.9711
6961,-5.31507,-7.9699,18.8696
6962,-5.58773,-8.38753,18.813
6963,-5.87531,-8.82838,18.8048
6964,-6.17854,-9.2908,18.8488
6965,-6.49787,-9.7725,18.949
6966,-6.83346,-10.2704,19.1096
6967,-7.18514,-10.7807,19.3349
6968,-7.55229,-11.2982,19.629
6969,-7.93387,-11.8168,19.9958
6970,-8.32825,-12.3292,20.4386
6971,-8.73321,-12.8266,20.96
6972,-9.14583,-13.2987,21.5613
6973,-9.56244,-13.7343,22.2422
6974,-9.97859,-14.1209,23.0006
6975,-10.389,-14.4452,23.8317
6976,-10.7877,-14.6936,24.728
6977,-11.1678,-14.853,25.679
6978,-11.5222,-14.9112,26.6708
6979,-11.843,-14.8581,27.6866
6980,-12.1226,-14.6864,28.7065
6981,-12.3534,-14.3926,29.7087
6982,-12.5283,-13.9775,30.6702
6983,-12.6414,-13.4467,31.5677
6984,-12.688,-12.8108,32.3793
6985,-12.6653,-12.0849,33.0857
6986,-12.5719,-11.2877,33.6714
6987,-12.4091,-10.4406,34.1253
6988,-12.1796,-9.56634,34.4414
6989,-11.8883,-8.68756,34.6193
6990,-11.5418,-7.82547,34.6628
6991,-11.1478,-6.99878,34.5803
6992,-10.715,-6.22293,34.3832
6993,-10.2525,-5.5097,34.0849
6994,-9.76949,-4.86709,33.7
6995,-9.27491,-4.29956,33.2434
6996,-8.77708,-3.80843,32.7292
6997,-8.28354,-3.39243,32.1705
6998,-7.80089,-3.04829,31.5791
6999,-7.33471,-2.77132,30.965
7000,-6.88957,-2.55596,30.3367
7001,-6.46902,-2.39618,29.7013
7002,-6.07574,-2.2859,29.0643
7003,-5.71154,-2.21922,28.4303
7004,-5.37754,-2.19061,27.8026
7005,-5.07423,-2.19506,27.1838
7006,-4.80163,-2.22816,26.5761
7007,-4.55935,-2.28607,25.9809
7008,-4.34671,-2.36558,25.3993
7009,-4.1628,-2.46407,24.8321
7010,-4.0066,-2.57944,24.2802
7011,-3.87699,-2.7101,23.7441
7012,-3.77284,-2.85493,23.2242
7013,-3.69304,-3.01319,22.721
7014,-3.63653,-3.1845,22.2351
7015,-3.60233,-3.36881,21.7669
7016,-3.58955,-3.56631,21.3171
7017,-3.59744,-3.77743,20.8863
7018,-3.62536,-4.00282,20.4752
7019,-3.67279,-4.24327,20.0848
7020,-3.73935,-4.4997,19.7161
7021,-3.8248,-4.77316,19.3703
7022,-3.929,-5.06476,19.0487
7023,-4.05197,-5.37565,18.7529
7024,-4.19379,-5.70701,18.4848
7025,-4.35469,-6.05998,18.2465
7026,-4.53496,-6.43562,18.0403
7027,-4.73496,-6.83489,17.869
7028,-4.95509,-7.25854,17.7356
7029,-5.19579,-7.70705,17.6436
7030,-5.45748,-8.18056,17.5968
7031,-5.74052,-8.67874,17.5995
7032,-6.04519,-9.20065,17.6562
7033,-6.37162,-9.74463,17.7719
7034,-6.71972,-10.3081,17.952
7035,-7.08912,-10.8875,18.2017
7036,-7.47907,-11.4777,18.5267
7037,-7.88836,-12.0725,18.9322
7038,-8.31521,-12.6639,19.4231
7039,-8.75716,-13.2421,20.0035
7040,-9.21097,-13.7954,20.6762
7041,-9.67252,-14.3106,21.4422
7042,-10.1367,-14.7726,22.3001
7043,-10.5975,-15.1651,23.2458
7044,-11.0477,-15.4713,24.2714
7045,-11.4794,-15.6741,25.3651
7046,-11.8836,-15.7577,26.5111
7047,-12.251,-15.7088,27.6889
7048,-12.5719,-15.5172,28.8747
7049,-12.837,-15.1777,30.0411
7050,-13.0373,-14.6908,31.1594
7051,-13.1654,-14.0635,32.2003
7052,-13.2153,-13.3091,33.1363
7053,-13.1833,-12.4471,33.9434
7054,-13.0681,-11.5019,34.6025
7055,-12.8709,-10.501,35.1009
7056,-12.5958,-9.47368,35.4328
7057,-12.249,-8.44836,35.5992
7058,-11.8387,-7.45127,35.6072
7059,-11.375,-6.50489,35.4692
7060,-10.8684,-5.62704,35.2012
7061,-10.3304,-4.83045,34.8212
7062,-9.7721,-4.1229,34.3484
7063,-9.20401,-3.50765,33.8011
7064,-8.63589,-2.98413,33.1968
7065,-8.07632,-2.54878,32.5509
7066,-7.5326,-2.19589,31.8765
7067,-7.01076,-1.91833,31.1849
7068,-6.51548,-1.70827,30.485
7069,-6.05029,-1.55768,29.7837
7070,-5.6176,-1.45873,29.0865
7071,-5.21886,-1.40409,28.3975
7072,-4.85474,-1.38707,27.7194
7073,-4.52523,-1.40176,27.0543
7074,-4.2298,-1.44305,26.4037
7075,-3.96752,-1.50663,25.7684
7076,-3.73718,-1.58893,25.1491
7077,-3.53738,-1.68709,24.546
7078,-3.36661,-1.7989,23.9594
7079,-3.22332,-1.92272,23.3893
7080,-3.10598,-2.05738,22.8359
7081,-3.01312,-2.20219,22.2992
7082,-2.94335,-2.35683,21.7794
7083,-2.89542,-2.5213,21.2765
7084,-2.86818,-2.69589,20.7907
7085,-2.86066,-2.88115,20.3224
7086,-2.87203,-3.07781,19.8718
7087,-2.90162,-3.28681,19.4395
7088,-2.94892,-3.50925,19.026
7089,-3.01359,-3.74633,18.632
7090,-3.09543,-3.99941,18.2584
7091,-3.1944,-4.26993,17.9062
7092,-3.3106,-4.5594,17.5767
7093,-3.44426,-4.86942,17.2712
7094,-3.59577,-5.20161,16.9916
7095,-3.76561,-5.55761,16.7398
7096,-3.95439,-5.93902,16.5182
7097,-4.16279,-6.3474,16.3295
7098,-4.39158,-6.78416,16.1769
7099,-4.64158,-7.25053,16.0639
7100,-4.91365,-7.74746,15.9947
7101,-5.20862,-8.27549,15.9738
7102,-5.52727,-8.83464,16.0066
7103,-5.8703,-9.42425,16.0988
7104,-6.2382,-10.0427,16.2567
7105,-6.63124,-10.6874,16.4871
7106,-7.04934,-11.3543,16.7972
7107,-7.49196,-12.0376,17.1945
7108,-7.95798,-12.7297,17.6863
7109,-8.44556,-13.4208,18.2795
7110,-8.95197,-14.0987,18.9801
7111,-9.47346,-14.7484,19.7926
7112,-10.0051,-15.3525,20.7191
7113,-10.5406,-15.8913,21.7587
7114,-11.0725,-16.343,22.9063
7115,-11.5915,-16.6848,24.152
7116,-12.0874,-16.894,25.48
7117,-12.5488,-16.9495,26.8689
7118,-12.9634,-16.8337,28.2907
7119,-13.3187,-16.5344,29.7127
7120,-13.6026,-16.0465,31.0976
7121,-13.8041,-15.3735,32.4065
7122,-13.9138,-14.5284,33.6012
7123,-13.9253,-13.5331,34.6466
7124,-13.8348,-12.4178,35.5141
7125,-13.6424,-11.2183,36.1832
7126,-13.3518,-9.97388,36.6433
7127,-12.9697,-8.72359,36.8937
7128,-12.5063,-7.50388,36.9427
7129,-11.9736,-6.34613,36.8068
7130,-11.3855,-5.27503,36.5074
7131,-10.7564,-4.30798,36.0695
7132,-10.1006,-3.45514,35.519
7133,-9.43167,-2.72019,34.8812
7134,-8.76216,-2.10136,34.1791
7135,-8.10285,-1.59281,33.4328
7136,-7.46289,-1.18583,32.6592
7137,-6.84959,-0.870027,31.8719
7138,-6.26857,-0.634248,31.0816
7139,-5.72381,-0.467335,30.296
7140,-5.21791,-0.358636,29.5209
7141,-4.75223,-0.298344,28.76
7142,-4.3271,-0.277696,28.016
7143,-3.94207,-0.289049,27.2902
7144,-3.59605,-0.325886,26.5834
7145,-3.28746,-0.382769,25.8959
7146,-3.01444,-0.455248,25.2274
7147,-2.77491,-0.539774,24.5777
7148,-2.56668,-0.633582,23.9464
7149,-2.38756,-0.7346,23.333
7150,-2.23538,-0.84134,22.7369
7151,-2.10808,-0.95282,22.1578
7152,-2.0037,-1.06848,21.5952
7153,-1.92046,-1.1881,21.0487
7154,-1.85672,-1.31178,20.5181
7155,-1.81102,-1.43985,20.0031
7156,-1.78209,-1.57284,19.5034
7157,-1.76884,-1.71149,19.0189
7158,-1.77035,-1.85665,18.5496
7159,-1.78588,-2.00932,18.0954
7160,-1.81487,-2.17062,17.6563
7161,-1.85692,-2.34178,17.2325
7162,-1.91179,-2.52413,16.8243
7163,-1.97939,-2.71911,16.4319
7164,-2.05978,-2.92824,16.0557
7165,-2.15317,-3.15316,15.6964
7166,-2.25992,-3.3956,15.3546
7167,-2.3805,-3.65742,15.0313
7168,-2.51553,-3.94056,14.7275
7169,-2.66577,-4.24706,14.4446
7170,-2.8321,-4.57906,14.1841
7171,-3.01552,-4.93879,13.9482
7172,-3.21715,-5.32853,13.739
7173,-3.43822,-5.75059,13.5593
7174,-3.68008,-6.20728,13.4124
7175,-3.94415,-6.70084,13.3022
7176,-4.23193,-7.23333,13.2332
7177,-4.54495,-7.80656,13.2105
7178,-4.88476,-8.42192,13.2404
7179,-5.25287,-9.08021,13.3296
7180,-5.65067,-9.78137,13.4862
7181,-6.07937,-10.5242,13.7189
7182,-6.53988,-11.3061,14.0375
7183,-7.03269,-12.1225,14.4527
7184,-7.55769,-12.9664,14.9756
7185,-8.11398,-13.828,15.6177
7186,-8.69967,-14.6942,16.3903
7187,-9.31159,-15.5478,17.3034
7188,-9.94506,-16.3674,18.3652
7189,-10.5936,-17.1275,19.5803
7190,-11.2487,-17.7982,20.9487
7191,-11.8996,-18.3464,22.4637
7192,-12.5333,-18.7371,24.1105
7193,-13.135,-18.9354,25.8648
7194,-13.6876,-18.9096,27.6921
7195,-14.1733,-18.6345,29.548
7196,-14.5738,-18.0951,31.3796
7197,-14.872,-17.2894,33.1287
7198,-15.0528,-16.231,34.7358
7199,-15.1045,-14.9493,36.1452
7200,-15.0203,-13.4882,37.3106
7201,-14.7985,-11.9022,38.1988
7202,-14.4433,-10.2523,38.7933
7203,-13.9643,-8.59924,39.0942
7204,-13.3758,-6.99919,39.1175
7205,-12.6954,-5.4989,38.8914
7206,-11.9434,-4.13334,38.4527
7207,-11.1404,-2.9248,37.8417
7208,-10.3069,-1.88364,37.0993
7209,-9.46172,-1.00999,36.2633
7210,-8.62168,-0.296094,35.3665
7211,-7.80085,0.271241,34.4362
7212,-7.01058,0.708455,33.4937
7213,-6.25948,1.03338,32.555
7214,-5.55364,1.26387,31.6311
7215,-4.89692,1.41684,30.7295
7216,-4.29125,1.5077,29.8545
7217,-3.73702,1.55007,29.0083
7218,-3.23337,1.55566,28.1916
7219,-2.77849,1.53434,27.4039
7220,-2.36988,1.4943,26.6444
7221,-2.00461,1.44219,25.9116
7222,-1.67941,1.3833,25.2041
7223,-1.39093,1.32183,24.5204
7224,-1.13573,1.261,23.8591
7225,-0.910478,1.20325,23.2189
7226,-0.711933,1.15038,22.5985
7227,-0.537022,1.10369,21.9969
7228,-0.382863,1.06408,21.4132
7229,-0.246777,1.03213,20.8464
7230,-0.126294,1.00822,20.296
7231,-0.019155,0.992556,19.7612
7232,0.0767012,0.985235,19.2415
7233,0.163144,0.986293,18.7364
7234,0.241867,0.995736,18.2453
7235,0.314403,1.01357,17.768
7236,0.38214,1.03982,17.304
7237,0.446338,1.07455,16.8529
7238,0.508148,1.11789,16.4146
7239,0.568623,1.17001,15.9888
7240,0.628738,1.23118,15.5751
7241,0.689406,1.30176,15.1735
7242,0.751489,1.38216,14.7838
7243,0.815812,1.47295,14.4058
7244,0.883181,1.57474,14.0395
7245,0.954389,1.68832,13.6848
7246,1.03023,1.81454,13.3419
7247,1.11152,1.95441,13.0107
7248,1.19909,2.10907,12.6915
7249,1.29381,2.2798,12.3845
7250,1.39661,2.46805,12.0901
7251,1.50844,2.6754,11.8088
7252,1.63036,2.90363,11.5413
7253,1.76348,3.15468,11.2883
7254,1.90902,3.43069,11.0509
7255,2.06827,3.734,10.8304
7256,2.24265,4.06712,10.6283
7257,2.43369,4.43277,10.4467
7258,2.64304,4.83384,10.2878
7259,2.87246,5.27341,10.1545
7260,3.12388,5.75466,10.0504
7261,3.39932,6.28086,9.97958
7262,3.70092,6.85527,9.94701
7263,4.03095,7.48103,9.95864
7264,4.39172,8.16102,10.0215
7265,4.78559,8.89762,10.144
7266,5.21489,9.69248,10.3356
7267,5.68182,10.5461,10.6076
7268,6.18834,11.4573,10.9728
7269,6.73604,12.4228,11.4455
7270,7.32589,13.4364,12.0415
7271,7.95802,14.4883,12.7777
7272,8.63136,15.5637,13.6718
7273,9.34332,16.6427,14.7408
7274,10.0893,17.6985,16.0003
7275,10.8624,18.6977,17.4619
7276,11.6526,19.5992,19.1317
7277,12.4467,20.3557,21.0064
7278,13.2282,20.9151,23.0713
7279,13.9768,21.2236,25.2968
7280,14.6693,21.2304,27.6366
7281,15.2803,20.8938,30.0278
7282,15.7833,20.1873,32.3923
7283,16.153,19.106,34.6423
7284,16.3672,17.6708,36.6874
7285,16.4092,15.9289,38.4443
7286,16.2694,13.9516,39.8459
7287,15.9468,11.8266,40.8491
7288,15.4494,9.64889,41.4391
7289,14.7933,7.5102,41.6292
7290,14.0013,5.48997,41.4566
7291,13.1007,3.649,40.9756
7292,12.1209,2.0268,40.249
7293,11.0915,0.642111,39.3413
7294,10.0398,-0.504095,38.3119
7295,8.99017,-1.42436,37.2122
7296,7.96295,-2.14023,36.0831
7297,6.97418,-2.67815,34.9555
7298,6.03579,-3.06625,33.851
7299,5.1559,-3.33203,32.7835
7300,4.33932,-3.5009,31.7608
7301,3.58814,-3.59539,30.7863
7302,2.90226,-3.63487,29.8606
7303,2.27989,-3.6356,28.9821
7304,1.71799,-3.61094,28.1481
7305,1.2127,-3.57168,27.3557
7306,0.759575,-3.52641,26.6015
7307,0.353893,-3.48188,25.8824
7308,-0.00919824,-3.44331,25.1955
7309,-0.33452,-3.41469,24.5385
7310,-0.626766,-3.39904,23.909
7311,-0.890435,-3.39864,23.3054
7312,-1.12978,-3.41516,22.7261
7313,-1.34879,-3.44986,22.1702
7314,-1.55118,-3.5037,21.6366
7315,-1.7404,-3.57743,21.1247
7316,-1.91961,-3.67166,20.6343
7317,-2.09175,-3.78696,20.1652
7318,-2.25952,-3.92388,19.7173
7319,-2.42542,-4.08298,19.291
7320,-2.59177,-4.2649,18.8867
7321,-2.76074,-4.47032,18.5051
7322,-2.93434,-4.70002,18.1469
7323,-3.11449,-4.95486,17.8135
7324,-3.30301,-5.23576,17.506
7325,-3.50161,-5.54372,17.2263
7326,-3.71197,-5.87974,16.9763
7327,-3.93569,-6.24485,16.7583
7328,-4.17431,-6.64003,16.575
7329,-4.42932,-7.06614,16.4297
7330,-4.70213,-7.52386,16.326
7331,-4.99409,-8.01359,16.268
7332,-5.30642,-8.53532,16.2605
7333,-5.6402,-9.08849,16.3085
7334,-5.99634,-9.67183,16.4179
7335,-6.37547,-10.2831,16.595
7336,-6.77792,-10.9191,16.8463
7337,-7.20359,-11.5749,17.179
7338,-7.65188,-12.2441,17.6001
7339,-8.12151,-12.9185,18.1164
7340,-8.61044,-13.5873,18.7341
7341,-9.11571,-14.2376,19.4585
7342,-9.63329,-14.8542,20.2928
7343,-10.1579,-15.4192,21.2379
7344,-10.6831,-15.9127,22.2912
7345,-11.201,-16.3134,23.4459
7346,-11.7023,-16.5993,24.6904
7347,-12.1767,-16.7491,26.0074
7348,-12.6129,-16.7438,27.3737
7349,-12.9989,-16.568,28.7608
7350,-13.3228,-16.2126,30.1354
7351,-13.5732,-15.6755,31.4611
7352,-13.7402,-14.9632,32.7004
7353,-13.8156,-14.0912,33.8175
7354,-13.794,-13.0832,34.7807
7355,-13.6732,-11.9701,35.5649
7356,-13.4543,-10.7875,36.1533
7357,-13.1419,-9.57303,36.5386
7358,-12.7436,-8.36366,36.7229
7359,-12.2697,-7.19297,36.7164
7360,-11.7326,-6.08924,36.5364
7361,-11.1457,-5.07421,36.2045
7362,-10.523,-4.16264,35.7449
7363,-9.87809,-3.36262,35.1823
7364,-9.22397,-2.67628,34.5404
7365,-8.57218,-2.10096,33.8405
7366,-7.9328,-1.63036,33.1014
7367,-7.3142,-1.25578,32.3384
7368,-6.72307,-0.967091,31.564
7369,-6.16443,-0.753637,30.7878
7370,-5.64186,-0.604857,30.017
7371,-5.15758,-0.510741,29.2566
7372,-4.71269,-0.462129,28.5102
7373,-4.30739,-0.450865,27.7802
7374,-3.94109,-0.469865,27.0678
7375,-3.61268,-0.513112,26.3738
7376,-3.32061,-0.575597,25.6983
7377,-3.06304,-0.653249,25.0414
7378,-2.83797,-0.742833,24.4027
7379,-2.64331,-0.841856,23.7819
7380,-2.47698,-0.948472,23.1787
7381,-2.33694,-1.06139,22.5926
7382,-2.22124,-1.17978,22.0232
7383,-2.12807,-1.30323,21.4703
7384,-2.05575,-1.43165,20.9335
7385,-2.00278,-1.56524,20.4126
7386,-1.96783,-1.70444,19.9075
7387,-1.94974,-1.84989,19.418
7388,-1.94756,-2.00239,18.944
7389,-1.96048,-2.16292,18.4856
7390,-1.98787,-2.33258,18.043
7391,-2.02929,-2.51256,17.6162
7392,-2.08446,-2.70422,17.2055
7393,-2.15323,-2.90899,16.8114
7394,-2.23564,-3.12841,16.4344
7395,-2.33187,-3.36412,16.075
7396,-2.44222,-3.61787,15.7342
7397,-2.56717,-3.89151,15.413
7398,-2.70731,-4.18696,15.1125
7399,-2.86337,-4.50627,14.8342
7400,-3.0362,-4.85152,14.58
7401,-3.22678,-5.22488,14.352
7402,-3.4362,-5.62853,14.1527
7403,-3.66566,-6.06467,13.9851
7404,-3.91644,-6.53541,13.8527
7405,-4.18991,-7.04274,13.7597
7406,-4.48748,-7.5884,13.7107
7407,-4.81057,-8.17381,13.7114
7408,-5.16059,-8.79984,13.7681
7409,-5.53884,-9.46662,13.8879
7410,-5.94649,-10.1733,14.0789
7411,-6.38446,-10.9178,14.3501
7412,-6.85327,-11.6963,14.7111
7413,-7.35298,-12.503,15.1722
7414,-7.88293,-13.3295,15.7441
7415,-8.44161,-14.1643,16.4374
7416,-9.0264,-14.9928,17.2619
7417,-9.63331,-15.7961,18.2258
7418,-10.2568,-16.5518,19.3345
7419,-10.8895,-17.2332,20.5897
7420,-11.5221,-17.8106,21.9873
7421,-12.1431,-18.2516,23.5164
7422,-12.739,-18.5236,25.1578
7423,-13.2947,-18.5955,26.883
7424,-13.7935,-18.4411,28.6543
7425,-14.2184,-18.0417,30.4254
7426,-14.5528,-17.3901,32.1438
7427,-14.7812,-16.4922,33.754
7428,-14.8914,-15.3686,35.2018
7429,-14.8745,-14.0537,36.4392
7430,-14.7267,-12.594,37.4288
7431,-14.4493,-11.0437,38.147
7432,-14.0486,-9.45986,38.5857
7433,-13.536,-7.89775,38.7518
7434,-12.9266,-6.40596,38.6656
7435,-12.2382,-5.02341,38.357
7436,-11.4902,-3.77774,37.862
7437,-10.7021,-2.6851,37.2185
7438,-9.89278,-1.75124,36.4636
7439,-9.07918,-0.973358,35.6307
7440,-8.27616,-0.342245,34.7487
7441,-7.49608,0.155551,33.841
7442,-6.74867,0.535835,32.9258
7443,-6.0412,0.815243,32.0164
7444,-5.37869,1.01012,31.1223
7445,-4.76414,1.13579,30.2495
7446,-4.1989,1.20608,29.4016
7447,-3.68294,1.23313,28.5804
7448,-3.21517,1.22736,27.7865
7449,-2.79369,1.19751,27.0193
7450,-2.41603,1.15078,26.2782
7451,-2.07933,1.09303,25.5618
7452,-1.78051,1.02889,24.869
7453,-1.51639,0.962013,24.1984
7454,-1.28378,0.895161,23.5488
7455,-1.07958,0.830412,22.9191
7456,-0.900813,0.769266,22.3082
7457,-0.744658,0.712764,21.7152
7458,-0.608486,0.661586,21.1392
7459,-0.489868,0.616133,20.5795
7460,-0.386579,0.576597,20.0354
7461,-0.296592,0.543015,19.5063
7462,-0.21808,0.515317,18.9917
7463,-0.149395,0.493364,18.491
7464,-0.0890647,0.476974,18.0038
7465,-0.0357742,0.465952,17.5298
7466,0.0116478,0.460101,17.0685
7467,0.054243,0.459241,16.6195
7468,0.0929379,0.463217,16.1825
7469,0.128558,0.471909,15.7572
7470,0.16184,0.485238,15.3432
7471,0.193446,0.503168,14.9403
7472,0.223974,0.525714,14.5483
7473,0.253968,0.552942,14.1667
7474,0.283929,0.584969,13.7954
7475,0.314327,0.621973,13.4342
7476,0.345603,0.664186,13.0828
7477,0.378183,0.711907,12.741
7478,0.412485,0.765494,12.4086
7479,0.448923,0.825376,12.0854
7480,0.487917,0.892054,11.7714
7481,0.529897,0.966105,11.4663
7482,0.575312,1.04819,11.1701
7483,0.624635,1.13906,10.8826
7484,0.67837,1.23955,10.6039
7485,0.737058,1.35062,10.3339
7486,0.801285,1.47333,10.0727
7487,0.871689,1.60887,9.82032
7488,0.948964,1.75856,9.57703
7489,1.03387,1.92387,9.34302
7490,1.12726,2.10643,9.11865
7491,1.23003,2.30806,8.90436
7492,1.34321,2.53073,8.70075
7493,1.46793,2.77667,8.50859
7494,1.60539,3.04828,8.32884
7495,1.75698,3.34823,8.16271
7496,1.92416,3.6794,8.01171
7497,2.10859,4.04495,7.8777
7498,2.31206,4.44827,7.76299
7499,2.53652,4.89302,7.67041
7500,2.7841,5.38306,7.6034
7501,3.05711,5.92246,7.56618
7502,3.35802,6.51539,7.56385
7503,3.68949,7.16604,7.6026
7504,4.05428,7.8785,7.68987
7505,4.45531,8.65649,7.83454
7506,4.8955,9.50313,8.0472
7507,5.37779,10.4205,8.3403
7508,5.90492,11.4091,8.72837
7509,6.47936,12.4672,9.22812
7510,7.10302,13.5901,9.85845
7511,7.77698,14.7688,10.6402
7512,8.50111,15.9891,11.5957
7513,9.27365,17.2299,12.7478
7514,10.0906,18.4622,14.1184
7515,10.9452,19.6477,15.7262
7516,11.8271,20.7383,17.5834
7517,12.7219,21.6762,19.6925
7518,13.6108,22.3956,22.0415
7519,14.4702,22.8268,24.5997
7520,15.2721,22.9015,27.3141
7521,15.9852,22.5613,30.1087
7522,16.5762,21.7672,32.8856
7523,17.013,20.5082,35.5318
7524,17.2666,18.8086,37.9299
7525,17.3155,16.7293,39.9706
7526,17.1471,14.3644,41.5678
7527,16.7606,11.8304,42.6687
7528,16.1666,9.25228,43.2601
7529,15.3864,6.74825,43.3673
7530,14.45,4.4171,43.0469
7531,13.3921,2.3302,42.3758
7532,12.25,0.529005,41.4397
7533,11.0596,-0.972581,40.322
7534,9.85378,-2.18286,39.0967
7535,8.66073,-3.12567,37.8244
7536,7.50313,-3.834,36.5508
7537,6.39814,-4.34461,35.3082
7538,5.35778,-4.69422,34.1169
7539,4.38955,-4.91698,32.9881
7540,3.49716,-5.04317,31.9265
7541,2.68128,-5.09864,30.9321
7542,1.94031,-5.1049,30.0021
7543,1.27091,-5.07944,29.1323
7544,0.668592,-5.03621,28.3176
7545,0.128112,-4.98617,27.553
7546,-0.356195,-4.93781,26.8338
7547,-0.79016,-4.89759,26.1557
7548,-1.1796,-4.87039,25.5151
7549,-1.53017,-4.85983,24.9089
7550,-1.84729,-4.86854,24.3346
7551,-2.13607,-4.89841,23.7904
7552,-2.40129,-4.95078,23.2747
7553,-2.64738,-5.02659,22.7866
7554,-2.87843,-5.12646,22.3254
7555,-3.09818,-5.25086,21.891
7556,-3.31006,-5.40007,21.4833
7557,-3.51718,-5.57433,21.1029
7558,-3.72239,-5.7738,20.7502
7559,-3.92828,-5.99862,20.4264
7560,-4.1372,-6.24888,20.1326
7561,-4.35129,-6.52464,19.8703
7562,-4.57248,-6.82587,19.6413
7563,-4.80252,-7.15246,19.4477
7564,-5.04296,-7.50415,19.2919
7565,-5.29519,-7.88047,19.1766
7566,-5.56038,-8.28067,19.1048
7567,-5.83954,-8.70363,19.0797
7568,-6.13342,-9.14779,19.1049
7569,-6.44254,-9.611,19.1842
7570,-6.76713,-10.0904,19.3215
7571,-7.1071,-10.5824,19.5207
7572,-7.46196,-11.0823,19.7859
7573,-7.83079,-11.5845,20.1206
7574,-8.21214,-12.0822,20.5281
7575,-8.60403,-12.5672,21.0108
7576,-9.00379,-13.0302,21.5703
7577,-9.40808,-13.4607,22.2066
7578,-9.81283,-13.8471,22.9178
7579,-10.2132,-14.177,23.7002
7580,-10.6036,-14.4376,24.547
7581,-10.9778,-14.6164,25.4492
7582,-11.329,-14.7016,26.3943
7583,-11.6499,-14.6832,27.367
7584,-11.9332,-14.5534,28.3494
7585,-12.1716,-14.3079,29.3214
7586,-12.3583,-13.9461,30.2613
7587,-12.4873,-13.4721,31.1472
7588,-12.5538,-12.8943,31.9579
7589,-12.5545,-12.2254,32.6742
7590,-12.4878,-11.4822,33.2802
7591,-12.3538,-10.6839,33.7638
7592,-12.1548,-9.85157,34.1176
7593,-11.8948,-9.00676,34.339
7594,-11.5793,-8.17002,34.4302
7595,-11.2154,-7.36,34.3975
7596,-10.811,-6.59258,34.2503
7597,-10.3747,-5.88033,34.0005
7598,-9.91509,-5.23235,33.6616
7599,-9.44094,-4.65433,33.2475
7600,-8.9604,-4.14883,32.7717
7601,-8.48101,-3.71581,32.2473
7602,-8.00945,-3.35307,31.6858
7603,-7.5515,-3.05686,31.0977
7604,-7.11196,-2.82235,30.4917
7605,-6.69471,-2.64413,29.8751
7606,-6.30269,-2.5165,29.2542
7607,-5.93806,-2.43387,28.6336
7608,-5.60221,-2.39086,28.0172
7609,-5.29596,-2.38256,27.4081
7610,-5.01955,-2.40452,26.8085
7611,-4.77284,-2.45289,26.2202
7612,-4.55535,-2.52435,25.6446
7613,-4.36637,-2.61617,25.0828
7614,-4.205,-2.72613,24.5356
7615,-4.07025,-2.85251,24.0037
7616,-3.9611,-2.99405,23.4878
7617,-3.8765,-3.14987,22.9884
7618,-3.81545,-3.31948,22.5061
7619,-3.77701,-3.5027,22.0416
7620,-3.76032,-3.6996,21.5954
7621,-3.76463,-3.91052,21.1683
7622,-3.7893,-4.13597,20.7612
7623,-3.83381,-4.37665,20.3749
7624,-3.89776,-4.6334,20.0105
7625,-3.98087,-4.90714,19.6693
7626,-4.08298,-5.19887,19.3526
7627,-4.20405,-5.50965,19.0622
7628,-4.34414,-5.84052,18.7999
7629,-4.50339,-6.19249,18.5678
7630,-4.68204,-6.5665,18.3682
7631,-4.88039,-6.96333,18.204
7632,-5.09874,-7.38355,18.0781
7633,-5.33746,-7.82748,17.9939
7634,-5.59685,-8.29504,17.9553
7635,-5.87717,-8.78568,17.9663
7636,-6.17858,-9.29823,18.0313
7637,-6.50107,-9.83078,18.1552
7638,-6.8444,-10.3805,18.343
7639,-7.20806,-10.9436,18.5996
7640,-7.59114,-11.5149,18.9303
7641,-7.99227,-12.0879,19.3398
7642,-8.40951,-12.6545,19.8323
7643,-8.84028,-13.205,20.4113
7644,-9.2812,-13.728,21.0789
7645,-9.72809,-14.2106,21.8351
7646,-10.1758,-14.6383,22.678
7647,-10.6184,-14.9957,23.6026
7648,-11.0488,-15.2669,24.6004
7649,-11.4593,-15.4365,25.6595
7650,-11.8414,-15.4902,26.7637
7651,-12.186,-15.4161,27.8934
7652,-12.4844,-15.2058,29.0251
7653,-12.7275,-14.8556,30.1331
7654,-12.9075,-14.3672,31.1903
7655,-13.0174,-13.7482,32.1697
7656,-13.0522,-13.0121,33.046
7657,-13.0087,-12.1779,33.7974
7658,-12.8862,-11.2686,34.4071
7659,-12.6862,-10.3102,34.8639
7660,-12.4127,-9.32984,35.1631
7661,-12.072,-8.35383,35.3062
7662,-11.672,-7.40627,35.3003
7663,-11.2221,-6.50772,35.157
7664,-10.7326,-5.67445,34.8912
7665,-10.2141,-4.91812,34.52
7666,-9.67687,-4.24584,34.0607
7667,-9.13104,-3.66061,33.5307
7668,-8.58566,-3.16194,32.946
7669,-8.04879,-2.74662,32.321
7670,-7.52732,-2.40943,31.6682
7671,-7.0269,-2.14388,30.9979
7672,-6.55201,-1.94278,30.3188
7673,-6.10599,-1.79872,29.6375
7674,-5.69117,-1.70448,28.9593
7675,-5.309,-1.65326,28.2881
7676,-4.96014,-1.63886,27.627
7677,-4.64467,-1.65578,26.9779
7678,-4.36215,-1.69923,26.3424
7679,-4.11177,-1.76518,25.7215
7680,-3.89244,-1.8503,25.1159
7681,-3.7029,-1.95191,24.5261
7682,-3.54177,-2.06794,23.9525
7683,-3.40766,-2.19683,23.3952
7684,-3.29915,-2.33755,22.8545
7685,-3.2149,-2.48945,22.3306
7686,-3.15365,-2.65226,21.8237
7687,-3.11426,-2.82602,21.3341
7688,-3.09569,-3.01107,20.862
7689,-3.09707,-3.20796,20.408
7690,-3.11765,-3.41746,19.9725
7691,-3.15686,-3.64049,19.5561
7692,-3.21426,-3.87815,19.1596
7693,-3.28957,-4.13166,18.7839
7694,-3.38265,-4.40231,18.43
7695,-3.49353,-4.69152,18.0993
7696,-3.62232,-5.00075,17.7931
7697,-3.76932,-5.33146,17.5132
7698,-3.9349,-5.68517,17.2617
7699,-4.11955,-6.06332,17.0408
7700,-4.32386,-6.46728,16.8534
7701,-4.54846,-6.89828,16.7024
7702,-4.79406,-7.35735,16.5913
7703,-5.06136,-7.84519,16.5243
7704,-5.35105,-8.36212,16.5058
7705,-5.66376,-8.90789,16.5407
7706,-6.00002,-9.48157,16.6346
7707,-6.36015,-10.0813,16.7934
7708,-6.74423,-10.7043,17.0235
7709,-7.152,-11.3462,17.3315
7710,-7.58274,-12.0011,17.7243
7711,-8.03515,-12.6616,18.2084
7712,-8.50723,-13.3179,18.7899
7713,-8.99617,-13.9579,19.4737
7714,-9.49814,-14.5676,20.2634
7715,-10.0082,-15.1304,21.1602
7716,-10.5203,-15.6276,22.1623
7717,-11.027,-16.0392,23.2638
7718,-11.5197,-16.3444,24.4546
7719,-11.9885,-16.5226,25.7191
7720,-12.4228,-16.555,27.0366
7721,-12.8111,-16.4264,28.3808
7722,-13.142,-16.1265,29.7208
7723,-13.4044,-15.6516,31.0226
7724,-13.5884,-15.0059,32.2504
7725,-13.6856,-14.202,33.3695
7726,-13.6901,-13.2604,34.3482
7727,-13.5991,-12.2088,35.1608
7728,-13.4127,-11.0802,35.7888
7729,-13.1343,-9.9099,36.2226
7730,-12.7705,-8.73364,36.4613
7731,-12.3304,-7.58457,36.5124
7732,-11.8254,-6.49139,36.3901
7733,-11.268,-5.47697,36.1139
7734,-10.6716,-4.55766,35.7061
7735,-10.0496,-3.74335,35.1902
7736,-9.41447,-3.03807,34.5891
7737,-8.77794,-2.44091,33.9242
7738,-8.15021,-1.94711,33.2142
7739,-7.53994,-1.54921,32.475
7740,-6.95414,-1.23807,31.7196
7741,-6.39828,-1.00372,30.9585
7742,-5.87632,-0.836078,30.1992
7743,-5.39091,-0.725388,29.4477
7744,-4.94354,-0.662605,28.708
7745,-4.53476,-0.63958,27.9829
7746,-4.16432,-0.649152,27.274
7747,-3.83136,-0.685179,26.5825
7748,-3.53458,-0.742503,25.9089
7749,-3.27236,-0.816886,25.2532
7750,-3.04285,-0.904932,24.6155
7751,-2.84412,-1.00399,23.9954
7752,-2.67417,-1.11208,23.3927
7753,-2.53106,-1.22778,22.8072
7754,-2.4129,-1.35016,22.2384
7755,-2.31794,-1.47871,21.6862
7756,-2.24454,-1.61329,21.1503
7757,-2.19123,-1.75403,20.6305
7758,-2.15669,-1.90134,20.1268
7759,-2.13981,-2.05584,19.6391
7760,-2.13961,-2.21833,19.1674
7761,-2.15532,-2.38979,18.7118
7762,-2.18633,-2.57131,18.2725
7763,-2.2322,-2.76414,17.8498
7764,-2.29266,-2.96964,17.4441
7765,-2.36759,-3.18928,17.0558
7766,-2.45703,-3.42462,16.6857
7767,-2.56119,-3.67735,16.3345
7768,-2.6804,-3.94923,16.0033
7769,-2.81514,-4.24212,15.6932
7770,-2.96602,-4.55795,15.4057
7771,-3.1338,-4.89874,15.1426
7772,-3.31932,-5.26652,14.9059
7773,-3.52358,-5.66337,14.6981
7774,-3.74766,-6.09134,14.5221
7775,-3.99272,-6.55239,14.3814
7776,-4.26001,-7.04837,14.2798
7777,-4.55083,-7.58087,14.2219
7778,-4.86645,-8.15112,14.2131
7779,-5.20817,-8.75985,14.2594
7780,-5.57716,-9.40706,14.3675
7781,-5.97446,-10.0918,14.5451
7782,-6.40085,-10.812,14.8005
7783,-6.85676,-11.5638,15.143
7784,-7.34214,-12.3416,15.582
7785,-7.85629,-13.1373,16.1275
7786,-8.39769,-13.9402,16.7893
7787,-8.96375,-14.7362,17.5762
7788,-9.55067,-15.5078,18.4958
7789,-10.1531,-16.2338,19.5531
7790,-10.7642,-16.8896,20.7491
7791,-11.375,-17.4473,22.0802
7792,-11.9747,-17.8772,23.5362
7793,-12.5509,-18.1488,25.0992
7794,-13.0893,-18.2333,26.7431
7795,-13.5744,-18.1059,28.4331
7796,-13.9903,-17.7492,30.1268
7797,-14.3211,-17.1551,31.7758
7798,-14.5526,-16.3282,33.3285
7799,-14.6727,-15.2858,34.7343
7800,-14.673,-14.0585,35.9477
7801,-14.5492,-12.6877,36.9324
7802,-14.3017,-11.2229,37.6641
7803,-13.936,-9.71672,38.1328
7804,-13.4618,-8.22097,38.3421
7805,-12.8929,-6.78211,38.3085
7806,-12.2455,-5.43833,38.0577
7807,-11.5376,-4.21771,37.622
7808,-10.7876,-3.13783,37.0362
7809,-10.0134,-2.20646,36.335
7810,-9.23144,-1.4231,35.5503
7811,-8.45623,-0.78082,34.7103
7812,-7.70005,-0.268268,33.8381
7813,-6.97277,0.128578,32.9523
7814,-6.28192,0.42492,32.0667
7815,-5.63285,0.636018,31.1914
7816,-5.02899,0.7764,30.3333
7817,-4.47211,0.859372,29.4966
7818,-3.96263,0.896753,28.6838
7819,-3.49986,0.898781,27.8959
7820,-3.08228,0.874135,27.1331
7821,-2.70778,0.83003,26.3947
7822,-2.37382,0.772358,25.6801
7823,-2.07758,0.705836,24.9881
7824,-1.81615,0.634175,24.3177
7825,-1.58654,0.560222,23.6678
7826,-1.38584,0.48611,23.0373
7827,-1.21123,0.413377,22.4253
7828,-1.06005,0.343081,21.831
7829,-0.929804,0.275894,21.2535
7830,-0.818178,0.212183,20.6921
7831,-0.723062,0.152078,20.1462
7832,-0.642545,0.0955242,19.6153
7833,-0.574908,0.0423345,19.0987
7834,-0.518617,-0.00778035,18.596
7835,-0.472318,-0.05518,18.1068
7836,-0.43482,-0.100273,17.6307
7837,-0.405088,-0.1435,17.1673
7838,-0.382227,-0.185323,16.7162
7839,-0.365473,-0.226212,16.2771
7840,-0.354178,-0.266646,15.8496
7841,-0.347804,-0.307108,15.4335
7842,-0.345907,-0.348079,15.0285
7843,-0.348134,-0.390047,14.6343
7844,-0.354211,-0.433504,14.2507
7845,-0.363938,-0.478948,13.8773
7846,-0.37718,-0.526893,13.514
7847,-0.393867,-0.577867,13.1604
7848,-0.413985,-0.63242,12.8165
7849,-0.437576,-0.691131,12.4821
7850,-0.464736,-0.754614,12.1568
7851,-0.495609,-0.823522,11.8407
7852,-0.530393,-0.898561,11.5334
7853,-0.569334,-0.98049,11.235
7854,-0.612732,-1.07014,10.9454
7855,-0.660941,-1.1684,10.6644
7856,-0.71437,-1.27627,10.3921
7857,-0.773487,-1.39482,10.1284
7858,-0.838826,-1.52526,9.87349
7859,-0.910985,-1.66888,9.62746
7860,-0.990641,-1.82713,9.39051
7861,-1.07855,-2.0016,9.16295
7862,-1.17555,-2.19404,8.94515
7863,-1.28258,-2.40639,8.73765
7864,-1.40067,-2.64076,8.54112
7865,-1.531,-2.8995,8.35642
7866,-1.67482,-3.18515,8.18463
7867,-1.83355,-3.50051,8.0271
7868,-2.00875,-3.84862,7.88551
7869,-2.20212,-4.23278,7.76192
7870,-2.41554,-4.65652,7.6589
7871,-2.65103,-5.12364,7.57956
7872,-2.91083,-5.63811,7.52771
7873,-3.19731,-6.2041,7.50801
7874,-3.51307,-6.82583,7.52607
7875,-3.8608,-7.50748,7.58869
7876,-4.24337,-8.25302,7.70401
7877,-4.66372,-9.06595,7.88175
7878,-5.1248,-9.94894,8.13342
7879,-5.62948,-10.9034,8.47254
7880,-6.18041,-11.9289,8.91475
7881,-6.77983,-13.0224,9.47793
7882,-7.4293,-14.1771,10.1821
7883,-8.12937,-15.3816,11.0489
7884,-8.87917,-16.6185,12.1013
7885,-9.67593,-17.8629,13.3621
7886,-10.5143,-19.0812,14.8518
7887,-11.3859,-20.23,16.5868
7888,-12.2784,-21.2562,18.5749
7889,-13.1751,-22.0973,20.8121
7890,-14.0549,-22.6847,23.2775
7891,-14.8917,-22.9481,25.9296
7892,-15.6556,-22.8226,28.7037
7893,-16.3139,-22.2579,31.5118
7894,-16.8335,-21.2278,34.2472
7895,-17.1831,-19.7382,36.7922
7896,-17.3371,-17.8321,39.0312
7897,-17.2779,-15.5884,40.8644
7898,-16.9988,-13.1144,42.2207
7899,-16.5047,-10.5337,43.0668
7900,-15.8119,-7.97033,43.4096
7901,-14.9464,-5.53458,43.2914
7902,-13.9413,-3.31254,42.7813
7903,-12.8332,-1.36071,41.9623
7904,-11.659,0.293831,40.9207
7905,-10.4536,1.64927,39.7363
7906,-9.24784,2.72278,38.4769
7907,-8.06711,3.54379,37.1959
7908,-6.93138,4.14801,35.932
7909,-5.85521,4.57278,34.7112
7910,-4.84825,4.85393,33.5489
7911,-3.91598,5.02389,32.4527
7912,-3.06048,5.11083,31.4246
7913,-2.28115,5.13846,30.4629
7914,-1.57542,5.12625,29.564
7915,-0.939297,5.08986,28.7229
7916,-0.367827,5.04167,27.9348
7917,0.144505,4.99136,27.1944
7918,0.603498,4.94632,26.4974
7919,1.01502,4.91218,25.8397
7920,1.38482,4.89313,25.218
7921,1.71849,4.89224,24.6294
7922,2.02128,4.91175,24.0719
7923,2.29817,4.95324,23.5437
7924,2.55377,5.01782,23.0436
7925,2.79234,5.10625,22.5708
7926,3.0178,5.21904,22.1249
7927,3.23373,5.35656,21.7058
7928,3.44341,5.51906,21.3138
7929,3.64981,5.7067,20.9494
7930,3.85565,5.91963,20.6134
7931,4.06339,6.15794,20.3069
7932,4.27527,6.42168,20.0313
7933,4.49331,6.71086,19.7883
7934,4.71935,7.02538,19.5797
7935,4.95503,7.36502,19.4079
7936,5.2018,7.72939,19.2754
7937,5.46094,8.11784,19.185
7938,5.73351,8.52941,19.1399
7939,6.02037,8.9627,19.1435
7940,6.32214,9.41581,19.1993
7941,6.63917,9.8862,19.3114
7942,6.9715,10.3706,19.4834
7943,7.31881,10.8647,19.7195
7944,7.68035,11.3634,20.0233
7945,8.05493,11.8604,20.3981
7946,8.44077,12.3481,20.8469
7947,8.8355,12.8179,21.3713
7948,9.23611,13.2596,21.9721
7949,9.63883,13.6623,22.6482
7950,10.0392,14.014,23.3966
7951,10.4319,14.3021,24.2119
7952,10.8111,14.5141,25.0861
7953,11.1703,14.638,26.0081
7954,11.5023,14.6631,26.964
7955,11.8,14.5807,27.9372
7956,12.056,14.385,28.9084
7957,12.2635,14.0739,29.8567
7958,12.4162,13.6495,30.7607
7959,12.5086,13.1183,31.5987
7960,12.537,12.4912,32.3509
7961,12.499,11.7831,33.0001
7962,12.394,11.0121,33.5326
7963,12.2234,10.1984,33.9391
7964,11.9904,9.36328,34.215
7965,11.6999,8.52753,34.3605
7966,11.3582,7.71052,34.38
7967,10.973,6.92919,34.2816
7968,10.5523,6.19745,34.0763
7969,10.1049,5.5258,33.7766
7970,9.63934,4.9213,33.3962
7971,9.16398,4.38784,32.9488
7972,8.68659,3.92647,32.4474
7973,8.21416,3.53591,31.9042
7974,7.75283,3.21309,31.3301
7975,7.30778,2.95369,30.7344
7976,6.88327,2.75257,30.125
7977,6.48261,2.60422,29.5086
7978,6.10828,2.50304,28.8905
7979,5.76201,2.44362,28.2748
7980,5.44485,2.42088,27.6651
7981,5.1573,2.43023,27.0637
7982,4.89939,2.46758,26.4729
7983,4.67078,2.52943,25.8941
7984,4.47088,2.61282,25.3285
7985,4.29888,2.71533,24.7772
7986,4.15384,2.83505,24.2408
7987,4.03478,2.97053,23.7201
7988,3.94065,3.12073,23.2156
7989,3.87046,3.28502,22.7281
7990,3.82326,3.46308,22.258
7991,3.79815,3.65486,21.806
7992,3.79435,3.86061,21.3729
7993,3.81119,4.08074,20.9594
7994,3.8481,4.31589,20.5664
7995,3.90462,4.5668,20.195
7996,3.98044,4.83437,19.8464
7997,4.07536,5.11955,19.5219
7998,4.18927,5.42335,19.2231
7999,4.3222,5.7468,18.9517
