i,x,y,z
0,1.01257,1.25988,0.99144
1,1.04882,1.52386,0.985992
2,1.10718,1.798,0.984174
3,1.1868,2.08797,0.986726
4,1.28743,2.39922,0.99464
5,1.40934,2.73712,1.0092
6,1.55332,3.10708,1.03203
7,1.72057,3.51466,1.06521
8,1.91275,3.96562,1.11134
9,2.1319,4.46604,1.17368
10,2.38046,5.0223,1.25634
11,2.66128,5.64113,1.36444
12,2.97757,6.32956,1.50439
13,3.33293,7.09483,1.68415
14,3.73132,7.94427,1.91361
15,4.17699,8.88498,2.20495
16,4.67445,9.9235,2.57316
17,5.22836,11.0651,3.03643
18,5.84333,12.3132,3.61674
19,6.52371,13.6678,4.3402
20,7.27325,15.1243,5.23736
21,8.09456,16.6714,6.34308
22,8.98853,18.2883,7.69594
23,9.95341,19.9424,9.33664
24,10.9838,21.5859,11.3052
25,12.0695,23.153,13.6365
26,13.1939,24.5583,16.3536
27,14.333,25.6974,19.4593
28,15.4545,26.4512,22.9265
29,16.5173,26.6956,26.6884
30,17.4728,26.3161,30.6322
31,18.2676,25.2285,34.5995
32,18.8474,23.4,38.3966
33,19.1633,20.866,41.8152
34,19.178,17.7367,44.6627
35,18.8717,14.1876,46.7939
36,18.2451,10.4355,48.1346
37,17.3204,6.70434,48.692
38,16.1379,3.19259,48.5465
39,14.7506,0.0486366,47.8306
40,13.2177,-2.63936,46.7013
41,11.5984,-4.84063,45.3145
42,9.94675,-6.56994,43.8069
43,8.30882,-7.87222,42.2858
44,6.72108,-8.80795,40.8277
45,5.21049,-9.44175,39.4806
46,3.79545,-9.83486,38.2698
47,2.48708,-10.0411,37.2038
48,1.29079,-10.1053,36.2798
49,0.207621,-10.0633,35.4876
50,-0.764507,-9.94325,34.8135
51,-1.62981,-9.76646,34.2418
52,-2.39387,-9.54911,33.757
53,-3.06307,-9.30334,33.3439
54,-3.64422,-9.03831,32.9888
55,-4.14419,-8.76101,32.6792
56,-4.56983,-8.47686,32.4044
57,-4.92777,-8.19022,32.155
58,-5.2244,-7.90465,31.923
59,-5.4658,-7.62315,31.702
60,-5.65774,-7.3483,31.4867
61,-5.80567,-7.08234,31.2728
62,-5.91473,-6.82724,31.0572
63,-5.98973,-6.58467,30.8375
64,-6.03517,-6.35606,30.6121
65,-6.05526,-6.14261,30.38
66,-6.05389,-5.94526,30.1407
67,-6.03468,-5.76472,29.8942
68,-6.00096,-5.60147,29.6409
69,-5.95576,-5.45582,29.3811
70,-5.90185,-5.32785,29.1158
71,-5.84175,-5.21751,28.8457
72,-5.77771,-5.12461,28.5719
73,-5.71176,-5.04882,28.2953
74,-5.64569,-4.98975,28.0172
75,-5.58107,-4.94692,27.7384
76,-5.51929,-4.91983,27.4602
77,-5.46155,-4.90794,27.1834
78,-5.40888,-4.91069,26.9092
79,-5.36218,-4.92754,26.6386
80,-5.32218,-4.95796,26.3725
81,-5.28953,-5.00146,26.1118
82,-5.26473,-5.05754,25.8574
83,-5.24822,-5.12577,25.6103
84,-5.24034,-5.20573,25.3713
85,-5.24137,-5.29703,25.1413
86,-5.25153,-5.39934,24.9212
87,-5.27098,-5.51231,24.7119
88,-5.29983,-5.63562,24.5141
89,-5.33816,-5.76898,24.329
90,-5.386,-5.91207,24.1572
91,-5.44337,-6.06457,23.9998
92,-5.51023,-6.22615,23.8578
93,-5.58653,-6.39641,23.732
94,-5.67217,-6.57493,23.6235
95,-5.76703,-6.76122,23.5333
96,-5.87095,-6.9547,23.4623
97,-5.9837,-7.15469,23.4117
98,-6.10505,-7.36042,23.3824
99,-6.23466,-7.57096,23.3755
100,-6.37217,-7.78526,23.3918
101,-6.51712,-8.00211,23.4323
102,-6.66898,-8.2201,23.4978
103,-6.82712,-8.43765,23.589
104,-6.99082,-8.65301,23.7065
105,-7.15926,-8.86421,23.8506
106,-7.33148,-9.06911,24.0217
107,-7.50641,-9.26537,24.2195
108,-7.68285,-9.45051,24.4437
109,-7.85948,-9.62192,24.6936
110,-8.03483,-9.77689,24.968
111,-8.20734,-9.9127,25.2654
112,-8.37532,-10.0266,25.5838
113,-8.537,-10.1161,25.9207
114,-8.69051,-10.1786,26.2731
115,-8.83397,-10.212,26.6377
116,-8.96548,-10.2145,27.0105
117,-9.08316,-10.1847,27.3873
118,-9.18521,-10.1219,27.7636
119,-9.26996,-10.0258,28.1346
120,-9.3359,-9.89669,28.4954
121,-9.38173,-9.73581,28.8411
122,-9.40642,-9.54486,29.167
123,-9.40923,-9.32628,29.4686
124,-9.38975,-9.08306,29.742
125,-9.34793,-8.81873,29.9836
126,-9.28407,-8.5372,30.1905
127,-9.19884,-8.24268,30.3606
128,-9.09323,-7.93952,30.4922
129,-8.96859,-7.63209,30.5847
130,-8.82651,-7.32465,30.6379
131,-8.66887,-7.02123,30.6525
132,-8.49769,-6.72552,30.6296
133,-8.31518,-6.44083,30.571
134,-8.12359,-6.17002,30.4787
135,-7.92523,-5.91543,30.3551
136,-7.72238,-5.67896,30.203
137,-7.51727,-5.462,30.025
138,-7.31202,-5.26551,29.8241
139,-7.10861,-5.09005,29.603
140,-6.90889,-4.93582,29.3646
141,-6.71452,-4.8027,29.1113
142,-6.52699,-4.69037,28.8459
143,-6.3476,-4.59827,28.5705
144,-6.17747,-4.52573,28.2875
145,-6.01754,-4.47196,27.9988
146,-5.86859,-4.43615,27.7064
147,-5.73123,-4.41742,27.4118
148,-5.60596,-4.41494,27.1167
149,-5.49313,-4.42789,26.8226
150,-5.39298,-4.45549,26.5307
151,-5.30567,-4.49702,26.2423
152,-5.23126,-4.55185,25.9586
153,-5.16978,-4.61939,25.6806
154,-5.12116,-4.69912,25.4093
155,-5.08533,-4.79061,25.1458
156,-5.06218,-4.89348,24.8911
157,-5.05155,-5.00741,24.6459
158,-5.05329,-5.13212,24.4114
159,-5.06726,-5.26738,24.1885
160,-5.09326,-5.41298,23.978
161,-5.13114,-5.56875,23.7811
162,-5.18073,-5.7345,23.5986
163,-5.24184,-5.91004,23.4317
164,-5.31431,-6.09515,23.2813
165,-5.39795,-6.28958,23.1486
166,-5.49257,-6.493,23.0348
167,-5.59796,-6.70501,22.9409
168,-5.7139,-6.92513,22.8682
169,-5.84011,-7.15273,22.818
170,-5.97631,-7.38707,22.7914
171,-6.12214,-7.62722,22.7897
172,-6.27718,-7.87209,22.8141
173,-6.44094,-8.12037,22.8658
174,-6.61286,-8.37052,22.9459
175,-6.79223,-8.62077,23.0553
176,-6.97828,-8.8691,23.195
177,-7.17006,-9.1132,23.3655
178,-7.36652,-9.35053,23.5673
179,-7.56643,-9.57829,23.8004
180,-7.7684,-9.79344,24.0646
181,-7.97089,-9.99275,24.3591
182,-8.17218,-10.1729,24.6827
183,-8.37038,-10.3303,25.0338
184,-8.56347,-10.4617,25.4099
185,-8.74928,-10.5636,25.8081
186,-8.92556,-10.633,26.2247
187,-9.08998,-10.667,26.6557
188,-9.24019,-10.6634,27.0961
189,-9.37385,-10.6203,27.5406
190,-9.48875,-10.5369,27.9835
191,-9.58281,-10.4128,28.4189
192,-9.65417,-10.2487,28.8404
193,-9.70125,-10.0462,29.2421
194,-9.72281,-9.80775,29.618
195,-9.71802,-9.53665,29.9628
196,-9.68648,-9.237,30.2716
197,-9.62822,-8.9135,30.5402
198,-9.54378,-8.57137,30.7655
199,-9.43414,-8.21608,30.945
200,-9.30071,-7.85323,31.0776
201,-9.14531,-7.48834,31.1628
202,-8.97009,-7.12667,31.2011
203,-8.77748,-6.77307,31.1938
204,-8.57011,-6.43188,31.1431
205,-8.35077,-6.10683,31.0515
206,-8.12227,-5.80101,30.9221
207,-7.88745,-5.51683,30.7581
208,-7.64905,-5.25607,30.5632
209,-7.40971,-5.01988,30.3409
210,-7.17188,-4.80889,30.0946
211,-6.93783,-4.62323,29.828
212,-6.7096,-4.46264,29.5441
213,-6.489,-4.32653,29.246
214,-6.27759,-4.21409,28.9366
215,-6.0767,-4.1243,28.6185
216,-5.88744,-4.05605,28.2939
217,-5.71069,-4.00818,27.965
218,-5.54714,-3.9795,27.6337
219,-5.3973,-3.96885,27.3017
220,-5.26154,-3.97515,26.9705
221,-5.14008,-3.99736,26.6416
222,-5.03302,-4.03455,26.3162
223,-4.94037,-4.0859,25.9954
224,-4.86209,-4.15067,25.6804
225,-4.79804,-4.22825,25.3722
226,-4.74807,-4.31812,25.0716
227,-4.71199,-4.41985,24.7797
228,-4.68957,-4.53311,24.4972
229,-4.68062,-4.65764,24.2252
230,-4.68491,-4.79327,23.9646
231,-4.70222,-4.93986,23.7161
232,-4.73237,-5.09733,23.4808
233,-4.77515,-5.26563,23.2596
234,-4.83041,-5.44472,23.0536
235,-4.89797,-5.63458,22.8639
236,-4.97768,-5.83514,22.6914
237,-5.06941,-6.04633,22.5375
238,-5.17302,-6.26799,22.4034
239,-5.28836,-6.49991,22.2903
240,-5.41527,-6.74176,22.1997
241,-5.55359,-6.9931,22.133
242,-5.7031,-7.25333,22.0916
243,-5.86354,-7.52166,22.0772
244,-6.03461,-7.7971,22.0911
245,-6.2159,-8.07842,22.1351
246,-6.40693,-8.3641,22.2105
247,-6.60711,-8.65234,22.3189
248,-6.81571,-8.941,22.4615
249,-7.03185,-9.22761,22.6396
250,-7.25448,-9.50932,22.8539
251,-7.48237,-9.78293,23.1052
252,-7.71408,-10.0449,23.3937
253,-7.94795,-10.2914,23.7191
254,-8.1821,-10.5181,24.0805
255,-8.41442,-10.7209,24.4764
256,-8.64258,-10.8952,24.9047
257,-8.86407,-11.0366,25.3624
258,-9.07616,-11.1407,25.8454
259,-9.27601,-11.2036,26.3491
260,-9.46069,-11.2218,26.8679
261,-9.62726,-11.1926,27.3955
262,-9.77281,-11.1139,27.9247
263,-9.89459,-10.9849,28.4482
264,-9.99007,-10.8058,28.958
265,-10.0571,-10.5781,29.4463
266,-10.0938,-10.3044,29.9053
267,-10.0988,-9.98884,30.328
268,-10.0716,-9.63631,30.7077
269,-10.0118,-9.25282,31.0391
270,-9.92005,-8.84505,31.3177
271,-9.7973,-8.42012,31.5404
272,-9.64526,-7.98535,31.7056
273,-9.46614,-7.54795,31.8127
274,-9.26258,-7.11477,31.8625
275,-9.03764,-6.6921,31.857
276,-8.79462,-6.28548,31.7989
277,-8.53699,-5.8996,31.6919
278,-8.26832,-5.53824,31.54
279,-7.99214,-5.20424,31.3477
280,-7.71186,-4.89957,31.1195
281,-7.43073,-4.62536,30.8601
282,-7.15175,-4.38204,30.5739
283,-6.87765,-4.1694,30.2653
284,-6.61085,-3.98675,29.9381
285,-6.35348,-3.833,29.596
286,-6.1073,-3.70679,29.2424
287,-5.87382,-3.60658,28.88
288,-5.65421,-3.53072,28.5117
289,-5.44938,-3.47755,28.1396
290,-5.26002,-3.44542,27.7657
291,-5.08658,-3.43278,27.3919
292,-4.92932,-3.43816,27.0198
293,-4.78836,-3.46024,26.6505
294,-4.66367,-3.49782,26.2855
295,-4.55514,-3.54988,25.9257
296,-4.46254,-3.61553,25.5722
297,-4.38564,-3.69403,25.2258
298,-4.32412,-3.7848,24.8874
299,-4.27767,-3.88739,24.5579
300,-4.24595,-4.00145,24.238
301,-4.22866,-4.12677,23.9284
302,-4.22548,-4.26323,23.6301
303,-4.23612,-4.41081,23.3438
304,-4.26033,-4.56953,23.0703
305,-4.29789,-4.7395,22.8106
306,-4.3486,-4.92086,22.5656
307,-4.41229,-5.11378,22.3363
308,-4.48886,-5.31844,22.1238
309,-4.57818,-5.53501,21.9293
310,-4.6802,-5.76364,21.7539
311,-4.79485,-6.00442,21.5991
312,-4.9221,-6.25737,21.4662
313,-5.06189,-6.52242,21.3569
314,-5.21418,-6.79936,21.2728
315,-5.3789,-7.08781,21.2157
316,-5.55592,-7.38722,21.1873
317,-5.74509,-7.69677,21.1897
318,-5.94616,-8.01538,21.2248
319,-6.1588,-8.34166,21.2946
320,-6.38256,-8.67384,21.4012
321,-6.61683,-9.00974,21.5464
322,-6.86085,-9.34674,21.7322
323,-7.11365,-9.68174,21.9602
324,-7.37403,-10.0111,22.2316
325,-7.64054,-10.3308,22.5476
326,-7.91145,-10.6361,22.9084
327,-8.18474,-10.9219,23.314
328,-8.45806,-11.1828,23.7633
329,-8.72875,-11.413,24.2544
330,-8.99386,-11.6065,24.7844
331,-9.25014,-11.7573,25.3492
332,-9.4941,-11.8599,25.9436
333,-9.72205,-11.909,26.5611
334,-9.93021,-11.9002,27.194
335,-10.1148,-11.8301,27.8337
336,-10.2721,-11.6968,28.4705
337,-10.3986,-11.4996,29.0944
338,-10.4913,-11.2399,29.6949
339,-10.5476,-10.9205,30.2617
340,-10.5654,-10.5463,30.785
341,-10.5434,-10.1235,31.256
342,-10.4814,-9.65999,31.6672
343,-10.3794,-9.16464,32.0126
344,-10.2389,-8.64699,32.2881
345,-10.0619,-8.11687,32.4914
346,-9.85098,-7.58399,32.622
347,-9.60969,-7.0575,32.6814
348,-9.34191,-6.54571,32.6724
349,-9.05192,-6.05581,32.599
350,-8.74421,-5.59374,32.4666
351,-8.42335,-5.16411,32.2806
352,-8.09384,-4.77019,32.0474
353,-7.76002,-4.41401,31.773
354,-7.42594,-4.09648,31.4635
355,-7.0953,-3.81753,31.1247
356,-6.77142,-3.57632,30.7619
357,-6.45717,-3.37138,30.3801
358,-6.155,-3.20082,29.9835
359,-5.86694,-3.06243,29.576
360,-5.59457,-2.95385,29.1608
361,-5.33914,-2.87266,28.7409
362,-5.10152,-2.8165,28.3187
363,-4.88228,-2.78308,27.8962
364,-4.68174,-2.7703,27.4751
365,-4.49999,-2.77621,27.057
366,-4.33693,-2.7991,26.6431
367,-4.19232,-2.83746,26.2344
368,-4.06583,-2.89,25.8319
369,-3.95701,-2.95564,25.4364
370,-3.86539,-3.03351,25.0486
371,-3.79046,-3.12294,24.6692
372,-3.73171,-3.22342,24.2988
373,-3.68864,-3.33462,23.938
374,-3.66075,-3.45636,23.5875
375,-3.64762,-3.58856,23.2478
376,-3.64882,-3.73131,22.9196
377,-3.664,-3.88476,22.6035
378,-3.69288,-4.04917,22.3004
379,-3.73519,-4.22486,22.0108
380,-3.79076,-4.41222,21.7358
381,-3.85945,-4.61168,21.4762
382,-3.94119,-4.8237,21.2331
383,-4.03595,-5.04876,21.0075
384,-4.14376,-5.28731,20.8008
385,-4.26469,-5.53979,20.6142
386,-4.39882,-5.8066,20.4492
387,-4.54629,-6.08804,20.3076
388,-4.70722,-6.38432,20.1911
389,-4.88175,-6.69551,20.1017
390,-5.07001,-7.02149,20.0415
391,-5.27207,-7.36191,20.0128
392,-5.48797,-7.71617,20.0181
393,-5.71768,-8.0833,20.0599
394,-5.96103,-8.46196,20.141
395,-6.21774,-8.85034,20.264
396,-6.48736,-9.24608,20.4319
397,-6.76923,-9.64627,20.6473
398,-7.06242,-10.0473,20.9128
399,-7.36575,-10.4448,21.2306
400,-7.67766,-10.8338,21.6028
401,-7.99627,-11.2084,22.0304
402,-8.31924,-11.562,22.5141
403,-8.64383,-11.8874,23.0532
404,-8.96681,-12.1768,23.6462
405,-9.28452,-12.4219,24.2898
406,-9.59285,-12.6145,24.9794
407,-9.88729,-12.7465,25.7084
408,-10.163,-12.8104,26.4685
409,-10.4151,-12.7996,27.2498
410,-10.6383,-12.7093,28.0406
411,-10.8276,-12.5361,28.8278
412,-10.9785,-12.2794,29.5974
413,-11.0865,-11.9408,30.3353
414,-11.1483,-11.5247,31.0271
415,-11.1611,-11.0382,31.6596
416,-11.1233,-10.4906,32.221
417,-11.0346,-9.89341,32.7017
418,-10.8956,-9.25957,33.0944
419,-10.7082,-8.60273,33.3947
420,-10.4757,-7.93672,33.6009
421,-10.2019,-7.2748,33.7143
422,-9.89199,-6.6291,33.7382
423,-9.55129,-6.01019,33.6784
424,-9.18578,-5.42675,33.5418
425,-8.80152,-4.88543,33.3365
426,-8.40455,-4.39087,33.0712
427,-8.00067,-3.9458,32.7546
428,-7.59531,-3.55124,32.3952
429,-7.19341,-3.20677,32.0008
430,-6.79934,-2.91083,31.5788
431,-6.41686,-2.66096,31.1355
432,-6.0491,-2.45412,30.6766
433,-5.6986,-2.28688,30.2068
434,-5.36732,-2.15566,29.7301
435,-5.05666,-2.05685,29.25
436,-4.7676,-1.98697,28.769
437,-4.50066,-1.94274,28.2893
438,-4.25602,-1.92112,27.8128
439,-4.0336,-1.91939,27.3408
440,-3.83304,-1.93516,26.8743
441,-3.65382,-1.96634,26.4144
442,-3.49531,-2.01117,25.9617
443,-3.35674,-2.06817,25.5167
444,-3.23732,-2.13617,25.08
445,-3.13623,-2.21424,24.6519
446,-3.05265,-2.3017,24.2329
447,-2.98578,-2.39808,23.8233
448,-2.93487,-2.5031,23.4233
449,-2.8992,-2.61665,23.0334
450,-2.87816,-2.73879,22.6538
451,-2.87116,-2.8697,22.285
452,-2.87772,-3.00969,21.9273
453,-2.89743,-3.15917,21.5813
454,-2.92997,-3.31864,21.2473
455,-2.9751,-3.48871,20.9261
456,-3.03265,-3.67001,20.6181
457,-3.10256,-3.86329,20.3242
458,-3.18481,-4.06931,20.0451
459,-3.27949,-4.28887,19.7819
460,-3.38675,-4.52284,19.5356
461,-3.50679,-4.77204,19.3073
462,-3.6399,-5.03735,19.0984
463,-3.7864,-5.31958,18.9106
464,-3.94667,-5.61953,18.7455
465,-4.12111,-5.9379,18.605
466,-4.31017,-6.27531,18.4915
467,-4.51429,-6.63219,18.4072
468,-4.73389,-7.0088,18.3549
469,-4.9694,-7.40514,18.3376
470,-5.22115,-7.82085,18.3585
471,-5.48941,-8.25518,18.4211
472,-5.77433,-8.70687,18.5293
473,-6.07588,-9.17405,18.6869
474,-6.39384,-9.6541,18.898
475,-6.72772,-10.1436,19.1669
476,-7.07668,-10.6381,19.4975
477,-7.43953,-11.1322,19.8938
478,-7.81458,-11.6192,20.3592
479,-8.19962,-12.0912,20.8962
480,-8.59185,-12.5391,21.5065
481,-8.9878,-12.9526,22.1904
482,-9.3833,-13.3204,22.9464
483,-9.77348,-13.6305,23.7707
484,-10.1527,-13.8704,24.6574
485,-10.5148,-14.0278,25.5974
486,-10.853,-14.0915,26.5791
487,-11.1601,-14.0515,27.5876
488,-11.4288,-13.9005,28.6057
489,-11.6521,-13.6342,29.6139
490,-11.8231,-13.2523,30.5914
491,-11.9361,-12.7584,31.5169
492,-11.9862,-12.161,32.3698
493,-11.9702,-11.4725,33.1316
494,-11.8865,-10.7089,33.7865
495,-11.7351,-9.88933,34.3227
496,-11.5183,-9.03421,34.733
497,-11.2399,-8.16455,35.0145
498,-10.9053,-7.30058,35.1691
499,-10.5214,-6.46066,35.2025
500,-10.0959,-5.66049,35.1239
501,-9.63716,-4.91262,34.9446
502,-9.15384,-4.22619,34.6774
503,-8.65441,-3.60702,34.3357
504,-8.14697,-3.05787,33.9326
505,-7.63895,-2.57886,33.4806
506,-7.13702,-2.168,32.9909
507,-6.64691,-1.82167,32.4735
508,-6.17341,-1.53515,31.9367
509,-5.72039,-1.30303,31.3877
510,-5.29078,-1.11959,30.832
511,-4.88673,-0.979072,30.2742
512,-4.5096,-0.875934,29.7177
513,-4.16014,-0.804959,29.1652
514,-3.83855,-0.761374,28.6186
515,-3.54456,-0.740897,28.0793
516,-3.27756,-0.739763,27.5482
517,-3.03666,-0.754712,27.0261
518,-2.82078,-0.782974,26.5131
519,-2.62867,-0.822235,26.0098
520,-2.45904,-0.870597,25.516
521,-2.31053,-0.92654,25.0319
522,-2.1818,-0.988879,24.5575
523,-2.07152,-1.05673,24.0928
524,-1.97843,-1.12945,23.6376
525,-1.90134,-1.20665,23.1919
526,-1.83914,-1.28811,22.7558
527,-1.79081,-1.3738,22.3291
528,-1.75545,-1.4638,21.9118
529,-1.73223,-1.55837,21.504
530,-1.72046,-1.65782,21.1057
531,-1.71952,-1.7626,20.7168
532,-1.72892,-1.87322,20.3376
533,-1.74826,-1.9903,19.9682
534,-1.77725,-2.11449,19.6086
535,-1.81566,-2.24654,19.259
536,-1.8634,-2.38725,18.9199
537,-1.92044,-2.53749,18.5913
538,-1.98685,-2.6982,18.2738
539,-2.06277,-2.87036,17.9678
540,-2.14846,-3.05504,17.6737
541,-2.24421,-3.25335,17.3923
542,-2.35043,-3.46649,17.1243
543,-2.46759,-3.6957,16.8706
544,-2.59625,-3.94228,16.6323
545,-2.73702,-4.20758,16.4105
546,-2.8906,-4.49301,16.2067
547,-3.05777,-4.8,16.0226
548,-3.23934,-5.12998,15.86
549,-3.4362,-5.48438,15.7213
550,-3.64929,-5.86458,15.609
551,-3.87958,-6.27186,15.526
552,-4.12808,-6.70736,15.4758
553,-4.39577,-7.17199,15.4621
554,-4.68364,-7.66633,15.4894
555,-4.9926,-8.19053,15.5624
556,-5.32348,-8.74418,15.6866
557,-5.67693,-9.32612,15.868
558,-6.05342,-9.93423,16.113
559,-6.45309,-10.5653,16.4286
560,-6.8757,-11.2145,16.8219
561,-7.32051,-11.8757,17.3003
562,-7.78616,-12.5405,17.8709
563,-8.27052,-13.1984,18.5403
564,-8.77055,-13.8365,19.314
565,-9.28217,-14.4397,20.1957
566,-9.8001,-14.9903,21.1868
567,-10.3178,-15.4685,22.2851
568,-10.8274,-15.853,23.4845
569,-11.3196,-16.1219,24.774
570,-11.7842,-16.254,26.137
571,-12.2097,-16.2301,27.5509
572,-12.5842,-16.0348,28.988
573,-12.8959,-15.6586,30.4156
574,-13.1331,-15.0992,31.7977
575,-13.286,-14.3626,33.0973
576,-13.3461,-13.4639,34.2788
577,-13.3082,-12.4265,35.3104
578,-13.1696,-11.2808,36.1667
579,-12.9313,-10.0622,36.8308
580,-12.5977,-8.80833,37.2948
581,-12.1764,-7.55615,37.5603
582,-11.6775,-6.33955,37.6371
583,-11.1132,-5.18718,37.5419
584,-10.4969,-4.12127,37.296
585,-9.8427,-3.15712,36.9234
586,-9.16429,-2.30332,36.4487
587,-8.47466,-1.56252,35.8952
588,-7.78554,-0.932443,35.2843
589,-7.10717,-0.407132,34.6346
590,-6.4481,0.0219195,33.9614
591,-5.81517,0.364723,33.277
592,-5.21359,0.631946,32.5906
593,-4.64706,0.834265,31.9094
594,-4.1179,0.981898,31.238
595,-3.62732,1.08431,30.5798
596,-3.17551,1.15005,29.9366
597,-2.7619,1.18666,29.3095
598,-2.38531,1.20067,28.6987
599,-2.04409,1.19769,28.1042
600,-1.73625,1.18241,27.5254
601,-1.4596,1.15874,26.9619
602,-1.2118,1.12989,26.4129
603,-0.990465,1.09845,25.8778
604,-0.793228,1.06649,25.3558
605,-0.617759,1.03565,24.8464
606,-0.461817,1.00718,24.349
607,-0.323269,0.982059,23.863
608,-0.200104,0.960999,23.388
609,-0.0904454,0.94453,22.9235
610,0.00744837,0.933031,22.4692
611,0.0951835,0.926766,22.0247
612,0.174234,0.925921,21.5899
613,0.24595,0.930621,21.1643
614,0.31156,0.940961,20.7478
615,0.372186,0.957017,20.3402
616,0.42885,0.978865,19.9413
617,0.482485,1.00659,19.5509
618,0.533943,1.0403,19.1689
619,0.584008,1.08014,18.7952
620,0.633402,1.12628,18.4297
621,0.6828,1.17894,18.0723
622,0.732834,1.23837,17.7229
623,0.784103,1.30491,17.3815
624,0.837184,1.37893,17.0481
625,0.892637,1.46087,16.7227
626,0.951013,1.55122,16.4053
627,1.01286,1.65058,16.096
628,1.07874,1.75959,15.7949
629,1.14922,1.87897,15.5022
630,1.22489,2.00955,15.2181
631,1.30636,2.15223,14.9428
632,1.39429,2.308,14.6767
633,1.48934,2.47798,14.4203
634,1.59226,2.66336,14.1739
635,1.70383,2.86546,13.9384
636,1.82488,3.08572,13.7143
637,1.95631,3.32568,13.5027
638,2.09909,3.58701,13.3047
639,2.25425,3.87149,13.1216
640,2.42292,4.18102,12.955
641,2.60628,4.51761,12.8067
642,2.80562,4.88334,12.679
643,3.02229,5.28036,12.5745
644,3.25773,5.71086,12.4963
645,3.51343,6.17699,12.4481
646,3.79097,6.6808,12.434
647,4.09194,7.22416,12.459
648,4.41795,7.80862,12.5289
649,4.77059,8.43526,12.6502
650,5.15136,9.10446,12.8303
651,5.56163,9.81569,13.0779
652,6.0025,10.5671,13.4024
653,6.47473,11.3553,13.814
654,6.97861,12.1748,14.3241
655,7.51371,13.0174,14.9443
656,8.07876,13.8721,15.6864
657,8.67137,14.724,16.5618
658,9.28777,15.5543,17.5805
659,9.92257,16.3399,18.7499
660,10.5685,17.0534,20.0736
661,11.216,17.6632,21.5498
662,11.8536,18.1353,23.1694
663,12.4674,18.4339,24.9149
664,13.0413,18.5249,26.7583
665,13.5581,18.3784,28.6619
666,13.9992,17.9722,30.578
667,14.3467,17.2958,32.4514
668,14.5838,16.3529,34.2227
669,14.6964,15.163,35.8332
670,14.6745,13.7614,37.23
671,14.513,12.197,38.3711
672,14.2125,10.5276,39.2291
673,13.7791,8.8153,39.7938
674,13.2244,7.12041,40.0715
675,12.5642,5.49645,40.0833
676,11.8175,3.98652,39.8615
677,11.005,2.62137,39.4447
678,10.1477,1.41913,38.8744
679,9.2658,0.386483,38.1906
680,8.37765,-0.479332,37.4297
681,7.49932,-1.18808,36.6225
682,6.64415,-1.75417,35.7939
683,5.82272,-2.19457,34.963
684,5.0429,-2.52712,34.1436
685,4.31015,-2.76936,33.3448
686,3.62778,-2.93771,32.5724
687,2.99729,-3.04702,31.8294
688,2.41871,-3.11038,31.1167
689,1.89093,-3.13904,30.434
690,1.41193,-3.14255,29.7801
691,0.979066,-3.12886,29.1534
692,0.58926,-3.10453,28.5521
693,0.239161,-3.07487,27.9741
694,-0.0747192,-3.04418,27.4178
695,-0.3559,-3.01586,26.8815
696,-0.607855,-2.99261,26.3636
697,-0.833952,-2.97652,25.8629
698,-1.03741,-2.9692,25.3784
699,-1.22129,-2.97189,24.9091
700,-1.38845,-2.98553,24.4544
701,-1.54157,-3.01084,24.0137
702,-1.6831,-3.04838,23.5866
703,-1.81535,-3.09857,23.1728
704,-1.94042,-3.16178,22.7721
705,-2.06024,-3.23832,22.3846
706,-2.1766,-3.3285,22.0102
707,-2.29115,-3.43261,21.6491
708,-2.40538,-3.55097,21.3016
709,-2.52071,-3.68395,20.968
710,-2.63845,-3.83194,20.6488
711,-2.75981,-3.99538,20.3445
712,-2.88594,-4.17476,20.0558
713,-3.01792,-4.3706,19.7835
714,-3.15681,-4.58348,19.5286
715,-3.30358,-4.81399,19.2922
716,-3.4592,-5.06275,19.0754
717,-3.62459,-5.33037,18.8799
718,-3.80065,-5.61747,18.7072
719,-3.98824,-5.92457,18.5593
720,-4.18819,-6.25215,18.4382
721,-4.40129,-6.60055,18.3463
722,-4.62828,-6.96993,18.2863
723,-4.86983,-7.36024,18.2611
724,-5.12654,-7.77108,18.2738
725,-5.39888,-8.20172,18.3281
726,-5.68719,-8.6509,18.4276
727,-5.99164,-9.11678,18.5763
728,-6.31216,-9.59685,18.7784
729,-6.64841,-10.0877,19.0381
730,-6.99974,-10.5851,19.3596
731,-7.36506,-11.0837,19.7469
732,-7.74286,-11.5768,20.2035
733,-8.13106,-12.0567,20.7323
734,-8.52698,-12.5143,21.3353
735,-8.92729,-12.9393,22.013
736,-9.32792,-13.3205,22.7643
737,-9.72408,-13.6455,23.586
738,-10.1102,-13.9018,24.4724
739,-10.4802,-14.0767,25.4148
740,-10.8272,-14.1583,26.402
741,-11.144,-14.1364,27.4193
742,-11.4232,-14.0028,28.4497
743,-11.6575,-13.7526,29.4737
744,-11.84,-13.3845,30.47
745,-11.9645,-12.9018,31.4171
746,-12.026,-12.3121,32.2937
747,-12.0208,-11.6275,33.0806
748,-11.947,-10.864,33.761
749,-11.8045,-10.0404,34.3224
750,-11.5951,-9.17764,34.7566
751,-11.3225,-8.29712,35.0601
752,-10.9921,-7.41965,35.2342
753,-10.6105,-6.56431,35.2844
754,-10.1856,-5.74753,35.2193
755,-9.72577,-4.98254,35.0505
756,-9.23984,-4.27911,34.791
757,-8.73647,-3.64357,34.4542
758,-8.22394,-3.07906,34.0539
759,-7.70993,-2.58598,33.6026
760,-7.20129,-2.16249,33.1122
761,-6.70399,-1.80503,32.5928
762,-6.223,-1.50886,32.0531
763,-5.76234,-1.26849,31.5006
764,-5.32511,-1.07808,30.9411
765,-4.91355,-0.931754,30.3792
766,-4.52913,-0.823792,29.8185
767,-4.17265,-0.748833,29.2618
768,-3.84436,-0.701954,28.7111
769,-3.54403,-0.678735,28.1677
770,-3.27105,-0.67528,27.6327
771,-3.02454,-0.688216,27.1068
772,-2.80339,-0.71467,26.5902
773,-2.60636,-0.752239,26.0833
774,-2.43211,-0.798948,25.5861
775,-2.27926,-0.853208,25.0987
776,-2.14644,-0.913779,24.621
777,-2.03229,-0.979721,24.1531
778,-1.93551,-1.05036,23.6947
779,-1.85486,-1.12526,23.2459
780,-1.78922,-1.20417,22.8066
781,-1.73752,-1.28702,22.3767
782,-1.69882,-1.37389,21.9562
783,-1.67227,-1.46497,21.5452
784,-1.65713,-1.56059,21.1434
785,-1.65277,-1.66116,20.7512
786,-1.65865,-1.76716,20.3683
787,-1.67435,-1.87918,19.9951
788,-1.69952,-1.99787,19.6315
789,-1.73395,-2.12392,19.2778
790,-1.77749,-2.25814,18.9341
791,-1.83008,-2.40134,18.6008
792,-1.89177,-2.55445,18.2781
793,-1.96267,-2.71842,17.9665
794,-2.043,-2.89428,17.6663
795,-2.13304,-3.08314,17.3783
796,-2.23315,-3.28615,17.103
797,-2.3438,-3.50453,16.8412
798,-2.46549,-3.73958,16.5939
799,-2.59883,-3.99263,16.3622
800,-2.74448,-4.26509,16.1474
801,-2.90321,-4.5584,15.951
802,-3.0758,-4.87403,15.7747
803,-3.26315,-5.21346,15.6206
804,-3.46619,-5.57816,15.491
805,-3.68588,-5.96952,15.3886
806,-3.92326,-6.38886,15.3166
807,-4.17935,-6.83729,15.2785
808,-4.45519,-7.31571,15.2784
809,-4.75178,-7.82463,15.3208
810,-5.07005,-8.36411,15.411
811,-5.41084,-8.93357,15.5545
812,-5.77478,-9.53163,15.7578
813,-6.1623,-10.1559,16.0274
814,-6.57346,-10.8026,16.3708
815,-7.00793,-11.4667,16.7953
816,-7.46481,-12.141,17.3086
817,-7.94253,-12.8166,17.9179
818,-8.43868,-13.482,18.6299
819,-8.9499,-14.1234,19.4497
820,-9.47167,-14.7242,20.3806
821,-9.99826,-15.2656,21.4233
822,-10.5225,-15.7267,22.5745
823,-11.036,-16.0853,23.8266
824,-11.5289,-16.3187,25.1665
825,-11.9901,-16.4054,26.5754
826,-12.4079,-16.3266,28.0283
827,-12.7698,-16.0681,29.4948
828,-13.0636,-15.6222,30.9399
829,-13.2779,-14.9891,32.326
830,-13.4028,-14.1782,33.6148
831,-13.4309,-13.2081,34.7707
832,-13.3573,-12.1056,35.7628
833,-13.1807,-10.9043,36.5678
834,-12.9033,-9.64193,37.1714
835,-12.5308,-8.35753,37.5693
836,-12.072,-7.08847,37.7663
837,-11.5383,-5.86795,37.7757
838,-10.9426,-4.72318,37.6167
839,-10.2992,-3.67438,37.3129
840,-9.62239,-2.73455,36.8896
841,-8.92611,-1.90996,36.3718
842,-8.22324,-1.20111,35.7831
843,-7.52525,-0.603885,35.1445
844,-6.84195,-0.11084,34.4736
845,-6.18142,0.28763,33.785
846,-5.54997,0.60229,33.0899
847,-4.95226,0.844265,32.3969
848,-4.39149,1.02445,31.7121
849,-3.8695,1.15309,31.0396
850,-3.38705,1.23958,30.3819
851,-2.94398,1.29227,29.7407
852,-2.5394,1.31849,29.1163
853,-2.17184,1.32453,28.509
854,-1.83945,1.31574,27.9183
855,-1.54005,1.29656,27.3436
856,-1.27132,1.27069,26.7843
857,-1.03083,1.24113,26.2397
858,-0.816114,1.2103,25.7089
859,-0.624748,1.1801,25.1913
860,-0.454374,1.15204,24.6863
861,-0.302731,1.12728,24.1932
862,-0.167679,1.1067,23.7116
863,-0.0472088,1.09095,23.2409
864,0.060553,1.08052,22.7808
865,0.157339,1.07576,22.3309
866,0.244747,1.07692,21.8909
867,0.32424,1.08418,21.4604
868,0.397161,1.09769,21.0394
869,0.464735,1.11755,20.6275
870,0.528081,1.1439,20.2246
871,0.588225,1.17684,19.8306
872,0.646104,1.21652,19.4452
873,0.702585,1.26312,19.0684
874,0.758468,1.31684,18.7002
875,0.8145,1.37795,18.3404
876,0.871385,1.44675,17.989
877,0.929791,1.52362,17.6461
878,0.990361,1.60897,17.3115
879,1.05372,1.70332,16.9855
880,1.12049,1.80723,16.668
881,1.19128,1.92135,16.3593
882,1.26671,2.04641,16.0595
883,1.34743,2.18321,15.7689
884,1.43409,2.33267,15.4877
885,1.52738,2.49579,15.2164
886,1.62802,2.67365,14.9555
887,1.73677,2.86747,14.7055
888,1.85444,3.07854,14.4671
889,1.98189,3.3083,14.2413
890,2.12004,3.55827,14.029
891,2.26987,3.83008,13.8314
892,2.43244,4.12548,13.6501
893,2.60886,4.4463,13.4868
894,2.80034,4.79447,13.3434
895,3.00812,5.17195,13.2224
896,3.23356,5.58075,13.1267
897,3.47804,6.02287,13.0594
898,3.74301,6.50019,13.0246
899,4.02997,7.01447,13.0267
900,4.34041,7.56717,13.0708
901,4.67581,8.15937,13.1629
902,5.03758,8.79154,13.3097
903,5.427,9.46334,13.5189
904,5.84516,10.1734,13.7991
905,6.29284,10.9188,14.1595
906,6.77039,11.695,14.6104
907,7.27759,12.4953,15.1623
908,7.81346,13.31,15.8262
909,8.37608,14.1267,16.6126
910,8.96232,14.9291,17.5312
911,9.56766,15.6973,18.5895
912,10.1859,16.4073,19.7922
913,10.8089,17.0314,21.1394
914,11.4267,17.5391,22.6254
915,12.027,17.898,24.2369
916,12.5959,18.0759,25.9523
917,13.1176,18.0433,27.7406
918,13.5753,17.7765,29.5616
919,13.9522,17.2606,31.3675
920,14.2318,16.4928,33.1051
921,14.4,15.4837,34.7196
922,14.4455,14.2586,36.1592
923,14.3611,12.8561,37.3796
924,14.1446,11.3252,38.3479
925,13.7991,9.72131,39.0459
926,13.3325,8.10097,39.4705
927,12.7576,6.51735,39.6332
928,12.0903,5.016,39.5576
929,11.3491,3.63225,39.2755
930,10.5535,2.39011,38.8236
931,9.7228,1.30248,38.2394
932,8.87528,0.372557,37.5586
933,8.02738,-0.404312,36.813
934,7.19324,-1.03843,36.0292
935,6.38449,-1.54373,35.2287
936,5.61021,-1.93602,34.4276
937,4.87709,-2.23163,33.6375
938,4.18964,-2.44642,32.8664
939,3.55047,-2.59517,32.1191
940,2.96062,-2.69118,31.3979
941,2.41984,-2.74617,30.7039
942,1.92685,-2.77021,30.0366
943,1.47964,-2.77185,29.3952
944,1.07562,-2.75822,28.7783
945,0.711843,-2.7352,28.1842
946,0.38513,-2.70757,27.6114
947,0.0922005,-2.6792,27.0584
948,-0.170244,-2.65316,26.5237
949,-0.40545,-2.63188,26.0061
950,-0.616555,-2.61725,25.5045
951,-0.806561,-2.61073,25.0179
952,-0.978306,-2.61347,24.5457
953,-1.13445,-2.6263,24.087
954,-1.27747,-2.64991,23.6416
955,-1.40967,-2.68481,23.209
956,-1.53318,-2.73142,22.7889
957,-1.64995,-2.79009,22.3811
958,-1.76178,-2.86114,21.9857
959,-1.87035,-2.94489,21.6025
960,-1.97718,-3.04167,21.2318
961,-2.0837,-3.15182,20.8736
962,-2.19123,-3.27575,20.5283
963,-2.30101,-3.41391,20.1962
964,-2.41419,-3.56679,19.8777
965,-2.53188,-3.73494,19.5735
966,-2.65515,-3.919,19.2842
967,-2.78499,-4.11963,19.0105
968,-2.9224,-4.33757,18.7536
969,-3.06834,-4.57358,18.5143
970,-3.22376,-4.82848,18.2941
971,-3.38959,-5.10308,18.0944
972,-3.56676,-5.39821,17.9169
973,-3.75618,-5.71465,17.7635
974,-3.95875,-6.05315,17.6364
975,-4.17535,-6.41431,17.5382
976,-4.40682,-6.79862,17.4715
977,-4.65397,-7.20632,17.4396
978,-4.91752,-7.63738,17.4459
979,-5.19814,-8.09136,17.4942
980,-5.49632,-8.56736,17.5888
981,-5.81243,-9.06386,17.734
982,-6.14661,-9.5786,17.9347
983,-6.49873,-10.1084,18.1958
984,-6.86833,-10.6491,18.5224
985,-7.25452,-11.1953,18.9194
986,-7.65594,-11.7402,19.3914
987,-8.07063,-12.2757,19.9426
988,-8.49595,-12.7918,20.576
989,-8.92853,-13.2773,21.2934
990,-9.36415,-13.7193,22.0948
991,-9.79772,-14.104,22.9778
992,-10.2233,-14.4163,23.9372
993,-10.6339,-14.6413,24.9646
994,-11.0221,-14.7644,26.0479
995,-11.3796,-14.7723,27.1715
996,-11.6978,-14.6544,28.3161
997,-11.9681,-14.4036,29.4595
998,-12.1822,-14.017,30.5769
999,-12.3327,-13.4971,31.6429
1000,-12.4132,-12.8521,32.6321
1001,-12.4192,-12.0955,33.521
1002,-12.348,-11.2458,34.2896
1003,-12.199,-10.3253,34.9224
1004,-11.9742,-9.35887,35.4095
1005,-11.6777,-8.37218,35.747
1006,-11.3155,-7.39012,35.9365
1007,-10.8954,-6.43535,35.985
1008,-10.4266,-5.52721,35.9037
1009,-9.91892,-4.68101,35.7066
1010,-9.38245,-3.90771,35.4095
1011,-8.82726,-3.21404,35.0289
1012,-8.26287,-2.60287,34.581
1013,-7.69802,-2.07381,34.0806
1014,-7.14043,-1.62386,33.5412
1015,-6.59671,-1.24812,32.9744
1016,-6.07233,-0.940395,32.3898
1017,-5.57158,-0.693811,31.7953
1018,-5.09768,-0.501207,31.1971
1019,-4.65287,-0.355512,30.5999
1020,-4.23853,-0.249983,30.0072
1021,-3.85526,-0.178373,29.4215
1022,-3.50306,-0.13503,28.8446
1023,-3.18141,-0.114937,28.2775
1024,-2.8894,-0.113724,27.7209
1025,-2.62583,-0.12764,27.1753
1026,-2.38926,-0.15352,26.6406
1027,-2.17814,-0.188734,26.117
1028,-1.99083,-0.231134,25.6041
1029,-1.82565,-0.278998,25.1019
1030,-1.68095,-0.330978,24.6102
1031,-1.55513,-0.386048,24.1286
1032,-1.44664,-0.44346,23.6569
1033,-1.35402,-0.502699,23.1951
1034,-1.27594,-0.563451,22.7427
1035,-1.21113,-0.625565,22.2997
1036,-1.15847,-0.689034,21.8658
1037,-1.11692,-0.753962,21.4409
1038,-1.08559,-0.820556,21.025
1039,-1.06367,-0.889099,20.6177
1040,-1.05046,-0.959948,20.2191
1041,-1.04538,-1.03352,19.8291
1042,-1.04794,-1.11028,19.4476
1043,-1.05773,-1.19074,19.0745
1044,-1.07445,-1.27547,18.7098
1045,-1.09788,-1.36508,18.3535
1046,-1.12786,-1.46021,18.0056
1047,-1.16434,-1.56156,17.6662
1048,-1.20732,-1.66988,17.3354
1049,-1.25689,-1.78595,17.0132
1050,-1.31319,-1.91063,16.6998
1051,-1.37646,-2.04484,16.3954
1052,-1.44698,-2.18954,16.1004
1053,-1.5251,-2.34578,15.8149
1054,-1.61127,-2.51468,15.5395
1055,-1.70596,-2.69744,15.2745
1056,-1.80976,-2.89536,15.0207
1057,-1.92331,-3.1098,14.7788
1058,-2.04731,-3.34224,14.5495
1059,-2.18257,-3.59424,14.334
1060,-2.32995,-3.86746,14.1335
1061,-2.4904,-4.16365,13.9494
1062,-2.66496,-4.48464,13.7835
1063,-2.85472,-4.83233,13.6379
1064,-3.06089,-5.20865,13.5148
1065,-3.28471,-5.61555,13.4171
1066,-3.52751,-6.05497,13.3482
1067,-3.79066,-6.52873,13.3118
1068,-4.07559,-7.03847,13.3123
1069,-4.38371,-7.58558,13.3548
1070,-4.71642,-8.171,13.4452
1071,-5.07505,-8.79509,13.5901
1072,-5.4608,-9.45741,13.7969
1073,-5.87466,-10.1564,14.074
1074,-6.31732,-10.8893,14.4304
1075,-6.78905,-11.6512,14.876
1076,-7.28955,-12.4356,15.4209
1077,-7.81777,-13.2328,16.0756
1078,-8.37173,-14.0307,16.8501
1079,-8.94829,-14.8132,17.7536
1080,-9.54295,-15.561,18.793
1081,-10.1496,-16.2509,19.9725
1082,-10.7603,-16.8561,21.292
1083,-11.3651,-17.3472,22.7453
1084,-11.9524,-17.6931,24.3196
1085,-12.5084,-17.8631,25.9935
1086,-13.0181,-17.8292,27.7371
1087,-13.4652,-17.5687,29.5118
1088,-13.8334,-17.0677,31.2716
1089,-14.1071,-16.3234,32.9655
1090,-14.2725,-15.346,34.5411
1091,-14.3188,-14.1595,35.9487
1092,-14.2391,-12.8006,37.1455
1093,-14.0312,-11.3159,38.0998
1094,-13.6978,-9.75825,38.7933
1095,-13.2466,-8.18174,39.2225
1096,-12.6894,-6.63751,39.3975
1097,-12.0418,-5.16968,39.34
1098,-11.3212,-3.81282,39.08
1099,-10.5464,-2.59081,38.6521
1100,-9.73619,-1.51695,38.0922
1101,-8.90824,-0.59518,37.4348
1102,-8.07859,0.178189,36.7104
1103,-7.26112,0.812445,35.9454
1104,-6.46729,1.32054,35.1608
1105,-5.70616,1.71742,34.3728
1106,-4.98445,2.01868,33.5932
1107,-4.30675,2.23959,32.83
1108,-3.67582,2.39449,32.0883
1109,-3.09285,2.49635,31.371
1110,-2.55776,2.55665,30.6792
1111,-2.06946,2.58533,30.0129
1112,-1.62608,2.59084,29.3714
1113,-1.22519,2.58026,28.7534
1114,-0.864003,2.55946,28.1575
1115,-0.53946,2.53323,27.5824
1116,-0.2484,2.50544,27.0264
1117,0.0123699,2.4792,26.4884
1118,0.246004,2.45696,25.9671
1119,0.45556,2.44063,25.4615
1120,0.643968,2.43171,24.9706
1121,0.814005,2.43134,24.4938
1122,0.968276,2.44042,24.0303
1123,1.10921,2.45961,23.5797
1124,1.23908,2.48944,23.1416
1125,1.35996,2.53035,22.7156
1126,1.47377,2.58268,22.3017
1127,1.5823,2.64676,21.8997
1128,1.68719,2.7229,21.5095
1129,1.78993,2.81143,21.1312
1130,1.89193,2.91269,20.7649
1131,1.9945,3.02708,20.4109
1132,2.09884,3.15504,20.0693
1133,2.20611,3.29706,19.7407
1134,2.31739,3.45371,19.4254
1135,2.43371,3.62562,19.124
1136,2.5561,3.81348,18.8371
1137,2.68551,4.01804,18.5657
1138,2.82292,4.24011,18.3107
1139,2.96926,4.48057,18.0731
1140,3.12549,4.74032,17.8543
1141,3.29254,5.02029,17.6558
1142,3.47135,5.3214,17.4793
1143,3.66287,5.64458,17.3267
1144,3.86801,5.99068,17.2005
1145,4.0877,6.36045,17.1031
1146,4.32285,6.75451,17.0374
1147,4.57431,7.17324,17.0067
1148,4.84289,7.61675,17.0147
1149,5.12931,8.08475,17.0653
1150,5.43416,8.57645,17.163
1151,5.75788,9.09044,17.3125
1152,6.1007,9.62451,17.519
1153,6.46257,10.1756,17.7879
1154,6.8431,10.7393,18.1246
1155,7.24146,11.3103,18.5345
1156,7.65632,11.8814,19.0229
1157,8.08571,12.4441,19.5944
1158,8.52698,12.9881,20.2525
1159,8.97663,13.5013,20.9997
1160,9.4303,13.97,21.8362
1161,9.88264,14.3792,22.7599
1162,10.3273,14.7127,23.7656
1163,10.7571,14.9541,24.8446
1164,11.1639,15.0873,25.9842
1165,11.5388,15.0979,27.1676
1166,11.8726,14.9741,28.3742
1167,12.156,14.7077,29.5797
1168,12.38,14.2957,30.7575
1169,12.5366,13.7409,31.8797
1170,12.6189,13.0522,32.9187
1171,12.6219,12.2445,33.8491
1172,12.5429,11.3384,34.6493
1173,12.3813,10.3585,35.3029
1174,12.1394,9.33218,35.7999
1175,11.8218,8.28744,36.1366
1176,11.4352,7.2513,36.3158
1177,10.9881,6.24809,36.346
1178,10.4906,5.29829,36.24
1179,9.95332,4.41776,36.0137
1180,9.38717,3.61755,35.6849
1181,8.8029,2.90402,35.2715
1182,8.21063,2.27937,34.7909
1183,7.61953,1.74235,34.2592
1184,7.03767,1.28899,33.6904
1185,6.47186,0.913419,33.0967
1186,5.92762,0.608525,32.4877
1187,5.40927,0.366588,31.8716
1188,4.91995,0.17973,31.2543
1189,4.46177,0.0402753,30.6404
1190,4.03591,-0.0590106,30.0332
1191,3.64281,-0.12476,29.4349
1192,3.28223,-0.162923,28.8471
1193,2.95346,-0.178734,28.2706
1194,2.65536,-0.176725,27.7058
1195,2.38653,-0.160755,27.1529
1196,2.14534,-0.134061,26.612
1197,1.93006,-0.0993217,26.0826
1198,1.73886,-0.0587112,25.5647
1199,1.56994,-0.0139677,25.0579
1200,1.42149,0.0335509,24.5619
1201,1.29178,0.0828111,24.0763
1202,1.17916,0.133055,23.6008
1203,1.08206,0.183754,23.1353
1204,0.999033,0.234574,22.6793
1205,0.928742,0.285337,22.2327
1206,0.869965,0.335997,21.7952
1207,0.8216,0.38661,21.3667
1208,0.782657,0.437323,20.9469
1209,0.752259,0.488349,20.5356
1210,0.729636,0.539958,20.1327
1211,0.714117,0.592467,19.7381
1212,0.70513,0.646231,19.3516
1213,0.702191,0.701641,18.9731
1214,0.704901,0.759114,18.6025
1215,0.71294,0.819098,18.2397
1216,0.726063,0.882065,17.8846
1217,0.744093,0.948516,17.5371
1218,0.766921,1.01898,17.1972
1219,0.7945,1.09403,16.8648
1220,0.826841,1.17425,16.54
1221,0.864013,1.26027,16.2227
1222,0.906144,1.35279,15.9129
1223,0.953412,1.45252,15.6107
1224,1.00605,1.56025,15.3162
1225,1.06436,1.67682,15.0295
1226,1.12867,1.80313,14.7508
1227,1.19939,1.94018,14.4802
1228,1.27699,2.08901,14.2182
1229,1.36198,2.25078,13.965
1230,1.45496,2.42673,13.7211
1231,1.55657,2.61822,13.487
1232,1.66754,2.82668,13.2633
1233,1.78868,3.0537,13.051
1234,1.92085,3.30097,12.8509
1235,2.06503,3.57029,12.6642
1236,2.22227,3.86361,12.4923
1237,2.3937,4.18297,12.3368
1238,2.58055,4.53055,12.1998
1239,2.78415,4.90859,12.0835
1240,3.00592,5.31944,11.9908
1241,3.24737,5.76544,11.9249
1242,3.51008,6.24893,11.8896
1243,3.7957,6.77215,11.8896
1244,4.10594,7.33713,11.93
1245,4.44251,7.94555,12.0171
1246,4.8071,8.59858,12.1578
1247,5.20132,9.29666,12.3603
1248,5.62662,10.0392,12.6338
1249,6.08418,10.8241,12.9883
1250,6.5748,11.6478,13.4353
1251,7.09874,12.5039,13.9867
1252,7.65553,13.3837,14.6553
1253,8.24371,14.2747,15.4539
1254,8.8606,15.1606,16.3945
1255,9.50202,16.0204,17.4879
1256,10.1619,16.8285,18.7415
1257,10.8323,17.5546,20.1585
1258,11.5025,18.1641,21.736
1259,12.1599,18.6196,23.4625
1260,12.789,18.8826,25.3168
1261,13.3725,18.9168,27.2669
1262,13.8913,18.6914,29.2691
1263,14.3259,18.1853,31.2697
1264,14.657,17.3909,33.2074
1265,14.8674,16.3169,35.0178
1266,14.9429,14.9896,36.6387
1267,14.8745,13.4523,38.016
1268,14.6583,11.7616,39.1091
1269,14.297,9.98273,39.8951
1270,13.7993,8.18283,40.3695
1271,13.1792,6.42509,40.5459
1272,12.4552,4.76347,40.4527
1273,11.6483,3.2393,40.1285
1274,10.7809,1.87996,39.6173
1275,9.87534,0.699331,38.9638
1276,8.95235,-0.300433,38.2101
1277,8.03055,-1.12633,37.3928
1278,7.12576,-1.79178,36.5425
1279,6.25081,-2.31412,35.6826
1280,5.41558,-2.71244,34.8307
1281,4.62714,-3.00605,33.9988
1282,3.8901,-3.21337,33.1945
1283,3.20696,-3.35124,32.4219
1284,2.57845,-3.43462,31.6829
1285,2.00392,-3.47646,30.9773
1286,1.48165,-3.48777,30.3039
1287,1.00909,-3.47776,29.6611
1288,0.583177,-3.45402,29.0466
1289,0.200462,-3.42274,28.4582
1290,-0.142696,-3.38888,27.8938
1291,-0.450017,-3.35643,27.3515
1292,-0.725202,-3.32851,26.8294
1293,-0.971861,-3.30755,26.3261
1294,-1.19347,-3.29544,25.8403
1295,-1.39332,-3.29361,25.3709
1296,-1.57453,-3.30315,24.917
1297,-1.73998,-3.32487,24.478
1298,-1.89237,-3.35939,24.0534
1299,-2.03418,-3.40719,23.6429
1300,-2.1677,-3.46862,23.2463
1301,-2.29503,-3.544,22.8634
1302,-2.41811,-3.6336,22.4944
1303,-2.53869,-3.73768,22.1395
1304,-2.65842,-3.8565,21.7988
1305,-2.77879,-3.99036,21.4727
1306,-2.90118,-4.13956,21.1618
1307,-3.02688,-4.30446,20.8666
1308,-3.15708,-4.48544,20.588
1309,-3.29291,-4.6829,20.3267
1310,-3.43542,-4.89728,20.0837
1311,-3.58561,-5.12903,19.8602
1312,-3.74441,-5.37857,19.6576
1313,-3.91273,-5.64634,19.4772
1314,-4.09141,-5.9327,19.3209
1315,-4.28125,-6.23796,19.1905
1316,-4.48299,-6.56229,19.0882
1317,-4.69732,-6.90573,19.0162
1318,-4.92486,-7.26807,18.9772
1319,-5.16612,-7.64888,18.974
1320,-5.42153,-8.04736,19.0096
1321,-5.69136,-8.46229,19.0873
1322,-5.97572,-8.89196,19.2105
1323,-6.27454,-9.33404,19.3828
1324,-6.58747,-9.78553,19.6077
1325,-6.91389,-10.2426,19.8889
1326,-7.25282,-10.7005,20.2296
1327,-7.6029,-11.1537,20.6328
1328,-7.96228,-11.5953,21.1009
1329,-8.32863,-12.0177,21.6356
1330,-8.69902,-12.412,22.2373
1331,-9.06995,-12.7687,22.905
1332,-9.43728,-13.0773,23.6361
1333,-9.79627,-13.3272,24.4259
1334,-10.1416,-13.5075,25.2675
1335,-10.4674,-13.608,26.1514
1336,-10.7676,-13.6195,27.0659
1337,-11.0357,-13.5347,27.9967
1338,-11.2653,-13.3484,28.9276
1339,-11.4503,-13.0586,29.8409
1340,-11.5852,-12.6667,30.7182
1341,-11.6652,-12.1777,31.5411
1342,-11.6867,-11.6005,32.2922
1343,-11.6474,-10.947,32.9561
1344,-11.5466,-10.2324,33.5204
1345,-11.3851,-9.47346,33.9759
1346,-11.1654,-8.68827,34.3174
1347,-10.8913,-7.89491,34.5435
1348,-10.568,-7.11051,34.6567
1349,-10.202,-6.35051,34.6625
1350,-9.80019,-5.62801,34.5691
1351,-9.37011,-4.95338,34.3864
1352,-8.91939,-4.33416,34.1257
1353,-8.45551,-3.7751,33.7984
1354,-7.98559,-3.27844,33.4159
1355,-7.51615,-2.84425,32.9888
1356,-7.05302,-2.47081,32.5269
1357,-6.60125,-2.15506,32.0389
1358,-6.16506,-1.89301,31.5322
1359,-5.74785,-1.68008,31.0129
1360,-5.35226,-1.51141,30.4863
1361,-4.9802,-1.38209,29.9565
1362,-4.63296,-1.28734,29.4267
1363,-4.31123,-1.2227,28.8995
1364,-4.01526,-1.18403,28.3767
1365,-3.74487,-1.1676,27.8599
1366,-3.4996,-1.17015,27.3501
1367,-3.27871,-1.18881,26.848
1368,-3.08129,-1.22117,26.3542
1369,-2.90632,-1.2652,25.8692
1370,-2.75269,-1.31923,25.3931
1371,-2.61925,-1.38195,24.9261
1372,-2.50485,-1.45232,24.4685
1373,-2.40838,-1.52961,24.0202
1374,-2.32875,-1.61329,23.5814
1375,-2.26496,-1.70307,23.1521
1376,-2.21607,-1.79883,22.7325
1377,-2.18124,-1.9006,22.3226
1378,-2.15971,-2.00857,21.9225
1379,-2.15081,-2.12306,21.5325
1380,-2.15399,-2.24448,21.1526
1381,-2.16877,-2.37334,20.7831
1382,-2.1948,-2.51026,20.4243
1383,-2.23179,-2.65592,20.0765
1384,-2.27958,-2.81108,19.7399
1385,-2.33808,-2.97658,19.4152
1386,-2.4073,-3.1533,19.1027
1387,-2.48732,-3.34221,18.8031
1388,-2.57835,-3.54431,18.5171
1389,-2.68062,-3.76069,18.2455
1390,-2.79449,-3.99244,17.9892
1391,-2.92036,-4.24073,17.7495
1392,-3.05873,-4.50673,17.5274
1393,-3.21016,-4.79165,17.3246
1394,-3.37525,-5.09669,17.1427
1395,-3.55468,-5.42303,16.9836
1396,-3.74916,-5.77179,16.8497
1397,-3.95946,-6.144,16.7433
1398,-4.18633,-6.54058,16.6675
1399,-4.43056,-6.96222,16.6254
1400,-4.69291,-7.40935,16.6207
1401,-4.97408,-7.88203,16.6574
1402,-5.27469,-8.37986,16.7401
1403,-5.59525,-8.90183,16.8735
1404,-5.93608,-9.4462,17.0631
1405,-6.29725,-10.0103,17.3144
1406,-6.67855,-10.5903,17.6333
1407,-7.07933,-11.1813,18.0256
1408,-7.49847,-11.7765,18.4972
1409,-7.93425,-12.3678,19.0535
1410,-8.38424,-12.9451,19.699
1411,-8.8452,-13.4966,20.4371
1412,-9.31296,-14.0082,21.2693
1413,-9.78235,-14.4646,22.1947
1414,-10.2472,-14.8489,23.2096
1415,-10.7001,-15.1435,24.3064
1416,-11.1329,-15.3307,25.4735
1417,-11.5365,-15.3942,26.6949
1418,-11.9012,-15.3198,27.9501
1419,-12.2169,-15.097,29.2145
1420,-12.474,-14.7202,30.4606
1421,-12.6633,-14.1899,31.6584
1422,-12.7769,-13.5134,32.7782
1423,-12.8089,-12.7044,33.7915
1424,-12.7552,-11.7833,34.6736
1425,-12.6145,-10.7754,35.405
1426,-12.3883,-9.70959,35.9728
1427,-12.0806,-8.61599,36.3711
1428,-11.6979,-7.5243,36.6013
1429,-11.249,-6.46165,36.671
1430,-10.7441,-5.45123,36.5932
1431,-10.1943,-4.51133,36.3846
1432,-9.61138,-3.65494,36.0641
1433,-9.0068,-2.88986,35.6511
1434,-8.3915,-2.21922,35.1648
1435,-7.77549,-1.64216,34.6226
1436,-7.16756,-1.15477,34.0401
1437,-6.5752,-0.750883,33.4305
1438,-6.00451,-0.422927,32.8048
1439,-5.46025,-0.162571,32.1716
1440,-4.94594,0.0387256,31.5376
1441,-4.46393,0.189311,30.9077
1442,-4.01559,0.29706,30.2854
1443,-3.60144,0.369201,29.6731
1444,-3.2213,0.412216,29.0722
1445,-2.87441,0.431809,28.4838
1446,-2.5596,0.432913,27.9081
1447,-2.27537,0.419732,27.3453
1448,-2.01998,0.395795,26.7951
1449,-1.79157,0.364019,26.2574
1450,-1.58821,0.326784,25.7317
1451,-1.40792,0.285996,25.2176
1452,-1.24879,0.243155,24.7148
1453,-1.10892,0.199416,24.2228
1454,-0.986538,0.15564,23.7413
1455,-0.879942,0.112447,23.27
1456,-0.787554,0.0702589,22.8085
1457,-0.707913,0.029332,22.3564
1458,-0.639679,-0.0102072,21.9137
1459,-0.581632,-0.0483369,21.4799
1460,-0.532672,-0.0851175,21.055
1461,-0.491811,-0.120673,20.6386
1462,-0.45817,-0.155177,20.2306
1463,-0.43097,-0.188839,19.8307
1464,-0.409531,-0.221897,19.4389
1465,-0.39326,-0.254611,19.0549
1466,-0.381644,-0.287253,18.6787
1467,-0.374249,-0.320111,18.3099
1468,-0.370706,-0.353481,17.9486
1469,-0.370713,-0.387666,17.5946
1470,-0.374024,-0.422982,17.2477
1471,-0.380449,-0.459748,16.9078
1472,-0.389845,-0.4983,16.5748
1473,-0.402115,-0.538981,16.2486
1474,-0.417207,-0.582151,15.9292
1475,-0.435106,-0.628187,15.6163
1476,-0.455837,-0.677488,15.31
1477,-0.479462,-0.730474,15.0101
1478,-0.506078,-0.787597,14.7165
1479,-0.535816,-0.849338,14.4294
1480,-0.568844,-0.916217,14.1485
1481,-0.605364,-0.988796,13.8738
1482,-0.645616,-1.06768,13.6055
1483,-0.689876,-1.15354,13.3434
1484,-0.738461,-1.24709,13.0877
1485,-0.791728,-1.34911,12.8384
1486,-0.85008,-1.46048,12.5956
1487,-0.913967,-1.58213,12.3594
1488,-0.983889,-1.7151,12.1302
1489,-1.0604,-1.86051,11.9081
1490,-1.14413,-2.0196,11.6934
1491,-1.23574,-2.19372,11.4867
1492,-1.33599,-2.38436,11.2884
1493,-1.4457,-2.59313,11.0991
1494,-1.56579,-2.82178,10.9197
1495,-1.69725,-3.07224,10.751
1496,-1.84117,-3.34657,10.5943
1497,-1.99874,-3.64702,10.451
1498,-2.17127,-3.97598,10.3227
1499,-2.36017,-4.33602,10.2115
1500,-2.56697,-4.72987,10.1198
1501,-2.79332,-5.16035,10.0506
1502,-3.04099,-5.63042,10.0074
1503,-3.31185,-6.14304,9.99426
1504,-3.6079,-6.70117,10.0163
1505,-3.93121,-7.30758,10.0793
1506,-4.28389,-7.96478,10.1902
1507,-4.66809,-8.67475,10.357
1508,-5.0859,-9.43872,10.5891
1509,-5.53928,-10.2568,10.8973
1510,-6.02992,-11.1275,11.2938
1511,-6.55915,-12.0474,11.7923
1512,-7.12769,-13.0101,12.4078
1513,-7.73544,-14.006,13.1561
1514,-8.38118,-15.021,14.0538
1515,-9.06223,-16.036,15.117
1516,-9.77407,-17.0259,16.36
1517,-10.5099,-17.9593,17.7938
1518,-11.2603,-18.7984,19.4239
1519,-12.0129,-19.4993,21.2479
1520,-12.7519,-20.0142,23.2523
1521,-13.4585,-20.2935,25.4108
1522,-14.1112,-20.2905,27.6819
1523,-14.6862,-19.9664,30.0086
1524,-15.1591,-19.2956,32.3207
1525,-15.506,-18.272,34.5382
1526,-15.7059,-16.9122,36.5783
1527,-15.7428,-15.2567,38.3633
1528,-15.6067,-13.3681,39.8291
1529,-15.2957,-11.3253,40.9323
1530,-14.816,-9.21482,41.6546
1531,-14.1813,-7.12232,42.0031
1532,-13.4119,-5.12379,42.0077
1533,-12.5325,-3.27957,41.7148
1534,-11.5706,-1.6312,41.1808
1535,-10.5538,-0.201301,40.4646
1536,-9.50854,1.00433,39.6225
1537,-8.45861,1.99317,38.7038
1538,-7.42433,2.782,37.7491
1539,-6.42219,3.39318,36.7896
1540,-5.46485,3.85154,35.8478
1541,-4.56137,4.18208,34.9386
1542,-3.71764,4.40843,34.0708
1543,-2.93682,4.55199,33.2488
1544,-2.21988,4.63147,32.4734
1545,-1.56604,4.66285,31.7435
1546,-0.973217,4.65951,31.0566
1547,-0.438351,4.63246,30.4094
1548,0.0422642,4.59065,29.7985
1549,0.472746,4.54126,29.2202
1550,0.85743,4.48997,28.6716
1551,1.20072,4.44125,28.1495
1552,1.50697,4.39856,27.6514
1553,1.78042,4.36455,27.1753
1554,2.02511,4.3412,26.7193
1555,2.24487,4.33001,26.2819
1556,2.44329,4.33204,25.8621
1557,2.62369,4.34805,25.4589
1558,2.78914,4.37856,25.0717
1559,2.94247,4.42392,24.7002
1560,3.08625,4.48433,24.344
1561,3.22283,4.55992,24.0032
1562,3.35435,4.65076,23.6779
1563,3.48273,4.75687,23.3682
1564,3.60973,4.87825,23.0746
1565,3.73693,5.01489,22.7976
1566,3.86577,5.16676,22.5378
1567,3.99754,5.33386,22.2958
1568,4.1334,5.51612,22.0727
1569,4.27442,5.71351,21.8693
1570,4.42152,5.92592,21.6867
1571,4.57556,6.15322,21.5263
1572,4.73728,6.39519,21.3892
1573,4.90734,6.65154,21.2771
1574,5.08629,6.92182,21.1915
1575,5.27458,7.20547,21.1342
1576,5.47257,7.50171,21.1069
1577,5.68047,7.80952,21.1116
1578,5.89838,8.12762,21.1504
1579,6.12627,8.45441,21.2251
1580,6.36391,8.7879,21.3379
1581,6.6109,9.12572,21.4907
1582,6.86663,9.465,21.6855
1583,7.13025,9.80241,21.9237
1584,7.40065,10.1341,22.2068
1585,7.67642,10.4557,22.5356
1586,7.95587,10.7622,22.9106
1587,8.23695,11.0484,23.3314
1588,8.5173,11.3084,23.7969
1589,8.7942,11.5361,24.305
1590,9.06462,11.7255,24.8525
1591,9.32521,11.8702,25.435
1592,9.57239,11.9646,26.0468
1593,9.80236,12.0032,26.6812
1594,10.0113,11.9818,27.3299
1595,10.1952,11.8969,27.9838
1596,10.3504,11.7468,28.6329
1597,10.4733,11.5312,29.2666
1598,10.561,11.2517,29.874
1599,10.6107,10.9118,30.4447
1600,10.6207,10.5167,30.9687
1601,10.5897,10.0734,31.4371
1602,10.5175,9.59024,31.8425
1603,10.4046,9.07659,32.1791
1604,10.2525,8.54247,32.4431
1605,10.0635,7.99806,32.6327
1606,9.84053,7.45331,32.7479
1607,9.58734,6.91751,32.7906
1608,9.30802,6.39897,32.7641
1609,9.00706,5.9048,32.673
1610,8.68914,5.44077,32.5228
1611,8.35895,5.01122,32.3197
1612,8.0211,4.61916,32.0699
1613,7.67998,4.26631,31.78
1614,7.33967,3.95326,31.456
1615,7.00386,3.67966,31.1039
1616,6.67585,3.4444,30.729
1617,6.35844,3.24576,30.3362
1618,6.05403,3.08163,29.9297
1619,5.76454,2.94966,29.5133
1620,5.49149,2.84733,29.0902
1621,5.23602,2.77214,28.6632
1622,4.99892,2.72164,28.2347
1623,4.78068,2.6935,27.8066
1624,4.58152,2.68558,27.3805
1625,4.40147,2.69594,26.9579
1626,4.24034,2.72286,26.5399
1627,4.09785,2.76485,26.1275
1628,3.97359,2.82065,25.7216
1629,3.86709,2.8892,25.323
1630,3.77784,2.96966,24.9324
1631,3.70528,3.0614,24.5503
1632,3.64888,3.16395,24.1774
1633,3.60812,3.27701,23.8143
1634,3.5825,3.40043,23.4615
1635,3.57156,3.5342,23.1197
1636,3.5749,3.6784,22.7894
1637,3.59215,3.83326,22.4713
1638,3.62303,3.99905,22.1662
1639,3.66729,4.17613,21.8747
1640,3.72475,4.36493,21.5978
1641,3.7953,4.56593,21.3363
1642,3.87886,4.7796,21.0913
1643,3.97545,5.00646,20.8638
1644,4.08509,5.24702,20.6552
1645,4.20787,5.50176,20.4668
1646,4.34391,5.7711,20.3001
1647,4.49336,6.05539,20.1568
1648,4.65637,6.3549,20.0386
1649,4.83312,6.66973,19.9477
1650,5.02374,6.9998,19.8862
1651,5.22836,7.34482,19.8564
1652,5.44704,7.70421,19.8608
1653,5.67978,8.07706,19.9022
1654,5.92644,8.46204,19.9832
1655,6.18678,8.85736,20.1068
1656,6.46038,9.26068,20.2759
1657,6.74659,9.66907,20.4933
1658,7.04453,10.0789,20.7617
1659,7.35301,10.4857,21.0836
1660,7.6705,10.8844,21.4609
1661,7.99509,11.2691,21.8953
1662,8.32444,11.6328,22.3871
1663,8.65576,11.9683,22.9362
1664,8.98577,12.2673,23.5408
1665,9.31074,12.5214,24.1979
1666,9.62644,12.722,24.9027
1667,9.92824,12.8606,25.6486
1668,10.2112,12.9292,26.4273
1669,10.4701,12.9211,27.2282
1670,10.6996,12.8309,28.0396
1671,10.8946,12.6553,28.8477
1672,11.0502,12.3932,29.6382
1673,11.1619,12.0464,30.3961
1674,11.226,11.6194,31.1067
1675,11.2398,11.1194,31.7562
1676,11.2015,10.5562,32.3323
1677,11.1108,9.94194,32.8249
1678,10.9682,9.28991,33.2266
1679,10.776,8.61445,33.5327
1680,10.5372,7.92996,33.7418
1681,10.2561,7.25024,33.8551
1682,9.93784,6.58789,33.8764
1683,9.58812,5.95383,33.8117
1684,9.21307,5.35698,33.6684
1685,8.81901,4.80413,33.455
1686,8.41215,4.29995,33.1806
1687,7.99851,3.84711,32.8542
1688,7.58366,3.44651,32.4847
1689,7.17267,3.09756,32.0802
1690,6.77002,2.79848,31.6482
1691,6.37953,2.54662,31.1952
1692,6.00439,2.33871,30.727
1693,5.64714,2.17111,30.2485
1694,5.30974,2.04007,29.7635
1695,4.99359,1.94179,29.2756
1696,4.69961,1.87266,28.7873
1697,4.4283,1.82925,28.3007
1698,4.17979,1.80845,27.8177
1699,3.95394,1.80744,27.3396
1700,3.75033,1.82375,26.8674
1701,3.5684,1.85526,26.4019
1702,3.40745,1.90015,25.9439
1703,3.26667,1.95693,25.4938
1704,3.14521,2.02439,25.0521
1705,3.04221,2.1016,24.6192
1706,2.95681,2.18787,24.1954
1707,2.88815,2.28271,23.7809
1708,2.83546,2.38586,23.3761
1709,2.798,2.49721,22.9812
1710,2.77509,2.61681,22.5967
1711,2.76616,2.74485,22.2227
1712,2.77068,2.88165,21.8597
1713,2.78822,3.02763,21.5082
1714,2.81846,3.1833,21.1684
1715,2.86112,3.34927,20.841
1716,2.91604,3.5262,20.5266
1717,2.98314,3.71485,20.2259
1718,3.0624,3.91601,19.9395
1719,3.1539,4.13051,19.6685
1720,3.25778,4.35923,19.4137
1721,3.37427,4.60307,19.1763
1722,3.50365,4.86294,18.9577
1723,3.64625,5.13973,18.7593
1724,3.80248,5.4343,18.5828
1725,3.97277,5.74747,18.4299
1726,4.15758,6.07997,18.303
1727,4.35741,6.43237,18.2042
1728,4.57274,6.80511,18.1363
1729,4.80403,7.19837,18.1021
1730,5.05174,7.61204,18.105
1731,5.3162,8.04564,18.1482
1732,5.59769,8.4982,18.2358
1733,5.89631,8.9682,18.3716
1734,6.212,9.45341,18.5599
1735,6.54444,9.9508,18.8052
1736,6.89301,10.4564,19.1116
1737,7.25672,10.9652,19.4836
1738,7.63414,11.4708,19.9249
1739,8.02332,11.9659,20.439
1740,8.42171,12.4416,21.0281
1741,8.82612,12.8878,21.6936
1742,9.23262,13.2932,22.4349
1743,9.63654,13.6453,23.2496
1744,10.0324,13.9314,24.1327
1745,10.4142,14.1384,25.0765
1746,10.7749,14.2535,26.0703
1747,11.1074,14.2656,27.1002
1748,11.404,14.1655,28.1493
1749,11.6572,13.9468,29.1982
1750,11.8596,13.607,30.2256
1751,12.0046,13.1481,31.2092
1752,12.0866,12.5765,32.1268
1753,12.1014,11.9035,32.9577
1754,12.0465,11.1443,33.684
1755,11.9211,10.3179,34.2913
1756,11.7266,9.44528,34.7699
1757,11.4662,8.54863,35.115
1758,11.145,7.64976,35.3266
1759,10.7696,6.76893,35.4093
1760,10.3477,5.9239,35.3715
1761,9.8878,5.12916,35.2245
1762,9.39895,4.39566,34.9814
1763,8.8901,3.73074,34.6563
1764,8.36988,3.13834,34.2631
1765,7.84635,2.61942,33.8154
1766,7.32676,2.17251,33.3255
1767,6.81745,1.79422,32.8041
1768,6.32373,1.47984,32.2608
1769,5.84995,1.22378,31.7032
1770,5.39946,1.02005,31.1377
1771,4.97474,0.862517,30.5693
1772,4.57744,0.745223,30.0019
1773,4.20851,0.662534,29.4383
1774,3.86827,0.609265,28.8807
1775,3.55658,0.580746,28.3306
1776,3.27286,0.572848,27.7891
1777,3.01624,0.58199,27.2567
1778,2.78561,0.605111,26.734
1779,2.5797,0.639641,26.2211
1780,2.39713,0.683461,25.7182
1781,2.23648,0.73486,25.2252
1782,2.09633,0.792487,24.742
1783,1.97525,0.855311,24.2687
1784,1.8719,0.922579,23.805
1785,1.78497,0.993777,23.351
1786,1.71327,1.0686,22.9064
1787,1.65569,1.14692,22.4713
1788,1.6112,1.22877,22.0455
1789,1.57892,1.3143,21.6291
1790,1.55803,1.40377,21.2219
1791,1.54785,1.49757,20.8239
1792,1.54779,1.59614,20.4353
1793,1.55738,1.70001,20.056
1794,1.57621,1.80978,19.686
1795,1.60401,1.92614,19.3256
1796,1.64059,2.04979,18.9749
1797,1.68583,2.18154,18.6339
1798,1.73974,2.32225,18.3031
1799,1.80237,2.47281,17.9827
1800,1.87389,2.63422,17.6731
1801,1.95453,2.80752,17.3747
1802,2.04461,2.9938,17.0881
1803,2.14451,3.19426,16.8138
1804,2.25473,3.41012,16.5528
1805,2.37579,3.64271,16.3058
1806,2.50833,3.8934,16.074
1807,2.65305,4.16362,15.8586
1808,2.81071,4.45486,15.6611
1809,2.98217,4.76865,15.4832
1810,3.16832,5.10654,15.3269
1811,3.37015,5.47008,15.1946
1812,3.58866,5.86076,15.0888
1813,3.82493,6.27999,15.0128
1814,4.08004,6.72905,14.97
1815,4.35509,7.20897,14.9645
1816,4.65116,7.72045,15.0009
1817,4.96928,8.26377,15.0845
1818,5.31035,8.83856,15.2209
1819,5.67514,9.4437,15.4166
1820,6.06419,10.077,15.6785
1821,6.47772,10.7352,16.0142
1822,6.91554,11.4132,16.4314
1823,7.37691,12.1044,16.9382
1824,7.86044,12.7998,17.5423
1825,8.3639,13.4883,18.251
1826,8.88406,14.1558,19.0703
1827,9.41658,14.7858,20.0044
1828,9.95579,15.3591,21.0547
1829,10.4946,15.854,22.219
1830,11.0246,16.2474,23.4904
1831,11.5357,16.5155,24.8567
1832,12.0166,16.6349,26.2992
1833,12.4551,16.5852,27.7932
1834,12.8383,16.3503,29.3076
1835,13.1533,15.9206,30.8064
1836,13.3879,15.2948,32.2501
1837,13.5314,14.4811,33.5984
1838,13.5755,13.4977,34.813
1839,13.5146,12.3719,35.8606
1840,13.3469,11.1382,36.7155
1841,13.0741,9.83629,37.3615
1842,12.7017,8.50735,37.7928
1843,12.2387,7.19116,38.014
1844,11.6965,5.92329,38.0382
1845,11.0888,4.73302,37.8857
1846,10.4304,3.64219,37.5812
1847,9.73617,2.66493,37.1513
1848,9.02084,1.8081,36.6228
1849,8.29792,1.07238,36.0205
1850,7.57948,0.453468,35.3668
1851,6.87586,-0.0565028,34.6803
1852,6.19553,-0.467717,33.9763
1853,5.54512,-0.791586,33.2667
1854,4.92954,-1.03989,32.5603
1855,4.3521,-1.22414,31.8635
1856,3.81473,-1.35515,31.1803
1857,3.3182,-1.44279,30.5135
1858,2.86233,-1.49584,29.8643
1859,2.44614,-1.52197,29.2333
1860,2.06811,-1.52776,28.6204
1861,1.72625,-1.51877,28.0251
1862,1.41831,-1.49966,27.4467
1863,1.14182,-1.47424,26.8844
1864,0.894241,-1.44563,26.3374
1865,0.672994,-1.41633,25.8048
1866,0.47554,-1.38834,25.2859
1867,0.299412,-1.36321,24.78
1868,0.142249,-1.34214,24.2863
1869,0.00181107,-1.32606,23.8045
1870,-0.124002,-1.31567,23.334
1871,-0.23715,-1.31147,22.8743
1872,-0.339447,-1.31386,22.4251
1873,-0.432567,-1.32313,21.9861
1874,-0.51805,-1.33949,21.557
1875,-0.597306,-1.36315,21.1376
1876,-0.671631,-1.39427,20.7277
1877,-0.742212,-1.43301,20.3272
1878,-0.810139,-1.47957,19.9359
1879,-0.87642,-1.53416,19.5537
1880,-0.941986,-1.59703,19.1806
1881,-1.00771,-1.66848,18.8166
1882,-1.07441,-1.74887,18.4616
1883,-1.14285,-1.83862,18.1157
1884,-1.2138,-1.9382,17.779
1885,-1.28797,-2.04817,17.4517
1886,-1.36608,-2.16918,17.1338
1887,-1.44883,-2.30193,16.8257
1888,-1.53694,-2.44722,16.5276
1889,-1.63113,-2.60594,16.2399
1890,-1.73215,-2.77909,15.9632
1891,-1.84078,-2.96773,15.6979
1892,-1.95782,-3.17305,15.4448
1893,-2.08411,-3.39633,15.2046
1894,-2.22057,-3.63894,14.9785
1895,-2.36811,-3.90236,14.7675
1896,-2.52776,-4.18815,14.5731
1897,-2.70055,-4.49795,14.3969
1898,-2.88762,-4.83348,14.2409
1899,-3.09013,-5.19649,14.1073
1900,-3.30931,-5.58875,13.9987
1901,-3.54645,-6.01198,13.9183
1902,-3.80286,-6.46783,13.8697
1903,-4.07989,-6.95779,13.8569
1904,-4.37889,-7.48307,13.8848
1905,-4.70116,-8.0445,13.9588
1906,-5.04795,-8.64236,14.085
1907,-5.42038,-9.27619,14.2704
1908,-5.81938,-9.94456,14.5225
1909,-6.24558,-10.6448,14.8498
1910,-6.69923,-11.3726,15.2613
1911,-7.18005,-12.1217,15.7663
1912,-7.68711,-12.8836,16.3745
1913,-8.21859,-13.6471,17.0951
1914,-8.77167,-14.3978,17.9364
1915,-9.34223,-15.1182,18.9053
1916,-9.92475,-15.7872,20.0058
1917,-10.5121,-16.3807,21.2381
1918,-11.0952,-16.8719,22.5976
1919,-11.6635,-17.2325,24.0734
1920,-12.2046,-17.434,25.6472
1921,-12.7046,-17.4499,27.2929
1922,-13.1486,-17.2583,28.9767
1923,-13.5215,-16.8444,30.6577
1924,-13.8084,-16.2028,32.2897
1925,-13.9962,-15.3397,33.8247
1926,-14.074,-14.2737,35.2157
1927,-14.0343,-13.0351,36.4212
1928,-13.8738,-11.6641,37.4085
1929,-13.5935,-10.2076,38.1564
1930,-13.1992,-8.71534,38.6569
1931,-12.7007,-7.23555,38.9144
1932,-12.1111,-5.81146,38.9452
1933,-11.4463,-4.47846,38.7737
1934,-10.7234,-3.26258,38.4301
1935,-9.95996,-2.18017,37.9471
1936,-9.17294,-1.23859,37.357
1937,-8.37804,-0.437583,36.6895
1938,-7.58913,0.229043,35.9707
1939,-6.81795,0.771618,35.2224
1940,-6.07402,1.20301,34.4616
1941,-5.36463,1.53729,33.7014
1942,-4.69506,1.78868,32.9512
1943,-4.06875,1.97084,32.2171
1944,-3.48753,2.09644,31.5031
1945,-2.95194,2.17681,30.8112
1946,-2.46144,2.22196,30.1422
1947,-2.01468,2.24048,29.4959
1948,-1.60966,2.23965,28.8718
1949,-1.24395,2.2256,28.2686
1950,-0.914808,2.20334,27.6852
1951,-0.619333,2.177,27.1205
1952,-0.354544,2.14989,26.5731
1953,-0.11746,2.12467,26.0419
1954,0.0948399,2.10341,25.5261
1955,0.285174,2.08777,25.0246
1956,0.45623,2.079,24.5368
1957,0.610546,2.07807,24.0619
1958,0.7505,2.08574,23.5995
1959,0.878305,2.10258,23.1491
1960,0.996011,2.12904,22.7104
1961,1.10552,2.16548,22.283
1962,1.20856,2.21223,21.8669
1963,1.30676,2.26958,21.4618
1964,1.4016,2.33782,21.0677
1965,1.49445,2.41726,20.6846
1966,1.58657,2.50824,20.3126
1967,1.67916,2.61116,19.9518
1968,1.77333,2.72646,19.6023
1969,1.87013,2.85465,19.2645
1970,1.97056,2.99631,18.9386
1971,2.0756,3.15208,18.6252
1972,2.18617,3.32269,18.3247
1973,2.3032,3.50894,18.0377
1974,2.42762,3.71172,17.7651
1975,2.56033,3.93197,17.5076
1976,2.70226,4.17071,17.2665
1977,2.85433,4.42902,17.0428
1978,3.01751,4.70802,16.8381
1979,3.19276,5.00887,16.654
1980,3.38107,5.33273,16.4925
1981,3.58343,5.68074,16.3557
1982,3.80087,6.05399,16.2463
1983,4.03439,6.45345,16.1671
1984,4.28501,6.87992,16.1215
1985,4.55369,7.33397,16.1132
1986,4.84136,7.81582,16.1464
1987,5.14884,8.32524,16.2258
1988,5.47685,8.86141,16.3565
1989,5.82589,9.42275,16.5441
1990,6.19626,10.0068,16.7947
1991,6.58792,10.6098,17.1145
1992,7.00042,11.2269,17.5102
1993,7.4328,11.8515,17.9881
1994,7.88351,12.4751,18.5544
1995,8.35021,13.0874,19.2145
1996,8.82973,13.676,19.9726
1997,9.3179,14.2263,20.8312
1998,9.80947,14.7216,21.7901
1999,10.298,15.1439,22.8461
2000,10.7759,15.4737,23.9922
2001,11.2345,15.6918,25.2166
2002,11.664,15.7794,26.5029
2003,12.054,15.7205,27.8295
2004,12.3937,15.5028,29.1702
2005,12.6723,15.1191,30.4949
2006,12.8798,14.5691,31.7712
2007,13.0075,13.8599,32.9661
2008,13.0484,13.0062,34.0483
2009,12.998,12.0298,34.9901
2010,12.8547,10.9585,35.7698
2011,12.6197,9.82407,36.3731
2012,12.2975,8.65988,36.7937
2013,11.895,7.49864,37.0331
2014,11.4217,6.37023,37.1003
2015,10.8886,5.29999,37.01
2016,10.3081,4.3077,36.7809
2017,9.69279,3.40715,36.4341
2018,9.05508,2.60631,35.9912
2019,8.40681,1.90795,35.4731
2020,7.75868,1.31051,34.8991
2021,7.12006,0.809108,34.2857
2022,6.49887,0.396537,33.6471
2023,5.90147,0.0641391,32.9947
2024,5.3328,-0.197437,32.3375
2025,4.79639,-0.397654,31.6821
2026,4.29458,-0.545661,31.0334
2027,3.82861,-0.650012,30.3948
2028,3.39884,-0.718487,29.7684
2029,3.00491,-0.758013,29.1555
2030,2.64585,-0.774642,28.5567
2031,2.32028,-0.773577,27.9722
2032,2.02647,-0.759224,27.4018
2033,1.76247,-0.735263,26.8452
2034,1.52621,-0.704725,26.3019
2035,1.31556,-0.670071,25.7715
2036,1.12838,-0.63327,25.2533
2037,0.962544,-0.595872,24.7469
2038,0.81603,-0.559073,24.2518
2039,0.686894,-0.523775,23.7675
2040,0.573306,-0.490638,23.2938
2041,0.473557,-0.460127,22.83
2042,0.386064,-0.432551,22.3761
2043,0.309371,-0.408098,21.9316
2044,0.242148,-0.38686,21.4962
2045,0.183186,-0.368862,21.0698
2046,0.131393,-0.354077,20.652
2047,0.0857816,-0.342447,20.2427
2048,0.0454683,-0.333891,19.8416
2049,0.00966048,-0.32832,19.4487
2050,-0.0223504,-0.325643,19.0636
2051,-0.0511968,-0.325775,18.6862
2052,-0.0774435,-0.328642,18.3164
2053,-0.101595,-0.334184,17.954
2054,-0.124104,-0.34236,17.5989
2055,-0.145375,-0.35315,17.2509
2056,-0.165775,-0.366555,16.9098
2057,-0.185636,-0.382601,16.5756
2058,-0.205265,-0.40134,16.2482
2059,-0.224942,-0.42285,15.9273
2060,-0.244932,-0.447237,15.6129
2061,-0.265484,-0.474635,15.305
2062,-0.286841,-0.505211,15.0032
2063,-0.309236,-0.539162,14.7077
2064,-0.332904,-0.57672,14.4182
2065,-0.358078,-0.618152,14.1348
2066,-0.384999,-0.663762,13.8572
2067,-0.413915,-0.713898,13.5856
2068,-0.445085,-0.768949,13.3197
2069,-0.478782,-0.829353,13.0596
2070,-0.515299,-0.895598,12.8053
2071,-0.55495,-0.968229,12.5566
2072,-0.598072,-1.04785,12.3138
2073,-0.645033,-1.13514,12.0766
2074,-0.696232,-1.23083,11.8454
2075,-0.752105,-1.33576,11.62
2076,-0.813129,-1.45082,11.4007
2077,-0.879826,-1.57704,11.1876
2078,-0.952771,-1.71551,10.981
2079,-1.03259,-1.86746,10.7812
2080,-1.11999,-2.03423,10.5885
2081,-1.21571,-2.2173,10.4034
2082,-1.3206,-2.4183,10.2265
2083,-1.43557,-2.63899,10.0585
2084,-1.56163,-2.88132,9.90023
2085,-1.69989,-3.1474,9.75284
2086,-1.85156,-3.43953,9.6176
2087,-2.01795,-3.76019,9.49609
2088,-2.2005,-4.11204,9.39022
2089,-2.4008,-4.49795,9.3023
2090,-2.62052,-4.9209,9.23511
2091,-2.86151,-5.38407,9.19202
2092,-3.12571,-5.8907,9.17702
2093,-3.41522,-6.44405,9.19493
2094,-3.73222,-7.04733,9.25146
2095,-4.07901,-7.70352,9.35337
2096,-4.45791,-8.41522,9.50866
2097,-4.87124,-9.18438,9.72667
2098,-5.32126,-10.0119,10.0183
2099,-5.81002,-10.8974,10.3959
2100,-6.33924,-11.8384,10.8737
2101,-6.91014,-12.8298,11.4674
2102,-7.52317,-13.8632,12.194
2103,-8.17773,-14.9257,13.0716
2104,-8.87181,-15.9992,14.1182
2105,-9.60159,-17.0596,15.3511
2106,-10.3609,-18.0754,16.7843
2107,-11.141,-19.0081,18.4273
2108,-11.9298,-19.8119,20.2815
2109,-12.7117,-20.4356,22.3378
2110,-13.4676,-20.8244,24.5731
2111,-14.175,-20.9249,26.948
2112,-14.8088,-20.6902,29.4056
2113,-15.3423,-20.0864,31.8728
2114,-15.749,-19.0993,34.264
2115,-16.0049,-17.7395,36.4875
2116,-16.0904,-16.0449,38.4549
2117,-15.9929,-14.0793,40.0906
2118,-15.7077,-11.9266,41.341
2119,-15.2397,-9.68225,42.18
2120,-14.6021,-7.44214,42.6106
2121,-13.8157,-5.29302,42.6627
2122,-12.907,-3.3047,42.3859
2123,-11.9054,-1.52594,41.8421
2124,-10.8411,0.016143,41.0974
2125,-9.74323,1.31382,40.2147
2126,-8.63788,2.37473,39.2497
2127,-7.5475,3.21728,38.2479
2128,-6.49027,3.86625,37.244
2129,-5.48015,4.34924,36.263
2130,-4.52709,4.69397,35.321
2131,-3.63755,4.92652,34.4273
2132,-2.815,5.07036,33.5862
2133,-2.06048,5.1459,32.7981
2134,-1.37317,5.17043,32.0613
2135,-0.750812,5.15836,31.3724
2136,-0.19011,5.12143,30.7275
2137,0.312909,5.06912,30.1224
2138,0.762649,5.00899,29.553
2139,1.16374,4.947,29.0155
2140,1.52086,4.88777,28.5065
2141,1.83864,4.83487,28.023
2142,2.12157,4.791,27.5626
2143,2.37392,4.75818,27.1232
2144,2.59972,4.73788,26.7031
2145,2.80276,4.73114,26.301
2146,2.98652,4.73869,25.916
2147,3.15422,4.76097,25.5472
2148,3.3088,4.79826,25.1943
2149,3.45296,4.8507,24.8569
2150,3.58912,4.9183,24.535
2151,3.71949,5.00103,24.2286
2152,3.84606,5.0988,23.938
2153,3.9706,5.21147,23.6634
2154,4.09474,5.33889,23.4055
2155,4.21989,5.4809,23.1647
2156,4.34734,5.6373,22.9417
2157,4.47824,5.80788,22.7374
2158,4.61358,5.99239,22.5527
2159,4.75427,6.19055,22.3886
2160,4.90108,6.40201,22.2462
2161,5.05466,6.62635,22.1267
2162,5.21558,6.86304,22.0315
2163,5.38429,7.11144,21.9618
2164,5.56111,7.37075,21.9193
2165,5.74627,7.63998,21.9054
2166,5.93986,7.91794,21.9216
2167,6.14185,8.20318,21.9697
2168,6.35204,8.494,22.051
2169,6.57009,8.78833,22.1672
2170,6.79548,9.08382,22.3196
2171,7.02749,9.37771,22.5093
2172,7.26518,9.66687,22.7375
2173,7.5074,9.9478,23.0046
2174,7.75275,10.2166,23.3109
2175,7.99958,10.4691,23.6561
2176,8.24597,10.7007,24.0392
2177,8.48975,10.9067,24.4586
2178,8.7285,11.0822,24.9118
2179,8.95957,11.2225,25.3955
2180,9.18011,11.323,25.9054
2181,9.38712,11.3793,26.4363
2182,9.57751,11.3879,26.9821
2183,9.74816,11.3457,27.5359
2184,9.89603,11.251,28.0901
2185,10.0182,11.1028,28.6363
2186,10.1121,10.9018,29.1664
2187,10.1755,10.6497,29.6717
2188,10.2065,10.3499,30.1442
2189,10.2038,10.0068,30.5763
2190,10.1669,9.62608,30.9612
2191,10.0958,9.21447,31.2935
2192,9.99101,8.77932,31.5688
2193,9.85399,8.32839,31.7843
2194,9.68664,7.86955,31.9386
2195,9.49149,7.41046,32.0316
2196,9.2715,6.95832,32.0647
2197,9.03002,6.51961,32.0403
2198,8.77065,6.09997,31.9618
2199,8.49715,5.70405,31.8333
2200,8.21329,5.33549,31.6594
2201,7.92281,4.99694,31.445
2202,7.62928,4.69009,31.1951
2203,7.33605,4.41577,30.9144
2204,7.0462,4.17408,30.6079
2205,6.76249,3.96451,30.2798
2206,6.48735,3.78605,29.9342
2207,6.22287,3.63733,29.5748
2208,5.97077,3.51674,29.2049
2209,5.73248,3.42251,28.8275
2210,5.5091,3.35281,28.445
2211,5.30145,3.30582,28.0598
2212,5.11012,3.27978,27.6737
2213,4.93547,3.27304,27.2886
2214,4.77767,3.28406,26.9057
2215,4.63673,3.31148,26.5265
2216,4.51256,3.3541,26.1521
2217,4.40496,3.41086,25.7835
2218,4.31364,3.48089,25.4216
2219,4.23829,3.56348,25.0672
2220,4.17856,3.65806,24.7212
2221,4.13407,3.76421,24.3843
2222,4.10447,3.88165,24.0573
2223,4.08939,4.01019,23.7409
2224,4.08852,4.14978,23.4359
2225,4.10155,4.30042,23.1431
2226,4.12821,4.46223,22.8632
2227,4.16828,4.63535,22.5973
2228,4.22157,4.82,22.3461
2229,4.28793,5.0164,22.1107
2230,4.36723,5.22481,21.8922
2231,4.45942,5.44546,21.6918
2232,4.56443,5.67858,21.5107
2233,4.68224,5.92434,21.3502
2234,4.81285,6.18283,21.212
2235,4.95624,6.45406,21.0975
2236,5.11241,6.7379,21.0084
2237,5.28132,7.03405,20.9467
2238,5.46292,7.34203,20.9142
2239,5.6571,7.66111,20.913
2240,5.86365,7.99026,20.9452
2241,6.0823,8.32813,21.013
2242,6.31266,8.67299,21.1185
2243,6.55416,9.02268,21.2639
2244,6.80609,9.37456,21.4513
2245,7.06751,9.72547,21.6825
2246,7.33725,10.0717,21.9592
2247,7.61387,10.409,22.2825
2248,7.89564,10.7325,22.6531
2249,8.1805,11.0368,23.071
2250,8.46604,11.3161,23.5355
2251,8.74954,11.5643,24.0449
2252,9.02791,11.7748,24.5962
2253,9.29774,11.9412,25.1855
2254,9.55534,12.0573,25.8073
2255,9.7968,12.1173,26.455
2256,10.0181,12.1162,27.1205
2257,10.2151,12.0501,27.7945
2258,10.3838,11.9166,28.467
2259,10.5204,11.7148,29.1269
2260,10.6216,11.4459,29.7631
2261,10.6844,11.1127,30.3642
2262,10.7066,10.7204,30.9197
2263,10.6868,10.2757,31.42
2264,10.6244,9.78694,31.8567
2265,10.5196,9.26379,32.2235
2266,10.3738,8.71662,32.5157
2267,10.189,8.15614,32.7309
2268,9.96831,7.59289,32.8687
2269,9.71526,7.03681,32.9307
2270,9.4341,6.4969,32.9201
2271,9.12941,5.9809,32.8415
2272,8.80603,5.49515,32.7005
2273,8.46887,5.04452,32.5034
2274,8.12274,4.63238,32.257
2275,7.77229,4.26075,31.9679
2276,7.42182,3.93044,31.6428
2277,7.07525,3.64119,31.2876
2278,6.73609,3.39192,30.9083
2279,6.40735,3.18087,30.5099
2280,6.09156,3.00587,30.0969
2281,5.79082,2.86442,29.6734
2282,5.50676,2.75388,29.2428
2283,5.24059,2.67158,28.8079
2284,4.99318,2.61492,28.3712
2285,4.76507,2.58141,27.9348
2286,4.5565,2.56877,27.5004
2287,4.3675,2.57491,27.0693
2288,4.1979,2.59799,26.6429
2289,4.04739,2.63639,26.2221
2290,3.91554,2.68876,25.8077
2291,3.80185,2.75396,25.4005
2292,3.70577,2.83107,25.0013
2293,3.62672,2.91939,24.6105
2294,3.56411,3.01839,24.2288
2295,3.51739,3.12775,23.8567
2296,3.48601,3.24727,23.4947
2297,3.46949,3.37692,23.1435
2298,3.46736,3.51677,22.8035
2299,3.47925,3.66703,22.4754
2300,3.50482,3.82797,22.1599
2301,3.5438,3.99997,21.8576
2302,3.59599,4.18347,21.5694
2303,3.66126,4.37896,21.296
2304,3.73952,4.58698,21.0385
2305,3.83076,4.80806,20.7979
2306,3.935,5.04279,20.5754
2307,4.05235,5.29171,20.3722
2308,4.18292,5.55533,20.1899
2309,4.32689,5.83412,20.0299
2310,4.48444,6.12847,19.8942
2311,4.65576,6.43862,19.7845
2312,4.84107,6.76469,19.7031
2313,5.04054,7.10658,19.6521
2314,5.25432,7.46395,19.6343
2315,5.48248,7.83615,19.6521
2316,5.72503,8.22217,19.7084
2317,5.98185,8.62054,19.8062
2318,6.25265,9.02929,19.9485
2319,6.53699,9.44586,20.1384
2320,6.83415,9.867,20.3789
2321,7.14318,10.2887,20.6728
2322,7.46277,10.7063,21.0226
2323,7.79126,11.114,21.4304
2324,8.12655,11.5054,21.8976
2325,8.4661,11.8732,22.4245
2326,8.80686,12.2092,23.0105
2327,9.14529,12.5048,23.6536
2328,9.47733,12.751,24.3501
2329,9.79844,12.9386,25.0944
2330,10.1037,13.0588,25.879
2331,10.3877,13.1035,26.6945
2332,10.645,13.0659,27.5294
2333,10.87,12.9411,28.3704
2334,11.0574,12.7261,29.2029
2335,11.2022,12.421,30.0114
2336,11.2998,12.0285,30.7801
2337,11.3469,11.5546,31.4936
2338,11.3407,11.008,32.1381
2339,11.2801,10.4,32.7012
2340,11.1649,9.74409,33.1736
2341,10.9966,9.05493,33.5484
2342,10.7777,8.34783,33.8225
2343,10.5121,7.63783,33.9954
2344,10.2046,6.93908,34.0698
2345,9.86097,6.26415,34.0509
2346,9.4874,5.62362,33.9458
2347,9.09043,5.02587,33.7631
2348,8.67668,4.47695,33.5122
2349,8.25259,3.9807,33.2028
2350,7.82426,3.5389,32.8443
2351,7.39729,3.15162,32.4457
2352,6.97668,2.81749,32.0153
2353,6.56678,2.53403,31.5605
2354,6.17124,2.29801,31.0877
2355,5.79302,2.10567,30.6023
2356,5.43444,1.95304,30.1089
2357,5.09721,1.83605,29.6113
2358,4.78251,1.75076,29.1126
2359,4.49102,1.69341,28.615
2360,4.22302,1.66055,28.1206
2361,3.97845,1.64903,27.6309
2362,3.75698,1.65607,27.1469
2363,3.55806,1.67926,26.6697
2364,3.38096,1.71652,26.1998
2365,3.22488,1.76613,25.7379
2366,3.08891,1.82668,25.2844
2367,2.97212,1.89704,24.8395
2368,2.87358,1.97636,24.4036
2369,2.79238,2.06403,23.977
2370,2.72763,2.15965,23.5599
2371,2.67852,2.26302,23.1525
2372,2.64429,2.37409,22.7551
2373,2.62427,2.49298,22.368
2374,2.61785,2.61993,21.9914
2375,2.62453,2.75531,21.6256
2376,2.64388,2.89959,21.2711
2377,2.67557,3.05333,20.9282
2378,2.71936,3.21717,20.5975
2379,2.7751,3.39184,20.2795
2380,2.8427,3.57811,19.9748
2381,2.9222,3.77683,19.6842
2382,3.01367,3.98888,19.4085
2383,3.11731,4.21521,19.1486
2384,3.23335,4.45675,18.9057
2385,3.36211,4.7145,18.681
2386,3.50396,4.98941,18.476
2387,3.65935,5.28245,18.2922
2388,3.82875,5.59454,18.1316
2389,4.01268,5.9265,17.9961
2390,4.2117,6.27908,17.8882
2391,4.42635,6.65284,17.8104
2392,4.65718,7.04815,17.7658
2393,4.90471,7.46511,17.7574
2394,5.1694,7.90343,17.789
2395,5.45162,8.36241,17.8643
2396,5.75161,8.84077,17.9876
2397,6.06944,9.33656,18.1633
2398,6.40494,9.84703,18.396
2399,6.75765,10.3685,18.6904
2400,7.12676,10.8961,19.0512
2401,7.51102,11.4238,19.4829
2402,7.90864,11.9444,19.9892
2403,8.31726,12.4489,20.5735
2404,8.73382,12.9271,21.2375
2405,9.15452,13.3675,21.9818
2406,9.57474,13.7572,22.8048
2407,9.98906,14.0825,23.7023
2408,10.3912,14.3294,24.6673
2409,10.7743,14.4841,25.6896
2410,11.1306,14.5336,26.7557
2411,11.4522,14.4672,27.8485
2412,11.7309,14.2769,28.9482
2413,11.9588,13.9585,30.0325
2414,12.1285,13.5126,31.0774
2415,12.2337,12.9445,32.0592
2416,12.2693,12.2649,32.955
2417,12.232,11.4892,33.7444
2418,12.1206,10.6368,34.4111
2419,11.9359,9.73009,34.9434
2420,11.6808,8.79272,35.3349
2421,11.3602,7.84844,35.5847
2422,10.9809,6.91954,35.6969
2423,10.5508,6.02571,35.6799
2424,10.079,5.18323,35.5456
2425,9.57488,4.40447,35.3079
2426,9.04808,3.69785,34.9818
2427,8.50785,3.06803,34.5828
2428,7.96288,2.51633,34.1253
2429,7.421,2.04134,33.6227
2430,6.88906,1.63951,33.087
2431,6.37283,1.30577,32.5282
2432,5.87703,1.03412,31.9548
2433,5.4053,0.818022,31.3736
2434,4.96031,0.650848,30.7899
2435,4.54387,0.526121,30.2078
2436,4.15699,0.437728,29.6302
2437,3.80004,0.380045,29.0595
2438,3.47285,0.348012,28.4972
2439,3.17481,0.337164,27.9441
2440,2.90496,0.343623,27.401
2441,2.66211,0.364083,26.8681
2442,2.44487,0.395764,26.3456
2443,2.25178,0.436373,25.8336
2444,2.08128,0.484049,25.3319
2445,1.93182,0.53732,24.8404
2446,1.80187,0.59505,24.359
2447,1.68997,0.656395,23.8875
2448,1.59471,0.720764,23.4256
2449,1.51476,0.787782,22.9734
2450,1.44892,0.857254,22.5305
2451,1.39608,0.929144,22.0969
2452,1.35522,1.00354,21.6725
2453,1.32546,1.08066,21.2572
2454,1.30602,1.16079,20.8509
2455,1.29621,1.24432,20.4535
2456,1.29547,1.3317,20.065
2457,1.30332,1.42346,19.6854
2458,1.31939,1.52017,19.3147
2459,1.34339,1.62246,18.9529
2460,1.37515,1.73103,18.6002
2461,1.41455,1.84662,18.2566
2462,1.46157,1.97003,17.9222
2463,1.51627,2.1021,17.5973
2464,1.5788,2.24377,17.2822
2465,1.64935,2.39599,16.977
2466,1.72823,2.55982,16.6823
2467,1.8158,2.73637,16.3984
2468,1.91251,2.92683,16.1259
2469,2.01885,3.13245,15.8655
2470,2.13544,3.35459,15.6181
2471,2.26292,3.59467,15.3844
2472,2.40204,3.85417,15.1658
2473,2.55363,4.13468,14.9634
2474,2.71856,4.43784,14.779
2475,2.89782,4.76534,14.6142
2476,3.09243,5.11891,14.4714
2477,3.30349,5.50027,14.3529
2478,3.53218,5.91112,14.2617
2479,3.77969,6.35308,14.2012
2480,4.04727,6.82761,14.1753
2481,4.33617,7.33593,14.1885
2482,4.64763,7.8789,14.2458
2483,4.9828,8.45687,14.353
2484,5.34277,9.06952,14.5167
2485,5.72842,9.71566,14.744
2486,6.14038,10.3929,15.0428
2487,6.57895,11.0975,15.4215
2488,7.04394,11.8238,15.8891
2489,7.53455,12.5642,16.4547
2490,8.04921,13.3085,17.1272
2491,8.58538,14.0436,17.9146
2492,9.13941,14.7535,18.8239
2493,9.70628,15.4189,19.8595
2494,10.2795,16.0175,21.0224
2495,10.8509,16.5243,22.3096
2496,11.4106,16.9128,23.7121
2497,11.9472,17.1557,25.2145
2498,12.4478,17.2271,26.7939
2499,12.8983,17.1048,28.4202
2500,13.2842,16.7724,30.0562
2501,13.5913,16.222,31.6592
2502,13.8062,15.4559,33.1839
2503,13.9179,14.488,34.5849
2504,13.9181,13.3434,35.8205
2505,13.8021,12.0574,36.8564
2506,13.5697,10.6727,37.6684
2507,13.2247,9.23586,38.2441
2508,12.7753,7.79368,38.5834
2509,12.2328,6.38936,38.6975
2510,11.6117,5.05963,38.6068
2511,10.9279,3.83288,38.338
2512,10.1983,2.72844,37.9214
2513,9.43938,1.75682,37.3878
2514,8.66678,0.920761,36.7669
2515,7.89457,0.216729,36.085
2516,7.13492,-0.363452,35.3645
2517,6.3979,-0.831016,34.6239
2518,5.69144,-1.19888,33.8773
2519,5.02149,-1.48056,33.1353
2520,4.39211,-1.68934,32.4052
2521,3.80577,-1.83774,31.6919
2522,3.26356,-1.9372,30.9983
2523,2.76544,-1.99788,30.3258
2524,2.31046,-2.02862,29.6748
2525,1.89698,-2.03702,29.0449
2526,1.52287,-2.02947,28.4354
2527,1.18564,-2.0113,27.8453
2528,0.882556,-1.98689,27.2735
2529,0.610793,-1.9598,26.719
2530,0.367482,-1.9329,26.1805
2531,0.149782,-1.90844,25.6572
2532,-0.0450659,-1.88823,25.1482
2533,-0.219712,-1.87365,24.6528
2534,-0.376667,-1.86578,24.1701
2535,-0.518295,-1.86543,23.6998
2536,-0.646802,-1.87323,23.2413
2537,-0.764237,-1.88966,22.7943
2538,-0.872493,-1.91512,22.3584
2539,-0.97332,-1.94991,21.9333
2540,-1.06832,-1.99431,21.5189
2541,-1.15899,-2.04859,21.1151
2542,-1.24668,-2.11302,20.7218
2543,-1.33266,-2.1879,20.3389
2544,-1.41811,-2.27357,19.9666
2545,-1.50411,-2.37041,19.6048
2546,-1.5917,-2.47887,19.2538
2547,-1.68186,-2.59945,18.9136
2548,-1.77552,-2.73273,18.5847
2549,-1.8736,-2.87936,18.2674
2550,-1.97697,-3.0401,17.9621
2551,-2.08651,-3.21574,17.6693
2552,-2.20311,-3.4072,17.3898
2553,-2.32763,-3.61545,17.1242
2554,-2.46097,-3.84155,16.8734
2555,-2.60405,-4.08665,16.6387
2556,-2.75781,-4.35194,16.4212
2557,-2.92321,-4.63868,16.2224
2558,-3.10124,-4.94817,16.0441
2559,-3.29294,-5.28172,15.8883
2560,-3.49935,-5.64063,15.7573
2561,-3.72155,-6.02614,15.6537
2562,-3.96063,-6.43941,15.5807
2563,-4.21767,-6.88141,15.5418
2564,-4.49373,-7.35286,15.5409
2565,-4.78982,-7.85416,15.5826
2566,-5.10689,-8.3852,15.6718
2567,-5.44573,-8.94527,15.8141
2568,-5.80697,-9.53285,16.0156
2569,-6.19098,-10.1454,16.2829
2570,-6.59781,-10.7793,16.6229
2571,-7.02706,-11.4291,17.0428
2572,-7.4778,-12.088,17.5498
2573,-7.94844,-12.7469,18.1508
2574,-8.43654,-13.3946,18.852
2575,-8.93876,-14.0176,19.6582
2576,-9.45064,-14.5999,20.5722
2577,-9.96651,-15.1231,21.5944
2578,-10.4794,-15.5673,22.7212
2579,-10.9811,-15.9109,23.9448
2580,-11.462,-16.1325,25.2525
2581,-11.9115,-16.2116,26.6259
2582,-12.3181,-16.1304,28.0406
2583,-12.67,-15.8755,29.4676
2584,-12.9554,-15.4398,30.873
2585,-13.1634,-14.8238,32.2209
2586,-13.2846,-14.0366,33.4749
2587,-13.3118,-13.0958,34.6006
2588,-13.2404,-12.0271,35.5686
2589,-13.0693,-10.8625,36.3566
2590,-12.8004,-9.63796,36.9505
2591,-12.4391,-8.39069,37.3459
2592,-11.9939,-7.15648,37.547
2593,-11.4756,-5.96726,37.5659
2594,-10.8967,-4.84938,37.4208
2595,-10.2707,-3.82262,37.1337
2596,-9.61163,-2.89994,36.7288
2597,-8.93276,-2.08786,36.2299
2598,-8.24662,-1.38737,35.6598
2599,-7.56438,-0.794984,35.0386
2600,-6.89567,-0.303928,34.3837
2601,-6.2484,0.0947395,33.7094
2602,-5.62885,0.411172,33.0268
2603,-5.0417,0.655956,32.3445
2604,-4.49017,0.839533,31.6686
2605,-3.97622,0.971794,31.0035
2606,-3.50069,1.06183,30.3519
2607,-3.06357,1.11777,29.7154
2608,-2.66407,1.1468,29.0949
2609,-2.30087,1.15508,28.4905
2610,-1.97224,1.14788,27.902
2611,-1.67613,1.1296,27.329
2612,-1.41033,1.10389,26.7708
2613,-1.17251,1.07374,26.2268
2614,-0.960296,1.04155,25.6963
2615,-0.771365,1.00923,25.1787
2616,-0.603432,0.978277,24.6734
2617,-0.454312,0.949849,24.1798
2618,-0.32193,0.924819,23.6974
2619,-0.204335,0.903834,23.2258
2620,-0.0997134,0.887363,22.7646
2621,-0.00638275,0.875737,22.3134
2622,0.0772039,0.869185,21.8718
2623,0.152465,0.867858,21.4397
2624,0.220694,0.87186,21.0168
2625,0.283072,0.881265,20.6028
2626,0.340673,0.896133,20.1976
2627,0.394475,0.916526,19.801
2628,0.445367,0.942517,19.4128
2629,0.494164,0.974201,19.0328
2630,0.541613,1.01171,18.661
2631,0.588403,1.05519,18.2973
2632,0.635176,1.10486,17.9415
2633,0.682534,1.16096,17.5937
2634,0.731048,1.2238,17.2536
2635,0.781265,1.29374,16.9214
2636,0.833718,1.37118,16.597
2637,0.888932,1.45662,16.2804
2638,0.947431,1.55061,15.9717
2639,1.00974,1.65375,15.671
2640,1.07642,1.76676,15.3783
2641,1.148,1.89041,15.0939
2642,1.2251,2.02558,14.818
2643,1.30831,2.17322,14.5509
2644,1.3983,2.3344,14.293
2645,1.49577,2.51027,14.0447
2646,1.60146,2.70212,13.8065
2647,1.71618,2.91132,13.5792
2648,1.84079,3.13939,13.3636
2649,1.97622,3.38795,13.1606
2650,2.12348,3.65875,12.9715
2651,2.28365,3.95367,12.7976
2652,2.45789,4.27469,12.6408
2653,2.64744,4.62391,12.5029
2654,2.85364,5.00351,12.3864
2655,3.0779,5.41571,12.294
2656,3.32171,5.86277,12.2292
2657,3.58664,6.3469,12.1957
2658,3.87431,6.87018,12.1983
2659,4.18637,7.43448,12.2421
2660,4.52448,8.04128,12.3332
2661,4.89026,8.69153,12.4789
2662,5.28522,9.38539,12.687
2663,5.7107,10.122,12.9667
2664,6.16776,10.8989,13.3279
2665,6.65707,11.7121,13.7818
2666,7.1787,12.5551,14.3401
2667,7.73198,13.4186,15.0149
2668,8.31528,14.2899,15.8185
2669,8.92572,15.1524,16.7622
2670,9.55888,15.9852,17.8557
2671,10.2086,16.7628,19.1056
2672,10.8666,17.4553,20.5137
2673,11.5224,18.029,22.0759
2674,12.1633,18.4476,23.7798
2675,12.7739,18.6746,25.6033
2676,13.3374,18.6757,27.5139
2677,13.8353,18.4227,29.4684
2678,14.2486,17.8968,31.414
2679,14.559,17.0926,33.2914
2680,14.7503,16.0204,35.0388
2681,14.8094,14.7075,36.5973
2682,14.728,13.1965,37.9161
2683,14.5031,11.5427,38.9579
2684,14.1379,9.80873,39.7019
2685,13.6412,8.05878,40.1453
2686,13.0269,6.3528,40.3019
2687,12.3129,4.74175,40.1995
2688,11.5198,3.26454,39.8752
2689,10.6691,1.94684,39.371
2690,9.78228,0.801571,38.7297
2691,8.87932,-0.169386,37.9912
2692,7.97807,-0.972782,37.1907
2693,7.09374,-1.62145,36.357
2694,6.23866,-2.13191,35.5129
2695,5.42233,-2.52242,34.6752
2696,4.65157,-2.81144,33.8555
2697,3.93085,-3.01661,33.0613
2698,3.26258,-3.15412,32.2968
2699,2.64751,-3.23839,31.5639
2700,2.08501,-3.28192,30.8626
2701,1.57342,-3.29538,30.1921
2702,1.11033,-3.2877,29.5506
2703,0.692756,-3.26628,28.9364
2704,0.317373,-3.23716,28.3472
2705,-0.0193449,-3.20519,27.7813
2706,-0.321002,-3.17429,27.2366
2707,-0.591189,-3.14751,26.7117
2708,-0.833416,-3.12727,26.205
2709,-1.05106,-3.11543,25.7152
2710,-1.24733,-3.11341,25.2415
2711,-1.42525,-3.12229,24.783
2712,-1.58765,-3.1429,24.339
2713,-1.73714,-3.17586,23.9091
2714,-1.87617,-3.22165,23.4929
2715,-2.00695,-3.28066,23.0902
2716,-2.13156,-3.35322,22.701
2717,-2.25189,-3.4396,22.3252
2718,-2.36966,-3.5401,21.9629
2719,-2.48649,-3.65502,21.6145
2720,-2.60384,-3.78466,21.2802
2721,-2.72309,-3.92939,20.9606
2722,-2.84551,-4.08959,20.656
2723,-2.97229,-4.26569,20.3673
2724,-3.10455,-4.45817,20.0952
2725,-3.24336,-4.66752,19.8407
2726,-3.38971,-4.89427,19.6047
2727,-3.54458,-5.13897,19.3887
2728,-3.70889,-5.40214,19.194
2729,-3.88352,-5.6843,19.0222
2730,-4.06932,-5.9859,18.8753
2731,-4.2671,-6.30731,18.7551
2732,-4.47761,-6.64878,18.6642
2733,-4.70155,-7.01037,18.6049
2734,-4.93957,-7.39191,18.5801
2735,-5.19219,-7.79292,18.593
2736,-5.45983,-8.21255,18.6468
2737,-5.74279,-8.64947,18.7451
2738,-6.04117,-9.1018,18.8917
2739,-6.35484,-9.56695,19.0905
2740,-6.68341,-10.0416,19.3453
2741,-7.02617,-10.5214,19.6602
2742,-7.38202,-11.0011,20.0386
2743,-7.7494,-11.4745,20.4838
2744,-8.12625,-11.9339,20.9983
2745,-8.50994,-12.3707,21.5838
2746,-8.8972,-12.7751,22.2403
2747,-9.28409,-13.1363,22.9666
2748,-9.666,-13.443,23.7593
2749,-10.0376,-13.6833,24.6127
2750,-10.3931,-13.8456,25.5186
2751,-10.7259,-13.9188,26.4658
2752,-11.0293,-13.8934,27.4407
2753,-11.2964,-13.7622,28.4271
2754,-11.5203,-13.5208,29.4065
2755,-11.6944,-13.1681,30.3594
2756,-11.8132,-12.7073,31.2653
2757,-11.8719,-12.1456,32.1046
2758,-11.8671,-11.4942,32.8593
2759,-11.797,-10.7678,33.5137
2760,-11.6615,-9.98413,34.0559
2761,-11.4624,-9.16235,34.4781
2762,-11.2029,-8.32242,34.7768
2763,-10.8882,-7.48378,34.9527
2764,-10.5243,-6.66432,35.0105
2765,-10.1187,-5.87961,34.9581
2766,-9.67923,-5.14229,34.8058
2767,-9.21409,-4.46189,34.5655
2768,-8.73148,-3.84476,34.2497
2769,-8.23929,-3.29428,33.8711
2770,-7.74481,-2.81129,33.4416
2771,-7.25464,-2.39443,32.9724
2772,-6.77454,-2.04072,32.4732
2773,-6.30935,-1.74599,31.9525
2774,-5.86304,-1.50531,31.4175
2775,-5.43869,-1.31333,30.8741
2776,-5.0386,-1.16461,30.3268
2777,-4.6643,-1.05382,29.7794
2778,-4.31671,-0.975912,29.2348
2779,-3.99618,-0.926217,28.6949
2780,-3.70262,-0.900521,28.1614
2781,-3.43555,-0.895088,27.6354
2782,-3.19423,-0.906664,27.1177
2783,-2.97769,-0.932466,26.6088
2784,-2.78479,-0.970157,26.109
2785,-2.61434,-1.01781,25.6185
2786,-2.46506,-1.07386,25.1375
2787,-2.33568,-1.1371,24.666
2788,-2.22493,-1.2066,24.204
2789,-2.13162,-1.28171,23.7515
2790,-2.05458,-1.36198,23.3086
2791,-1.99276,-1.4472,22.8751
2792,-1.94516,-1.5373,22.4512
2793,-1.9109,-1.63237,22.0369
2794,-1.88921,-1.73264,21.6322
2795,-1.87938,-1.83845,21.2371
2796,-1.88084,-1.95024,20.8518
2797,-1.89312,-2.06853,20.4764
2798,-1.91582,-2.19394,20.1112
2799,-1.94866,-2.32716,19.7561
2800,-1.99147,-2.46895,19.4117
2801,-2.04414,-2.62014,19.0781
2802,-2.10668,-2.78161,18.7558
2803,-2.17917,-2.95432,18.4453
2804,-2.26178,-3.1393,18.147
2805,-2.35477,-3.33762,17.8616
2806,-2.45848,-3.55041,17.59
2807,-2.57331,-3.77887,17.3329
2808,-2.69977,-4.02425,17.0915
2809,-2.83841,-4.28783,16.867
2810,-2.98987,-4.57094,16.6608
2811,-3.15487,-4.87492,16.4745
2812,-3.33415,-5.20111,16.3101
2813,-3.52854,-5.55085,16.1697
2814,-3.7389,-5.92538,16.0559
2815,-3.96614,-6.32586,15.9716
2816,-4.21115,-6.75328,15.92
2817,-4.47486,-7.20841,15.9049
2818,-4.75815,-7.69168,15.9304
2819,-5.06183,-8.20307,16.0013
2820,-5.38661,-8.74202,16.1226
2821,-5.73306,-9.30724,16.3001
2822,-6.10152,-9.89649,16.5399
2823,-6.49202,-10.5065,16.8484
2824,-6.90422,-11.1325,17.2324
2825,-7.3373,-11.7683,17.6986
2826,-7.78983,-12.4058,18.2535
2827,-8.25964,-13.0349,18.903
2828,-8.74372,-13.6434,19.652
2829,-9.23806,-14.2167,20.5035
2830,-9.73755,-14.7382,21.4583
2831,-10.2359,-15.1895,22.5141
2832,-10.7256,-15.5508,23.6645
2833,-11.1978,-15.8018,24.8989
2834,-11.6429,-15.923,26.2013
2835,-12.0502,-15.8968,27.5507
2836,-12.4085,-15.7095,28.921
2837,-12.7067,-15.3522,30.2818
2838,-12.9342,-14.8231,31.5999
2839,-13.0816,-14.1277,32.8409
2840,-13.1413,-13.2799,33.9719
2841,-13.108,-12.3009,34.9633
2842,-12.9796,-11.2186,35.7914
2843,-12.7566,-10.0653,36.4398
2844,-12.4431,-8.87564,36.9005
2845,-12.0459,-7.68389,37.1741
2846,-11.5742,-6.52166,37.2687
2847,-11.0394,-5.41606,37.1987
2848,-10.4538,-4.38848,36.9834
2849,-9.83066,-3.45407,36.6444
2850,-9.18276,-2.62182,36.2043
2851,-8.52242,-1.89519,35.6848
2852,-7.86084,-1.27298,35.1062
2853,-7.20788,-0.750424,34.4861
2854,-6.57186,-0.320183,33.8394
2855,-5.95954,0.0266498,33.1782
2856,-5.37612,0.299773,32.5119
2857,-4.82539,0.509041,31.8475
2858,-4.30987,0.664006,31.1903
2859,-3.83091,0.773609,30.5436
2860,-3.38897,0.84599,29.9098
2861,-2.98369,0.888399,29.2902
2862,-2.61414,0.907173,28.6853
2863,-2.27889,0.907758,28.0953
2864,-1.97618,0.894768,27.52
2865,-1.70401,0.872058,26.959
2866,-1.46024,0.842804,26.4117
2867,-1.24266,0.809588,25.8777
2868,-1.04905,0.774479,25.3563
2869,-0.877235,0.739111,24.847
2870,-0.725094,0.704747,24.3493
2871,-0.590613,0.67235,23.8627
2872,-0.471888,0.64263,23.3867
2873,-0.367138,0.6161,22.921
2874,-0.274712,0.593109,22.4653
2875,-0.193088,0.573887,22.0191
2876,-0.120874,0.558567,21.5822
2877,-0.0567974,0.547214,21.1543
2878,0.000293688,0.539846,20.7353
2879,0.0514431,0.536452,20.3249
2880,0.0975932,0.537004,19.9228
2881,0.139594,0.541468,19.5289
2882,0.17821,0.549817,19.1431
2883,0.214133,0.562037,18.7651
2884,0.247988,0.578131,18.3949
2885,0.280342,0.598127,18.0322
2886,0.31171,0.62208,17.6769
2887,0.342567,0.650077,17.3289
2888,0.373353,0.682236,16.9881
2889,0.404477,0.718717,16.6544
2890,0.436327,0.759715,16.3277
2891,0.469276,0.805468,16.0079
2892,0.503684,0.856259,15.695
2893,0.539909,0.912418,15.3887
2894,0.578305,0.974325,15.0893
2895,0.619234,1.04241,14.7964
2896,0.663066,1.11717,14.5103
2897,0.710186,1.19915,14.2309
2898,0.760998,1.28898,13.9581
2899,0.815929,1.38733,13.6922
2900,0.875436,1.49498,13.4331
2901,0.940008,1.61278,13.1811
2902,1.01017,1.74166,12.9363
2903,1.0865,1.88265,12.6989
2904,1.16962,2.03689,12.4693
2905,1.26019,2.20565,12.2479
2906,1.35896,2.39027,12.0352
2907,1.46673,2.59227,11.8317
2908,1.58438,2.81329,11.6382
2909,1.71285,3.05509,11.4557
2910,1.85319,3.31961,11.2851
2911,2.00653,3.60893,11.1278
2912,2.17409,3.92529,10.9854
2913,2.35723,4.27108,10.8597
2914,2.55736,4.64881,10.7532
2915,2.77605,5.06113,10.6684
2916,3.01495,5.51078,10.6086
2917,3.27582,6.00052,10.5777
2918,3.56052,6.53311,10.5803
2919,3.87099,7.11117,10.6217
2920,4.20923,7.73705,10.7082
2921,4.57722,8.41267,10.8473
2922,4.97696,9.1393,11.0475
2923,5.41028,9.91722,11.3186
2924,5.87885,10.7454,11.6718
2925,6.38395,11.6208,12.1195
2926,6.92638,12.5383,12.6755
2927,7.50622,13.4896,13.3545
2928,8.12256,14.4624,14.1716
2929,8.77322,15.4404,15.1419
2930,9.45442,16.4016,16.2794
2931,10.1604,17.3184,17.5952
2932,10.8829,18.1574,19.0961
2933,11.6112,18.8794,20.7821
2934,12.3314,19.4409,22.6443
2935,13.027,19.7961,24.6621
2936,13.6783,19.9003,26.8019
2937,14.2639,19.7141,29.0158
2938,14.7607,19.2089,31.2429
2939,15.1461,18.3713,33.4117
2940,15.3992,17.2079,35.4457
2941,15.5029,15.7472,37.2696
2942,15.4452,14.0387,38.8177
2943,15.2211,12.1495,40.0403
2944,14.8329,10.1574,40.9091
2945,14.2904,8.14332,41.4195
2946,13.6099,6.18278,41.589
2947,12.8128,4.33959,41.4532
2948,11.9239,2.66156,41.0602
2949,10.9691,1.17901,40.4638
2950,9.97419,-0.0943242,39.7178
2951,8.96293,-1.15871,38.8717
2952,7.95631,-2.02503,37.968
2953,6.97193,-2.71121,37.0407
2954,6.02375,-3.23909,36.1156
2955,5.1223,-3.63193,35.2108
2956,4.27484,-3.91258,34.3381
2957,3.48588,-4.10233,33.5043
2958,2.75757,-4.22024,32.7124
2959,2.09013,-4.28294,31.9628
2960,1.48233,-4.30455,31.2542
2961,0.931815,-4.29689,30.5841
2962,0.435433,-4.26969,29.9497
2963,-0.0105044,-4.23084,29.3479
2964,-0.410006,-4.18667,28.7757
2965,-0.767238,-4.14223,28.2304
2966,-1.08639,-4.10145,27.7093
2967,-1.3716,-4.0674,27.2104
2968,-1.62686,-4.04244,26.7319
2969,-1.85595,-4.02832,26.2722
2970,-2.06249,-4.02638,25.8302
2971,-2.24981,-4.03757,25.4049
2972,-2.42104,-4.06259,24.9955
2973,-2.57904,-4.10194,24.6016
2974,-2.72646,-4.15594,24.2229
2975,-2.8657,-4.22484,23.8593
2976,-2.99898,-4.30881,23.5107
2977,-3.12831,-4.40797,23.1774
2978,-3.2555,-4.52242,22.8595
2979,-3.38222,-4.65225,22.5576
2980,-3.50998,-4.79755,22.2721
2981,-3.64017,-4.95842,22.0038
2982,-3.77403,-5.13496,21.7533
2983,-3.91272,-5.32726,21.5215
2984,-4.05727,-5.53541,21.3096
2985,-4.20865,-5.75946,21.1187
2986,-4.36771,-5.99943,20.9501
2987,-4.53524,-6.25528,20.8053
2988,-4.71193,-6.52685,20.6859
2989,-4.89841,-6.8139,20.5936
2990,-5.09519,-7.116,20.5303
2991,-5.3027,-7.43252,20.4982
2992,-5.52124,-7.7626,20.4994
2993,-5.75101,-8.10508,20.5362
2994,-5.99204,-8.45842,20.611
2995,-6.24421,-8.82069,20.7263
2996,-6.50719,-9.18949,20.8843
2997,-6.78045,-9.56189,21.0876
2998,-7.06317,-9.93437,21.3382
2999,-7.35427,-10.3028,21.638
3000,-7.65234,-10.6624,21.9885
3001,-7.95563,-11.0077,22.3905
3002,-8.26197,-11.3326,22.8442
3003,-8.56884,-11.6307,23.3489
3004,-8.87329,-11.8947,23.9027
3005,-9.17194,-12.1174,24.5024
3006,-9.46108,-12.2915,25.1436
3007,-9.73662,-12.4098,25.8202
3008,-9.99423,-12.4657,26.5246
3009,-10.2294,-12.4537,27.2477
3010,-10.4376,-12.3694,27.9789
3011,-10.6143,-12.2102,28.7066
3012,-10.7554,-11.9753,29.4184
3013,-10.8571,-11.6664,30.1016
3014,-10.9164,-11.2873,30.7435
3015,-10.9307,-10.8441,31.3324
3016,-10.8987,-10.345,31.8577
3017,-10.82,-9.79992,32.3104
3018,-10.6951,-9.22013,32.6841
3019,-10.5257,-8.61765,32.9742
3020,-10.3145,-8.00467,33.179
3021,-10.0651,-7.39301,33.2989
3022,-9.78165,-6.7936,33.3365
3023,-9.46916,-6.21612,33.2962
3024,-9.13284,-5.66868,33.184
3025,-8.77816,-5.15769,33.0067
3026,-8.41056,-4.6878,32.7718
3027,-8.03533,-4.26199,32.4869
3028,-7.65749,-3.88173,32.1597
3029,-7.28164,-3.54715,31.7974
3030,-6.91188,-3.25729,31.4065
3031,-6.55183,-3.01037,30.9933
3032,-6.20452,-2.80397,30.5629
3033,-5.87247,-2.63527,30.1201
3034,-5.55766,-2.50122,29.6689
3035,-5.2616,-2.3987,29.2124
3036,-4.98537,-2.32465,28.7536
3037,-4.72963,-2.27612,28.2948
3038,-4.49473,-2.25037,27.8377
3039,-4.28073,-2.24491,27.384
3040,-4.08748,-2.25751,26.9349
3041,-3.9146,-2.28623,26.4915
3042,-3.76162,-2.32938,26.0545
3043,-3.62794,-2.38558,25.6248
3044,-3.51292,-2.45368,25.2028
3045,-3.41586,-2.53277,24.7892
3046,-3.33607,-2.62218,24.3844
3047,-3.27286,-2.72144,23.9889
3048,-3.22557,-2.83024,23.6032
3049,-3.1936,-2.94846,23.2275
3050,-3.17637,-3.07613,22.8625
3051,-3.17339,-3.21338,22.5086
3052,-3.18424,-3.36049,22.1663
3053,-3.20854,-3.51783,21.8362
3054,-3.24601,-3.68584,21.5188
3055,-3.29644,-3.86506,21.2149
3056,-3.3597,-4.05607,20.9253
3057,-3.43571,-4.25953,20.6508
3058,-3.52448,-4.47611,20.3923
3059,-3.62607,-4.70651,20.151
3060,-3.74062,-4.95144,19.928
3061,-3.8683,-5.21159,19.7248
3062,-4.00936,-5.48764,19.5428
3063,-4.16405,-5.78019,19.3837
3064,-4.33269,-6.08977,19.2495
3065,-4.51558,-6.41677,19.1422
3066,-4.71303,-6.76145,19.0641
3067,-4.92535,-7.12382,19.0178
3068,-5.1528,-7.50365,19.0061
3069,-5.39557,-7.90037,19.0319
3070,-5.65378,-8.313,19.0985
3071,-5.92739,-8.74007,19.2091
3072,-6.21622,-9.17955,19.3674
3073,-6.51988,-9.6287,19.5769
3074,-6.83772,-10.084,19.841
3075,-7.16877,-10.5412,20.1633
3076,-7.51169,-10.9949,20.5468
3077,-7.86474,-11.4387,20.994
3078,-8.22566,-11.8655,21.5067
3079,-8.59168,-12.2667,22.0858
3080,-8.95944,-12.6332,22.7307
3081,-9.325,-12.9548,23.4393
3082,-9.68378,-13.2211,24.2075
3083,-10.0307,-13.4213,25.0291
3084,-10.36,-13.5453,25.8956
3085,-10.6656,-13.5836,26.7958
3086,-10.9414,-13.5282,27.7165
3087,-11.1809,-13.3736,28.642
3088,-11.3779,-13.1167,29.5554
3089,-11.5269,-12.758,30.4385
3090,-11.6227,-12.3013,31.273
3091,-11.6615,-11.7542,32.0414
3092,-11.6406,-11.1278,32.7279
3093,-11.5588,-10.4361,33.3191
3094,-11.4164,-9.69519,33.8049
3095,-11.2154,-8.92274,34.1791
3096,-10.9593,-8.13665,34.439
3097,-10.6527,-7.35425,34.5859
3098,-10.3017,-6.59137,34.6245
3099,-9.91302,-5.86172,34.5618
3100,-9.49395,-5.17643,34.4075
3101,-9.05204,-4.54385,34.1722
3102,-8.59477,-3.96956,33.8671
3103,-8.12931,-3.45654,33.5035
3104,-7.66234,-3.00553,33.0924
3105,-7.19983,-2.61539,32.6436
3106,-6.74706,-2.28349,32.166
3107,-6.30847,-2.00619,31.6675
3108,-5.88769,-1.77912,31.1544
3109,-5.48758,-1.59755,30.6324
3110,-5.11028,-1.45664,30.1058
3111,-4.75724,-1.35163,29.5781
3112,-4.42936,-1.278,29.0521
3113,-4.12702,-1.23154,28.5298
3114,-3.85019,-1.20844,28.013
3115,-3.5985,-1.20531,27.5027
3116,-3.3713,-1.21921,26.9999
3117,-3.16777,-1.24758,26.5051
3118,-2.98692,-1.28832,26.0188
3119,-2.82768,-1.33964,25.5414
3120,-2.68894,-1.40015,25.073
3121,-2.56955,-1.46873,24.6138
3122,-2.46841,-1.54456,24.164
3123,-2.38443,-1.62706,23.7235
3124,-2.31661,-1.71587,23.2926
3125,-2.26398,-1.81082,22.8714
3126,-2.2257,-1.9119,22.4598
3127,-2.20098,-2.01927,22.0581
3128,-2.18915,-2.13319,21.6664
3129,-2.18961,-2.25405,21.2849
3130,-2.20189,-2.38235,20.9138
3131,-2.22559,-2.51867,20.5534
3132,-2.26042,-2.66368,20.2039
3133,-2.30619,-2.81811,19.8658
3134,-2.36279,-2.98278,19.5394
3135,-2.4302,-3.15857,19.2253
3136,-2.5085,-3.34641,18.9241
3137,-2.59785,-3.54732,18.6365
3138,-2.69849,-3.76232,18.3633
3139,-2.81074,-3.99253,18.1054
3140,-2.93499,-4.23908,17.8639
3141,-3.07172,-4.50313,17.6401
3142,-3.22146,-4.78587,17.4355
3143,-3.38481,-5.08847,17.2516
3144,-3.56242,-5.4121,17.0906
3145,-3.75499,-5.75787,16.9544
3146,-3.96324,-6.12679,16.8457
3147,-4.18795,-6.51974,16.7672
3148,-4.42985,-6.93743,16.7222
3149,-4.6897,-7.38026,16.7142
3150,-4.96819,-7.84832,16.7473
3151,-5.26592,-8.34119,16.8257
3152,-5.58338,-8.85791,16.9544
3153,-5.92089,-9.39676,17.1385
3154,-6.27853,-9.95514,17.3835
3155,-6.65608,-10.5294,17.6951
3156,-7.05291,-11.1145,18.0793
3157,-7.46794,-11.7041,18.5416
3158,-7.89947,-12.2901,19.0874
3159,-8.34515,-12.8628,19.7212
3160,-8.8018,-13.4104,20.4462
3161,-9.26536,-13.9195,21.2642
3162,-9.73078,-14.3749,22.1744
3163,-10.192,-14.7601,23.173
3164,-10.6419,-15.0578,24.2531
3165,-11.0723,-15.2508,25.4034
3166,-11.4745,-15.3227,26.6083
3167,-11.8387,-15.2595,27.8481
3168,-12.1553,-15.0507,29.0989
3169,-12.4146,-14.6903,30.3336
3170,-12.6076,-14.1785,31.5231
3171,-12.7264,-13.5217,32.6381
3172,-12.7649,-12.733,33.6504
3173,-12.7191,-11.8319,34.5353
3174,-12.5874,-10.8428,35.2732
3175,-12.371,-9.79377,35.8507
3176,-12.0737,-8.71445,36.2614
3177,-11.7016,-7.63407,36.5058
3178,-11.2632,-6.57958,36.591
3179,-10.7684,-5.57423,36.5292
3180,-10.2282,-4.63651,36.3362
3181,-9.65394,-3.7798,36.0305
3182,-9.05709,-3.01233,35.6312
3183,-8.44848,-2.33771,35.157
3184,-7.83808,-1.75556,34.6254
3185,-7.23471,-1.26238,34.052
3186,-6.6459,-0.852396,33.4501
3187,-6.07785,-0.518321,32.8306
3188,-5.5354,-0.252061,32.2024
3189,-5.02219,-0.0452459,31.5724
3190,-4.54067,0.110356,30.9455
3191,-4.09232,0.222549,30.3255
3192,-3.67777,0.298524,29.715
3193,-3.29693,0.344755,29.1154
3194,-2.94913,0.366955,28.5278
3195,-2.63328,0.370079,27.9527
3196,-2.34794,0.35836,27.3902
3197,-2.09143,0.33536,26.8402
3198,-1.86195,0.304032,26.3025
3199,-1.6576,0.266787,25.7767
3200,-1.47644,0.225563,25.2625
3201,-1.31657,0.181887,24.7594
3202,-1.17614,0.136936,24.2672
3203,-1.05338,0.0915918,23.7854
3204,-0.946606,0.046488,23.3137
3205,-0.854257,0.00205446,22.8519
3206,-0.774881,-0.0414464,22.3995
3207,-0.707147,-0.0838877,21.9564
3208,-0.649846,-0.125252,21.5224
3209,-0.601884,-0.165607,21.0971
3210,-0.562283,-0.205089,20.6804
3211,-0.530173,-0.243889,20.2721
3212,-0.504787,-0.282236,19.8721
3213,-0.485455,-0.320394,19.48
3214,-0.471596,-0.358649,19.0959
3215,-0.462714,-0.397308,18.7195
3216,-0.458388,-0.436696,18.3508
3217,-0.458271,-0.477151,17.9895
3218,-0.46208,-0.519023,17.6355
3219,-0.469595,-0.562679,17.2888
3220,-0.480651,-0.608497,16.9492
3221,-0.495136,-0.656875,16.6167
3222,-0.512986,-0.708227,16.291
3223,-0.534186,-0.762991,15.9723
3224,-0.558764,-0.821627,15.6603
3225,-0.586789,-0.884627,15.355
3226,-0.618375,-0.952514,15.0564
3227,-0.653675,-1.02585,14.7645
3228,-0.692882,-1.10524,14.4793
3229,-0.736232,-1.19134,14.2007
3230,-0.784003,-1.28485,13.9288
3231,-0.836516,-1.38654,13.6637
3232,-0.894139,-1.49726,13.4055
3233,-0.957287,-1.61791,13.1543
3234,-1.02643,-1.74948,12.9104
3235,-1.10208,-1.89306,12.6739
3236,-1.18483,-2.04984,12.4453
3237,-1.27531,-2.22111,12.2248
3238,-1.37423,-2.40827,12.0131
3239,-1.48239,-2.61287,11.8107
3240,-1.60063,-2.83657,11.6184
3241,-1.72991,-3.08118,11.4371
3242,-1.87125,-3.34867,11.2679
3243,-2.02578,-3.64114,11.1122
3244,-2.19474,-3.96085,10.9716
3245,-2.37947,-4.31021,10.8479
3246,-2.58139,-4.69177,10.7436
3247,-2.80208,-5.10818,10.6614
3248,-3.04319,-5.56221,10.6046
3249,-3.30649,-6.05661,10.5772
3250,-3.59385,-6.59414,10.5837
3251,-3.9072,-7.17739,10.6298
3252,-4.24855,-7.80868,10.7217
3253,-4.61989,-8.48989,10.8671
3254,-5.02319,-9.22217,11.0746
3255,-5.46027,-10.0057,11.3542
3256,-5.93276,-10.8392,11.7171
3257,-6.4419,-11.7195,12.176
3258,-6.98842,-12.6412,12.7448
3259,-7.5723,-13.5954,13.4381
3260,-8.19251,-14.5697,14.2713
3261,-8.84671,-15.5469,15.2594
3262,-9.5309,-16.5046,16.4159
3263,-10.2391,-17.4146,17.7518
3264,-10.9628,-18.2426,19.2731
3265,-11.6908,-18.9491,20.979
3266,-12.4092,-19.4901,22.8593
3267,-13.1008,-19.8198,24.8923
3268,-13.746,-19.8939,27.0426
3269,-14.3229,-19.6738,29.2611
3270,-14.8085,-19.1324,31.4852
3271,-15.1803,-18.2584,33.6428
3272,-15.4178,-17.0607,35.6571
3273,-15.5041,-15.57,37.4536
3274,-15.4283,-13.8383,38.9678
3275,-15.1859,-11.934,40.1524
3276,-14.7802,-9.93584,40.9817
3277,-14.2217,-7.92427,41.4534
3278,-13.5274,-5.97391,41.5874
3279,-12.719,-4.14698,41.4209
3280,-11.8216,-2.48936,41.003
3281,-10.8613,-1.02948,40.3876
3282,-9.8635,0.220608,39.6284
3283,-8.85186,1.26252,38.7742
3284,-7.84696,2.10806,37.8664
3285,-6.86599,2.77574,36.9383
3286,-5.92255,3.28765,36.0147
3287,-5.02677,3.66709,35.113
3288,-4.18561,3.93677,34.2443
3289,-3.40328,4.11775,33.415
3290,-2.6817,4.22886,32.6278
3291,-2.02092,4.28641,31.8829
3292,-1.41957,4.30429,31.1786
3293,-0.875186,4.29407,30.5126
3294,-0.384546,4.26525,29.8819
3295,0.0560788,4.22554,29.2835
3296,0.450723,4.18113,28.7143
3297,0.803561,4.13692,28.1717
3298,1.11878,4.09675,27.6532
3299,1.40051,4.06361,27.1566
3300,1.6527,4.03976,26.6802
3301,1.87914,4.02693,26.2225
3302,2.0834,4.02639,25.7823
3303,2.26881,4.03907,25.3587
3304,2.43845,4.06565,24.951
3305,2.59516,4.10659,24.5588
3306,2.74156,4.16222,24.1818
3307,2.88005,4.23276,23.8198
3308,3.0128,4.31839,23.4728
3309,3.1418,4.41922,23.1411
3310,3.26886,4.53535,22.825
3311,3.39562,4.66687,22.5248
3312,3.52358,4.81388,22.2411
3313,3.65411,4.97646,21.9746
3314,3.78845,5.15473,21.7261
3315,3.92773,5.34877,21.4965
3316,4.07299,5.55866,21.2868
3317,4.22516,5.78446,21.0982
3318,4.38512,6.02618,20.9322
3319,4.55362,6.28377,20.79
3320,4.73136,6.55707,20.6734
3321,4.91895,6.84581,20.5842
3322,5.11689,7.14954,20.5242
3323,5.3256,7.46762,20.4956
3324,5.54537,7.79915,20.5005
3325,5.77639,8.14293,20.5413
3326,6.01866,8.49739,20.6204
3327,6.27205,8.86055,20.7402
3328,6.53621,9.22996,20.9031
3329,6.81057,9.6026,21.1114
3330,7.0943,9.97492,21.3673
3331,7.38627,10.3427,21.6725
3332,7.68504,10.7011,22.0286
3333,7.98881,11.0445,22.4363
3334,8.29539,11.367,22.8957
3335,8.6022,11.6617,23.4059
3336,8.90623,11.9217,23.9649
3337,9.20409,12.1396,24.5695
3338,9.49201,12.308,25.215
3339,9.76587,12.4198,25.8951
3340,10.0213,12.4687,26.6022
3341,10.2538,12.449,27.3268
3342,10.4588,12.3566,28.0583
3343,10.6319,12.1892,28.7851
3344,10.769,11.9461,29.4946
3345,10.8662,11.6293,30.174
3346,10.9207,11.2428,30.8109
3347,10.9301,10.793,31.3934
3348,10.893,10.2883,31.9113
3349,10.8092,9.73875,32.3559
3350,10.6793,9.15579,32.7207
3351,10.5052,8.55145,33.0016
3352,10.2897,7.93792,33.1971
3353,10.0362,7.32695,33.3079
3354,9.74936,6.72936,33.3368
3355,9.43396,6.15468,33.2884
3356,9.09531,5.61083,33.1687
3357,8.73889,5.10402,32.9847
3358,8.37014,4.63873,32.7439
3359,7.99432,4.21777,32.4541
3360,7.61642,3.84244,32.1226
3361,7.24097,3.51274,31.7568
3362,6.87204,3.22762,31.3632
3363,6.51317,2.98521,30.9477
3364,6.16736,2.78304,30.5158
3365,5.83704,2.61825,30.0718
3366,5.52416,2.48777,29.6197
3367,5.23017,2.3885,29.1629
3368,4.9561,2.31736,28.7039
3369,4.70258,2.27144,28.2451
3370,4.46992,2.24802,27.7883
3371,4.25817,2.24463,27.335
3372,4.06712,2.25908,26.8864
3373,3.89641,2.28944,26.4436
3374,3.74554,2.33408,26.0073
3375,3.61391,2.39162,25.5783
3376,3.50086,2.46095,25.1572
3377,3.40569,2.54119,24.7445
3378,3.32772,2.63168,24.3407
3379,3.26626,2.73197,23.9462
3380,3.22065,2.84179,23.5615
3381,3.19029,2.96103,23.1869
3382,3.17463,3.08971,22.8231
3383,3.17316,3.228,22.4704
3384,3.18547,3.37619,22.1293
3385,3.2112,3.53464,21.8005
3386,3.25007,3.70382,21.4845
3387,3.30189,3.88427,21.1821
3388,3.36652,4.07658,20.894
3389,3.4439,4.28141,20.6211
3390,3.53404,4.49943,20.3644
3391,3.63701,4.73135,20.1249
3392,3.75296,4.97787,19.904
3393,3.88206,5.2397,19.7029
3394,4.02457,5.51749,19.5232
3395,4.18074,5.81184,19.3667
3396,4.35089,6.12327,19.2352
3397,4.53533,6.45217,19.1309
3398,4.73436,6.79876,19.056
3399,4.9483,7.16304,19.0133
3400,5.17739,7.54474,19.0054
3401,5.42182,7.94325,19.0353
3402,5.68169,8.35755,19.1064
3403,5.95695,8.78611,19.2219
3404,6.24742,9.22683,19.3855
3405,6.55266,9.67689,19.6006
3406,6.87199,10.1327,19.8708
3407,7.20441,10.5899,20.1995
3408,7.54855,11.0429,20.5896
3409,7.90261,11.4855,21.0438
3410,8.26427,11.91,21.5636
3411,8.63071,12.3081,22.1498
3412,8.99851,12.6704,22.8017
3413,9.36365,12.9868,23.5169
3414,9.7215,13.2467,24.2913
3415,10.0669,13.4394,25.1183
3416,10.394,13.5548,25.9891
3417,10.6969,13.5835,26.8923
3418,10.9692,13.5179,27.8145
3419,11.2046,13.3525,28.7398
3420,11.3968,13.0847,29.6511
3421,11.5404,12.7152,30.5301
3422,11.6303,12.2485,31.3586
3423,11.6629,11.6923,32.1193
3424,11.6356,11.0581,32.7964
3425,11.5473,10.3601,33.3769
3426,11.3986,9.61484,33.8513
3427,11.1915,8.83989,34.2135
3428,10.9297,8.0532,34.4613
3429,10.6181,7.27195,34.5965
3430,10.2626,6.51181,34.6239
3431,9.87029,5.78622,34.551
3432,9.44834,5.10603,34.3875
3433,9.00435,4.47929,34.1441
3434,8.54578,3.91129,33.8322
3435,8.07975,3.40477,33.463
3436,7.61288,2.96024,33.0473
3437,7.15108,2.57637,32.595
3438,6.69953,2.25042,32.1147
3439,6.26258,1.97864,31.6143
3440,5.84379,1.75661,31.1
3441,5.44594,1.57958,30.5772
3442,5.07109,1.44271,30.0502
3443,4.72063,1.34125,29.5225
3444,4.3954,1.27069,28.9967
3445,4.09573,1.22689,28.4749
3446,3.82155,1.20607,27.9587
3447,3.57245,1.20489,27.4491
3448,3.34778,1.22043,26.947
3449,3.14667,1.25022,26.4531
3450,2.96814,1.29215,25.9677
3451,2.8111,1.3445,25.4912
3452,2.67444,1.4059,25.0237
3453,2.55702,1.47528,24.5655
3454,2.45773,1.55182,24.1166
3455,2.37549,1.63498,23.6771
3456,2.3093,1.72442,23.2472
3457,2.25822,1.81998,22.8269
3458,2.22138,1.92169,22.4163
3459,2.19804,2.02969,22.0157
3460,2.18751,2.14429,21.625
3461,2.18922,2.26587,21.2445
3462,2.20269,2.39494,20.8745
3463,2.22756,2.53208,20.5152
3464,2.26352,2.67799,20.1668
3465,2.3104,2.8334,19.8299
3466,2.3681,2.99913,19.5047
3467,2.43662,3.17608,19.1919
3468,2.51604,3.36518,18.892
3469,2.60652,3.56743,18.6058
3470,2.70832,3.78391,18.3341
3471,2.82176,4.0157,18.0778
3472,2.94725,4.26394,17.838
3473,3.08527,4.52981,17.616
3474,3.23635,4.81449,17.4134
3475,3.40111,5.11916,17.2317
3476,3.58019,5.44497,17.073
3477,3.7743,5.79302,16.9395
3478,3.98418,6.16434,16.8336
3479,4.21059,6.55977,16.7583
3480,4.45427,6.98,16.7168
3481,4.71597,7.42542,16.7128
3482,4.99638,7.89604,16.7501
3483,5.29609,8.39143,16.8333
3484,5.61558,8.91054,16.9673
3485,5.95514,9.45158,17.1572
3486,6.31484,10.0118,17.4086
3487,6.6944,10.5875,17.7273
3488,7.09317,11.1736,18.119
3489,7.51,11.7634,18.5895
3490,7.94315,12.3487,19.1439
3491,8.39017,12.9197,19.7868
3492,8.84782,13.4643,20.5212
3493,9.31192,13.9689,21.3486
3494,9.77733,14.4183,22.268
3495,10.2379,14.7957,23.2755
3496,10.6863,15.0839,24.3634
3497,11.1145,15.2657,25.5202
3498,11.5134,15.3248,26.7299
3499,11.8735,15.2475,27.9723
3500,12.185,15.0238,29.2232
3501,12.4382,14.6481,30.4552
3502,12.6242,14.1213,31.639
3503,12.7353,13.4504,32.7453
3504,12.7655,12.6493,33.7463
3505,12.7112,11.738,34.6176
3506,12.5709,10.7412,35.3403
3507,12.3462,9.68746,35.9015
3508,12.0409,8.60635,36.2956
3509,11.6618,7.52701,36.5238
3510,11.2171,6.4761,36.5936
3511,10.7171,5.47643,36.5178
3512,10.1728,4.546,36.3126
3513,9.59561,3.69767,35.9966
3514,8.99693,2.93919,35.5888
3515,8.38753,2.27372,35.1079
3516,7.77727,1.70055,34.5714
3517,7.17487,1.21589,33.9944
3518,6.58772,0.81378,33.39
3519,6.02188,0.486823,32.7692
3520,5.48207,0.226868,32.1404
3521,4.9718,0.0255378,31.5104
3522,4.49344,-0.125373,30.8839
3523,4.04835,-0.23362,30.2647
3524,3.6371,-0.306326,29.6551
3525,3.25952,-0.349894,29.0566
3526,2.9149,-0.369962,28.4702
3527,2.6021,-0.371413,27.8963
3528,2.31966,-0.358412,27.335
3529,2.0659,-0.334457,26.7862
3530,1.83897,-0.302444,26.2497
3531,1.63697,-0.264737,25.725
3532,1.45799,-0.223228,25.2119
3533,1.3001,-0.179407,24.7099
3534,1.16148,-0.13442,24.2187
3535,1.04035,-0.0891218,23.7379
3536,0.935049,-0.0441244,23.2672
3537,0.844017,0.000160462,22.8063
3538,0.765818,0.0434851,22.3549
3539,0.699132,0.0857343,21.9127
3540,0.642759,0.126899,21.4795
3541,0.595619,0.167056,21.0551
3542,0.556743,0.206345,20.6392
3543,0.525271,0.244962,20.2317
3544,0.500445,0.283138,19.8325
3545,0.481604,0.321139,19.4412
3546,0.468176,0.359254,19.0578
3547,0.45967,0.39779,18.6822
3548,0.455674,0.437071,18.3142
3549,0.455847,0.477435,17.9536
3550,0.45991,0.519234,17.6003
3551,0.467649,0.562832,17.2543
3552,0.478903,0.60861,16.9154
3553,0.493563,0.656964,16.5835
3554,0.511571,0.708308,16.2585
3555,0.532914,0.763079,15.9404
3556,0.557622,0.82174,15.629
3557,0.585769,0.88478,15.3244
3558,0.617469,0.952725,15.0264
3559,0.652878,1.02614,14.7351
3560,0.692193,1.10562,14.4504
3561,0.73565,1.19183,14.1724
3562,0.783529,1.28547,13.901
3563,0.836154,1.38733,13.6365
3564,0.893894,1.49822,13.3788
3565,0.957167,1.61907,13.1282
3566,1.02644,1.75088,12.8848
3567,1.10224,1.89473,12.6488
3568,1.18514,2.05181,12.4207
3569,1.2758,2.22342,12.2008
3570,1.37492,2.41097,11.9896
3571,1.48328,2.616,11.7877
3572,1.60176,2.84018,11.596
3573,1.7313,3.08533,11.4152
3574,1.87293,3.35342,11.2466
3575,2.02779,3.64655,11.0915
3576,2.19711,3.967,10.9514
3577,2.38223,4.31719,10.8284
3578,2.5846,4.69967,10.7248
3579,2.80578,5.11709,10.6434
3580,3.04744,5.57223,10.5874
3581,3.31135,6.06785,10.5609
3582,3.59938,6.60671,10.5686
3583,3.91347,7.19139,10.6158
3584,4.25563,7.82424,10.7091
3585,4.62786,8.5071,10.8561
3586,5.03212,9.24113,11.0654
3587,5.47024,10.0265,11.3471
3588,5.94385,10.8618,11.7125
3589,6.45418,11.744,12.1742
3590,7.00194,12.6674,12.7462
3591,7.58711,13.6233,13.4434
3592,8.20862,14.5989,14.2808
3593,8.86411,15.577,15.2737
3594,9.54954,16.535,16.4356
3595,10.2588,17.4445,17.7773
3596,10.9834,18.2711,19.3047
3597,11.7121,18.9751,21.0169
3598,12.4308,19.5122,22.9035
3599,13.1222,19.8366,24.9422
3600,13.7666,19.9038,27.0975
3601,14.3421,19.6757,29.3196
3602,14.8256,19.1252,31.5457
3603,15.1947,18.2415,33.7032
3604,15.4287,17.034,35.7152
3605,15.511,15.5343,37.5072
3606,15.4307,13.7946,39.015
3607,15.1837,11.8842,40.1916
3608,14.7732,9.88189,41.0118
3609,14.2101,7.86841,41.4742
3610,13.5115,5.91822,41.5991
3611,12.6995,4.09323,41.4245
3612,11.799,2.43894,40.9994
3613,10.8362,0.983321,40.3783
3614,9.83665,-0.262006,39.6147
3615,8.82386,-1.29902,38.7573
3616,7.81838,-2.1398,37.8476
3617,6.83732,-2.80307,36.9184
3618,5.89421,-3.31103,35.9944
3619,4.99907,-3.68703,35.0929
3620,4.15879,-3.9538,34.2249
3621,3.37752,-4.13238,33.3964
3622,2.65709,-4.24153,32.6102
3623,1.99753,-4.29755,31.8663
3624,1.3974,-4.31425,31.1632
3625,0.854224,-4.30315,30.4983
3626,0.364746,-4.27371,29.8687
3627,-0.0747787,-4.2336,29.2713
3628,-0.468398,-4.18896,28.7032
3629,-0.820294,-4.14466,28.1616
3630,-1.13466,-4.10453,27.644
3631,-1.41562,-4.07151,27.1483
3632,-1.66713,-4.04787,26.6728
3633,-1.89299,-4.0353,26.2159
3634,-2.09674,-4.03506,25.7766
3635,-2.28172,-4.04809,25.3538
3636,-2.451,-4.07504,24.947
3637,-2.60743,-4.11638,24.5556
3638,-2.75362,-4.17242,24.1794
3639,-2.89195,-4.2434,23.8182
3640,-3.0246,-4.32947,23.4721
3641,-3.15356,-4.43075,23.1413
3642,-3.28062,-4.54733,22.826
3643,-3.40742,-4.67931,22.5268
3644,-3.53547,-4.82677,22.244
3645,-3.66611,-4.98981,21.9785
3646,-3.8006,-5.16851,21.7311
3647,-3.94006,-5.36298,21.5025
3648,-4.08551,-5.57329,21.2939
3649,-4.23791,-5.79948,21.1066
3650,-4.3981,-6.04156,20.9417
3651,-4.56684,-6.29948,20.8008
3652,-4.74484,-6.57305,20.6856
3653,-4.93267,-6.862,20.5978
3654,-5.13086,-7.16588,20.5393
3655,-5.33979,-7.48402,20.5123
3656,-5.55978,-7.81551,20.5189
3657,-5.79097,-8.15912,20.5614
3658,-6.03338,-8.51327,20.6422
3659,-6.28686,-8.87596,20.7638
3660,-6.55105,-9.2447,20.9285
3661,-6.82536,-9.61648,21.1386
3662,-7.10895,-9.9877,21.3963
3663,-7.40068,-10.3541,21.7033
3664,-7.69909,-10.7109,22.0611
3665,-8.00237,-11.0524,22.4703
3666,-8.30831,-11.3727,22.931
3667,-8.61431,-11.665,23.4423
3668,-8.91737,-11.9222,24.0022
3669,-9.21408,-12.1371,24.6072
3670,-9.50065,-12.3023,25.2527
3671,-9.77299,-12.4108,25.9323
3672,-10.0267,-12.4562,26.6383
3673,-10.2574,-12.4331,27.3614
3674,-10.4604,-12.3375,28.0908
3675,-10.6314,-12.1669,28.8148
3676,-10.7662,-11.9212,29.521
3677,-10.8612,-11.602,30.1966
3678,-10.9135,-11.2137,30.8293
3679,-10.9207,-10.7627,31.4074
3680,-10.8816,-10.2574,31.9206
3681,-10.7959,-9.70793,32.3604
3682,-10.6644,-9.12568,32.7205
3683,-10.489,-8.52264,32.9971
3684,-10.2723,-7.91095,33.1884
3685,-10.018,-7.30225,33.2954
3686,-9.73067,-6.70729,33.321
3687,-9.41508,-6.13546,33.2697
3688,-9.07655,-5.59461,33.1477
3689,-8.72052,-5.09085,32.9618
3690,-8.3524,-4.62858,32.7197
3691,-7.97746,-4.21053,32.4288
3692,-7.6006,-3.83795,32.0967
3693,-7.22635,-3.51081,31.7306
3694,-6.85875,-3.22805,31.337
3695,-6.50129,-2.98776,30.9218
3696,-6.15694,-2.78748,30.4902
3697,-5.82812,-2.62437,30.0468
3698,-5.51675,-2.49537,29.5955
3699,-5.22425,-2.3974,29.1393
3700,-4.95164,-2.32739,28.6812
3701,-4.69955,-2.28245,28.2233
3702,-4.46827,-2.2599,27.7673
3703,-4.25784,-2.25727,27.315
3704,-4.06806,-2.27241,26.8673
3705,-3.89856,-2.30339,26.4255
3706,-3.74884,-2.34861,25.9902
3707,-3.61831,-2.4067,25.5622
3708,-3.5063,-2.47657,25.142
3709,-3.41213,-2.55734,24.7303
3710,-3.33511,-2.64837,24.3275
3711,-3.27456,-2.74922,23.934
3712,-3.22983,-2.85961,23.5503
3713,-3.20032,-2.97945,23.1769
3714,-3.18548,-3.10877,22.8141
3715,-3.18483,-3.24774,22.4625
3716,-3.19794,-3.39664,22.1227
3717,-3.22447,-3.55586,21.7951
3718,-3.26414,-3.72584,21.4804
3719,-3.31675,-3.90715,21.1793
3720,-3.38219,-4.10036,20.8927
3721,-3.46038,-4.30613,20.6213
3722,-3.55135,-4.52513,20.3662
3723,-3.65517,-4.75806,20.1285
3724,-3.77198,-5.00564,19.9093
3725,-3.90198,-5.26853,19.7102
3726,-4.04538,-5.54741,19.5326
3727,-4.20248,-5.84285,19.3783
3728,-4.37356,-6.15534,19.2493
3729,-4.55894,-6.48527,19.1475
3730,-4.75893,-6.83283,19.0755
3731,-4.97381,-7.19799,19.0357
3732,-5.20383,-7.58045,19.0311
3733,-5.44918,-7.97956,19.0645
3734,-5.70992,-8.39424,19.1392
3735,-5.986,-8.82294,19.2587
3736,-6.2772,-9.26346,19.4263
3737,-6.58306,-9.71296,19.6458
3738,-6.90289,-10.1678,19.9205
3739,-7.23564,-10.6234,20.2538
3740,-7.5799,-11.0743,20.6486
3741,-7.93382,-11.514,21.1073
3742,-8.29507,-11.935,21.6317
3743,-8.66076,-12.3288,22.2221
3744,-9.02743,-12.686,22.8778
3745,-9.39102,-12.9965,23.5963
3746,-9.74687,-13.2496,24.3731
3747,-10.0897,-13.435,25.2016
3748,-10.4139,-13.5424,26.0727
3749,-10.7134,-13.5628,26.9751
3750,-10.9817,-13.4886,27.8948
3751,-11.2127,-13.3148,28.8163
3752,-11.4002,-13.039,29.7221
3753,-11.5387,-12.6623,30.5942
3754,-11.6235,-12.1893,31.4145
3755,-11.6508,-11.6281,32.1658
3756,-11.6184,-10.9904,32.8327
3757,-11.5252,-10.2905,33.4026
3758,-11.3719,-9.54499,33.8661
3759,-11.1608,-8.77141,34.2176
3760,-10.8955,-7.98756,34.4553
3761,-10.5811,-7.21043,34.5812
3762,-10.2236,-6.45544,34.6001
3763,-9.82983,-5.73576,34.52
3764,-9.40724,-5.06197,34.3504
3765,-8.96329,-4.44186,34.1021
3766,-8.50538,-3.88048,33.7864
3767,-8.04058,-3.3804,33.4144
3768,-7.57541,-2.94197,32.9968
3769,-7.11572,-2.56377,32.5434
3770,-6.66659,-2.24298,32.0627
3771,-6.23229,-1.97584,31.5622
3772,-5.81632,-1.75791,31.0484
3773,-5.42139,-1.58447,30.5263
3774,-5.04949,-1.4507,30.0004
3775,-4.70198,-1.3519,29.4738
3776,-4.37965,-1.28363,28.9493
3777,-4.08281,-1.24177,28.4289
3778,-3.81136,-1.22261,27.914
3779,-3.56487,-1.22285,27.4058
3780,-3.34269,-1.23963,26.9052
3781,-3.14395,-1.2705,26.4127
3782,-2.96765,-1.31341,25.9287
3783,-2.81273,-1.36667,25.4535
3784,-2.67807,-1.42893,24.9875
3785,-2.56253,-1.49914,24.5306
3786,-2.46503,-1.57653,24.0831
3787,-2.38449,-1.66057,23.6451
3788,-2.31992,-1.75093,23.2165
3789,-2.2704,-1.84748,22.7977
3790,-2.23507,-1.95025,22.3886
3791,-2.2132,-2.0594,21.9894
3792,-2.20411,-2.17523,21.6002
3793,-2.20725,-2.29816,21.2213
3794,-2.22215,-2.4287,20.8529
3795,-2.24845,-2.56744,20.4952
3796,-2.28588,-2.71507,20.1487
3797,-2.33425,-2.87235,19.8136
3798,-2.39348,-3.04009,19.4904
3799,-2.46359,-3.21921,19.1797
3800,-2.54465,-3.41063,18.882
3801,-2.63686,-3.61538,18.5982
3802,-2.74046,-3.83451,18.3291
3803,-2.85579,-4.06912,18.0756
3804,-2.98327,-4.32035,17.8389
3805,-3.12338,-4.58937,17.6203
3806,-3.27666,-4.87735,17.4213
3807,-3.44373,-5.18547,17.2437
3808,-3.62524,-5.51485,17.0894
3809,-3.82189,-5.86659,16.9607
3810,-4.03442,-6.24164,16.8603
3811,-4.26359,-6.64084,16.791
3812,-4.51012,-7.06479,16.7561
3813,-4.77475,-7.51382,16.7593
3814,-5.05814,-7.98785,16.8047
3815,-5.36087,-8.48633,16.8968
3816,-5.68335,-9.00807,17.0404
3817,-6.02585,-9.55112,17.2409
3818,-6.38835,-10.1126,17.5037
3819,-6.77052,-10.6884,17.8347
3820,-7.1716,-11.2733,18.2396
3821,-7.59034,-11.8603,18.7239
3822,-8.02487,-12.4411,19.2927
3823,-8.4726,-13.0053,19.9501
3824,-8.93012,-13.5407,20.6991
3825,-9.39311,-14.0335,21.5405
3826,-9.85626,-14.4682,22.4729
3827,-10.3132,-14.828,23.4915
3828,-10.7566,-15.0958,24.5883
3829,-11.1781,-15.2545,25.7507
3830,-11.5687,-15.2887,26.9623
3831,-11.9189,-15.1851,28.202
3832,-12.2187,-14.9345,29.4452
3833,-12.459,-14.5327,30.6643
3834,-12.6308,-13.9816,31.83
3835,-12.7269,-13.2895,32.9135
3836,-12.7418,-12.4712,33.8877
3837,-12.6721,-11.5475,34.7292
3838,-12.5171,-10.5439,35.4202
3839,-12.2785,-9.48882,35.9493
3840,-11.961,-8.41179,36.3121
3841,-11.5713,-7.34134,36.5109
3842,-11.1182,-6.30334,36.5543
3843,-10.6119,-5.31961,36.4555
3844,-10.0636,-4.40718,36.2311
3845,-9.48447,-3.57789,35.8996
3846,-8.8859,-2.83866,35.4801
3847,-8.27841,-2.19192,34.9908
3848,-7.67162,-1.63641,34.4487
3849,-7.07397,-1.16798,33.8685
3850,-6.49258,-0.780444,33.263
3851,-5.93325,-0.466317,32.6424
3852,-5.40048,-0.217453,32.015
3853,-4.89755,-0.0255545,31.3871
3854,-4.42664,0.117457,30.7634
3855,-3.98899,0.21918,30.1471
3856,-3.58503,0.286572,29.5406
3857,-3.21449,0.325863,28.9453
3858,-2.87662,0.342528,28.362
3859,-2.57021,0.341298,27.7912
3860,-2.29378,0.326198,27.2328
3861,-2.04562,0.300603,26.6868
3862,-1.82391,0.2673,26.153
3863,-1.62674,0.228557,25.6309
3864,-1.45222,0.186185,25.1202
3865,-1.29845,0.141605,24.6205
3866,-1.16361,0.0959035,24.1316
3867,-1.04598,0.0498859,23.6529
3868,-0.943912,0.00412215,23.1843
3869,-0.855885,-0.0410115,22.7254
3870,-0.780489,-0.0852974,22.2759
3871,-0.716437,-0.128646,21.8356
3872,-0.662561,-0.171072,21.4042
3873,-0.617808,-0.21267,20.9816
3874,-0.581239,-0.253601,20.5675
3875,-0.552021,-0.294076,20.1618
3876,-0.529423,-0.334346,19.7643
3877,-0.512809,-0.374691,19.3747
3878,-0.501631,-0.41542,18.9931
3879,-0.495425,-0.456858,18.6191
3880,-0.493801,-0.499351,18.2528
3881,-0.49644,-0.543257,17.8939
3882,-0.50309,-0.588955,17.5424
3883,-0.513559,-0.636834,17.1981
3884,-0.527709,-0.687306,16.861
3885,-0.545459,-0.740798,16.5309
3886,-0.566774,-0.797763,16.2078
3887,-0.591669,-0.858677,15.8916
3888,-0.620203,-0.924046,15.5823
3889,-0.652479,-0.994412,15.2798
3890,-0.688645,-1.07035,14.984
3891,-0.728891,-1.15249,14.6951
3892,-0.77345,-1.24149,14.4131
3893,-0.822599,-1.33809,14.1378
3894,-0.876663,-1.44306,13.8696
3895,-0.936011,-1.55727,13.6084
3896,-1.00106,-1.68165,13.3545
3897,-1.0723,-1.81722,13.108
3898,-1.15023,-1.96507,12.8692
3899,-1.23547,-2.12641,12.6385
3900,-1.32865,-2.30257,12.4164
3901,-1.4305,-2.49496,12.2033
3902,-1.54182,-2.70515,11.9999
3903,-1.66348,-2.93483,11.807
3904,-1.79643,-3.18582,11.6256
3905,-1.94172,-3.46011,11.4569
3906,-2.1005,-3.7598,11.3022
3907,-2.27401,-4.08716,11.1633
3908,-2.4636,-4.44461,11.0423
3909,-2.67072,-4.83467,10.9415
3910,-2.89693,-5.25997,10.8639
3911,-3.1439,-5.72321,10.813
3912,-3.41339,-6.22709,10.7928
3913,-3.70727,-6.77423,10.8081
3914,-4.02743,-7.36707,10.8648
3915,-4.37585,-8.00774,10.9693
3916,-4.75445,-8.6978,11.1296
3917,-5.16512,-9.43808,11.3544
3918,-5.60958,-10.2282,11.654
3919,-6.08929,-11.0665,12.0398
3920,-6.60529,-11.949,12.5246
3921,-7.15806,-12.8693,13.1221
3922,-7.74726,-13.8177,13.847
3923,-8.37146,-14.7806,14.7141
3924,-9.02788,-15.7395,15.7377
3925,-9.71196,-16.671,16.9303
3926,-10.4171,-17.5456,18.301
3927,-11.1342,-18.3282,19.8539
3928,-11.8515,-18.9789,21.5856
3929,-12.5543,-19.4541,23.4828
3930,-13.2252,-19.7094,25.5204
3931,-13.8441,-19.7027,27.6601
3932,-14.3894,-19.3996,29.8499
3933,-14.8387,-18.7774,32.0261
3934,-15.1703,-17.8305,34.1166
3935,-15.3649,-16.5734,36.0466
3936,-15.4078,-15.0417,37.7456
3937,-15.2898,-13.2906,39.1549
3938,-15.0084,-11.3899,40.2334
3939,-14.5689,-9.41714,40.9619
3940,-13.9832,-7.4498,41.3436
3941,-13.2691,-5.55789,41.4024
3942,-12.4489,-3.79829,41.1776
3943,-11.5475,-2.21171,40.7184
3944,-10.5902,-0.822022,40.0773
3945,-9.60173,0.362201,39.3058
3946,-8.60445,1.3449,38.4498
3947,-7.6178,2.13912,37.5479
3948,-6.65783,2.76375,36.6308
3949,-5.7371,3.24062,35.721
3950,-4.86484,3.59235,34.8343
3951,-4.04728,3.84076,33.9806
3952,-3.28805,4.00598,33.1654
3953,-2.58865,4.10589,32.3908
3954,-1.94882,4.15595,31.6568
3955,-1.36698,4.16929,30.9619
3956,-0.84057,4.15684,30.3035
3957,-0.366317,4.12757,29.6789
3958,0.0595058,4.08876,29.0851
3959,0.440892,4.04623,28.5194
3960,0.781949,4.00462,27.9792
3961,1.08678,3.96753,27.4622
3962,1.35942,3.93777,26.9663
3963,1.60371,3.91749,26.4901
3964,1.82336,3.90832,26.032
3965,2.02182,3.91144,25.591
3966,2.20232,3.92775,25.1663
3967,2.36786,3.95788,24.7572
3968,2.52121,4.00229,24.3633
3969,2.66489,4.0613,23.9844
3970,2.80123,4.13515,23.6204
3971,2.93235,4.22402,23.2713
3972,3.06018,4.32804,22.9373
3973,3.18648,4.44735,22.6188
3974,3.31286,4.58208,22.3162
3975,3.44079,4.73235,22.03
3976,3.5716,4.89831,21.7609
3977,3.70652,5.08011,21.5097
3978,3.84667,5.27788,21.2774
3979,3.99309,5.49178,21.0651
3980,4.14671,5.72192,20.8738
3981,4.30841,5.96836,20.7051
3982,4.47895,6.23113,20.5604
3983,4.65906,6.51012,20.4415
3984,4.84936,6.80514,20.3501
3985,5.05038,7.11581,20.2882
3986,5.26257,7.44154,20.258
3987,5.48627,7.7815,20.2619
3988,5.72167,8.13454,20.3022
3989,5.96883,8.49912,20.3815
3990,6.22766,8.87329,20.5024
3991,6.49782,9.2546,20.6675
3992,6.77879,9.64,20.8792
3993,7.06975,10.0259,21.14
3994,7.36959,10.4079,21.4519
3995,7.67687,10.7811,21.8164
3996,7.98976,11.1397,22.2347
3997,8.30604,11.4773,22.707
3998,8.62305,11.787,23.2326
3999,8.93772,12.0612,23.8097
4000,9.2465,12.2922,24.4349
4001,9.54547,12.472,25.1036
4002,9.83033,12.5932,25.8094
4003,10.0965,12.6487,26.5442
4004,10.3392,12.6324,27.2983
4005,10.5535,12.5399,28.0605
4006,10.7349,12.3683,28.8183
4007,10.8788,12.117,29.5587
4008,10.9813,11.7878,30.2678
4009,11.0391,11.385,30.9325
4010,11.0498,10.9153,31.5402
4011,11.0119,10.3877,32.0797
4012,10.925,9.81291,32.542
4013,10.7899,9.20319,32.9203
4014,10.6085,8.57141,33.2103
4015,10.3837,7.93059,33.4104
4016,10.1193,7.29324,33.5216
4017,9.82011,6.67085,33.547
4018,9.49129,6.07345,33.4918
4019,9.13846,5.50935,33.3626
4020,8.7674,4.98497,33.1669
4021,8.38386,4.50485,32.9128
4022,7.9934,4.07174,32.6085
4023,7.6012,3.6868,32.262
4024,7.21202,3.34981,31.8809
4025,6.83007,3.05942,31.4721
4026,6.45901,2.81348,31.0419
4027,6.10189,2.6092,30.5956
4028,5.76121,2.44345,30.1379
4029,5.4389,2.31287,29.6728
4030,5.1364,2.21411,29.2036
4031,4.8547,2.14388,28.7329
4032,4.59437,2.09907,28.2631
4033,4.35567,2.07681,27.7958
4034,4.13854,2.0745,27.3326
4035,3.94273,2.08984,26.8746
4036,3.76779,2.12083,26.4227
4037,3.61313,2.16576,25.9777
4038,3.47808,2.22322,25.5403
4039,3.36191,2.29206,25.1109
4040,3.26386,2.37138,24.6901
4041,3.18316,2.46051,24.2783
4042,3.11908,2.55899,23.8757
4043,3.07091,2.66654,23.483
4044,3.038,2.78307,23.1003
4045,3.01974,2.90862,22.7282
4046,3.01561,3.04337,22.367
4047,3.02515,3.18761,22.0172
4048,3.04799,3.34174,21.6794
4049,3.08382,3.50626,21.354
4050,3.13242,3.68172,21.0417
4051,3.19364,3.86877,20.7432
4052,3.26743,4.0681,20.4593
4053,3.35379,4.28043,20.191
4054,3.4528,4.50654,19.9392
4055,3.5646,4.74721,19.705
4056,3.6894,5.00322,19.4899
4057,3.82746,5.27534,19.2951
4058,3.97908,5.5643,19.1225
4059,4.14462,5.87075,18.9737
4060,4.32444,6.19526,18.8509
4061,4.51891,6.53825,18.7563
4062,4.72843,6.89997,18.6924
4063,4.95333,7.28041,18.6621
4064,5.19394,7.67928,18.6682
4065,5.45046,8.0959,18.7142
4066,5.72304,8.52914,18.8034
4067,6.01165,8.97731,18.9396
4068,6.31607,9.43806,19.1265
4069,6.63585,9.90829,19.368
4070,6.97025,10.384,19.668
4071,7.31817,10.8603,20.03
4072,7.6781,11.3311,20.4573
4073,8.04803,11.7894,20.9525
4074,8.42543,12.2268,21.5172
4075,8.80715,12.634,22.1521
4076,9.18942,13.0006,22.8559
4077,9.56779,13.3156,23.6259
4078,9.93717,13.5674,24.4568
4079,10.2918,13.7447,25.341
4080,10.6256,13.8364,26.2684
4081,10.9317,13.833,27.226
4082,11.2035,13.7268,28.1982
4083,11.4342,13.5129,29.1676
4084,11.6172,13.1896,30.1151
4085,11.7468,12.759,31.0209
4086,11.8182,12.2274,31.8655
4087,11.8277,11.6048,32.6307
4088,11.7732,10.905,33.3007
4089,11.6542,10.1445,33.8628
4090,11.472,9.342,34.3085
4091,11.2295,8.51681,34.6331
4092,10.9312,7.6882,34.8365
4093,10.583,6.87411,34.9223
4094,10.1919,6.09041,34.8974
4095,9.76537,5.35025,34.7714
4096,9.31155,4.66376,34.5555
4097,8.83848,4.03799,34.2618
4098,8.35399,3.47701,33.9029
4099,7.86543,2.98229,33.4905
4100,7.37946,2.55308,33.0359
4101,6.90197,2.1869,32.549
4102,6.43798,1.87997,32.0385
4103,5.99161,1.62766,31.5118
4104,5.56614,1.42484,30.9749
4105,5.16404,1.26622,30.4329
4106,4.78703,1.14653,29.8895
4107,4.4362,1.06076,29.3479
4108,4.11203,1.00423,28.8104
4109,3.81458,0.972684,28.2786
4110,3.54348,0.962334,27.7538
4111,3.29809,0.969858,27.2369
4112,3.07751,0.992397,26.7285
4113,2.88069,1.02754,26.2289
4114,2.70648,1.07328,25.7386
4115,2.55364,1.128,25.2575
4116,2.42093,1.19041,24.7859
4117,2.30713,1.25954,24.3237
4118,2.21103,1.33466,23.8711
4119,2.13149,1.4153,23.4279
4120,2.06745,1.5012,22.9943
4121,2.01793,1.59226,22.5702
4122,1.98203,1.68854,22.1558
4123,1.95898,1.79024,21.751
4124,1.94807,1.89769,21.3559
4125,1.94872,2.01131,20.9707
4126,1.96044,2.13162,20.5955
4127,1.98285,2.25921,20.2305
4128,2.01564,2.39478,19.876
4129,2.05863,2.53908,19.5321
4130,2.11171,2.69293,19.1994
4131,2.17488,2.85722,18.878
4132,2.24822,3.0329,18.5687
4133,2.33189,3.22098,18.2719
4134,2.42613,3.42254,17.9883
4135,2.53129,3.63871,17.7187
4136,2.64777,3.87067,17.4641
4137,2.77605,4.11965,17.2255
4138,2.91669,4.38692,17.0042
4139,3.07031,4.67377,16.8018
4140,3.23762,4.98152,16.6198
4141,3.41935,5.31146,16.4602
4142,3.61631,5.66487,16.3254
4143,3.82935,6.04293,16.2179
4144,4.05932,6.4467,16.1406
4145,4.30712,6.87708,16.0968
4146,4.5736,7.33468,16.0904
4147,4.8596,7.8198,16.1256
4148,5.16587,8.33223,16.2071
4149,5.49306,8.87119,16.34
4150,5.84162,9.43513,16.53
4151,6.21179,10.0215,16.7832
4152,6.60348,10.6268,17.1059
4153,7.01621,11.2459,17.5046
4154,7.44899,11.8721,17.9859
4155,7.90019,12.4972,18.5559
4156,8.36746,13.1106,19.2199
4157,8.84758,13.6998,19.9822
4158,9.33632,14.2501,20.8452
4159,9.82838,14.7449,21.8088
4160,10.3173,15.1659,22.8695
4161,10.7954,15.4937,24.0203
4162,11.2538,15.7088,25.2492
4163,11.6829,15.7928,26.5396
4164,12.0722,15.7294,27.8696
4165,12.4107,15.5064,29.213
4166,12.6878,15.1169,30.5395
4167,12.8934,14.5608,31.8164
4168,13.0187,13.8453,33.0106
4169,13.0568,12.9855,34.0909
4170,13.0034,12.0035,35.0297
4171,12.8568,10.9274,35.8054
4172,12.6185,9.78902,36.4039
4173,12.2929,8.62194,36.819
4174,11.8871,7.45892,37.0528
4175,11.4107,6.3298,37.1144
4176,10.8749,5.25983,37.0186
4177,10.2919,4.26864,36.7844
4178,9.67448,3.36983,36.4331
4179,9.03507,2.5712,35.9863
4180,8.38548,1.87535,35.465
4181,7.7364,1.28056,34.8882
4182,7.09719,0.781824,34.2727
4183,6.4757,0.371824,33.6325
4184,5.87827,0.0418339,32.9789
4185,5.30979,-0.217544,32.3208
4186,4.77376,-0.415802,31.6649
4187,4.27245,-0.5621,31.0159
4188,3.8071,-0.664992,30.3771
4189,3.37801,-0.732248,29.7507
4190,2.9848,-0.770781,29.1379
4191,2.62649,-0.786627,28.5393
4192,2.30165,-0.784968,27.955
4193,2.00854,-0.770192,27.3848
4194,1.74522,-0.74596,26.8285
4195,1.5096,-0.715287,26.2855
4196,1.29953,-0.680619,25.7553
4197,1.11286,-0.643912,25.2374
4198,0.94748,-0.606704,24.7313
4199,0.801356,-0.570182,24.2365
4200,0.672543,-0.535238,23.7526
4201,0.55921,-0.502529,23.2791
4202,0.459647,-0.472514,22.8157
4203,0.372272,-0.4455,22.362
4204,0.295629,-0.421672,21.9178
4205,0.228389,-0.401123,21.4827
4206,0.169344,-0.383879,21.0566
4207,0.117399,-0.369915,20.6391
4208,0.0715702,-0.359175,20.2301
4209,0.0309715,-0.351583,19.8293
4210,-0.00519018,-0.347054,19.4366
4211,-0.0376244,-0.345503,19.0518
4212,-0.0669653,-0.346853,18.6747
4213,-0.0937801,-0.351036,18.3052
4214,-0.118576,-0.358002,17.9431
4215,-0.141809,-0.367719,17.5883
4216,-0.163888,-0.380177,17.2406
4217,-0.185184,-0.395391,16.8999
4218,-0.206037,-0.413398,16.566
4219,-0.226756,-0.434266,16.2389
4220,-0.247632,-0.458087,15.9184
4221,-0.268936,-0.484986,15.6044
4222,-0.290927,-0.515117,15.2968
4223,-0.313856,-0.548666,14.9955
4224,-0.33797,-0.585854,14.7004
4225,-0.363515,-0.626938,14.4114
4226,-0.390738,-0.672213,14.1285
4227,-0.419896,-0.722016,13.8515
4228,-0.451253,-0.776725,13.5805
4229,-0.485086,-0.836769,13.3153
4230,-0.52169,-0.902625,13.056
4231,-0.561381,-0.974827,12.8025
4232,-0.604497,-1.05397,12.5548
4233,-0.651403,-1.14071,12.313
4234,-0.702496,-1.23578,12.0772
4235,-0.75821,-1.33999,11.8473
4236,-0.819017,-1.45424,11.6237
4237,-0.885434,-1.5795,11.4063
4238,-0.958029,-1.71688,11.1955
4239,-1.03742,-1.86757,10.9915
4240,-1.1243,-2.03289,10.7947
4241,-1.2194,-2.2143,10.6056
4242,-1.32356,-2.41338,10.4247
4243,-1.43768,-2.63188,10.2527
4244,-1.56275,-2.8717,10.0906
4245,-1.69985,-3.13492,9.93924
4246,-1.85018,-3.42379,9.80004
4247,-2.01502,-3.74075,9.6745
4248,-2.19581,-4.08841,9.56449
4249,-2.39408,-4.46956,9.47229
4250,-2.61149,-4.88716,9.40061
4251,-2.84983,-5.34431,9.35271
4252,-3.11104,-5.84418,9.33253
4253,-3.39716,-6.39,9.34474
4254,-3.71034,-6.98491,9.39492
4255,-4.05283,-7.63186,9.48966
4256,-4.42692,-8.33343,9.63675
4257,-4.83489,-9.09156,9.84529
4258,-5.27897,-9.90725,10.1259
4259,-5.76118,-10.7802,10.4906
4260,-6.28327,-11.708,10.9532
4261,-6.84644,-12.6861,11.5291
4262,-7.45122,-13.7063,12.2349
4263,-8.0971,-14.7565,13.0882
4264,-8.78222,-15.8193,14.1069
4265,-9.50299,-16.8715,15.3079
4266,-10.2536,-17.883,16.7054
4267,-11.0256,-18.8164,18.3091
4268,-11.8074,-19.6278,20.1215
4269,-12.5841,-20.2669,22.1347
4270,-13.3372,-20.6806,24.3274
4271,-14.045,-20.8159,26.6629
4272,-14.6828,-20.6258,29.0873
4273,-15.2247,-20.0751,31.5304
4274,-15.6444,-19.1474,33.9095
4275,-15.9178,-17.8499,36.1348
4276,-16.0251,-16.2164,38.1187
4277,-15.9528,-14.3063,39.7849
4278,-15.6954,-12.1997,41.0772
4279,-15.2563,-9.98919,41.9662
4280,-14.6474,-7.76941,42.4509
4281,-13.8883,-5.62728,42.5566
4282,-13.0043,-3.63413,42.3298
4283,-12.0242,-1.84108,41.8298
4284,-10.9776,-0.278004,41.121
4285,-9.89355,1.04464,40.266
4286,-8.79823,2.13212,39.3208
4287,-7.71439,3.001,38.3317
4288,-6.66065,3.67476,37.3348
4289,-5.65143,4.18019,36.3559
4290,-4.69719,4.54459,35.4125
4291,-3.80484,4.79397,34.5149
4292,-2.97828,4.95187,33.6681
4293,-2.21893,5.03892,32.8731
4294,-1.52626,5.07271,32.1288
4295,-0.898257,5.06793,31.432
4296,-0.331845,5.03662,30.7791
4297,0.176806,4.98855,30.166
4298,0.631988,4.9315,29.5888
4299,1.03825,4.87165,29.0436
4300,1.40021,4.81381,28.5272
4301,1.72248,4.76169,28.0364
4302,2.00951,4.71813,27.569
4303,2.26559,4.68526,27.1227
4304,2.49475,4.66462,26.6959
4305,2.70078,4.65734,26.2872
4306,2.88719,4.6642,25.8957
4307,3.05722,4.68571,25.5205
4308,3.21383,4.72217,25.1612
4309,3.35974,4.77377,24.8175
4310,3.49742,4.84055,24.4893
4311,3.62908,4.92251,24.1766
4312,3.75674,5.01958,23.8796
4313,3.88222,5.13167,23.5987
4314,4.00714,5.25865,23.3343
4315,4.13298,5.40037,23.0869
4316,4.26103,5.5567,22.8574
4317,4.39248,5.72743,22.6465
4318,4.52835,5.91238,22.455
4319,4.66957,6.11129,22.2841
4320,4.81694,6.32386,22.1348
4321,4.97117,6.54972,22.0084
4322,5.13283,6.7884,21.9061
4323,5.30242,7.03931,21.8295
4324,5.48032,7.30171,21.78
4325,5.66677,7.57469,21.7591
4326,5.86192,7.85711,21.7686
4327,6.06579,8.1476,21.8101
4328,6.27821,8.44449,21.8852
4329,6.49891,8.74579,21.9955
4330,6.7274,9.04918,22.1426
4331,6.96301,9.35193,22.3278
4332,7.20485,9.65094,22.5522
4333,7.45181,9.94269,22.8166
4334,7.70253,10.2232,23.1214
4335,7.95537,10.4883,23.4665
4336,8.20843,10.7332,23.8511
4337,8.45955,10.9531,24.2739
4338,8.70628,11.1429,24.7324
4339,8.94593,11.2975,25.2236
4340,9.17559,11.412,25.7433
4341,9.39216,11.4819,26.2863
4342,9.59246,11.5031,26.8464
4343,9.77321,11.4722,27.4168
4344,9.93121,11.3871,27.9894
4345,10.0634,11.2464,28.556
4346,10.1669,11.0505,29.1078
4347,10.2394,10.8009,29.6358
4348,10.2787,10.5008,30.1314
4349,10.2834,10.1545,30.5866
4350,10.2527,9.7678,30.9942
4351,10.1865,9.34758,31.348
4352,10.0852,8.90142,31.6433
4353,9.95024,8.43743,31.8769
4354,9.78342,7.9639,32.047
4355,9.58727,7.48893,32.1535
4356,9.36483,7.02017,32.1974
4357,9.11954,6.56453,32.1814
4358,8.85511,6.12807,32.1088
4359,8.57545,5.71579,31.9839
4360,8.2845,5.33162,31.8114
4361,7.98615,4.97842,31.5965
4362,7.68417,4.65806,31.3445
4363,7.38206,4.37144,31.0603
4364,7.08307,4.11872,30.7491
4365,6.7901,3.89936,30.4153
4366,6.50571,3.71231,30.0633
4367,6.23209,3.55611,29.697
4368,5.97107,3.42906,29.3198
4369,5.72413,3.32928,28.9347
4370,5.49243,3.25482,28.5444
4371,5.27685,3.20374,28.1512
4372,5.07797,3.17418,27.7571
4373,4.89618,3.16437,27.3638
4374,4.73164,3.17268,26.9728
4375,4.58437,3.19766,26.5855
4376,4.45424,3.23802,26.203
4377,4.34103,3.29265,25.8262
4378,4.24445,3.36062,25.4561
4379,4.16414,3.44116,25.0935
4380,4.09973,3.53369,24.7392
4381,4.0508,3.63774,24.3939
4382,4.01698,3.753,24.0584
4383,3.99789,3.8793,23.7333
4384,3.99315,4.01656,23.4195
4385,4.00247,4.16481,23.1176
4386,4.02553,4.32415,22.8284
4387,4.06211,4.49476,22.5529
4388,4.112,4.67688,22.2918
4389,4.17504,4.87077,22.0461
4390,4.25112,5.07672,21.817
4391,4.34014,5.29502,21.6055
4392,4.44208,5.52596,21.4128
4393,4.55692,5.76979,21.2404
4394,4.68466,6.02668,21.0896
4395,4.82533,6.29673,20.962
4396,4.97895,6.57993,20.8594
4397,5.14553,6.87611,20.7835
4398,5.32505,7.18491,20.7363
4399,5.51747,7.50576,20.7199
4400,5.72266,7.83781,20.7365
4401,5.94042,8.17989,20.7883
4402,6.17043,8.53044,20.8776
4403,6.41224,8.88751,21.0067
4404,6.66524,9.24865,21.1778
4405,6.92862,9.61088,21.3931
4406,7.20131,9.97068,21.6545
4407,7.482,10.3239,21.9634
4408,7.7691,10.6658,22.3211
4409,8.06065,10.9911,22.7279
4410,8.35437,11.2939,23.1837
4411,8.64761,11.5678,23.6871
4412,8.93734,11.8062,24.2359
4413,9.2202,12.0022,24.8266
4414,9.49246,12.1491,25.4542
4415,9.75016,12.2405,26.1126
4416,9.98911,12.2706,26.7938
4417,10.205,12.2347,27.489
4418,10.3936,12.1293,28.1878
4419,10.5508,11.9528,28.879
4420,10.6728,11.7052,29.5509
4421,10.7563,11.3887,30.1916
4422,10.7985,11.0077,30.7895
4423,10.7976,10.5686,31.334
4424,10.7525,10.0794,31.8156
4425,10.6631,9.54985,32.2267
4426,10.5303,8.99068,32.5616
4427,10.356,8.41312,32.8169
4428,10.1428,7.82846,32.9914
4429,9.8944,7.2475,33.086
4430,9.61493,6.68018,33.1034
4431,9.30908,6.13519,33.0481
4432,8.98185,5.61976,32.9258
4433,8.63838,5.13956,32.7429
4434,8.28377,4.69866,32.5064
4435,7.92296,4.29961,32.2234
4436,7.56059,3.94361,31.9011
4437,7.20091,3.63068,31.5459
4438,6.84773,3.35987,31.1641
4439,6.50436,3.12948,30.7612
4440,6.17361,2.93726,30.3423
4441,5.85778,2.78062,29.9115
4442,5.55871,2.65676,29.4727
4443,5.27778,2.56281,29.0289
4444,5.01598,2.49597,28.5829
4445,4.77393,2.45355,28.1367
4446,4.55196,2.43305,27.6922
4447,4.35013,2.43219,27.251
4448,4.1683,2.44894,26.8142
4449,4.00613,2.48152,26.3829
4450,3.86321,2.52841,25.9579
4451,3.73899,2.58835,25.5401
4452,3.63288,2.66029,25.1301
4453,3.54426,2.74343,24.7284
4454,3.4725,2.83716,24.3356
4455,3.41699,2.94107,23.9522
4456,3.37713,3.05491,23.5787
4457,3.35237,3.17859,23.2155
4458,3.34221,3.31216,22.8633
4459,3.34622,3.45578,22.5226
4460,3.36401,3.60972,22.1939
4461,3.39527,3.77435,21.8779
4462,3.43976,3.95012,21.5753
4463,3.4973,4.13752,21.2869
4464,3.56778,4.33711,21.0136
4465,3.65116,4.5495,20.7562
4466,3.74746,4.77529,20.5159
4467,3.85676,5.01512,20.2939
4468,3.97918,5.2696,20.0915
4469,4.11491,5.53931,19.9101
4470,4.26414,5.82476,19.7515
4471,4.42711,6.12639,19.6175
4472,4.60408,6.44452,19.51
4473,4.79528,6.7793,19.4313
4474,5.00095,7.13067,19.3837
4475,5.22128,7.49832,19.37
4476,5.45639,7.88162,19.3929
4477,5.70632,8.27955,19.4554
4478,5.97098,8.69061,19.5607
4479,6.25013,9.11278,19.7119
4480,6.54333,9.54339,19.9124
4481,6.84987,9.97905,20.1654
4482,7.16878,10.4156,20.4739
4483,7.49873,10.848,20.8406
4484,7.83798,11.2702,21.2678
4485,8.18437,11.6754,21.757
4486,8.53522,12.0559,22.3086
4487,8.88734,12.4029,22.9222
4488,9.23699,12.7072,23.5953
4489,9.57987,12.9592,24.3242
4490,9.91117,13.1491,25.103
4491,10.2256,13.2674,25.9235
4492,10.5176,13.3057,26.7756
4493,10.7813,13.2568,27.6469
4494,11.0108,13.1154,28.5232
4495,11.2004,12.8788,29.3888
4496,11.3448,12.5473,30.227
4497,11.4395,12.1243,31.0211
4498,11.4807,11.6164,31.7548
4499,11.466,11.0335,32.4136
4500,11.394,10.3882,32.9848
4501,11.2651,9.69499,33.4587
4502,11.0808,8.96987,33.8291
4503,10.8441,8.22921,34.093
4504,10.5594,7.48898,34.2509
4505,10.232,6.76398,34.3062
4506,9.86799,6.06717,34.2652
4507,9.47412,5.40931,34.136
4508,9.05737,4.79866,33.9281
4509,8.62468,4.241,33.6516
4510,8.18282,3.73973,33.317
4511,7.73809,3.29615,32.9342
4512,7.29624,2.90975,32.5127
4513,6.86236,2.57859,32.061
4514,6.44082,2.29967,31.5865
4515,6.03522,2.06925,31.0958
4516,5.64847,1.88318,30.5941
4517,5.28279,1.73707,30.0861
4518,4.93976,1.6266,29.5753
4519,4.62041,1.54755,29.0646
4520,4.3253,1.49601,28.5564
4521,4.05454,1.46836,28.0523
4522,3.80794,1.46139,27.5537
4523,3.58503,1.47224,27.0617
4524,3.38513,1.49846,26.5771
4525,3.2074,1.53797,26.1003
4526,3.05092,1.58905,25.6318
4527,2.91469,1.65028,25.1721
4528,2.7977,1.72057,24.7212
4529,2.69893,1.79909,24.2795
4530,2.61741,1.88526,23.8472
4531,2.5522,1.97869,23.4244
4532,2.50243,2.07921,23.0113
4533,2.4673,2.1868,22.6081
4534,2.44611,2.30161,22.215
4535,2.43821,2.4239,21.8322
4536,2.44308,2.55405,21.46
4537,2.46027,2.69255,21.0987
4538,2.48943,2.83999,20.7486
4539,2.53031,2.99702,20.4103
4540,2.58274,3.16439,20.0841
4541,2.64663,3.34291,19.7706
4542,2.72201,3.53344,19.4704
4543,2.80896,3.73691,19.1844
4544,2.90767,3.95429,18.9133
4545,3.01838,4.18659,18.6582
4546,3.14143,4.43485,18.4201
4547,3.27721,4.70014,18.2005
4548,3.42618,4.98351,18.0007
4549,3.58886,5.286,17.8225
4550,3.7658,5.60862,17.6679
4551,3.95763,5.9523,17.539
4552,4.16495,6.31784,17.4383
4553,4.38842,6.7059,17.3687
4554,4.62865,7.11691,17.3333
4555,4.88626,7.551,17.3354
4556,5.16177,8.00793,17.3791
4557,5.45562,8.48696,17.4684
4558,5.76811,8.98675,17.608
4559,6.09934,9.50524,17.8025
4560,6.44919,10.0395,18.0571
4561,6.81718,10.5854,18.3769
4562,7.20247,11.1378,18.7669
4563,7.60373,11.6902,19.2321
4564,8.01904,12.2345,19.7767
4565,8.44584,12.7609,20.4042
4566,8.88081,13.2583,21.1165
4567,9.3198,13.7139,21.9142
4568,9.75779,14.1135,22.7951
4569,10.1888,14.4422,23.7546
4570,10.6061,14.6846,24.7846
4571,11.0019,14.8257,25.8736
4572,11.368,14.8518,27.0061
4573,11.6957,14.7514,28.1631
4574,11.9762,14.5166,29.3222
4575,12.201,14.144,30.4587
4576,12.3624,13.6353,31.5465
4577,12.4536,12.9979,32.5597
4578,12.4699,12.2449,33.4739
4579,12.408,11.3947,34.2683
4580,12.2673,10.4695,34.9263
4581,12.0494,9.49459,35.4372
4582,11.758,8.49608,35.7963
4583,11.3993,7.49956,36.0047
4584,10.9809,6.52848,36.0689
4585,10.512,5.60298,36
4586,10.0025,4.73913,35.812
4587,9.46279,3.94854,35.5211
4588,8.90304,3.23847,35.144
4589,8.33302,2.61217,34.6973
4590,7.7617,2.06949,34.1964
4591,7.19705,1.60755,33.6551
4592,6.64588,1.22145,33.0853
4593,6.11384,0.904955,32.497
4594,5.6054,0.651056,31.8984
4595,5.12392,0.452443,31.2959
4596,4.67173,0.301872,30.6944
4597,4.25029,0.192427,30.0974
4598,3.86027,0.117692,29.5075
4599,3.50169,0.0718529,28.9266
4600,3.17406,0.0497493,28.3558
4601,2.87647,0.0468791,27.7957
4602,2.60769,0.0593788,27.2467
4603,2.36629,0.083984,26.709
4604,2.15068,0.11798,26.1823
4605,1.95919,0.159146,25.6667
4606,1.79011,0.205698,25.1618
4607,1.64175,0.256236,24.6675
4608,1.51247,0.30969,24.1834
4609,1.40068,0.365271,23.7094
4610,1.3049,0.422432,23.2452
4611,1.22374,0.480828,22.7906
4612,1.15591,0.540282,22.3453
4613,1.10024,0.600758,21.9092
4614,1.05568,0.662338,21.4821
4615,1.02128,0.725202,21.0638
4616,0.996207,0.789608,20.6543
4617,0.979736,0.855886,20.2534
4618,0.971246,0.924421,19.8609
4619,0.970213,0.995652,19.4769
4620,0.976206,1.07006,19.1011
4621,0.988885,1.14818,18.7337
4622,1.00799,1.23056,18.3745
4623,1.03335,1.31782,18.0235
4624,1.06487,1.41061,17.6808
4625,1.1025,1.50962,17.3463
4626,1.14631,1.61559,17.0203
4627,1.19641,1.7293,16.7026
4628,1.25297,1.85162,16.3936
4629,1.31623,1.98343,16.0933
4630,1.38652,2.12572,15.8022
4631,1.46421,2.27953,15.5203
4632,1.54974,2.44598,15.2482
4633,1.64364,2.62627,14.9864
4634,1.74648,2.82169,14.7353
4635,1.85891,3.03364,14.4958
4636,1.98168,3.26359,14.2686
4637,2.11558,3.51314,14.0548
4638,2.2615,3.78395,13.8555
4639,2.4204,4.07782,13.6722
4640,2.59334,4.39662,13.5066
4641,2.78145,4.74228,13.3607
4642,2.98593,5.11681,13.2368
4643,3.20807,5.52225,13.1378
4644,3.44923,5.96061,13.0668
4645,3.71082,6.43383,13.0277
4646,3.99432,6.94369,13.0248
4647,4.30119,7.49172,13.0632
4648,4.63291,8.07907,13.1488
4649,4.99088,8.70631,13.2882
4650,5.3764,9.37322,13.489
4651,5.79057,10.0786,13.7595
4652,6.23421,10.8197,14.109
4653,6.70773,11.5924,14.5476
4654,7.21098,12.39,15.0859
4655,7.74311,13.2035,15.7347
4656,8.30229,14.0208,16.5047
4657,8.8856,14.826,17.4056
4658,9.48867,15.5998,18.4455
4659,10.1055,16.3188,19.6293
4660,10.7284,16.9556,20.9579
4661,11.3474,17.4801,22.4264
4662,11.9506,17.86,24.0225
4663,12.5243,18.063,25.7259
4664,13.053,18.0591,27.5065
4665,13.5199,17.8237,29.3256
4666,13.9081,17.3405,31.1362
4667,14.2011,16.6051,32.8855
4668,14.3844,15.6262,34.5188
4669,14.4462,14.4274,35.9835
4670,14.3788,13.0455,37.2342
4671,14.1794,11.5284,38.2364
4672,13.8503,9.93091,38.9698
4673,13.3988,8.30982,39.4294
4674,12.8372,6.7189,39.625
4675,12.1809,5.20486,39.5786
4676,11.4483,3.80446,39.3213
4677,10.6587,2.54316,38.8894
4678,9.83158,1.43527,38.3203
4679,8.98536,0.485119,37.6503
4680,8.13675,-0.311034,36.9115
4681,7.30021,-0.962878,36.1314
4682,6.48769,-1.48398,35.3321
4683,5.7086,-1.88998,34.5304
4684,4.96992,-2.1972,33.7385
4685,4.27642,-2.42161,32.9646
4686,3.63097,-2.57815,32.2141
4687,3.03477,-2.68032,31.4895
4688,2.48772,-2.74004,30.7919
4689,1.98868,-2.76759,30.1213
4690,1.53571,-2.77172,29.4766
4691,1.12628,-2.75972,28.8566
4692,0.757491,-2.73763,28.2596
4693,0.426181,-2.71037,27.6842
4694,0.129079,-2.68191,27.1287
4695,-0.137114,-2.65542,26.5917
4696,-0.375653,-2.6334,26.0719
4697,-0.589694,-2.61781,25.5682
4698,-0.782257,-2.61017,25.0797
4699,-0.956201,-2.61164,24.6056
4700,-1.11421,-2.62311,24.1453
4701,-1.25878,-2.64528,23.6981
4702,-1.39225,-2.67867,23.2638
4703,-1.51675,-2.72371,22.8421
4704,-1.63427,-2.78077,22.4327
4705,-1.74664,-2.85017,22.0356
4706,-1.85552,-2.93222,21.6509
4707,-1.96247,-3.02726,21.2785
4708,-2.06894,-3.13562,20.9186
4709,-2.17624,-3.2577,20.5716
4710,-2.28563,-3.39394,20.2377
4711,-2.39828,-3.54483,19.9174
4712,-2.5153,-3.71093,19.6112
4713,-2.63775,-3.89283,19.3199
4714,-2.76665,-4.09122,19.0441
4715,-2.90299,-4.30682,18.7848
4716,-3.04773,-4.54038,18.5431
4717,-3.20183,-4.79272,18.3203
4718,-3.36622,-5.06466,18.1177
4719,-3.54183,-5.35702,17.9371
4720,-3.72956,-5.6706,17.7804
4721,-3.93033,-6.00613,17.6497
4722,-4.14501,-6.36427,17.5474
4723,-4.37446,-6.74551,17.4763
4724,-4.61948,-7.15012,17.4396
4725,-4.88082,-7.57812,17.4406
4726,-5.15914,-8.02914,17.483
4727,-5.45498,-8.50234,17.5711
4728,-5.76871,-8.99629,17.7093
4729,-6.10051,-9.50884,17.9023
4730,-6.4503,-10.037,18.1551
4731,-6.81765,-10.5766,18.4726
4732,-7.20174,-11.1226,18.86
4733,-7.60129,-11.6682,19.3218
4734,-8.0144,-12.2056,19.8622
4735,-8.43856,-12.725,20.4846
4736,-8.87048,-13.2155,21.1909
4737,-9.30605,-13.6643,21.9812
4738,-9.74032,-14.0576,22.8537
4739,-10.1674,-14.3807,23.8035
4740,-10.5806,-14.6183,24.8226
4741,-10.9723,-14.7559,25.8996
4742,-11.3345,-14.78,27.0191
4743,-11.6585,-14.6795,28.1624
4744,-11.9358,-14.4466,29.3076
4745,-12.158,-14.0781,30.4304
4746,-12.3175,-13.5756,31.505
4747,-12.4077,-12.9465,32.5062
4748,-12.4239,-12.2036,33.41
4749,-12.363,-11.3649,34.1959
4750,-12.2244,-10.4522,34.8477
4751,-12.0095,-9.49013,35.3548
4752,-11.7221,-8.5044,35.7124
4753,-11.3682,-7.52006,35.9214
4754,-10.9553,-6.56018,35.9882
4755,-10.4923,-5.64459,35.9234
4756,-9.98911,-4.78917,35.7407
4757,-9.45575,-4.00547,35.456
4758,-8.90236,-3.30077,35.0855
4759,-8.33853,-2.67842,34.6455
4760,-7.77314,-2.13843,34.1512
4761,-7.21404,-1.6781,33.6162
4762,-6.66801,-1.29274,33.0523
4763,-6.14066,-0.976292,32.4695
4764,-5.63644,-0.721944,31.8758
4765,-5.15871,-0.522543,31.2777
4766,-4.70984,-0.370988,30.68
4767,-4.29129,-0.260478,30.0865
4768,-3.90379,-0.184691,29.4997
4769,-3.5474,-0.137889,28.9214
4770,-3.22166,-0.114969,28.3529
4771,-2.92572,-0.111472,27.7949
4772,-2.65838,-0.123567,27.2477
4773,-2.41826,-0.148012,26.7115
4774,-2.2038,-0.182108,26.1864
4775,-2.01337,-0.223646,25.6721
4776,-1.8453,-0.27085,25.1684
4777,-1.69793,-0.322324,24.6752
4778,-1.56965,-0.377002,24.1923
4779,-1.4589,-0.434101,23.7193
4780,-1.36421,-0.493077,23.2561
4781,-1.28423,-0.55359,22.8024
4782,-1.21768,-0.615471,22.3582
4783,-1.16342,-0.678692,21.9231
4784,-1.12041,-0.743346,21.497
4785,-1.08772,-0.809625,21.0798
4786,-1.06454,-0.877803,20.6714
4787,-1.05016,-0.948227,20.2716
4788,-1.04397,-1.0213,19.8804
4789,-1.04547,-1.0975,19.4977
4790,-1.05425,-1.17731,19.1234
4791,-1.06999,-1.2613,18.7576
4792,-1.09245,-1.35008,18.4001
4793,-1.12148,-1.44427,18.0511
4794,-1.157,-1.54458,17.7105
4795,-1.19901,-1.65173,17.3784
4796,-1.24758,-1.76652,17.055
4797,-1.30285,-1.88979,16.7403
4798,-1.36505,-2.02243,16.4347
4799,-1.43444,-2.16542,16.1383
4800,-1.51137,-2.31978,15.8514
4801,-1.59627,-2.48662,15.5745
4802,-1.68962,-2.66715,15.308
4803,-1.79197,-2.86261,15.0525
4804,-1.90397,-3.07439,14.8087
4805,-2.0263,-3.30394,14.5775
4806,-2.15977,-3.55281,14.3599
4807,-2.30521,-3.82264,14.157
4808,-2.46358,-4.11517,13.9704
4809,-2.63588,-4.43222,13.8016
4810,-2.82322,-4.77567,13.6527
4811,-3.02678,-5.14747,13.526
4812,-3.24779,-5.54956,13.4242
4813,-3.48758,-5.98389,13.3506
4814,-3.74752,-6.4523,13.3089
4815,-4.02901,-6.95647,13.3034
4816,-4.33348,-7.49784,13.3391
4817,-4.66234,-8.07743,13.4217
4818,-5.01693,-8.69571,13.5578
4819,-5.39848,-9.35237,13.7545
4820,-5.80801,-10.0461,14.0202
4821,-6.24629,-10.7742,14.3638
4822,-6.71363,-11.5324,14.795
4823,-7.20986,-12.3141,15.3239
4824,-7.73404,-13.1105,15.9611
4825,-8.28436,-13.9096,16.7167
4826,-8.85789,-14.6961,17.6
4827,-9.45033,-15.4512,18.6184
4828,-10.0558,-16.1521,19.7766
4829,-10.6667,-16.7727,21.0751
4830,-11.2735,-17.2838,22.509
4831,-11.8646,-17.6546,24.0665
4832,-12.4267,-17.854,25.7276
4833,-12.9449,-17.8534,27.4637
4834,-13.403,-17.6291,29.2374
4835,-13.7847,-17.1656,31.0037
4836,-14.0741,-16.4582,32.7122
4837,-14.2571,-15.515,34.3104
4838,-14.3224,-14.3581,35.7478
4839,-14.2625,-13.0221,36.9801
4840,-14.0742,-11.5526,37.9739
4841,-13.7596,-10.0017,38.7086
4842,-13.3257,-8.42365,39.1784
4843,-12.7837,-6.87046,39.3914
4844,-12.1485,-5.38752,39.3678
4845,-11.4376,-4.01102,39.1365
4846,-10.6695,-2.76652,38.7317
4847,-9.86317,-1.66891,38.1895
4848,-9.03644,-0.723437,37.5445
4849,-8.20569,0.0725387,36.8283
4850,-7.38515,0.727593,36.0676
4851,-6.58669,1.25425,35.2845
4852,-5.8197,1.66726,34.4959
4853,-5.09127,1.98221,33.7141
4854,-4.40631,2.21448,32.9478
4855,-3.76783,2.37859,32.2024
4856,-3.17726,2.48775,31.4811
4857,-2.63467,2.55369,30.7853
4858,-2.13912,2.58658,30.1151
4859,-1.68883,2.5951,29.4697
4860,-1.28147,2.58654,28.8482
4861,-0.914259,2.56693,28.249
4862,-0.584192,2.54123,27.6708
4863,-0.28811,2.51345,27.112
4864,-0.0228153,2.4868,26.5714
4865,0.214856,2.46382,26.0477
4866,0.427983,2.4465,25.5397
4867,0.619519,2.4364,25.0467
4868,0.792265,2.43471,24.5678
4869,0.948857,2.44235,24.1024
4870,1.09176,2.46004,23.6499
4871,1.22325,2.4883,23.21
4872,1.34544,2.52759,22.7823
4873,1.4603,2.57826,22.3667
4874,1.56961,2.64066,21.9629
4875,1.67504,2.71507,21.571
4876,1.77811,2.80184,21.1911
4877,1.88024,2.9013,20.8231
4878,1.98274,3.01383,20.4673
4879,2.08685,3.13988,20.124
4880,2.19372,3.27993,19.7935
4881,2.30445,3.43453,19.4763
4882,2.42008,3.6043,19.173
4883,2.54162,3.78993,18.8841
4884,2.67006,3.99215,18.6106
4885,2.80636,4.21177,18.3532
4886,2.95146,4.44965,18.1132
4887,3.10631,4.70669,17.8918
4888,3.27185,4.98381,17.6905
4889,3.44902,5.28195,17.5109
4890,3.63875,5.60201,17.3551
4891,3.84198,5.94486,17.2252
4892,4.05963,6.31128,17.1238
4893,4.2926,6.70189,17.0537
4894,4.54177,7.11711,17.0181
4895,4.80793,7.55708,17.0207
4896,5.09182,8.02157,17.0654
4897,5.39406,8.50986,17.1565
4898,5.71511,9.02062,17.2988
4899,6.05521,9.55178,17.4974
4900,6.41437,10.1003,17.7575
4901,6.79222,10.6622,18.0846
4902,7.18803,11.232,18.4843
4903,7.60051,11.803,18.9617
4904,8.0278,12.3668,19.5214
4905,8.46733,12.9133,20.1674
4906,8.91573,13.4307,20.9021
4907,9.36876,13.9056,21.7261
4908,9.82121,14.323,22.6376
4909,10.2669,14.667,23.6319
4910,10.6987,14.9212,24.7006
4911,11.1086,15.0694,25.8318
4912,11.4878,15.0969,27.0093
4913,11.8273,14.9915,28.2127
4914,12.1176,14.7446,29.4185
4915,12.3498,14.3525,30.6002
4916,12.5156,13.817,31.7301
4917,12.608,13.1462,32.7806
4918,12.6218,12.3543,33.7257
4919,12.5538,11.4611,34.5436
4920,12.4034,10.4908,35.2169
4921,12.1723,9.47034,35.7347
4922,11.8648,8.42773,36.0926
4923,11.4874,7.39019,36.2926
4924,11.0484,6.38243,36.3422
4925,10.5576,5.42546,36.2539
4926,10.0256,4.53578,36.0433
4927,9.46333,3.72506,35.7277
4928,8.8815,3.00027,35.3252
4929,8.29035,2.36415,34.8533
4930,7.69919,1.81587,34.3282
4931,7.11622,1.35181,33.7642
4932,6.54842,0.966305,33.1737
4933,6.00149,0.652415,32.5669
4934,5.47989,0.402484,31.9517
4935,4.98692,0.208647,31.3347
4936,4.52482,0.0631972,30.7205
4937,4.09489,-0.0411562,30.1126
4938,3.69766,-0.111124,29.5133
4939,3.33299,-0.152741,28.9242
4940,3.00022,-0.171335,28.3464
4941,2.69827,-0.171523,27.7802
4942,2.42576,-0.15725,27.2259
4943,2.18111,-0.13183,26.6835
4944,1.96258,-0.0980114,26.1528
4945,1.76838,-0.0580309,25.6335
4946,1.5967,-0.0136807,25.1253
4947,1.44572,0.0336342,24.6279
4948,1.31371,0.0828407,24.141
4949,1.199,0.133147,23.6643
4950,1.10003,0.183997,23.1975
4951,1.01533,0.235033,22.7404
4952,0.943543,0.28606,22.2926
4953,0.88344,0.337014,21.854
4954,0.833905,0.387943,21.4244
4955,0.793933,0.438982,21.0035
4956,0.762636,0.490338,20.5911
4957,0.73923,0.542277,20.1872
4958,0.723035,0.595113,19.7916
4959,0.713467,0.649198,19.4041
4960,0.710032,0.704921,19.0247
4961,0.712323,0.762699,18.6531
4962,0.720011,0.82298,18.2894
4963,0.732844,0.886237,17.9334
4964,0.75064,0.952972,17.585
4965,0.773283,1.02372,17.2443
4966,0.80072,1.09904,16.9111
4967,0.832959,1.17953,16.5854
4968,0.870065,1.26582,16.2673
4969,0.91216,1.35861,15.9568
4970,0.959422,1.45861,15.6538
4971,1.01208,1.56661,15.3586
4972,1.07043,1.68345,15.0713
4973,1.13481,1.81004,14.7919
4974,1.20562,1.94736,14.5207
4975,1.28332,2.09648,14.2581
4976,1.36844,2.25854,14.0044
4977,1.46155,2.43478,13.7599
4978,1.56331,2.62656,13.5253
4979,1.67445,2.83532,13.3013
4980,1.79577,3.06264,13.0885
4981,1.92813,3.3102,12.8881
4982,2.07251,3.57982,12.7011
4983,2.22996,3.87342,12.5289
4984,2.4016,4.19305,12.3733
4985,2.58867,4.54087,12.2361
4986,2.7925,4.91915,12.1198
4987,3.01449,5.33018,12.0271
4988,3.25615,5.77633,11.9612
4989,3.51906,6.25991,11.9262
4990,3.80488,6.78314,11.9264
4991,4.11529,7.34803,11.9672
4992,4.452,7.95625,12.0547
4993,4.81669,8.60895,12.196
4994,5.21096,9.30652,12.3991
4995,5.63624,10.0483,12.6731
4996,6.09371,10.8323,13.0284
4997,6.58415,11.6547,13.4761
4998,7.10779,12.5093,14.0282
4999,7.66414,13.3871,14.6975
5000,8.25172,14.2758,15.4965
5001,8.86783,15.1589,16.4374
5002,9.50825,16.0156,17.5307
5003,10.167,16.8202,18.7837
5004,10.8358,17.5424,20.1996
5005,11.5044,18.1477,21.7751
5006,12.1598,18.599,23.4988
5007,12.7867,18.8578,25.3495
5008,13.3679,18.8883,27.2948
5009,13.8843,18.6598,29.2913
5010,14.3165,18.1516,31.2853
5011,14.6452,17.3562,33.216
5012,14.8534,16.2826,35.019
5013,14.9271,14.9572,36.6326
5014,14.8572,13.4232,38.0031
5015,14.6401,11.737,39.0903
5016,14.2785,9.96353,39.8715
5017,13.781,8.1696,40.3425
5018,13.1617,6.41801,40.5168
5019,12.4389,4.76235,40.4227
5020,11.6337,3.24368,40.0987
5021,10.7684,1.88918,39.5884
5022,9.8651,0.712614,38.9366
5023,8.94452,-0.283865,38.1847
5024,8.02517,-1.10722,37.3696
5025,7.1228,-1.77082,36.5212
5026,6.2502,-2.29187,35.6632
5027,5.41718,-2.68937,34.813
5028,4.63081,-2.98254,33.9825
5029,3.89567,-3.18968,33.1794
5030,3.21425,-3.32758,32.4078
5031,2.5873,-3.41112,31.6694
5032,2.01415,-3.4532,30.9643
5033,1.4931,-3.46481,30.2912
5034,1.02163,-3.45511,29.6485
5035,0.59666,-3.43166,29.0339
5036,0.214776,-3.40065,28.4454
5037,-0.127655,-3.36704,27.8808
5038,-0.434338,-3.33479,27.3382
5039,-0.708962,-3.30701,26.8157
5040,-0.955127,-3.28615,26.312
5041,-1.17629,-3.27408,25.8256
5042,-1.37575,-3.27224,25.3557
5043,-1.55659,-3.28171,24.9012
5044,-1.7217,-3.30331,24.4616
5045,-1.87377,-3.33766,24.0363
5046,-2.01527,-3.38523,23.6251
5047,-2.14849,-3.4464,23.2277
5048,-2.27552,-3.52147,22.8441
5049,-2.39829,-3.61071,22.4743
5050,-2.51857,-3.71439,22.1184
5051,-2.63797,-3.83278,21.7767
5052,-2.75801,-3.96617,21.4497
5053,-2.88005,-4.11488,21.1377
5054,-3.00539,-4.27927,20.8414
5055,-3.13521,-4.45972,20.5615
5056,-3.27065,-4.65664,20.2989
5057,-3.41275,-4.87049,20.0545
5058,-3.56252,-5.1017,19.8296
5059,-3.72089,-5.35075,19.6253
5060,-3.88878,-5.61805,19.4433
5061,-4.06703,-5.90401,19.2851
5062,-4.25644,-6.20893,19.1528
5063,-4.45777,-6.53303,19.0483
5064,-4.67171,-6.87635,18.9741
5065,-4.89889,-7.23874,18.9327
5066,-5.13984,-7.61977,18.927
5067,-5.395,-8.0187,18.96
5068,-5.66466,-8.43435,19.035
5069,-5.94895,-8.86504,19.1553
5070,-6.24781,-9.30851,19.3247
5071,-6.56094,-9.76178,19.5467
5072,-6.88773,-10.2211,19.825
5073,-7.22724,-10.6818,20.1628
5074,-7.57812,-11.1382,20.5634
5075,-7.93858,-11.5837,21.0291
5076,-8.30629,-12.0106,21.5618
5077,-8.67838,-12.41,22.1619
5078,-9.05135,-12.7723,22.8287
5079,-9.4211,-13.0871,23.5597
5080,-9.78288,-13.3436,24.3504
5081,-10.1314,-13.5307,25.1938
5082,-10.4607,-13.6382,26.0808
5083,-10.7647,-13.6566,26.9996
5084,-11.0369,-13.5783,27.9359
5085,-11.2709,-13.3979,28.8737
5086,-11.4603,-13.1131,29.795
5087,-11.5997,-12.7252,30.6812
5088,-11.684,-12.2389,31.5138
5089,-11.7096,-11.6628,32.275
5090,-11.6741,-11.009,32.9493
5091,-11.5766,-10.2924,33.5237
5092,-11.4178,-9.53018,33.9889
5093,-11.2001,-8.7404,34.3392
5094,-10.9274,-7.9414,34.5733
5095,-10.6048,-7.15058,34.6932
5096,-10.2388,-6.38366,34.7045
5097,-9.83627,-5.65401,34.6153
5098,-9.40488,-4.97225,34.4358
5099,-8.95231,-4.34612,34.177
5100,-8.48612,-3.78055,33.8507
5101,-8.01351,-3.2779,33.4684
5102,-7.5411,-2.83829,33.0408
5103,-7.07479,-2.46005,32.5779
5104,-6.61972,-2.14012,32.0885
5105,-6.18017,-1.87449,31.58
5106,-5.75961,-1.65852,31.0589
5107,-5.36072,-1.48729,30.5303
5108,-4.98546,-1.35585,29.9984
5109,-4.63513,-1.25935,29.4665
5110,-4.31046,-1.19325,28.9372
5111,-4.0117,-1.15336,28.4125
5112,-3.73868,-1.1359,27.8937
5113,-3.49093,-1.13755,27.3819
5114,-3.26773,-1.15541,26.878
5115,-3.06814,-1.18702,26.3825
5116,-2.89114,-1.2303,25.8957
5117,-2.73559,-1.28358,25.4179
5118,-2.60035,-1.34551,24.9492
5119,-2.48424,-1.41503,24.4899
5120,-2.38613,-1.49139,24.04
5121,-2.30494,-1.57405,23.5995
5122,-2.23963,-1.66269,23.1686
5123,-2.18925,-1.75719,22.7473
5124,-2.15294,-1.85758,22.3357
5125,-2.12993,-1.96402,21.9339
5126,-2.11955,-2.07682,21.542
5127,-2.12121,-2.1964,21.1603
5128,-2.13444,-2.32325,20.7889
5129,-2.15886,-2.45798,20.428
5130,-2.19419,-2.60127,20.078
5131,-2.24023,-2.75387,19.7392
5132,-2.2969,-2.9166,19.4119
5133,-2.36419,-3.09036,19.0968
5134,-2.44218,-3.2761,18.7944
5135,-2.53104,-3.47482,18.5053
5136,-2.63103,-3.68759,18.2304
5137,-2.74248,-3.91553,17.9705
5138,-2.86579,-4.15979,17.7267
5139,-3.00145,-4.42156,17.5003
5140,-3.15,-4.70205,17.2926
5141,-3.31207,-5.00249,17.1054
5142,-3.48832,-5.32407,16.9405
5143,-3.67947,-5.66797,16.8
5144,-3.88628,-6.03526,16.6864
5145,-4.10953,-6.42691,16.6026
5146,-4.35002,-6.8437,16.5517
5147,-4.60852,-7.28617,16.5372
5148,-4.88579,-7.75451,16.5632
5149,-5.18247,-8.24847,16.634
5150,-5.49915,-8.76725,16.7544
5151,-5.83619,-9.30931,16.9298
5152,-6.19378,-9.87225,17.1658
5153,-6.57179,-10.4526,17.4681
5154,-6.96971,-11.0457,17.8429
5155,-7.38656,-11.6452,18.2961
5156,-7.82081,-12.2434,18.8332
5157,-8.27022,-12.8306,19.4593
5158,-8.73174,-13.3953,20.1781
5159,-9.20145,-13.9239,20.9918
5160,-9.67441,-14.4011,21.9004
5161,-10.1446,-14.8103,22.9007
5162,-10.605,-15.1335,23.9864
5163,-11.0475,-15.353,25.1468
5164,-11.463,-15.4514,26.367
5165,-11.8418,-15.4137,27.6273
5166,-12.174,-15.2282,28.9038
5167,-12.4494,-14.8877,30.1692
5168,-12.6586,-14.391,31.3937
5169,-12.7933,-13.7436,32.5468
5170,-12.8468,-12.9581,33.599
5171,-12.8145,-12.0533,34.5242
5172,-12.6943,-11.0539,35.301
5173,-12.4871,-9.98859,35.9148
5174,-12.1962,-8.88783,36.3577
5175,-11.8278,-7.78211,36.6295
5176,-11.3902,-6.69975,36.7366
5177,-10.8933,-5.66534,36.6911
5178,-10.3485,-4.69867,36.5092
5179,-9.76732,-3.81413,36.2097
5180,-9.16168,-3.02081,35.8125
5181,-8.54278,-2.32283,35.3371
5182,-7.92097,-1.72013,34.8017
5183,-7.30546,-1.20931,34.2226
5184,-6.70413,-0.784498,33.6137
5185,-6.12347,-0.438232,32.9867
5186,-5.56857,-0.162146,32.3506
5187,-5.04324,0.0524426,31.7127
5188,-4.55012,0.214087,31.0783
5189,-4.09077,0.330907,30.4512
5190,-3.66588,0.410389,29.8339
5191,-3.27539,0.459273,29.2282
5192,-2.91864,0.483508,28.6349
5193,-2.59452,0.488256,28.0546
5194,-2.30155,0.477926,27.4874
5195,-2.03802,0.456228,26.9331
5196,-1.80206,0.426241,26.3913
5197,-1.5917,0.390479,25.8619
5198,-1.40496,0.350967,25.3443
5199,-1.23986,0.309306,24.8381
5200,-1.0945,0.266734,24.343
5201,-0.967021,0.224185,23.8584
5202,-0.855695,0.18234,23.3842
5203,-0.758891,0.141671,22.9199
5204,-0.6751,0.102477,22.4651
5205,-0.602934,0.0649246,22.0198
5206,-0.541127,0.0290683,21.5835
5207,-0.488533,-0.00512143,21.156
5208,-0.44412,-0.03774,20.7372
5209,-0.406968,-0.0689326,20.3268
5210,-0.376257,-0.0988817,19.9246
5211,-0.351268,-0.127796,19.5305
5212,-0.331367,-0.155905,19.1443
5213,-0.316006,-0.18345,18.7657
5214,-0.30471,-0.210683,18.3947
5215,-0.297077,-0.23786,18.0312
5216,-0.292763,-0.265244,17.6749
5217,-0.291487,-0.2931,17.3257
5218,-0.293017,-0.321701,16.9835
5219,-0.297171,-0.351319,16.6482
5220,-0.303808,-0.382238,16.3196
5221,-0.31283,-0.414744,15.9977
5222,-0.324176,-0.449138,15.6823
5223,-0.337819,-0.48573,15.3733
5224,-0.353766,-0.524846,15.0706
5225,-0.372053,-0.56683,14.7741
5226,-0.392749,-0.612049,14.4838
5227,-0.41595,-0.660893,14.1996
5228,-0.441784,-0.713782,13.9213
5229,-0.470407,-0.771169,13.649
5230,-0.502004,-0.833545,13.3826
5231,-0.536793,-0.901444,13.1221
5232,-0.575023,-0.975446,12.8674
5233,-0.616978,-1.05619,12.6186
5234,-0.662978,-1.14436,12.3757
5235,-0.713382,-1.24074,12.1388
5236,-0.76859,-1.34614,11.9079
5237,-0.829049,-1.4615,11.6832
5238,-0.895254,-1.58781,11.4649
5239,-0.967753,-1.72619,11.2531
5240,-1.04715,-1.87785,11.0483
5241,-1.13413,-2.04412,10.8507
5242,-1.22941,-2.22647,10.6608
5243,-1.33382,-2.42649,10.4792
5244,-1.44826,-2.64594,10.3066
5245,-1.5737,-2.88673,10.1439
5246,-1.71124,-3.15094,9.99208
5247,-1.86206,-3.44081,9.8525
5248,-2.02744,-3.75879,9.72669
5249,-2.20882,-4.1075,9.61654
5250,-2.40771,-4.48972,9.52432
5251,-2.62579,-4.90839,9.45276
5252,-2.86485,-5.36662,9.40517
5253,-3.12681,-5.86756,9.38548
5254,-3.4137,-6.41441,9.39839
5255,-3.72768,-7.01029,9.44951
5256,-4.07098,-7.65813,9.54545
5257,-4.44587,-8.36044,9.69403
5258,-4.85464,-9.11913,9.90436
5259,-5.29948,-9.93513,10.187
5260,-5.7824,-10.808,10.5542
5261,-6.30509,-11.7354,11.0196
5262,-6.86875,-12.7124,11.5986
5263,-7.47383,-13.7309,12.3078
5264,-8.11978,-14.7785,13.1647
5265,-8.80468,-15.8378,14.187
5266,-9.52484,-16.8852,15.3914
5267,-10.2744,-17.8907,16.792
5268,-11.0448,-18.8169,18.3981
5269,-11.8244,-19.6196,20.2118
5270,-12.5982,-20.249,22.2246
5271,-13.3478,-20.6519,24.4151
5272,-14.0513,-20.7761,26.746
5273,-14.6842,-20.5749,29.163
5274,-15.2206,-20.0143,31.5961
5275,-15.6345,-19.0784,33.9626
5276,-15.902,-17.7753,36.1732
5277,-16.0036,-16.1394,38.1412
5278,-15.926,-14.2304,39.7911
5279,-15.6641,-12.1285,41.068
5280,-15.2215,-9.92563,41.9432
5281,-14.6104,-7.71587,42.4164
5282,-13.8503,-5.58524,42.5136
5283,-12.9665,-3.60413,42.2811
5284,-11.9877,-1.82287,41.7781
5285,-10.9434,-0.270695,41.0685
5286,-9.86236,1.04233,40.2144
5287,-8.77063,2.12169,39.2713
5288,-7.69074,2.98395,38.285
5289,-6.64114,3.65254,37.2911
5290,-5.63609,4.15408,36.3152
5291,-4.68593,4.51568,35.3746
5292,-3.7975,4.76315,34.4795
5293,-2.97463,4.91986,33.6346
5294,-2.21871,5.00629,32.8413
5295,-1.52918,5.03989,32.098
5296,-0.90402,5.03523,31.4021
5297,-0.340155,5.00428,30.7496
5298,0.166233,4.95673,30.1367
5299,0.619425,4.90034,29.5593
5300,1.02395,4.84121,29.0138
5301,1.38442,4.78415,28.4969
5302,1.7054,4.73284,28.0055
5303,1.99136,4.69011,27.5373
5304,2.24654,4.65807,27.0902
5305,2.47496,4.63827,26.6625
5306,2.68041,4.63182,26.2529
5307,2.86637,4.6395,25.8604
5308,3.03606,4.66182,25.4843
5309,3.19246,4.6991,25.124
5310,3.33825,4.75151,24.7793
5311,3.47589,4.81911,24.4501
5312,3.6076,4.9019,24.1363
5313,3.73538,4.99982,23.8384
5314,3.86105,5.11277,23.5565
5315,3.98624,5.24065,23.2911
5316,4.1124,5.38333,23.0428
5317,4.24084,5.54065,22.8124
5318,4.37273,5.71245,22.6006
5319,4.50911,5.89854,22.4083
5320,4.6509,6.09867,22.2365
5321,4.79891,6.31256,22.0865
5322,4.95385,6.53985,21.9594
5323,5.11629,6.78008,21.8565
5324,5.28675,7.03267,21.7794
5325,5.46559,7.29689,21.7295
5326,5.65308,7.57183,21.7084
5327,5.84936,7.85638,21.7178
5328,6.05446,8.14914,21.7593
5329,6.26823,8.44846,21.8347
5330,6.49038,8.75236,21.9456
5331,6.72044,9.05847,22.0935
5332,6.95773,9.36409,22.2799
5333,7.20137,9.66606,22.5057
5334,7.45025,9.96084,22.772
5335,7.70299,10.2445,23.0791
5336,7.95795,10.5125,23.427
5337,8.21322,10.7604,23.8149
5338,8.46662,10.9831,24.2413
5339,8.71566,11.1755,24.7041
5340,8.95764,11.3324,25.2
5341,9.1896,11.4489,25.7248
5342,9.40842,11.5201,26.2733
5343,9.61084,11.5421,26.8393
5344,9.79357,11.5114,27.4158
5345,9.95334,11.4257,27.9947
5346,10.087,11.2838,28.5675
5347,10.1918,11.0858,29.1254
5348,10.2651,10.8335,29.6592
5349,10.3049,10.5298,30.1603
5350,10.3097,10.1794,30.6204
5351,10.2786,9.78806,31.0321
5352,10.2116,9.36277,31.3894
5353,10.1092,8.91127,31.6874
5354,9.97258,8.44182,31.9228
5355,9.80378,7.96283,32.0939
5356,9.60534,7.48254,32.2005
5357,9.38032,7.00871,32.2439
5358,9.13223,6.54838,32.2267
5359,8.86485,6.10763,32.1522
5360,8.58213,5.69155,32.025
5361,8.28807,5.30408,31.8498
5362,7.98663,4.94809,31.632
5363,7.68159,4.62542,31.3767
5364,7.37653,4.33697,31.0892
5365,7.07472,4.08283,30.7746
5366,6.77908,3.86243,30.4375
5367,6.49219,3.67467,30.0821
5368,6.21625,3.51804,29.7125
5369,5.9531,3.39078,29.3321
5370,5.70422,3.29096,28.9439
5371,5.47078,3.21661,28.5506
5372,5.25363,3.16573,28.1545
5373,5.05336,3.13643,27.7577
5374,4.87033,3.12692,27.3618
5375,4.7047,3.13554,26.9683
5376,4.55647,3.16083,26.5785
5377,4.42551,3.20147,26.1935
5378,4.31157,3.25634,25.8144
5379,4.21435,3.32452,25.442
5380,4.13348,3.40523,25.0772
5381,4.06856,3.49787,24.7207
5382,4.0192,3.60199,24.3732
5383,3.98499,3.71728,24.0355
5384,3.96554,3.84357,23.7083
5385,3.96048,3.98078,23.3923
5386,3.96949,4.12895,23.0882
5387,3.99228,4.2882,22.7968
5388,4.0286,4.45871,22.519
5389,4.07824,4.64073,22.2556
5390,4.14105,4.83454,22.0076
5391,4.21691,5.04044,21.7761
5392,4.30574,5.25875,21.5621
5393,4.4075,5.48976,21.3669
5394,4.52219,5.73374,21.1918
5395,4.64982,5.9909,21.0383
5396,4.79042,6.26136,20.9079
5397,4.94402,6.54513,20.8025
5398,5.11065,6.84208,20.7237
5399,5.2903,7.15189,20.6735
5400,5.48294,7.47401,20.6542
5401,5.68847,7.80762,20.6677
5402,5.9067,8.15161,20.7165
5403,6.13733,8.50445,20.8028
5404,6.37995,8.86423,20.929
5405,6.63396,9.22853,21.0975
5406,6.89856,9.59441,21.3103
5407,7.17274,9.95836,21.5694
5408,7.45521,10.3163,21.8766
5409,7.74437,10.6634,22.2329
5410,8.03832,10.9944,22.6389
5411,8.33477,11.3033,23.0946
5412,8.63108,11.5838,23.5988
5413,8.92424,11.8291,24.1494
5414,9.21086,12.0322,24.7428
5415,9.48721,12.1862,25.3743
5416,9.74927,12.2845,26.0378
5417,9.99282,12.3213,26.7253
5418,10.2135,12.2914,27.428
5419,10.407,12.1913,28.1354
5420,10.569,12.0191,28.8362
5421,10.6957,11.7745,29.5185
5422,10.7837,11.4598,30.1701
5423,10.8301,11.079,30.7794
5424,10.833,10.6386,31.3352
5425,10.791,10.1467,31.828
5426,10.7042,9.61299,32.2497
5427,10.5732,9.0484,32.5944
5428,10.4,8.46434,32.8585
5429,10.1872,7.87235,33.0405
5430,9.93833,7.2835,33.1414
5431,9.65771,6.70796,33.1638
5432,9.35003,6.15467,33.1122
5433,9.02036,5.6311,32.9923
5434,8.67392,5.14307,32.8107
5435,8.31591,4.69482,32.5745
5436,7.95134,4.28899,32.291
5437,7.58496,3.92686,31.9673
5438,7.2211,3.60846,31.6102
5439,6.86364,3.33284,31.226
5440,6.51598,3.09827,30.8205
5441,6.18097,2.90247,30.3985
5442,5.86098,2.74279,29.9647
5443,5.55788,2.61635,29.5226
5444,5.27308,2.52024,29.0756
5445,5.00758,2.45157,28.6262
5446,4.76203,2.4076,28.1767
5447,4.53676,2.38577,27.729
5448,4.33182,2.38374,27.2845
5449,4.14706,2.39943,26.8445
5450,3.98216,2.43103,26.41
5451,3.83666,2.47697,25.982
5452,3.71002,2.53594,25.5611
5453,3.60164,2.6069,25.1479
5454,3.51086,2.68901,24.7431
5455,3.43705,2.78164,24.3472
5456,3.37957,2.88436,23.9606
5457,3.33781,2.99692,23.5839
5458,3.31121,3.11922,23.2175
5459,3.29925,3.25129,22.8619
5460,3.30148,3.39331,22.5177
5461,3.3175,3.54553,22.1854
5462,3.34699,3.70833,21.8657
5463,3.38969,3.88215,21.5593
5464,3.44543,4.0675,21.2668
5465,3.51408,4.26497,20.9892
5466,3.5956,4.47514,20.7273
5467,3.69001,4.69867,20.4823
5468,3.79737,4.93619,20.2552
5469,3.91782,5.18835,20.0474
5470,4.05154,5.45576,19.8604
5471,4.19874,5.73897,19.6957
5472,4.35967,6.03848,19.5551
5473,4.53459,6.35465,19.4407
5474,4.72377,6.68769,19.3546
5475,4.92746,7.03764,19.2991
5476,5.14587,7.40428,19.277
5477,5.37918,7.78707,19.2911
5478,5.62746,8.18511,19.3442
5479,5.89068,8.59704,19.4396
5480,6.16864,9.02097,19.5806
5481,6.46098,9.4544,19.7704
5482,6.76708,9.8941,20.0125
5483,7.08603,10.3361,20.31
5484,7.41661,10.7754,20.6659
5485,7.75718,11.2064,21.0825
5486,8.10568,11.6221,21.5616
5487,8.45952,12.0149,22.1042
5488,8.81563,12.3763,22.71
5489,9.17035,12.6969,23.3771
5490,9.51945,12.9669,24.1021
5491,9.85817,13.1764,24.8796
5492,10.1813,13.3155,25.7019
5493,10.4831,13.3752,26.5592
5494,10.7577,13.3477,27.4394
5495,10.9991,13.2272,28.3284
5496,11.2014,13.0102,29.2105
5497,11.3591,12.6962,30.0689
5498,11.4673,12.2877,30.8864
5499,11.522,11.791,31.6462
5500,11.5203,11.2153,32.3328
5501,11.4607,10.5729,32.9329
5502,11.343,9.87834,33.436
5503,11.1685,9.14768,33.8347
5504,10.94,8.3977,34.1252
5505,10.6616,7.64491,34.3076
5506,10.3386,6.90473,34.3846
5507,9.977,6.19088,34.3622
5508,9.58366,5.51482,34.2484
5509,9.16562,4.88549,34.0527
5510,8.73,4.30928,33.7854
5511,8.28373,3.79008,33.4572
5512,7.83336,3.32957,33.0784
5513,7.38486,2.92751,32.6588
5514,6.94354,2.58212,32.2072
5515,6.51398,2.29047,31.7315
5516,6.09999,2.04882,31.2384
5517,5.70465,1.85294,30.7337
5518,5.33032,1.69837,30.2219
5519,4.97873,1.58063,29.707
5520,4.65099,1.49538,29.1919
5521,4.34774,1.43854,28.6791
5522,4.06915,1.40637,28.1704
5523,3.81507,1.39549,27.6671
5524,3.58504,1.40293,27.1705
5525,3.37839,1.42611,26.6811
5526,3.19429,1.46285,26.1998
5527,3.03178,1.51132,25.7267
5528,2.88985,1.57002,25.2624
5529,2.76746,1.6378,24.8071
5530,2.66357,1.71374,24.3609
5531,2.57716,1.79721,23.924
5532,2.50727,1.88778,23.4966
5533,2.45298,1.98523,23.0788
5534,2.41346,2.08952,22.6709
5535,2.38795,2.20073,22.2729
5536,2.37581,2.31912,21.8851
5537,2.37644,2.44504,21.5078
5538,2.38938,2.57896,21.1411
5539,2.41425,2.72144,20.7855
5540,2.45074,2.87311,20.4413
5541,2.49867,3.03472,20.1088
5542,2.55793,3.20704,19.7887
5543,2.6285,3.39095,19.4816
5544,2.71046,3.58735,19.188
5545,2.80395,3.79722,18.9088
5546,2.9092,4.02158,18.6449
5547,3.02654,4.26147,18.3974
5548,3.15633,4.51797,18.1674
5549,3.29902,4.79217,17.9564
5550,3.45514,5.08517,17.7659
5551,3.62523,5.39802,17.5978
5552,3.8099,5.73174,17.4541
5553,4.00981,6.08725,17.3372
5554,4.22562,6.46535,17.2497
5555,4.45798,6.86664,17.1947
5556,4.70756,7.29149,17.1753
5557,4.97496,7.73991,17.1954
5558,5.26071,8.21152,17.259
5559,5.56524,8.70537,17.3706
5560,5.88879,9.21986,17.5348
5561,6.23142,9.75256,17.7568
5562,6.59289,10.3001,18.0418
5563,6.9726,10.8579,18.395
5564,7.36953,11.4202,18.8218
5565,7.78211,11.9796,19.3269
5566,8.20818,12.5273,19.9145
5567,8.64483,13.0526,20.5877
5568,9.08836,13.5434,21.348
5569,9.53417,13.9861,22.1949
5570,9.97674,14.3655,23.1256
5571,10.4096,14.6661,24.1337
5572,10.8254,14.8719,25.2097
5573,11.2161,14.9679,26.3401
5574,11.5728,14.9409,27.5073
5575,11.8867,14.7803,28.6903
5576,12.1486,14.4798,29.8649
5577,12.3502,14.038,31.0049
5578,12.4839,13.4592,32.0832
5579,12.5435,12.7538,33.0736
5580,12.5248,11.9376,33.9525
5581,12.4257,11.0316,34.7001
5582,12.2465,10.0605,35.3022
5583,11.9898,9.05096,35.7504
5584,11.6608,8.02985,36.0429
5585,11.2663,7.02276,36.1837
5586,10.8152,6.05238,36.1818
5587,10.3172,5.13751,36.0505
5588,9.78279,4.29247,35.8054
5589,9.22263,3.52696,35.4639
5590,8.64701,2.84628,35.0431
5591,8.06556,2.25189,34.5597
5592,7.487,1.74205,34.0288
5593,6.9189,1.31258,33.4635
5594,6.36765,0.957586,32.8753
5595,5.83841,0.67011,32.2732
5596,5.33513,0.442676,31.6647
5597,4.8607,0.267719,31.0555
5598,4.41701,0.137903,30.4497
5599,4.00509,0.0463466,29.8505
5600,3.62526,-0.0132465,29.26
5601,3.27721,-0.0465097,28.6795
5602,2.96019,-0.0583922,28.11
5603,2.67307,-0.0531692,27.5518
5604,2.41444,-0.0344764,27.0051
5605,2.18273,-0.00535867,26.4699
5606,1.97625,0.031674,25.946
5607,1.79323,0.0745873,25.4332
5608,1.63194,0.121764,24.9312
5609,1.49063,0.171948,24.4398
5610,1.36766,0.224194,23.9587
5611,1.26143,0.277818,23.4875
5612,1.17046,0.33236,23.0261
5613,1.09337,0.387541,22.5742
5614,1.02889,0.443238,22.1315
5615,0.975872,0.499455,21.698
5616,0.93328,0.556299,21.2733
5617,0.900187,0.613963,20.8574
5618,0.875782,0.672712,20.45
5619,0.859355,0.732868,20.0511
5620,0.850298,0.794804,19.6605
5621,0.848101,0.858938,19.2782
5622,0.85234,0.925723,18.904
5623,0.862679,0.995651,18.5378
5624,0.878862,1.06925,18.1796
5625,0.900709,1.14707,17.8294
5626,0.928111,1.22973,17.4871
5627,0.96103,1.31784,17.1527
5628,0.999493,1.41209,16.8263
5629,1.04359,1.51321,16.5079
5630,1.09348,1.62196,16.1976
5631,1.14937,1.73917,15.8955
5632,1.21154,1.86573,15.6018
5633,1.28033,2.0026,15.3168
5634,1.35614,2.15081,15.0406
5635,1.43943,2.31146,14.7736
5636,1.53073,2.48576,14.5163
5637,1.63065,2.67499,14.2692
5638,1.73984,2.88054,14.033
5639,1.85905,3.1039,13.8084
5640,1.98909,3.34667,13.5964
5641,2.13087,3.61056,13.3981
5642,2.28537,3.89738,13.2149
5643,2.45364,4.20906,13.0483
5644,2.63685,4.54761,12.9002
5645,2.83622,4.91513,12.7729
5646,3.05309,5.31378,12.669
5647,3.28884,5.74571,12.5917
5648,3.54496,6.21307,12.5446
5649,3.82298,6.71788,12.532
5650,4.12447,7.26196,12.5588
5651,4.451,7.84681,12.6307
5652,4.80414,8.47343,12.7544
5653,5.18533,9.14214,12.9373
5654,5.5959,9.85228,13.188
5655,6.03691,10.6019,13.5158
5656,6.50907,11.3875,13.931
5657,7.01257,12.2034,14.4448
5658,7.54695,13.0414,15.0687
5659,8.11084,13.8901,15.8143
5660,8.70177,14.7347,16.6928
5661,9.31589,15.5563,17.7138
5662,9.94771,16.3316,18.8845
5663,10.5899,17.0334,20.208
5664,11.2329,17.6303,21.6819
5665,11.8651,18.0885,23.297
5666,12.4726,18.373,25.0349
5667,13.0396,18.4501,26.8677
5668,13.5487,18.2907,28.7574
5669,13.9819,17.8737,30.6565
5670,14.3213,17.1893,32.5101
5671,14.5504,16.2421,34.2598
5672,14.6556,15.0522,35.8477
5673,14.6273,13.6551,37.2221
5674,14.4605,12.0992,38.3421
5675,14.1562,10.4422,39.1816
5676,13.7208,8.74505,39.7309
5677,13.1657,7.06707,39.997
5678,12.5069,5.46069,40.001
5679,11.7631,3.96803,39.7749
5680,10.9548,2.61902,39.357
5681,10.1028,1.43125,38.788
5682,9.22692,0.411052,38.1073
5683,8.34533,-0.444418,37.3506
5684,7.47381,-1.14488,36.5483
5685,6.62551,-1.70457,35.7247
5686,5.81081,-2.1402,34.8987
5687,5.03747,-2.46938,34.0838
5688,4.31085,-2.70937,33.289
5689,3.63419,-2.87635,32.52
5690,3.00897,-2.98497,31.7797
5691,2.4352,-3.04812,31.0693
5692,1.91177,-3.07691,30.3883
5693,1.43668,-3.08076,29.7356
5694,1.00732,-3.06754,29.1097
5695,0.620639,-3.04372,28.5088
5696,0.273316,-3.01456,27.931
5697,-0.0380968,-2.98431,27.3745
5698,-0.317083,-2.95635,26.8378
5699,-0.56708,-2.93333,26.3193
5700,-0.791423,-2.91735,25.8179
5701,-0.993301,-2.90999,25.3325
5702,-1.17574,-2.9125,24.8621
5703,-1.34157,-2.9258,24.4062
5704,-1.49343,-2.95062,23.9642
5705,-1.63379,-2.98749,23.5357
5706,-1.7649,-3.03687,23.1204
5707,-1.88885,-3.09911,22.718
5708,-2.00756,-3.17453,22.3287
5709,-2.12281,-3.26343,21.9524
5710,-2.23621,-3.36612,21.5892
5711,-2.34927,-3.48294,21.2395
5712,-2.46339,-3.61424,20.9034
5713,-2.57986,-3.76043,20.5815
5714,-2.69989,-3.92196,20.2744
5715,-2.82464,-4.09933,19.9826
5716,-2.95518,-4.29309,19.7069
5717,-3.09256,-4.50382,19.4484
5718,-3.23776,-4.73215,19.208
5719,-3.39175,-4.97873,18.9869
5720,-3.55546,-5.2442,18.7867
5721,-3.7298,-5.5292,18.609
5722,-3.91563,-5.83434,18.4555
5723,-4.11381,-6.16013,18.3284
5724,-4.32516,-6.50699,18.23
5725,-4.55043,-6.87518,18.163
5726,-4.79033,-7.26471,18.1302
5727,-5.0455,-7.67533,18.1349
5728,-5.31645,-8.10641,18.1805
5729,-5.6036,-8.55684,18.2709
5730,-5.90715,-9.02497,18.4101
5731,-6.22712,-9.50841,18.6022
5732,-6.56327,-10.004,18.8516
5733,-6.91502,-10.5077,19.1627
5734,-7.28141,-11.0141,19.5397
5735,-7.66101,-11.5171,19.9863
5736,-8.05188,-12.0089,20.5058
5737,-8.45145,-12.4806,21.1005
5738,-8.85651,-12.9219,21.7715
5739,-9.26308,-13.3214,22.518
5740,-9.66647,-13.6668,23.3374
5741,-10.0612,-13.9451,24.2245
5742,-10.4411,-14.1433,25.1714
5743,-10.7993,-14.2489,26.1669
5744,-11.1285,-14.2509,27.197
5745,-11.4212,-14.1401,28.2447
5746,-11.6698,-13.9108,29.2903
5747,-11.8671,-13.5607,30.3124
5748,-12.0065,-13.0922,31.2889
5749,-12.0826,-12.5122,32.1976
5750,-12.0913,-11.8322,33.0181
5751,-12.0303,-11.0679,33.7329
5752,-11.899,-10.2383,34.3279
5753,-11.699,-9.36454,34.794
5754,-11.4336,-8.46873,35.1266
5755,-11.108,-7.57253,35.3264
5756,-10.7289,-6.69595,35.3982
5757,-10.3042,-5.85642,35.3507
5758,-9.84233,-5.06811,35.1953
5759,-9.35234,-4.34162,34.9451
5760,-8.84313,-3.68397,34.6143
5761,-8.32328,-3.09883,34.2167
5762,-7.80077,-2.58695,33.7657
5763,-7.28276,-2.14666,33.2735
5764,-6.77547,-1.77449,32.7508
5765,-6.28414,-1.46564,32.2067
5766,-5.81302,-1.2145,31.649
5767,-5.36538,-1.01508,31.0838
5768,-4.94361,-0.86127,30.516
5769,-4.54931,-0.747161,29.9494
5770,-4.18337,-0.667167,29.3868
5771,-3.84608,-0.616159,28.8303
5772,-3.53725,-0.589525,28.2814
5773,-3.25629,-0.583195,27.7411
5774,-3.00229,-0.593637,27.2099
5775,-2.77415,-0.617843,26.6884
5776,-2.57059,-0.653288,26.1767
5777,-2.39022,-0.697893,25.6749
5778,-2.23164,-0.749982,25.1831
5779,-2.09342,-0.808237,24.7011
5780,-1.97415,-0.871652,24.2288
5781,-1.87248,-0.939499,23.7663
5782,-1.78714,-1.01129,23.3133
5783,-1.71693,-1.08672,22.8699
5784,-1.66075,-1.1657,22.4358
5785,-1.6176,-1.24826,22.0111
5786,-1.5866,-1.33456,21.5958
5787,-1.56695,-1.4249,21.1896
5788,-1.55798,-1.51964,20.7928
5789,-1.55911,-1.61924,20.4053
5790,-1.56987,-1.72426,20.0271
5791,-1.58988,-1.8353,19.6584
5792,-1.61887,-1.95304,19.2992
5793,-1.65667,-2.07821,18.9497
5794,-1.70317,-2.21162,18.6101
5795,-1.75837,-2.35412,18.2807
5796,-1.82236,-2.50665,17.9618
5797,-1.8953,-2.67019,17.6538
5798,-1.97743,-2.84579,17.3571
5799,-2.06909,-3.03457,17.0722
5800,-2.17068,-3.23772,16.8
5801,-2.28267,-3.45648,16.5411
5802,-2.40564,-3.69218,16.2965
5803,-2.54021,-3.9462,16.0673
5804,-2.68709,-4.21998,15.8547
5805,-2.84706,-4.51501,15.6604
5806,-3.02097,-4.83282,15.486
5807,-3.20974,-5.17495,15.3337
5808,-3.41435,-5.54294,15.2058
5809,-3.63581,-5.93826,15.105
5810,-3.8752,-6.36229,15.0345
5811,-4.13359,-6.81626,14.998
5812,-4.41209,-7.30114,14.9996
5813,-4.71175,-7.81756,15.0439
5814,-5.03357,-8.36566,15.1363
5815,-5.37844,-8.94496,15.2827
5816,-5.74708,-9.55415,15.4895
5817,-6.13997,-10.1909,15.7637
5818,-6.55725,-10.8515,16.1129
5819,-6.99863,-11.5307,16.545
5820,-7.46328,-12.2215,17.0678
5821,-7.94964,-12.9146,17.689
5822,-8.45532,-13.5983,18.4157
5823,-8.97691,-14.2582,19.2536
5824,-9.50984,-14.8773,20.2063
5825,-10.0482,-15.4361,21.2746
5826,-10.5847,-15.9126,22.4556
5827,-11.1106,-16.2836,23.7415
5828,-11.6157,-16.5254,25.1189
5829,-12.0886,-16.6152,26.5682
5830,-12.5168,-16.5333,28.0636
5831,-12.8875,-16.2646,29.573
5832,-13.188,-15.8011,31.06
5833,-13.4064,-15.1432,32.4849
5834,-13.5323,-14.3007,33.8078
5835,-13.5579,-13.2935,34.9913
5836,-13.4784,-12.15,36.0033
5837,-13.2924,-10.9058,36.8199
5838,-13.0025,-9.60079,37.4267
5839,-12.6147,-8.27591,37.8199
5840,-12.1383,-6.97018,38.0055
5841,-11.5854,-5.71801,37.9979
5842,-10.9697,-4.54732,37.8183
5843,-10.3059,-3.47851,37.4916
5844,-9.60914,-2.52438,37.0446
5845,-8.89364,-1.69065,36.5035
5846,-8.17273,-0.977069,35.8928
5847,-7.45814,-0.378695,35.2341
5848,-6.75986,0.112756,34.5454
5849,-6.08602,0.507676,33.8414
5850,-5.44293,0.817521,33.1332
5851,-4.8352,1.054,32.4294
5852,-4.26588,1.22846,31.7357
5853,-3.7367,1.35154,31.0562
5854,-3.24826,1.43287,30.393
5855,-2.80023,1.48101,29.7476
5856,-2.39156,1.50342,29.1202
5857,-2.02062,1.50648,28.5108
5858,-1.68541,1.49557,27.9187
5859,-1.38363,1.47519,27.3433
5860,-1.11281,1.44901,26.7839
5861,-0.870408,1.42003,26.2395
5862,-0.65387,1.39067,25.7093
5863,-0.460672,1.36282,25.1927
5864,-0.288374,1.33798,24.6888
5865,-0.134643,1.3173,24.1972
5866,0.00272741,1.30165,23.7172
5867,0.125807,1.29169,23.2484
5868,0.236522,1.28791,22.7904
5869,0.336655,1.29068,22.3428
5870,0.427852,1.30027,21.9053
5871,0.511621,1.31689,21.4776
5872,0.589347,1.34073,21.0596
5873,0.662301,1.37194,20.651
5874,0.731646,1.41069,20.2517
5875,0.798452,1.45717,19.8615
5876,0.863706,1.51159,19.4805
5877,0.928322,1.5742,19.1084
5878,0.993156,1.6453,18.7454
5879,1.05901,1.72525,18.3913
5880,1.12665,1.81446,18.0463
5881,1.19681,1.91342,17.7104
5882,1.27021,2.02269,17.3837
5883,1.34754,2.14289,17.0665
5884,1.42951,2.27475,16.7589
5885,1.51683,2.41906,16.4613
5886,1.6102,2.57673,16.174
5887,1.71038,2.74872,15.8974
5888,1.81813,2.93613,15.6323
5889,1.93425,3.14013,15.3792
5890,2.05959,3.36201,15.1389
5891,2.19504,3.60314,14.9125
5892,2.34154,3.86501,14.701
5893,2.50008,4.14918,14.5059
5894,2.67172,4.45731,14.3288
5895,2.85758,4.79113,14.1716
5896,3.05883,5.1524,14.0366
5897,3.27671,5.54291,13.9263
5898,3.51251,5.96443,13.8439
5899,3.76754,6.41863,13.7928
5900,4.04318,6.90705,13.7773
5901,4.34077,7.43096,13.802
5902,4.66165,7.99127,13.8722
5903,5.0071,8.58833,13.9943
5904,5.37826,9.2218,14.1749
5905,5.77609,9.89036,14.4219
5906,6.20129,10.5915,14.7435
5907,6.65415,11.321,15.1489
5908,7.13449,12.0729,15.6474
5909,7.64143,12.8389,16.2489
5910,8.17326,13.6079,16.9627
5911,8.72725,14.3657,17.7975
5912,9.2994,15.095,18.7603
5913,9.88429,15.7748,19.8555
5914,10.4749,16.381,21.084
5915,11.0623,16.8867,22.4416
5916,11.6359,17.2633,23.9178
5917,12.1834,17.482,25.4952
5918,12.6908,17.5156,27.1479
5919,13.1432,17.3413,28.8424
5920,13.5253,16.9434,30.5379
5921,13.822,16.3157,32.1882
5922,14.0198,15.4632,33.7444
5923,14.1074,14.4037,35.1589
5924,14.0771,13.1671,36.389
5925,13.9249,11.7933,37.4008
5926,13.6518,10.3296,38.1721
5927,13.263,8.82625,38.6935
5928,12.7683,7.33235,38.9689
5929,12.1807,5.89212,39.014
5930,11.5162,4.54197,38.8531
5931,10.7918,3.30889,38.5168
5932,10.0255,2.21001,38.0378
5933,9.23431,1.25326,37.449
5934,8.4343,0.438739,36.7809
5935,7.63956,-0.239558,36.06
5936,6.8621,-0.791939,35.3085
5937,6.11162,-1.23136,34.5441
5938,5.39564,-1.57204,33.78
5939,4.71956,-1.82841,33.0258
5940,4.08694,-2.01435,32.2881
5941,3.49971,-2.14271,31.5706
5942,2.95846,-2.22504,30.8757
5943,2.46269,-2.27151,30.204
5944,2.01105,-2.29086,29.5555
5945,1.60155,-2.29052,28.9294
5946,1.23176,-2.2767,28.3246
5947,0.898909,-2.25452,27.7399
5948,0.600076,-2.22818,27.174
5949,0.33225,-2.20105,26.6258
5950,0.0924192,-2.17583,26.094
5951,-0.122368,-2.15464,25.5777
5952,-0.314964,-2.13915,25.0759
5953,-0.488087,-2.13065,24.5879
5954,-0.644306,-2.13013,24.113
5955,-0.786027,-2.13836,23.6506
5956,-0.915491,-2.15591,23.2004
5957,-1.03478,-2.18326,22.762
5958,-1.1458,-2.22077,22.3351
5959,-1.25033,-2.26876,21.9194
5960,-1.35001,-2.32754,21.515
5961,-1.44632,-2.39741,21.1217
5962,-1.54067,-2.47867,20.7395
5963,-1.63434,-2.57168,20.3685
5964,-1.72852,-2.67683,20.0089
5965,-1.82436,-2.79456,19.6608
5966,-1.92291,-2.92539,19.3245
5967,-2.02519,-3.0699,19.0004
5968,-2.13217,-3.22874,18.689
5969,-2.24481,-3.40263,18.3908
5970,-2.36405,-3.59239,18.1064
5971,-2.49079,-3.79887,17.8366
5972,-2.62597,-4.02303,17.5825
5973,-2.77051,-4.26588,17.345
5974,-2.92536,-4.52847,17.1255
5975,-3.09145,-4.81192,16.9255
5976,-3.26977,-5.11734,16.7466
5977,-3.4613,-5.44586,16.591
5978,-3.66702,-5.79857,16.4608
5979,-3.88794,-6.1765,16.3588
5980,-4.12506,-6.58052,16.2878
5981,-4.37936,-7.01135,16.2513
5982,-4.65176,-7.46942,16.2532
5983,-4.94316,-7.95478,16.2976
5984,-5.25433,-8.46702,16.3894
5985,-5.58588,-9.00509,16.5336
5986,-5.93827,-9.56716,16.736
5987,-6.31167,-10.1504,17.0025
5988,-6.7059,-10.7509,17.3393
5989,-7.12038,-11.3631,17.7529
5990,-7.55398,-11.9802,18.2494
5991,-8.00492,-12.5934,18.8347
5992,-8.47068,-13.1918,19.5137
5993,-8.94784,-13.7626,20.29
5994,-9.43199,-14.291,21.1652
5995,-9.91763,-14.7603,22.1384
5996,-10.3981,-15.1522,23.2053
5997,-10.8657,-15.448,24.3578
5998,-11.3115,-15.6286,25.583
5999,-11.7257,-15.6767,26.8634
6000,-12.0981,-15.5773,28.1767
6001,-12.418,-15.3197,29.4959
6002,-12.6751,-14.8987,30.7911
6003,-12.8598,-14.3158,32.0303
6004,-12.9639,-13.58,33.1814
6005,-12.9813,-12.7074,34.2147
6006,-12.9083,-11.721,35.1044
6007,-12.744,-10.649,35.8311
6008,-12.4905,-9.52289,36.3826
6009,-12.1526,-8.3753,36.7546
6010,-11.7379,-7.23763,36.9504
6011,-11.2561,-6.13809,36.98
6012,-10.7183,-5.10025,36.8588
6013,-10.1366,-4.14211,36.6057
6014,-9.52349,-3.27588,36.2414
6015,-8.89102,-2.50822,35.7869
6016,-8.25054,-1.84091,35.2623
6017,-7.61229,-1.27173,34.6859
6018,-6.98516,-0.795425,34.0734
6019,-6.37658,-0.40465,33.438
6020,-5.79252,-0.0908124,32.7906
6021,-5.23753,0.155244,32.1393
6022,-4.71484,0.342703,31.4905
6023,-4.22653,0.480387,30.8486
6024,-3.77366,0.576508,30.2168
6025,-3.35644,0.63851,29.597
6026,-2.97441,0.673002,28.9903
6027,-2.62655,0.685744,28.3974
6028,-2.31142,0.68168,27.8184
6029,-2.02731,0.664988,27.2531
6030,-1.7723,0.639149,26.7012
6031,-1.54433,0.607026,26.1622
6032,-1.34132,0.570936,25.6358
6033,-1.16119,0.532728,25.1213
6034,-1.00187,0.493851,24.6184
6035,-0.8614,0.455413,24.1265
6036,-0.737899,0.418246,23.6454
6037,-0.629602,0.382949,23.1744
6038,-0.534862,0.349934,22.7134
6039,-0.452157,0.319465,22.2621
6040,-0.380093,0.291688,21.82
6041,-0.317398,0.266658,21.387
6042,-0.262918,0.244362,20.9627
6043,-0.215614,0.224739,20.5471
6044,-0.174554,0.207692,20.1398
6045,-0.138903,0.193103,19.7407
6046,-0.10792,0.180841,19.3496
6047,-0.0809445,0.17077,18.9663
6048,-0.0573942,0.162757,18.5906
6049,-0.0367533,0.156673,18.2224
6050,-0.0185671,0.152399,17.8615
6051,-0.00243517,0.149827,17.5078
6052,0.0119953,0.148862,17.1612
6053,0.0250353,0.149426,16.8214
6054,0.0369592,0.151452,16.4883
6055,0.0480099,0.154892,16.1619
6056,0.0584034,0.159713,15.842
6057,0.0683325,0.165896,15.5284
6058,0.0779711,0.173441,15.221
6059,0.0874768,0.182363,14.9198
6060,0.0969947,0.192692,14.6245
6061,0.10666,0.204475,14.3351
6062,0.116599,0.217776,14.0515
6063,0.126935,0.232677,13.7735
6064,0.137787,0.249275,13.5011
6065,0.149272,0.267688,13.2342
6066,0.16151,0.288053,12.9725
6067,0.174622,0.310525,12.7161
6068,0.188733,0.335283,12.4649
6069,0.203977,0.36253,12.2188
6070,0.220492,0.392493,11.9776
6071,0.238429,0.425426,11.7414
6072,0.257947,0.461615,11.51
6073,0.279223,0.501377,11.2834
6074,0.302444,0.545065,11.0614
6075,0.327819,0.593073,10.8442
6076,0.355574,0.645837,10.6315
6077,0.385958,0.703841,10.4235
6078,0.419246,0.767624,10.22
6079,0.45574,0.837782,10.0211
6080,0.495771,0.914974,9.82683
6081,0.539709,0.999934,9.63715
6082,0.587958,1.09347,9.45216
6083,0.640968,1.19649,9.27196
6084,0.699235,1.30997,9.09667
6085,0.763308,1.43503,8.92648
6086,0.833792,1.57288,8.76161
6087,0.91136,1.72486,8.60236
6088,0.996752,1.89246,8.44909
6089,1.09079,2.07733,8.30229
6090,1.19438,2.28127,8.16254
6091,1.30852,2.50627,8.03055
6092,1.43431,2.75451,7.90724
6093,1.57298,3.0284,7.79369
6094,1.72586,3.33054,7.69126
6095,1.89443,3.66378,7.60161
6096,2.0803,4.0312,7.52675
6097,2.28523,4.43611,7.46916
6098,2.51114,4.88204,7.43183
6099,2.76013,5.37273,7.41841
6100,3.03444,5.91205,7.4333
6101,3.33648,6.50398,7.48182
6102,3.66881,7.15244,7.57036
6103,4.03412,7.86118,7.70661
6104,4.43516,8.63355,7.89967
6105,4.87472,9.47219,8.16034
6106,5.35554,10.3786,8.50129
6107,5.88014,11.3528,8.9372
6108,6.45071,12.3921,9.48487
6109,7.06883,13.4911,10.1632
6110,7.73523,14.6399,10.9928
6111,8.44934,15.8233,11.9958
6112,9.20894,17.0194,13.1943
6113,10.0095,18.1985,14.6092
6114,10.8438,19.3217,16.258
6115,11.7009,20.341,18.1514
6116,12.5661,21.1992,20.2901
6117,13.4204,21.8325,22.6602
6118,14.24,22.1734,25.2295
6119,14.9972,22.1578,27.9444
6120,15.6614,21.7317,30.7289
6121,16.2006,20.8611,33.4875
6122,16.5837,19.5398,36.111
6123,16.7837,17.7953,38.4872
6124,16.7807,15.6901,40.5137
6125,16.5638,13.3169,42.1107
6126,16.1333,10.789,43.2312
6127,15.5005,8.22622,43.8658
6128,14.6871,5.74092,44.0412
6129,13.7221,3.42656,43.813
6130,12.6399,1.35035,43.2558
6131,11.4762,-0.448621,42.4517
6132,10.2662,-1.95711,41.4802
6133,9.04151,-3.1826,40.4121
6134,7.82962,-4.14707,39.3051
6135,6.65269,-4.88101,38.2028
6136,5.52769,-5.41853,37.1357
6137,4.46671,-5.79373,36.1231
6138,3.47755,-6.03839,35.1754
6139,2.56439,-6.18078,34.2965
6140,1.72853,-6.24511,33.4858
6141,0.969037,-6.25163,32.7397
6142,0.28331,-6.21689,32.0532
6143,-0.332409,-6.15421,31.4204
6144,-0.882657,-6.07418,30.8353
6145,-1.37243,-5.98511,30.2923
6146,-1.80695,-5.89344,29.7863
6147,-2.19147,-5.80412,29.3125
6148,-2.53118,-5.72091,28.8669
6149,-2.83105,-5.64661,28.4464
6150,-3.09582,-5.58328,28.048
6151,-3.32997,-5.53238,27.6695
6152,-3.53764,-5.49492,27.3091
6153,-3.72265,-5.47153,26.9655
6154,-3.88853,-5.46259,26.6376
6155,-4.03848,-5.46826,26.3246
6156,-4.17541,-5.48852,26.0261
6157,-4.30193,-5.52326,25.7419
6158,-4.42042,-5.57226,25.4717
6159,-4.53296,-5.63524,25.2157
6160,-4.64146,-5.71187,24.974
6161,-4.74757,-5.80178,24.7471
6162,-4.85276,-5.90457,24.5352
6163,-4.95833,-6.01982,24.3389
6164,-5.06541,-6.14707,24.1588
6165,-5.17497,-6.28586,23.9955
6166,-5.28784,-6.43564,23.8498
6167,-5.40474,-6.59586,23.7224
6168,-5.52624,-6.76589,23.6142
6169,-5.6528,-6.94504,23.5259
6170,-5.78478,-7.13253,23.4586
6171,-5.92241,-7.3275,23.4131
6172,-6.06582,-7.52894,23.3903
6173,-6.21502,-7.73575,23.3912
6174,-6.36992,-7.94666,23.4165
6175,-6.53028,-8.16025,23.4672
6176,-6.69577,-8.37491,23.5438
6177,-6.86593,-8.58888,23.6471
6178,-7.04014,-8.80018,23.7775
6179,-7.21766,-9.00667,23.9351
6180,-7.39762,-9.20601,24.1202
6181,-7.57898,-9.39572,24.3323
6182,-7.76055,-9.57316,24.5708
6183,-7.94103,-9.73558,24.8349
6184,-8.11895,-9.88019,25.1231
6185,-8.29273,-10.0042,25.4336
6186,-8.46066,-10.1049,25.7642
6187,-8.62096,-10.1796,26.1119
6188,-8.77177,-10.2261,26.4737
6189,-8.91119,-10.2422,26.8457
6190,-9.03735,-10.2265,27.2238
6191,-9.14842,-10.1777,27.6036
6192,-9.24266,-10.0954,27.9803
6193,-9.31847,-9.97962,28.3489
6194,-9.37446,-9.83116,28.7045
6195,-9.40947,-9.65151,29.0424
6196,-9.42263,-9.4428,29.3577
6197,-9.41337,-9.20782,29.6462
6198,-9.3815,-8.94991,29.9042
6199,-9.32717,-8.67288,30.1283
6200,-9.25088,-8.38085,30.3162
6201,-9.15351,-8.0782,30.4658
6202,-9.03627,-7.76935,30.5762
6203,-8.90068,-7.45867,30.6469
6204,-8.7485,-7.15035,30.6783
6205,-8.58174,-6.84829,30.6713
6206,-8.40255,-6.55601,30.6274
6207,-8.2132,-6.27658,30.5486
6208,-8.01601,-6.01261,30.4373
6209,-7.81329,-5.7662,30.296
6210,-7.60734,-5.53896,30.1275
6211,-7.40033,-5.33204,29.9346
6212,-7.19435,-5.14616,29.7202
6213,-6.99131,-4.98166,29.4872
6214,-6.79297,-4.83854,29.2382
6215,-6.60092,-4.71654,28.9758
6216,-6.41653,-4.61519,28.7026
6217,-6.24102,-4.53384,28.4207
6218,-6.07541,-4.47173,28.1324
6219,-5.92054,-4.42803,27.8394
6220,-5.77711,-4.40189,27.5437
6221,-5.64565,-4.39243,27.2468
6222,-5.52658,-4.39881,26.9503
6223,-5.42018,-4.42023,26.6554
6224,-5.32664,-4.45593,26.3636
6225,-5.24606,-4.50522,26.076
6226,-5.17847,-4.5675,25.7936
6227,-5.12385,-4.64222,25.5176
6228,-5.08211,-4.7289,25.249
6229,-5.05316,-4.82713,24.9886
6230,-5.03686,-4.93659,24.7376
6231,-5.03305,-5.05696,24.4967
6232,-5.04158,-5.18801,24.2671
6233,-5.06228,-5.32953,24.0495
6234,-5.09498,-5.48133,23.845
6235,-5.1395,-5.64324,23.6546
6236,-5.19567,-5.81507,23.4792
6237,-5.26332,-5.99664,23.32
6238,-5.34227,-6.1877,23.178
6239,-5.43234,-6.38798,23.0544
6240,-5.53333,-6.59713,22.9503
6241,-5.64503,-6.81471,22.8669
6242,-5.76718,-7.04016,22.8054
6243,-5.89952,-7.27282,22.7671
6244,-6.04172,-7.51183,22.7533
6245,-6.19341,-7.7562,22.7651
6246,-6.35412,-8.00471,22.8038
6247,-6.52333,-8.25593,22.8706
6248,-6.70041,-8.50821,22.9665
6249,-6.88462,-8.75962,23.0924
6250,-7.0751,-9.00799,23.2491
6251,-7.27084,-9.25086,23.4372
6252,-7.4707,-9.48553,23.6569
6253,-7.67335,-9.70905,23.9081
6254,-7.87731,-9.91824,24.1903
6255,-8.08095,-10.1097,24.5027
6256,-8.28244,-10.2801,24.8436
6257,-8.4798,-10.4258,25.211
6258,-8.67092,-10.5435,25.6023
6259,-8.85355,-10.6297,26.0141
6260,-9.02536,-10.6816,26.4425
6261,-9.18399,-10.6964,26.8829
6262,-9.32706,-10.6722,27.3301
6263,-9.45227,-10.6076,27.7786
6264,-9.55743,-10.5019,28.2223
6265,-9.64053,-10.3553,28.655
6266,-9.69985,-10.169,29.0706
6267,-9.73395,-9.94506,29.463
6268,-9.74179,-9.68643,29.8264
6269,-9.72274,-9.39688,30.1555
6270,-9.67664,-9.08094,30.446
6271,-9.60378,-8.74365,30.6941
6272,-9.50495,-8.39046,30.8969
6273,-9.38137,-8.02703,31.0528
6274,-9.2347,-7.659,31.1608
6275,-9.06696,-7.29185,31.2211
6276,-8.8805,-6.93069,31.2347
6277,-8.67789,-6.58017,31.2034
6278,-8.46189,-6.24436,31.1295
6279,-8.23535,-5.92668,31.016
6280,-8.00111,-5.62987,30.8662
6281,-7.76202,-5.35602,30.6835
6282,-7.5208,-5.10655,30.4715
6283,-7.28,-4.88232,30.2339
6284,-7.04202,-4.68368,29.9742
6285,-6.80902,-4.5105,29.6957
6286,-6.58292,-4.36234,29.4016
6287,-6.36542,-4.23843,29.0949
6288,-6.15797,-4.13783,28.7783
6289,-5.96176,-4.05944,28.4542
6290,-5.7778,-4.00209,28.1248
6291,-5.60685,-3.96458,27.7923
6292,-5.44951,-3.9457,27.4583
6293,-5.3062,-3.94433,27.1245
6294,-5.1772,-3.95938,26.7924
6295,-5.06267,-3.98987,26.4632
6296,-4.96265,-4.03491,26.1382
6297,-4.8771,-4.09372,25.8185
6298,-4.80593,-4.16562,25.5051
6299,-4.74898,-4.25004,25.199
6300,-4.70607,-4.34652,24.9011
6301,-4.677,-4.45467,24.6124
6302,-4.66153,-4.57422,24.3336
6303,-4.65946,-4.70495,24.0658
6304,-4.67056,-4.84671,23.8097
6305,-4.69462,-4.99941,23.5664
6306,-4.73145,-5.16299,23.3368
6307,-4.78087,-5.33741,23.1219
6308,-4.84271,-5.52266,22.9226
6309,-4.91681,-5.71871,22.7402
6310,-5.00304,-5.92549,22.5758
6311,-5.10126,-6.14291,22.4305
6312,-5.21133,-6.37079,22.3057
6313,-5.3331,-6.60888,22.2028
6314,-5.46643,-6.85681,22.123
6315,-5.61111,-7.11407,22.068
6316,-5.76693,-7.37998,22.0392
6317,-5.93362,-7.65366,22.0381
6318,-6.11081,-7.934,22.0664
6319,-6.2981,-8.21965,22.1257
6320,-6.49493,-8.50895,22.2173
6321,-6.70066,-8.79993,22.3427
6322,-6.91449,-9.09027,22.5033
6323,-7.13547,-9.37732,22.7
6324,-7.36245,-9.65801,22.9337
6325,-7.5941,-9.92897,23.2049
6326,-7.82887,-10.1864,23.5135
6327,-8.06498,-10.4263,23.859
6328,-8.30043,-10.6444,24.2404
6329,-8.53299,-10.8361,24.6557
6330,-8.76019,-10.9969,25.1024
6331,-8.97941,-11.1223,25.577
6332,-9.18782,-11.2082,26.0752
6333,-9.38249,-11.2507,26.5917
6334,-9.56045,-11.2465,27.1206
6335,-9.71872,-11.1932,27.655
6336,-9.85442,-11.0894,28.1875
6337,-9.96485,-10.9346,28.7104
6338,-10.0476,-10.7296,29.2156
6339,-10.1006,-10.4766,29.6953
6340,-10.1224,-10.1789,30.1418
6341,-10.1117,-9.84112,30.5481
6342,-10.0682,-9.46881,30.9082
6343,-9.99197,-9.06841,31.217
6344,-9.88383,-8.64698,31.4707
6345,-9.74516,-8.21188,31.6669
6346,-9.57792,-7.77051,31.8044
6347,-9.38458,-7.33003,31.8835
6348,-9.16804,-6.89714,31.9055
6349,-8.93152,-6.47785,31.8729
6350,-8.67849,-6.07736,31.7889
6351,-8.4125,-5.69994,31.6576
6352,-8.13717,-5.34893,31.4831
6353,-7.85601,-5.02675,31.2703
6354,-7.57241,-4.73494,31.0237
6355,-7.28953,-4.47425,30.748
6356,-7.01027,-4.24475,30.4475
6357,-6.73724,-4.04595,30.1265
6358,-6.47272,-3.87692,29.7889
6359,-6.21868,-3.73637,29.438
6360,-5.97676,-3.62282,29.077
6361,-5.74829,-3.53461,28.7088
6362,-5.53433,-3.47007,28.3358
6363,-5.33566,-3.42749,27.9602
6364,-5.15284,-3.40524,27.5837
6365,-4.98622,-3.40178,27.2082
6366,-4.83599,-3.41571,26.8351
6367,-4.70216,-3.44574,26.4656
6368,-4.58466,-3.49074,26.1009
6369,-4.4833,-3.54976,25.742
6370,-4.39786,-3.62197,25.3898
6371,-4.32802,-3.70671,25.0452
6372,-4.27348,-3.80345,24.7091
6373,-4.23391,-3.9118,24.3822
6374,-4.20895,-4.03149,24.0653
6375,-4.19831,-4.16235,23.7592
6376,-4.20167,-4.30431,23.4647
6377,-4.21875,-4.45739,23.1826
6378,-4.24932,-4.62167,22.9138
6379,-4.29315,-4.79727,22.6592
6380,-4.35009,-4.98436,22.4197
6381,-4.41997,-5.18314,22.1964
6382,-4.50269,-5.3938,21.9904
6383,-4.59817,-5.6165,21.8029
6384,-4.70634,-5.85141,21.6352
6385,-4.82717,-6.09858,21.4888
6386,-4.96061,-6.35803,21.365
6387,-5.10664,-6.62964,21.2655
6388,-5.26519,-6.91314,21.1921
6389,-5.43619,-7.2081,21.1464
6390,-5.61952,-7.51386,21.1305
6391,-5.81499,-7.82953,21.1464
6392,-6.02232,-8.15389,21.1959
6393,-6.24116,-8.4854,21.2813
6394,-6.47098,-8.82212,21.4045
6395,-6.71113,-9.16168,21.5675
6396,-6.96077,-9.50124,21.7721
6397,-7.21884,-9.83747,22.0198
6398,-7.48402,-10.1665,22.312
6399,-7.75476,-10.484,22.6493
6400,-8.0292,-10.785,23.032
6401,-8.30515,-11.0642,23.4596
6402,-8.58012,-11.3159,23.9308
6403,-8.85132,-11.5342,24.4433
6404,-9.11561,-11.7129,24.9936
6405,-9.3696,-11.8461,25.5772
6406,-9.60966,-11.9282,26.1882
6407,-9.83202,-11.9542,26.8196
6408,-10.0328,-11.92,27.4632
6409,-10.2082,-11.8228,28.1097
6410,-10.3545,-11.661,28.7491
6411,-10.4684,-11.4348,29.3711
6412,-10.5469,-11.1462,29.9649
6413,-10.5876,-10.7989,30.5203
6414,-10.5887,-10.3986,31.0277
6415,-10.5494,-9.95239,31.4787
6416,-10.4694,-9.46862,31.8663
6417,-10.3496,-8.9567,32.1852
6418,-10.1915,-8.42652,32.4321
6419,-9.99753,-7.88808,32.6054
6420,-9.77076,-7.35104,32.7055
6421,-9.5149,-6.82437,32.7346
6422,-9.2341,-6.31603,32.6962
6423,-8.93281,-5.83278,32.5949
6424,-8.61565,-5.38004,32.4364
6425,-8.28722,-4.96186,32.2266
6426,-7.95204,-4.58097,31.9718
6427,-7.61438,-4.23887,31.6784
6428,-7.2782,-3.936,31.3522
6429,-6.94707,-3.6719,30.999
6430,-6.62415,-3.44538,30.6241
6431,-6.31215,-3.2547,30.232
6432,-6.01334,-3.09776,29.827
6433,-5.72957,-2.97222,29.4126
6434,-5.46228,-2.87562,28.992
6435,-5.21254,-2.80552,28.5679
6436,-4.98108,-2.75953,28.1425
6437,-4.76834,-2.73542,27.7177
6438,-4.57452,-2.73109,27.2951
6439,-4.39962,-2.7447,26.8762
6440,-4.24345,-2.77457,26.4619
6441,-4.10572,-2.8193,26.0535
6442,-3.98602,-2.87766,25.6516
6443,-3.88389,-2.94867,25.257
6444,-3.7988,-3.03152,24.8706
6445,-3.73025,-3.12563,24.4928
6446,-3.67771,-3.23055,24.1242
6447,-3.64066,-3.34603,23.7656
6448,-3.61863,-3.47193,23.4174
6449,-3.61118,-3.60826,23.0804
6450,-3.61792,-3.75514,22.7551
6451,-3.63852,-3.91276,22.4421
6452,-3.67269,-4.08144,22.1424
6453,-3.72021,-4.26153,21.8565
6454,-3.78091,-4.45346,21.5855
6455,-3.85469,-4.65767,21.3302
6456,-3.9415,-4.87467,21.0917
6457,-4.04133,-5.10492,20.8712
6458,-4.15424,-5.34892,20.6699
6459,-4.2803,-5.6071,20.4893
6460,-4.41964,-5.87986,20.3309
6461,-4.57239,-6.16748,20.1964
6462,-4.73871,-6.47017,20.0877
6463,-4.91873,-6.78794,20.0068
6464,-5.11259,-7.12065,19.9559
6465,-5.32036,-7.46787,19.9375
6466,-5.54209,-7.82891,19.9539
6467,-5.77769,-8.20271,20.008
6468,-6.02701,-8.58779,20.1024
6469,-6.28971,-8.98218,20.24
6470,-6.5653,-9.38336,20.4237
6471,-6.85304,-9.78817,20.6561
6472,-7.15195,-10.1928,20.9398
6473,-7.46072,-10.5925,21.2771
6474,-7.7777,-10.9821,21.6698
6475,-8.10085,-11.3554,22.1189
6476,-8.42771,-11.7055,22.6247
6477,-8.75535,-12.0247,23.1864
6478,-9.08038,-12.3051,23.8019
6479,-9.39893,-12.5382,24.4676
6480,-9.70673,-12.7156,25.1781
6481,-9.99908,-12.8291,25.9263
6482,-10.271,-12.8714,26.7033
6483,-10.5174,-12.8362,27.4983
6484,-10.7331,-12.719,28.2991
6485,-10.913,-12.5172,29.0919
6486,-11.0524,-12.2307,29.8625
6487,-11.1474,-11.8622,30.5962
6488,-11.1944,-11.4169,31.2787
6489,-11.1912,-10.9028,31.897
6490,-11.1365,-10.3304,32.4397
6491,-11.0302,-9.71171,32.8977
6492,-10.8734,-9.06034,33.2646
6493,-10.6686,-8.39036,33.5368
6494,-10.4191,-7.71572,33.7136
6495,-10.1295,-7.04964,33.7971
6496,-9.80498,-6.40398,33.7917
6497,-9.4513,-5.78887,33.7036
6498,-9.07456,-5.21243,33.5405
6499,-8.68094,-4.68073,33.3109
6500,-8.27651,-4.19775,33.0237
6501,-7.86705,-3.7656,32.6878
6502,-7.45792,-3.38476,32.3114
6503,-7.05393,-3.05432,31.9027
6504,-6.6593,-2.77229,31.4685
6505,-6.27762,-2.5359,31.0151
6506,-5.91184,-2.34186,30.5479
6507,-5.5643,-2.18658,30.0714
6508,-5.23679,-2.06637,29.5895
6509,-4.93056,-1.97758,29.1052
6510,-4.64639,-1.9167,28.6211
6511,-4.38469,-1.88049,28.1391
6512,-4.14552,-1.86596,27.6609
6513,-3.92867,-1.87045,27.1877
6514,-3.7337,-1.89165,26.7206
6515,-3.56004,-1.92754,26.2604
6516,-3.40695,-1.97645,25.8077
6517,-3.27366,-2.03698,25.3629
6518,-3.15933,-2.10804,24.9266
6519,-3.06312,-2.18877,24.4992
6520,-2.98419,-2.27856,24.0809
6521,-2.92174,-2.37701,23.672
6522,-2.875,-2.48388,23.273
6523,-2.84329,-2.59914,22.8841
6524,-2.82598,-2.72288,22.5056
6525,-2.8225,-2.85532,22.1379
6526,-2.8324,-2.99682,21.7814
6527,-2.85527,-3.14783,21.4365
6528,-2.89082,-3.30887,21.1038
6529,-2.93882,-3.48058,20.7839
6530,-2.99914,-3.66364,20.4773
6531,-3.07172,-3.8588,20.1848
6532,-3.15658,-4.06686,19.9073
6533,-3.25382,-4.28865,19.6456
6534,-3.36361,-4.52505,19.4009
6535,-3.4862,-4.77693,19.1744
6536,-3.62187,-5.04516,18.9675
6537,-3.77098,-5.33059,18.7817
6538,-3.93393,-5.63404,18.6189
6539,-4.11115,-5.95623,18.4809
6540,-4.3031,-6.29779,18.3702
6541,-4.51024,-6.65916,18.289
6542,-4.73303,-7.04063,18.2403
6543,-4.97189,-7.44216,18.2269
6544,-5.22719,-7.86341,18.2524
6545,-5.49921,-8.30361,18.3202
6546,-5.7881,-8.76144,18.4341
6547,-6.09384,-9.23498,18.5984
6548,-6.41621,-9.72155,18.8172
6549,-6.75469,-10.2176,19.0947
6550,-7.10844,-10.7186,19.4351
6551,-7.47622,-11.2188,19.8423
6552,-7.8563,-11.7115,20.3199
6553,-8.2464,-12.1884,20.8705
6554,-8.64362,-12.6402,21.4956
6555,-9.0444,-13.0563,22.1956
6556,-9.44444,-13.425,22.9686
6557,-9.83871,-13.7339,23.8109
6558,-10.2215,-13.9704,24.7161
6559,-10.5863,-14.1218,25.6746
6560,-10.9262,-14.1766,26.6744
6561,-11.2339,-14.125,27.7
6562,-11.5019,-13.9596,28.7336
6563,-11.723,-13.6764,29.7549
6564,-11.8904,-13.2753,30.7427
6565,-11.9982,-12.7609,31.675
6566,-12.0416,-12.142,32.5311
6567,-12.0175,-11.4319,33.2922
6568,-11.9243,-10.6475,33.9425
6569,-11.7626,-9.80862,34.4706
6570,-11.5346,-8.93634,34.8697
6571,-11.2446,-8.0522,35.1375
6572,-10.8983,-7.1767,35.2766
6573,-10.5028,-6.32834,35.2935
6574,-10.0662,-5.52277,35.1979
6575,-9.59708,-4.77231,35.0017
6576,-9.1042,-4.08577,34.7183
6577,-8.59622,-3.46856,34.3615
6578,-8.08129,-2.923,33.9446
6579,-7.56692,-2.44881,33.4801
6580,-7.05973,-2.04358,32.9795
6581,-6.56543,-1.70333,32.4525
6582,-6.08872,-1.42305,31.9076
6583,-5.63339,-1.19707,31.3516
6584,-5.20227,-1.01951,30.7901
6585,-4.79738,-0.884458,30.2273
6586,-4.41999,-0.786282,29.6668
6587,-4.07075,-0.719706,29.1109
6588,-3.74974,-0.679928,28.5615
6589,-3.45661,-0.66266,28.0198
6590,-3.19067,-0.664143,27.4867
6591,-2.95095,-0.681137,26.9628
6592,-2.73629,-0.710897,26.4485
6593,-2.54542,-0.751138,25.9438
6594,-2.37698,-0.799994,25.449
6595,-2.22956,-0.855975,24.9639
6596,-2.1018,-0.917924,24.4886
6597,-1.99235,-0.98498,24.0229
6598,-1.89991,-1.05654,23.5669
6599,-1.82328,-1.13221,23.1204
6600,-1.76134,-1.21179,22.6833
6601,-1.71305,-1.29527,22.2557
6602,-1.67749,-1.38275,21.8375
6603,-1.65385,-1.47447,21.4286
6604,-1.6414,-1.57075,21.0291
6605,-1.63953,-1.67205,20.639
6606,-1.64775,-1.77887,20.2584
6607,-1.66564,-1.89181,19.8873
6608,-1.6929,-2.01152,19.526
6609,-1.72931,-2.13874,19.1745
6610,-1.77476,-2.27426,18.833
6611,-1.82921,-2.41894,18.502
6612,-1.89274,-2.57368,18.1816
6613,-1.96546,-2.73947,17.8723
6614,-2.04763,-2.91736,17.5746
6615,-2.13953,-3.10845,17.289
6616,-2.24155,-3.31392,17.0163
6617,-2.35417,-3.53501,16.7572
6618,-2.47791,-3.77302,16.5128
6619,-2.61341,-4.0293,16.2841
6620,-2.76134,-4.30528,16.0725
6621,-2.92246,-4.60241,15.8795
6622,-3.09761,-4.92216,15.7069
6623,-3.28768,-5.26604,15.5569
6624,-3.49361,-5.6355,15.4318
6625,-3.71639,-6.03195,15.3344
6626,-3.95706,-6.45667,15.2679
6627,-4.21666,-6.91078,15.236
6628,-4.49623,-7.39512,15.2427
6629,-4.79677,-7.91016,15.2929
6630,-5.1192,-8.45587,15.3917
6631,-5.46434,-9.03157,15.545
6632,-5.83282,-9.63573,15.7592
6633,-6.225,-10.2658,16.0411
6634,-6.64091,-10.9177,16.3981
6635,-7.08014,-11.5862,16.8378
6636,-7.54169,-12.2638,17.3678
6637,-8.02387,-12.9411,17.9952
6638,-8.52413,-13.6062,18.7267
6639,-9.03891,-14.2447,19.5672
6640,-9.56351,-14.8397,20.5197
6641,-10.0919,-15.3719,21.5842
6642,-10.6168,-15.8198,22.7569
6643,-11.1294,-16.1611,24.0293
6644,-11.6196,-16.373,25.3874
6645,-12.0762,-16.4341,26.8111
6646,-12.487,-16.3261,28.2745
6647,-12.8398,-16.0356,29.7461
6648,-13.1222,-15.5561,31.19
6649,-13.323,-14.8893,32.5682
6650,-13.4326,-14.0463,33.8423
6651,-13.4438,-13.0471,34.977
6652,-13.3524,-11.9201,35.9425
6653,-13.1577,-10.7,36.7167
6654,-12.8624,-9.42541,37.287
6655,-12.4729,-8.13538,37.6506
6656,-11.9985,-6.86703,37.814
6657,-11.4509,-5.65285,37.7918
6658,-10.8436,-4.51904,37.6045
6659,-10.1908,-3.48465,37.2761
6660,-9.50709,-2.5615,36.8323
6661,-8.80618,-1.75475,36.298
6662,-8.10082,-1.06395,35.6967
6663,-7.40228,-0.48425,35.0489
6664,-6.72011,-0.00764934,34.3717
6665,-6.06209,0.375818,33.6791
6666,-5.43426,0.677121,32.9821
6667,-4.84102,0.907462,32.2885
6668,-4.28531,1.07772,31.6042
6669,-3.76877,1.19806,30.933
6670,-3.29197,1.27775,30.2772
6671,-2.85459,1.325,29.638
6672,-2.45561,1.34698,29.0161
6673,-2.09348,1.34985,28.4112
6674,-1.76625,1.33878,27.8229
6675,-1.47171,1.31812,27.2507
6676,-1.20747,1.29144,26.6938
6677,-0.971099,1.26162,26.1515
6678,-0.760111,1.23099,25.623
6679,-0.572079,1.2014,25.1077
6680,-0.404646,1.17429,24.6048
6681,-0.25556,1.15076,24.1138
6682,-0.122694,1.13165,23.6342
6683,-0.00404907,1.11759,23.1655
6684,0.10223,1.10904,22.7073
6685,0.197862,1.10633,22.2594
6686,0.284428,1.1097,21.8213
6687,0.363379,1.11934,21.3927
6688,0.436042,1.13538,20.9736
6689,0.503632,1.15794,20.5636
6690,0.567258,1.18716,20.1627
6691,0.627937,1.22317,19.7706
6692,0.686602,1.26611,19.3872
6693,0.744114,1.31619,19.0124
6694,0.801273,1.37363,18.6462
6695,0.858826,1.43871,18.2886
6696,0.917479,1.51178,17.9394
6697,0.977906,1.59323,17.5988
6698,1.04076,1.68351,17.2666
6699,1.10667,1.78316,16.9432
6700,1.17627,1.89279,16.6284
6701,1.25018,2.01307,16.3226
6702,1.32906,2.14477,16.0259
6703,1.41355,2.28876,15.7387
6704,1.50433,2.44597,15.4612
6705,1.60212,2.61745,15.194
6706,1.70765,2.80435,14.9375
6707,1.82173,3.00792,14.6925
6708,1.94518,3.22952,14.4597
6709,2.0789,3.4706,14.2401
6710,2.22385,3.73276,14.0348
6711,2.38103,4.01765,13.8452
6712,2.55154,4.32707,13.6729
6713,2.73654,4.66287,13.5198
6714,2.93723,5.02697,13.3882
6715,3.15493,5.42135,13.2806
6716,3.39098,5.84797,13.2001
6717,3.6468,6.30874,13.1505
6718,3.92386,6.80543,13.1357
6719,4.22361,7.3396,13.1608
6720,4.54754,7.91246,13.2313
6721,4.89706,8.52471,13.3535
6722,5.27348,9.17632,13.5346
6723,5.67797,9.86633,13.7828
6724,6.1114,10.5925,14.1068
6725,6.57429,11.351,14.5165
6726,7.06665,12.136,15.0222
6727,7.58782,12.9393,15.6344
6728,8.13627,13.7496,16.3639
6729,8.70941,14.5524,17.2204
6730,9.30332,15.3295,18.2124
6731,9.91255,16.0589,19.3456
6732,10.5299,16.7149,20.6221
6733,11.1462,17.2682,22.0387
6734,11.7502,17.6877,23.5855
6735,12.329,17.9413,25.2446
6736,12.8675,17.9987,26.9892
6737,13.3497,17.8339,28.7836
6738,13.7587,17.4282,30.5835
6739,14.0782,16.7737,32.3384
6740,14.2932,15.8751,33.9947
6741,14.391,14.7512,35.4997
6742,14.3629,13.4345,36.806
6743,14.2047,11.9693,37.8761
6744,13.917,10.4077,38.6856
6745,13.5056,8.80555,39.2249
6746,12.9812,7.21701,39.4992
6747,12.3582,5.69058,39.5266
6748,11.6538,4.26568,39.3353
6749,10.887,2.97097,38.9595
6750,10.077,1.824,38.4361
6751,9.24239,0.832078,37.8013
6752,8.4003,-0.00604488,37.0883
6753,7.56574,-0.698152,36.3255
6754,6.75131,-1.25648,35.5365
6755,5.96714,-1.69587,34.7396
6756,5.22088,-2.03226,33.9483
6757,4.51796,-2.28154,33.172
6758,3.86182,-2.45881,32.4168
6759,3.25416,-2.57786,31.6863
6760,2.69531,-2.65099,30.9819
6761,2.18447,-2.68889,30.304
6762,1.71996,-2.70067,29.6519
6763,1.29949,-2.69403,29.0246
6764,0.920284,-2.67534,28.4204
6765,0.579314,-2.64983,27.838
6766,0.273374,-2.62173,27.2757
6767,-0.000793577,-2.59444,26.7322
6768,-0.246424,-2.57066,26.2061
6769,-0.466673,-2.55249,25.6962
6770,-0.664574,-2.54159,25.2017
6771,-0.843009,-2.53922,24.7217
6772,-1.00469,-2.54636,24.2555
6773,-1.15216,-2.56375,23.8025
6774,-1.28777,-2.59198,23.3623
6775,-1.4137,-2.6315,22.9347
6776,-1.53197,-2.68268,22.5193
6777,-1.64443,-2.74588,22.1161
6778,-1.7528,-2.82139,21.725
6779,-1.85866,-2.90954,21.346
6780,-1.96345,-3.01066,20.9793
6781,-2.06853,-3.12515,20.6251
6782,-2.17518,-3.25341,20.2837
6783,-2.28456,-3.39594,19.9555
6784,-2.39782,-3.55325,19.6408
6785,-2.516,-3.72596,19.3404
6786,-2.64014,-3.91471,19.055
6787,-2.77124,-4.12023,18.7853
6788,-2.91026,-4.3433,18.5323
6789,-3.05816,-4.58472,18.2972
6790,-3.21589,-4.84535,18.0813
6791,-3.38436,-5.12605,17.8861
6792,-3.56453,-5.42769,17.7134
6793,-3.7573,-5.7511,17.5652
6794,-3.96359,-6.09704,17.4438
6795,-4.18428,-6.46616,17.3517
6796,-4.42025,-6.85895,17.2919
6797,-4.67229,-7.27567,17.2675
6798,-4.94116,-7.71626,17.2823
6799,-5.22751,-8.18027,17.3402
6800,-5.53186,-8.66672,17.4455
6801,-5.85456,-9.174,17.6028
6802,-6.19575,-9.69971,17.8172
6803,-6.55525,-10.2405,18.0938
6804,-6.93256,-10.792,18.4378
6805,-7.32673,-11.3484,18.8543
6806,-7.7363,-11.9025,19.3481
6807,-8.15918,-12.4458,19.9232
6808,-8.59257,-12.9679,20.5829
6809,-9.03291,-13.4569,21.3287
6810,-9.47573,-13.8993,22.1604
6811,-9.91567,-14.2805,23.075
6812,-10.3464,-14.5851,24.0669
6813,-10.7609,-14.7975,25.1267
6814,-11.151,-14.9028,26.2415
6815,-11.5083,-14.8876,27.3945
6816,-11.8239,-14.7415,28.565
6817,-12.0889,-14.4577,29.7296
6818,-12.295,-14.0344,30.8625
6819,-12.4345,-13.4753,31.9373
6820,-12.5013,-12.7899,32.9278
6821,-12.4911,-11.9934,33.8106
6822,-12.4014,-11.1058,34.5658
6823,-12.2324,-10.1512,35.1786
6824,-11.9864,-9.1555,35.6402
6825,-11.6681,-8.14529,35.9479
6826,-11.2844,-7.14595,36.1051
6827,-10.8435,-6.18018,36.12
6828,-10.355,-5.267,36.0053
6829,-9.82935,-4.42108,35.776
6830,-9.27687,-3.65254,35.4491
6831,-8.70782,-2.9672,35.0414
6832,-8.13182,-2.36696,34.5695
6833,-7.55759,-1.85053,34.0483
6834,-6.99276,-1.41412,33.4914
6835,-6.44381,-1.05217,32.9099
6836,-5.91599,-0.757945,32.3134
6837,-5.41338,-0.52417,31.7093
6838,-4.93897,-0.343401,31.1034
6839,-4.49478,-0.208384,30.5003
6840,-4.08194,-0.112273,29.9031
6841,-3.70087,-0.0487833,29.314
6842,-3.35137,-0.0122707,28.7345
6843,-3.03275,0.00224016,28.1656
6844,-2.74397,-0.000940713,27.6079
6845,-2.48367,-0.0181379,27.0614
6846,-2.25033,-0.0462654,26.5263
6847,-2.04229,-0.0827727,26.0024
6848,-1.85785,-0.125587,25.4895
6849,-1.69526,-0.173057,24.9874
6850,-1.55284,-0.223896,24.4958
6851,-1.42894,-0.277133,24.0144
6852,-1.32198,-0.332062,23.543
6853,-1.23048,-0.388206,23.0814
6854,-1.15308,-0.445275,22.6293
6855,-1.08852,-0.503138,22.1864
6856,-1.03564,-0.561795,21.7527
6857,-0.993424,-0.621353,21.3279
6858,-0.960941,-0.682011,20.9119
6859,-0.937386,-0.74404,20.5045
6860,-0.922055,-0.807775,20.1056
6861,-0.914346,-0.873603,19.7151
6862,-0.913754,-0.941959,19.3329
6863,-0.919864,-1.01332,18.959
6864,-0.93235,-1.0882,18.5932
6865,-0.950966,-1.16716,18.2355
6866,-0.975545,-1.25077,17.886
6867,-1.00599,-1.33969,17.5445
6868,-1.04229,-1.43458,17.2112
6869,-1.08448,-1.53615,16.886
6870,-1.13267,-1.64517,16.5691
6871,-1.18705,-1.76248,16.2605
6872,-1.24785,-1.88893,15.9606
6873,-1.31538,-2.02549,15.6694
6874,-1.39,-2.17316,15.3872
6875,-1.47216,-2.33304,15.1144
6876,-1.56236,-2.5063,14.8515
6877,-1.66116,-2.69421,14.5989
6878,-1.76919,-2.89812,14.3572
6879,-1.88719,-3.11948,14.1274
6880,-2.01593,-3.35987,13.9102
6881,-2.15628,-3.62094,13.7069
6882,-2.30919,-3.90446,13.5186
6883,-2.47569,-4.21229,13.347
6884,-2.6569,-4.5464,13.1939
6885,-2.854,-4.90881,13.0616
6886,-3.0683,-5.30161,12.9526
6887,-3.30113,-5.72687,12.8699
6888,-3.55393,-6.18667,12.8172
6889,-3.82818,-6.68294,12.7985
6890,-4.12539,-7.21743,12.8186
6891,-4.44709,-7.79158,12.8832
6892,-4.79478,-8.40633,12.9986
6893,-5.16985,-9.06198,13.172
6894,-5.57359,-9.75787,13.4116
6895,-6.007,-10.4922,13.7264
6896,-6.47078,-11.2614,14.1265
6897,-6.9651,-12.0602,14.6224
6898,-7.48952,-12.8807,15.2253
6899,-8.04273,-13.712,15.9465
6900,-8.62238,-14.5399,16.7965
6901,-9.22477,-15.3465,17.7848
6902,-9.84469,-16.1096,18.9183
6903,-10.4751,-16.8031,20.2003
6904,-11.1069,-17.3971,21.6289
6905,-11.729,-17.8592,23.1956
6906,-12.3282,-18.1558,24.8834
6907,-12.8892,-18.2542,26.6665
6908,-13.3954,-18.1259,28.5089
6909,-13.8294,-17.7498,30.3659
6910,-14.1739,-17.1151,32.1853
6911,-14.4126,-16.2243,33.9112
6912,-14.5322,-15.095,35.4874
6913,-14.5226,-13.7593,36.8633
6914,-14.3786,-12.2623,37.9977
6915,-14.1003,-10.6582,38.8631
6916,-13.6929,-9.00542,39.4476
6917,-13.167,-7.36159,39.7552
6918,-12.5373,-5.77848,39.804
6919,-11.8216,-4.29854,39.6231
6920,-11.0394,-2.95281,39.2481
6921,-10.2109,-1.7605,38.7181
6922,-9.35564,-0.729825,38.0713
6923,-8.49145,0.140223,37.3428
6924,-7.63417,0.857675,36.563
6925,-6.79707,1.43536,35.7567
6926,-5.99079,1.88892,34.9432
6927,-5.2234,2.23514,34.1366
6928,-4.50061,2.49078,33.3468
6929,-3.82601,2.67169,32.5801
6930,-3.2014,2.79238,31.84
6931,-2.62714,2.86572,31.1279
6932,-2.10239,2.90286,30.4441
6933,-1.62539,2.91334,29.7877
6934,-1.19375,2.90514,29.1574
6935,-0.804596,2.88486,28.5515
6936,-0.454767,2.85793,27.9684
6937,-0.140932,2.82872,27.4063
6938,0.140292,2.80072,26.8636
6939,0.392262,2.77671,26.3391
6940,0.618252,2.75885,25.8315
6941,0.821404,2.74884,25.3397
6942,1.0047,2.74796,24.8628
6943,1.17096,2.75721,24.4002
6944,1.3228,2.77734,23.9512
6945,1.46265,2.80895,23.5155
6946,1.59278,2.85249,23.0927
6947,1.71526,2.90834,22.6826
6948,1.83201,2.97684,22.2851
6949,1.94479,3.0583,21.9003
6950,2.05523,3.15304,21.5281
6951,2.16483,3.26138,21.1688
6952,2.27498,3.38371,20.8227
6953,2.38699,3.52042,20.49
6954,2.50206,3.67199,20.1713
6955,2.62135,3.83892,19.8671
6956,2.74593,4.02179,19.5781
6957,2.87686,4.22122,19.3051
6958,3.01513,4.43787,19.0491
6959,3.16173,4.67246,18.8112
6960,3.31759,4.92572,18.5926
6961,3.48366,5.1984,18.3948
6962,3.66084,5.49122,18.2196
6963,3.85003,5.80489,18.0688
6964,4.0521,6.14002,17.9446
6965,4.26789,6.49714,17.8495
6966,4.49821,6.87659,17.7862
6967,4.7438,7.27848,17.7577
6968,5.00535,7.70265,17.7676
6969,5.28344,8.1485,17.8194
6970,5.57849,8.615,17.9172
6971,5.89079,9.10047,18.0654
6972,6.2204,9.60251,18.2684
6973,6.56709,10.1179,18.5309
6974,6.93031,10.6422,18.8576
6975,7.30908,11.1702,19.2531
6976,7.70195,11.695,19.7217
6977,8.10691,12.2085,20.2668
6978,8.52127,12.7012,20.8911
6979,8.94164,13.1622,21.5959
6980,9.36384,13.579,22.3806
6981,9.78286,13.9384,23.2423
6982,10.1929,14.2264,24.1757
6983,10.5872,14.4288,25.1721
6984,10.9586,14.5323,26.2195
6985,11.2993,14.5247,27.3027
6986,11.601,14.3967,28.4031
6987,11.8557,14.1419,29.4994
6988,12.0558,13.7584,30.5684
6989,12.1941,13.2493,31.586
6990,12.2651,12.6225,32.5285
6991,12.2645,11.8911,33.3743
6992,12.19,11.0729,34.1048
6993,12.0414,10.1888,34.7058
6994,11.8205,9.26216,35.1682
6995,11.5314,8.3169,35.4884
6996,11.1798,7.37626,35.6682
6997,10.7733,6.4614,35.7139
6998,10.3205,5.59039,35.6358
6999,9.83051,4.77762,35.4471
7000,9.31309,4.03347,35.1623
7001,8.7777,3.36442,34.797
7002,8.23334,2.77337,34.366
7003,7.68832,2.26019,33.8835
7004,7.15,1.82228,33.3621
7005,6.62471,1.45525,32.813
7006,6.11768,1.15346,32.2452
7007,5.63308,0.91057,31.6666
7008,5.17406,0.719943,31.0829
7009,4.74285,0.574977,30.4991
7010,4.34083,0.469343,29.9185
7011,3.96867,0.397151,29.3438
7012,3.62646,0.353047,28.7768
7013,3.31378,0.33226,28.2187
7014,3.02983,0.330616,27.6703
7015,2.77353,0.344526,27.132
7016,2.54357,0.370948,26.6041
7017,2.33851,0.407352,26.0867
7018,2.15682,0.451667,25.5797
7019,1.99696,0.502232,25.083
7020,1.85737,0.557748,24.5964
7021,1.73654,0.617232,24.1198
7022,1.63304,0.679971,23.653
7023,1.54549,0.745485,23.1958
7024,1.47263,0.813493,22.7481
7025,1.41329,0.883883,22.3098
7026,1.36641,0.956685,21.8807
7027,1.33105,1.03205,21.4607
7028,1.30635,1.11023,21.0497
7029,1.2916,1.19156,20.6477
7030,1.28615,1.27647,20.2546
7031,1.2895,1.36544,19.8703
7032,1.30122,1.45902,19.495
7033,1.32097,1.55781,19.1285
7034,1.34852,1.66247,18.771
7035,1.38372,1.77372,18.4225
7036,1.42651,1.89231,18.0832
7037,1.4769,2.01908,17.7533
7038,1.53499,2.1549,17.4328
7039,1.60096,2.30072,17.1222
7040,1.67504,2.45753,16.8217
7041,1.75757,2.62642,16.5318
7042,1.84895,2.80852,16.253
7043,1.94966,3.00506,15.9858
7044,2.06023,3.21734,15.731
7045,2.1813,3.44673,15.4894
7046,2.31356,3.69469,15.2621
7047,2.4578,3.96275,15.0503
7048,2.61485,4.25253,14.8554
7049,2.78565,4.56569,14.6791
7050,2.9712,4.90394,14.5233
7051,3.17257,5.26903,14.3904
7052,3.39088,5.66268,14.283
7053,3.62733,6.08657,14.2042
7054,3.88315,6.54228,14.1577
7055,4.15958,7.03118,14.1475
7056,4.45788,7.55438,14.1784
7057,4.77927,8.11254,14.2558
7058,5.1249,8.7058,14.3858
7059,5.49576,9.33349,14.5751
7060,5.89267,9.99399,14.8313
7061,6.31614,10.6844,15.1625
7062,6.76628,11.4002,15.5774
7063,7.24268,12.135,16.0852
7064,7.74424,12.8801,16.6948
7065,8.26904,13.6241,17.4151
7066,8.81408,14.3528,18.2537
7067,9.37516,15.0488,19.2167
7068,9.94668,15.6914,20.3073
7069,10.5214,16.257,21.525
7070,11.0906,16.7198,22.8645
7071,11.6435,17.0526,24.3142
7072,12.1681,17.2283,25.8556
7073,12.6509,17.2222,27.4627
7074,13.0775,17.0141,29.1023
7075,13.4333,16.5907,30.7345
7076,13.7044,15.9481,32.315
7077,13.8782,15.0933,33.7977
7078,13.9446,14.0451,35.1382
7079,13.8967,12.8332,36.2974
7080,13.7316,11.4966,37.2446
7081,13.4509,10.0801,37.9604
7082,13.0601,8.63125,38.4376
7083,12.5689,7.19586,38.6809
7084,11.9902,5.81494,38.7059
7085,11.3392,4.52201,38.5361
7086,10.6324,3.34179,38.2001
7087,9.88668,2.28985,37.7291
7088,9.11833,1.37329,37.1537
7089,8.34244,0.591968,36.5024
7090,7.57236,-0.0598462,35.8
7091,6.81942,-0.591869,35.0675
7092,6.09281,-1.01627,34.3215
7093,5.39963,-1.34639,33.5744
7094,4.74501,-1.59581,32.8356
7095,4.13232,-1.7776,32.1112
7096,3.56341,-1.9039,31.4052
7097,3.03886,-1.98564,30.7198
7098,2.55821,-2.03248,30.0559
7099,2.12018,-2.05275,29.4135
7100,1.72291,-2.05353,28.7921
7101,1.36407,-2.04077,28.1907
7102,1.04104,-2.0194,27.6084
7103,0.75103,-1.99344,27.044
7104,0.491181,-1.96614,26.4963
7105,0.258614,-1.94011,25.9645
7106,0.0505093,-1.91742,25.4474
7107,-0.13586,-1.89966,24.9444
7108,-0.303094,-1.88809,24.4546
7109,-0.453652,-1.88367,23.9774
7110,-0.589838,-1.88713,23.5124
7111,-0.713798,-1.89903,23.0591
7112,-0.827521,-1.91981,22.6171
7113,-0.932843,-1.94983,22.1861
7114,-1.03146,-1.98938,21.7659
7115,-1.12493,-2.03873,21.3564
7116,-1.21468,-2.09817,20.9575
7117,-1.30205,-2.16796,20.5691
7118,-1.38826,-2.24843,20.1912
7119,-1.47445,-2.33993,19.8239
7120,-1.5617,-2.44288,19.4673
7121,-1.65101,-2.55775,19.1216
7122,-1.74336,-2.68509,18.787
7123,-1.83966,-2.8255,18.4638
7124,-1.94082,-2.97969,18.1525
7125,-2.04773,-3.14842,17.8536
7126,-2.16125,-3.33256,17.5676
7127,-2.28228,-3.53304,17.2952
7128,-2.4117,-3.75088,17.0373
7129,-2.55042,-3.98717,16.795
7130,-2.69937,-4.24308,16.5693
7131,-2.85949,-4.51984,16.3618
7132,-3.03177,-4.8187,16.1739
7133,-3.21722,-5.14098,16.0077
7134,-3.41687,-5.48795,15.8652
7135,-3.63179,-5.86089,15.749
7136,-3.86305,-6.26097,15.662
7137,-4.11173,-6.68923,15.6074
7138,-4.3789,-7.14651,15.5891
7139,-4.66559,-7.63334,15.6112
7140,-4.97276,-8.14982,15.6786
7141,-5.30126,-8.69551,15.7965
7142,-5.65181,-9.26927,15.9707
7143,-6.02487,-9.86901,16.2076
7144,-6.42064,-10.4916,16.5139
7145,-6.83892,-11.1324,16.8967
7146,-7.27901,-11.7853,17.3631
7147,-7.73962,-12.4422,17.9201
7148,-8.2187,-13.0929,18.5743
7149,-8.71333,-13.7251,19.3309
7150,-9.21955,-14.3238,20.1938
7151,-9.73228,-14.8719,21.1643
7152,-10.2452,-15.3502,22.2407
7153,-10.7505,-15.7379,23.4173
7154,-11.2394,-16.0136,24.6835
7155,-11.7018,-16.1564,26.0234
7156,-12.1265,-16.1473,27.4156
7157,-12.502,-15.9709,28.8332
7158,-12.8164,-15.6173,30.2445
7159,-13.0586,-15.0835,31.6145
7160,-13.2183,-14.3747,32.9072
7161,-13.2875,-13.5048,34.0871
7162,-13.2603,-12.4956,35.1229
7163,-13.1342,-11.3765,35.9888
7164,-12.9096,-10.1816,36.6673
7165,-12.5904,-8.94745,37.1495
7166,-12.1838,-7.71053,37.4359
7167,-11.6994,-6.50445,37.5351
7168,-11.149,-5.35798,37.4626
7169,-10.5457,-4.29376,37.2387
7170,-9.90321,-3.3277,36.8866
7171,-9.23506,-2.46914,36.4303
7172,-8.55416,-1.72147,35.893
7173,-7.87221,-1.08314,35.2958
7174,-7.1995,-0.548838,34.6573
7175,-6.54468,-0.110583,33.9932
7176,-5.91474,0.241219,33.3158
7177,-5.31502,0.516929,32.6348
7178,-4.74939,0.727013,31.9574
7179,-4.22037,0.881564,31.2888
7180,-3.72928,0.98998,30.6324
7181,-3.27649,1.06079,29.9902
7182,-2.86156,1.10154,29.3635
7183,-2.48342,1.11882,28.7527
7184,-2.14053,1.11828,28.1578
7185,-1.83099,1.10466,27.5784
7186,-1.55266,1.08194,27.014
7187,-1.30329,1.05338,26.464
7188,-1.08055,1.02163,25.9278
7189,-0.882086,0.988794,25.4046
7190,-0.705618,0.956555,24.8939
7191,-0.548929,0.926206,24.3952
7192,-0.409906,0.89874,23.9078
7193,-0.286557,0.874894,23.4313
7194,-0.177018,0.85521,22.9654
7195,-0.0795582,0.840072,22.5096
7196,0.0074174,0.829744,22.0636
7197,0.0853736,0.824405,21.6271
7198,0.155649,0.824169,21.1998
7199,0.219465,0.829111,20.7816
7200,0.277931,0.839287,20.3721
7201,0.332056,0.854742,19.9713
7202,0.382759,0.875532,19.5789
7203,0.430877,0.901724,19.1948
7204,0.477172,0.933413,18.8188
7205,0.522349,0.970724,18.4509
7206,0.567055,1.01382,18.0909
7207,0.611896,1.0629,17.7387
7208,0.657441,1.11823,17.3943
7209,0.704231,1.1801,17.0576
7210,0.752786,1.24888,16.7286
7211,0.803616,1.32497,16.4073
7212,0.857224,1.40887,16.0937
7213,0.914114,1.50112,15.7877
7214,0.974797,1.60233,15.4896
7215,1.0398,1.71322,15.1994
7216,1.10967,1.83454,14.9173
7217,1.18497,1.96718,14.6435
7218,1.26632,2.11208,14.3783
7219,1.35434,2.27029,14.122
7220,1.44974,2.44298,13.8751
7221,1.55325,2.63142,13.6381
7222,1.66565,2.83699,13.4116
7223,1.78781,3.06119,13.1964
7224,1.92065,3.30565,12.9935
7225,2.06516,3.57213,12.804
7226,2.22241,3.8625,12.6294
7227,2.39357,4.17876,12.4711
7228,2.57988,4.52303,12.3313
7229,2.78266,4.89752,12.2121
7230,3.00334,5.30449,12.1163
7231,3.2434,5.74628,12.0472
7232,3.50445,6.22515,12.0086
7233,3.7881,6.7433,12.0048
7234,4.09605,7.30273,12.0411
7235,4.43,7.90509,12.1236
7236,4.79162,8.55156,12.2591
7237,5.1825,9.24255,12.4555
7238,5.60407,9.9775,12.722
7239,6.05752,10.7545,13.0685
7240,6.54365,11.5698,13.506
7241,7.06274,12.4176,14.0465
7242,7.61433,13.289,14.7024
7243,8.19704,14.1722,15.4863
7244,8.80827,15.0511,16.4102
7245,9.44396,15.9053,17.4845
7246,10.0983,16.71,18.7169
7247,10.7633,17.4354,20.1109
7248,11.4289,18.0477,21.6636
7249,12.0825,18.5102,23.3646
7250,12.7091,18.7851,25.1935
7251,13.2917,18.8365,27.1195
7252,13.8116,18.6335,29.1003
7253,14.2496,18.1546,31.0837
7254,14.5865,17.3912,33.01
7255,14.8052,16.3505,34.8156
7256,14.8915,15.0571,36.4391
7257,14.836,13.5522,37.8263
7258,14.6344,11.8906,38.9361
7259,14.2889,10.1356,39.744
7260,13.8074,8.35358,40.2439
7261,13.2034,6.60721,40.4476
7262,12.4947,4.95062,40.3817
7263,11.7018,3.42588,40.0832
7264,10.8469,2.06139,39.5949
7265,9.95193,0.872201,38.9611
7266,9.03759,-0.138336,38.2233
7267,8.12253,-0.976171,37.4184
7268,7.22269,-1.65387,36.5771
7269,6.35106,-2.1881,35.7234
7270,5.51774,-2.59751,34.8752
7271,4.73001,-2.90114,34.0451
7272,3.99274,-3.11724,33.241
7273,3.3086,-3.26262,32.4676
7274,2.67854,-3.35228,31.7267
7275,2.10207,-3.39924,31.0187
7276,1.5776,-3.4146,30.3426
7277,1.10272,-3.40768,29.6967
7278,0.674446,-3.38619,29.0789
7279,0.289424,-3.3564,28.4871
7280,-0.0559331,-3.32339,27.9193
7281,-0.365295,-3.29122,27.3734
7282,-0.642329,-3.26308,26.8479
7283,-0.890622,-3.24149,26.341
7284,-1.11363,-3.22837,25.8516
7285,-1.31463,-3.2252,25.3785
7286,-1.49674,-3.23311,24.921
7287,-1.66284,-3.25295,24.4783
7288,-1.81562,-3.28536,24.0499
7289,-1.95758,-3.33083,23.6355
7290,-2.09101,-3.38974,23.2348
7291,-2.218,-3.46241,22.8478
7292,-2.3405,-3.54913,22.4745
7293,-2.46029,-3.65017,22.115
7294,-2.579,-3.7658,21.7696
7295,-2.69814,-3.89632,21.4386
7296,-2.81909,-4.04206,21.1225
7297,-2.94314,-4.20337,20.8218
7298,-3.07152,-4.38066,20.5373
7299,-3.20534,-4.57434,20.2697
7300,-3.34566,-4.78489,20.0201
7301,-3.49351,-5.01277,19.7895
7302,-3.64983,-5.25846,19.5792
7303,-3.81553,-5.52244,19.3907
7304,-3.99149,-5.80513,19.2256
7305,-4.17852,-6.1069,19.0858
7306,-4.37741,-6.42803,18.9733
7307,-4.58888,-6.76863,18.8904
7308,-4.81357,-7.12865,18.8397
7309,-5.05207,-7.50778,18.8241
7310,-5.30485,-7.90537,18.8464
7311,-5.57227,-8.32042,18.9101
7312,-5.85452,-8.7514,19.0185
7313,-6.15161,-9.19624,19.1753
7314,-6.46333,-9.65216,19.3841
7315,-6.78916,-10.1156,19.6488
7316,-7.12828,-10.5822,19.9729
7317,-7.47946,-11.0464,20.3596
7318,-7.84102,-11.5018,20.8117
7319,-8.2108,-11.9409,21.3314
7320,-8.58603,-12.355,21.9195
7321,-8.96338,-12.7346,22.5758
7322,-9.33884,-13.0691,23.2984
7323,-9.70779,-13.3476,24.0832
7324,-10.065,-13.5589,24.9241
7325,-10.4046,-13.6921,25.8123
7326,-10.7203,-13.7372,26.7366
7327,-11.0057,-13.6858,27.6832
7328,-11.2541,-13.5316,28.6361
7329,-11.4591,-13.2714,29.5773
7330,-11.6147,-12.9053,30.4881
7331,-11.7157,-12.4373,31.3493
7332,-11.7578,-11.875,32.1425
7333,-11.7384,-11.23,32.8509
7334,-11.656,-10.5169,33.4607
7335,-11.511,-9.75267,33.9613
7336,-11.3053,-8.95573,34.346
7337,-11.0425,-8.14492,34.6122
7338,-10.7276,-7.33837,34.7614
7339,-10.3669,-6.55266,34.7984
7340,-9.96727,-5.80208,34.7311
7341,-9.53644,-5.09817,34.5694
7342,-9.08224,-4.44952,34.3246
7343,-8.61245,-3.86177,34.0086
7344,-8.13451,-3.33786,33.6333
7345,-7.65531,-2.87836,33.21
7346,-7.18106,-2.48188,32.7489
7347,-6.71714,-2.14551,32.2593
7348,-6.26811,-1.8653,31.7492
7349,-5.83767,-1.63657,31.2252
7350,-5.42872,-1.45431,30.6929
7351,-5.04338,-1.31341,30.1567
7352,-4.6831,-1.20887,29.6201
7353,-4.34872,-1.13596,29.0859
7354,-4.04058,-1.09031,28.5561
7355,-3.75857,-1.06797,28.0322
7356,-3.50226,-1.06544,27.5154
7357,-3.27093,-1.07967,27.0065
7358,-3.06368,-1.10804,26.5059
7359,-2.87944,-1.14839,26.0142
7360,-2.71708,-1.1989,25.5316
7361,-2.5754,-1.25812,25.0581
7362,-2.45322,-1.32494,24.5941
7363,-2.34936,-1.3985,24.1394
7364,-2.26268,-1.47821,23.6942
7365,-2.19212,-1.56369,23.2586
7366,-2.13668,-1.65478,22.8325
7367,-2.09545,-1.75145,22.416
7368,-2.06762,-1.85384,22.0092
7369,-2.05247,-1.96221,21.6123
7370,-2.04938,-2.07695,21.2254
7371,-2.05783,-2.19852,20.8485
7372,-2.0774,-2.32751,20.482
7373,-2.10776,-2.46456,20.126
7374,-2.1487,-2.6104,19.7809
7375,-2.20007,-2.76584,19.4471
7376,-2.26185,-2.93173,19.1249
7377,-2.33408,-3.10901,18.8149
7378,-2.4169,-3.29866,18.5177
7379,-2.51052,-3.50175,18.2339
7380,-2.61526,-3.71936,17.9644
7381,-2.73148,-3.95267,17.7102
7382,-2.85966,-4.20284,17.4723
7383,-3.00031,-4.47113,17.2521
7384,-3.15403,-4.75878,17.0511
7385,-3.32149,-5.06704,16.8709
7386,-3.50339,-5.39715,16.7136
7387,-3.7005,-5.7503,16.5813
7388,-3.91362,-6.12759,16.4768
7389,-4.14357,-6.52999,16.4029
7390,-4.39118,-6.95827,16.363
7391,-4.65725,-7.41293,16.3608
7392,-4.94256,-7.89411,16.4005
7393,-5.24777,-8.40146,16.4868
7394,-5.57345,-8.93402,16.6246
7395,-5.91997,-9.49007,16.8195
7396,-6.28747,-10.0669,17.0774
7397,-6.67574,-10.6607,17.4044
7398,-7.08419,-11.2664,17.8067
7399,-7.51171,-11.8771,18.2904
7400,-7.95658,-12.4844,18.8612
7401,-8.41633,-13.0779,19.5241
7402,-8.88763,-13.6451,20.2826
7403,-9.36622,-14.1717,21.1385
7404,-9.84676,-14.6413,22.091
7405,-10.3228,-15.0364,23.1363
7406,-10.7868,-15.3385,24.2666
7407,-11.2301,-15.529,25.4699
7408,-11.6433,-15.5907,26.7293
7409,-12.0161,-15.5087,28.0233
7410,-12.3383,-15.2721,29.3262
7411,-12.5996,-14.8751,30.6087
7412,-12.7905,-14.3186,31.8397
7413,-12.9028,-13.6104,32.9877
7414,-12.9302,-12.7655,34.0231
7415,-12.8689,-11.8057,34.9203
7416,-12.7177,-10.758,35.6593
7417,-12.4781,-9.65296,36.2272
7418,-12.1546,-8.52241,36.6187
7419,-11.7544,-7.39736,36.8361
7420,-11.2866,-6.30595,36.8882
7421,-10.7621,-5.27197,36.7895
7422,-10.1926,-4.31387,36.5579
7423,-9.59037,-3.44449,36.2135
7424,-8.96733,-2.67118,35.7768
7425,-8.33475,-1.99641,35.2678
7426,-7.70287,-1.41863,34.7046
7427,-7.08066,-0.933162,34.1031
7428,-6.47565,-0.533127,33.4767
7429,-5.89395,-0.210305,32.8363
7430,-5.34026,0.0441897,32.1905
7431,-4.81799,0.239354,31.5458
7432,-4.32936,0.383901,30.9069
7433,-3.87559,0.485985,30.2772
7434,-3.45704,0.553037,29.6587
7435,-3.07336,0.591682,29.0529
7436,-2.72365,0.607719,28.4604
7437,-2.40658,0.606141,27.8814
7438,-2.12052,0.59118,27.3159
7439,-1.8636,0.566376,26.7636
7440,-1.63385,0.534646,26.2241
7441,-1.42921,0.498359,25.697
7442,-1.24765,0.459409,25.1818
7443,-1.08714,0.419284,24.6781
7444,-0.945731,0.379127,24.1855
7445,-0.821566,0.339794,23.7034
7446,-0.712895,0.301904,23.2316
7447,-0.618083,0.265883,22.7697
7448,-0.535619,0.231999,22.3174
7449,-0.464118,0.2004,21.8745
7450,-0.402315,0.171135,21.4405
7451,-0.349066,0.14418,21.0154
7452,-0.303341,0.119456,20.5988
7453,-0.264217,0.0968446,20.1906
7454,-0.230871,0.0761999,19.7906
7455,-0.202575,0.057358,19.3986
7456,-0.178684,0.0401455,19.0144
7457,-0.158633,0.0243841,18.6378
7458,-0.141927,0.00989602,18.2687
7459,-0.128135,-0.0034937,17.907
7460,-0.116883,-0.0159548,17.5524
7461,-0.10785,-0.0276507,17.2049
7462,-0.100759,-0.0387376,16.8642
7463,-0.0953737,-0.0493648,16.5304
7464,-0.0914961,-0.0596746,16.2031
7465,-0.0889588,-0.0698031,15.8823
7466,-0.0876233,-0.0798807,15.5679
7467,-0.0873766,-0.0900337,15.2597
7468,-0.0881281,-0.100385,14.9576
7469,-0.0898076,-0.111054,14.6615
7470,-0.0923628,-0.122161,14.3713
7471,-0.0957579,-0.133827,14.0868
7472,-0.099972,-0.146172,13.808
7473,-0.104998,-0.159321,13.5348
7474,-0.110841,-0.173406,13.267
7475,-0.117519,-0.18856,13.0045
7476,-0.125061,-0.204929,12.7472
7477,-0.133508,-0.222665,12.495
7478,-0.142911,-0.241933,12.2479
7479,-0.153335,-0.262911,12.0058
7480,-0.164853,-0.285791,11.7685
7481,-0.177553,-0.310785,11.536
7482,-0.191535,-0.338121,11.3081
7483,-0.206911,-0.368052,11.0849
7484,-0.223808,-0.400855,10.8662
7485,-0.24237,-0.436835,10.652
7486,-0.262757,-0.476328,10.4423
7487,-0.285147,-0.519707,10.2368
7488,-0.309739,-0.56738,10.0357
7489,-0.336753,-0.619803,9.83891
7490,-0.366435,-0.677476,9.64634
7491,-0.399057,-0.740956,9.45802
7492,-0.434921,-0.810859,9.27394
7493,-0.474362,-0.887865,9.09412
7494,-0.517752,-0.972731,8.91861
7495,-0.565502,-1.06629,8.74748
7496,-0.61807,-1.16948,8.58081
7497,-0.675961,-1.28331,8.41875
7498,-0.739736,-1.40893,8.26148
7499,-0.810018,-1.5476,8.10923
7500,-0.887494,-1.70071,7.96229
7501,-0.972927,-1.86979,7.82106
7502,-1.06716,-2.05656,7.68601
7503,-1.17113,-2.26288,7.55774
7504,-1.28587,-2.49083,7.43698
7505,-1.41252,-2.74269,7.32466
7506,-1.55235,-3.02094,7.22189
7507,-1.70673,-3.32832,7.13008
7508,-1.8772,-3.66779,7.05093
7509,-2.06543,-4.04259,6.98652
7510,-2.27327,-4.45617,6.9394
7511,-2.50271,-4.91226,6.91268
7512,-2.75593,-5.41478,6.91016
7513,-3.03529,-5.9678,6.93641
7514,-3.3433,-6.5755,6.99701
7515,-3.68265,-7.24204,7.09866
7516,-4.05614,-7.97137,7.24939
7517,-4.46667,-8.76703,7.45882
7518,-4.91718,-9.6318,7.73834
7519,-5.41053,-10.5673,8.10133
7520,-5.94937,-11.5733,8.56334
7521,-6.53598,-12.6471,9.14219
7522,-7.17201,-13.7827,9.85791
7523,-7.85816,-14.9693,10.7325
7524,-8.59376,-16.1905,11.7891
7525,-9.37631,-17.4225,13.0514
7526,-10.2009,-18.633,14.5411
7527,-11.0595,-19.78,16.2762
7528,-11.9404,-20.8116,18.267
7529,-12.8276,-21.6663,20.5127
7530,-13.7004,-22.2755,22.9963
7531,-14.5334,-22.5683,25.6804
7532,-15.2969,-22.4776,28.5047
7533,-15.9583,-21.9494,31.3852
7534,-16.484,-20.9524,34.2172
7535,-16.8419,-19.4867,36.884
7536,-17.005,-17.5889,39.2677
7537,-16.9539,-15.3331,41.2641
7538,-16.6798,-12.8236,42.7962
7539,-16.1856,-10.1834,43.8235
7540,-15.4861,-7.53888,44.3464
7541,-14.6059,-5.00489,44.4026
7542,-13.5776,-2.67327,44.058
7543,-12.4377,-0.60664,43.3953
7544,-11.2238,1.1623,42.5019
7545,-9.97191,2.6271,41.4601
7546,-8.71394,3.80145,40.3408
7547,-7.47692,4.71239,39.2002
7548,-6.2823,5.39412,38.0795
7549,-5.1461,5.88312,37.0065
7550,-4.07937,6.2148,35.9976
7551,-3.08888,6.42145,35.061
7552,-2.17788,6.53125,34.1983
7553,-1.34682,6.56803,33.4073
7554,-0.594068,6.55144,32.6832
7555,0.0835439,6.49737,32.02
7556,0.690239,6.41852,31.4111
7557,1.23091,6.32484,30.85
7558,1.71082,6.22412,30.3309
7559,2.13538,6.12234,29.8481
7560,2.50999,6.02406,29.3969
7561,2.83992,5.93272,28.9734
7562,3.13019,5.85084,28.5739
7563,3.38559,5.78028,28.1958
7564,3.61056,5.72233,27.8368
7565,3.80926,5.67785,27.4951
7566,3.9855,5.64737,27.1692
7567,4.14275,5.63118,26.8582
7568,4.28419,5.62936,26.5612
7569,4.41269,5.64183,26.2779
7570,4.53083,5.66843,26.008
7571,4.64094,5.70888,25.7513
7572,4.74507,5.76286,25.5079
7573,4.84507,5.83,25.2779
7574,4.94256,5.90989,25.0618
7575,5.03898,6.0021,24.8598
7576,5.13557,6.10616,24.6724
7577,5.23343,6.22158,24.5003
7578,5.33349,6.34786,24.3439
7579,5.43655,6.48444,24.2039
7580,5.54327,6.63073,24.081
7581,5.6542,6.78608,23.976
7582,5.76977,6.94981,23.8896
7583,5.8903,7.12114,23.8226
7584,6.01599,7.2992,23.7759
7585,6.14696,7.48306,23.7501
7586,6.28319,7.67165,23.7461
7587,6.42459,7.86378,23.7645
7588,6.57094,8.05813,23.8061
7589,6.7219,8.25325,23.8715
7590,6.87704,8.44754,23.961
7591,7.03579,8.63922,24.075
7592,7.19748,8.8264,24.2137
7593,7.36129,9.00703,24.3769
7594,7.5263,9.17892,24.5645
7595,7.69144,9.3398,24.7758
7596,7.85556,9.48731,25.0099
7597,8.01735,9.61904,25.2655
7598,8.17541,9.73261,25.541
7599,8.32828,9.8257,25.8345
7600,8.47437,9.8961,26.1434
7601,8.61208,9.94182,26.465
7602,8.73977,9.96113,26.7961
7603,8.85581,9.95264,27.1331
7604,8.95862,9.91538,27.4722
7605,9.04668,9.84882,27.8094
7606,9.11861,9.75299,28.1404
7607,9.17318,9.62844,28.461
7608,9.20935,9.47632,28.767
7609,9.22634,9.2983,29.0544
7610,9.22361,9.0966,29.3194
7611,9.20091,8.87394,29.5587
7612,9.15829,8.6334,29.7692
7613,9.0961,8.3784,29.9485
7614,9.01502,8.11259,30.0949
7615,8.91598,7.83969,30.2071
7616,8.80021,7.56346,30.2845
7617,8.66915,7.28753,30.327
7618,8.52446,7.01535,30.3352
7619,8.36795,6.7501,30.3101
7620,8.20155,6.49463,30.253
7621,8.02724,6.2514,30.1659
7622,7.84705,6.0225,30.0508
7623,7.66299,5.80959,29.9098
7624,7.47702,5.61397,29.7456
7625,7.29099,5.43653,29.5604
7626,7.10669,5.27784,29.3567
7627,6.92575,5.13818,29.137
7628,6.74965,5.01754,28.9037
7629,6.57975,4.91573,28.659
7630,6.41722,4.83236,28.4049
7631,6.26309,4.76693,28.1436
7632,6.11825,4.71882,27.8769
7633,5.98343,4.68739,27.6065
7634,5.85922,4.67193,27.3341
7635,5.74611,4.67175,27.0611
7636,5.64445,4.68617,26.789
7637,5.55452,4.71452,26.519
7638,5.4765,4.7562,26.2524
7639,5.41049,4.81064,25.9902
7640,5.35654,4.8773,25.7337
7641,5.31463,4.95574,25.4837
7642,5.28474,5.04552,25.2414
7643,5.26676,5.14628,25.0077
7644,5.2606,5.25769,24.7835
7645,5.26613,5.37945,24.5698
7646,5.28321,5.51129,24.3676
7647,5.31169,5.65295,24.1778
7648,5.35141,5.80419,24.0013
7649,5.40219,5.96475,23.8393
7650,5.46386,6.13434,23.6926
7651,5.53622,6.31266,23.5623
7652,5.61908,6.49932,23.4494
7653,5.7122,6.69392,23.355
7654,5.81533,6.89592,23.2803
7655,5.92821,7.10471,23.2262
7656,6.05052,7.31955,23.194
7657,6.18189,7.53958,23.1846
7658,6.32191,7.76376,23.1991
7659,6.47009,7.99089,23.2386
7660,6.62587,8.21958,23.3039
7661,6.7886,8.44825,23.3959
7662,6.95753,8.67509,23.5153
7663,7.1318,8.89809,23.6626
7664,7.31044,9.11502,23.838
7665,7.49233,9.32346,24.0417
7666,7.67623,9.52079,24.2733
7667,7.86075,9.70423,24.5322
7668,8.04439,9.87092,24.8172
7669,8.22549,10.0179,25.127
7670,8.40226,10.1422,25.4595
7671,8.57284,10.241,25.8121
7672,8.73524,10.3117,26.1818
7673,8.88744,10.3517,26.565
7674,9.02741,10.3591,26.9577
7675,9.15312,10.3323,27.3555
7676,9.26261,10.2702,27.7533
7677,9.35405,10.1726,28.1462
7678,9.42579,10.0397,28.5288
7679,9.47639,9.87258,28.8959
7680,9.50469,9.67314,29.2424
7681,9.50986,9.4439,29.5635
7682,9.4914,9.18807,29.8547
7683,9.44922,8.90941,30.1123
7684,9.3836,8.61217,30.333
7685,9.29523,8.30088,30.5145
7686,9.18515,7.98027,30.6552
7687,9.05478,7.65508,30.7542
7688,8.90583,7.32991,30.8114
7689,8.74029,7.00911,30.8276
7690,8.56035,6.6967,30.8041
7691,8.36836,6.3962,30.7427
7692,8.16674,6.11066,30.6457
7693,7.95797,5.84259,30.5159
7694,7.74447,5.59395,30.356
7695,7.52864,5.36619,30.1691
7696,7.31271,5.16026,29.9583
7697,7.09882,4.97668,29.7265
7698,6.8889,4.81559,29.4767
7699,6.68471,4.6768,29.2118
7700,6.48781,4.55986,28.9344
7701,6.29954,4.46412,28.6469
7702,6.12108,4.38879,28.3517
7703,5.95338,4.33299,28.0508
7704,5.79723,4.29577,27.7462
7705,5.65327,4.27618,27.4396
7706,5.52195,4.2733,27.1326
7707,5.40363,4.28623,26.8267
7708,5.29853,4.31411,26.5232
7709,5.20678,4.3562,26.2233
7710,5.12842,4.41179,25.9282
7711,5.06343,4.48027,25.639
7712,5.01175,4.56111,25.3567
7713,4.97326,4.65386,25.0823
7714,4.94782,4.75813,24.8166
7715,4.93527,4.87362,24.5608
7716,4.93543,5.00005,24.3156
7717,4.94813,5.13724,24.082
7718,4.97319,5.28499,23.861
7719,5.01043,5.44317,23.6536
7720,5.05968,5.61163,23.4607
7721,5.12077,5.79024,23.2833
7722,5.19352,5.97883,23.1227
7723,5.27777,6.1772,22.9798
7724,5.37335,6.38509,22.8559
7725,5.48006,6.60219,22.7522
7726,5.5977,6.82805,22.6699
7727,5.72605,7.06215,22.6103
7728,5.86483,7.30379,22.5747
7729,6.01373,7.55213,22.5644
7730,6.17237,7.80613,22.5809
7731,6.34031,8.06453,22.6253
7732,6.51702,8.32585,22.6989
7733,6.70185,8.58834,22.8029
7734,6.89404,8.84997,22.9382
7735,7.09271,9.10844,23.1058
7736,7.29682,9.36114,23.3062
7737,7.50515,9.6052,23.5398
7738,7.71634,9.83744,23.8063
7739,7.92882,10.0545,24.1054
7740,8.14086,10.2527,24.4361
7741,8.35052,10.4284,24.7967
7742,8.55571,10.5779,25.185
7743,8.75418,10.6973,25.5982
7744,8.94353,10.7833,26.0327
7745,9.1213,10.8326,26.4842
7746,9.28494,10.8424,26.9477
7747,9.43194,10.8105,27.4178
7748,9.55986,10.7356,27.8882
7749,9.66636,10.6171,28.3527
7750,9.74935,10.4554,28.8045
7751,9.80702,10.2518,29.2369
7752,9.83789,10.0087,29.6437
7753,9.84091,9.7295,30.0186
7754,9.81549,9.41839,30.3562
7755,9.76154,9.08037,30.6518
7756,9.67948,8.721,30.9018
7757,9.57024,8.34621,31.1033
7758,9.43523,7.96212,31.2548
7759,9.27631,7.57477,31.3556
7760,9.09573,7.18995,31.4062
7761,8.89605,6.81304,31.4079
7762,8.68009,6.44885,31.3629
7763,8.45081,6.10153,31.2739
7764,8.21126,5.77449,31.1443
7765,7.96447,5.47043,30.9777
7766,7.71342,5.1913,30.7779
7767,7.46097,4.93838,30.5488
7768,7.20976,4.71234,30.2941
7769,6.96226,4.5133,30.0177
7770,6.72066,4.34095,29.723
7771,6.48692,4.19461,29.4133
7772,6.26272,4.07334,29.0916
7773,6.04948,3.97601,28.7607
7774,5.84838,3.90135,28.423
7775,5.66035,3.84806,28.0808
7776,5.48612,3.8148,27.7361
7777,5.32623,3.8003,27.3905
7778,5.18103,3.80333,27.0458
7779,5.05074,3.82275,26.7032
7780,4.93545,3.85754,26.3642
7781,4.83514,3.90679,26.0298
7782,4.74973,3.96969,25.7011
7783,4.67907,4.04557,25.3792
7784,4.62296,4.13387,25.0649
7785,4.58118,4.23414,24.7591
7786,4.55347,4.34603,24.4627
7787,4.5396,4.46928,24.1767
7788,4.53933,4.60372,23.9017
7789,4.55241,4.74925,23.6388
7790,4.57863,4.90581,23.3889
7791,4.61778,5.07339,23.1528
7792,4.66969,5.25201,22.9317
7793,4.73419,5.4417,22.7264
7794,4.81115,5.6425,22.5382
7795,4.90042,5.8544,22.3683
7796,5.0019,6.07735,22.2177
7797,5.11547,6.31125,22.088
7798,5.24102,6.5559,21.9804
7799,5.3784,6.81098,21.8964
7800,5.52748,7.07604,21.8377
7801,5.68804,7.35046,21.8057
7802,5.85987,7.63338,21.8022
7803,6.04263,7.92375,21.8288
7804,6.23594,8.22021,21.8872
7805,6.4393,8.52112,21.9791
7806,6.65207,8.82448,22.106
7807,6.8735,9.12793,22.2693
7808,7.10262,9.42873,22.4704
7809,7.33831,9.72373,22.7102
7810,7.57922,10.0094,22.9892
7811,7.82377,10.2817,23.3078
7812,8.07016,10.5365,23.6655
7813,8.3163,10.769,24.0614
7814,8.55989,10.9746,24.4935
7815,8.79834,11.1482,24.9594
7816,9.02889,11.285,25.4555
7817,9.24855,11.3805,25.9774
7818,9.45422,11.4302,26.5195
7819,9.64268,11.4307,27.0756
7820,9.81076,11.3791,27.6384
7821,9.95534,11.2737,28.2001
7822,10.0735,11.1138,28.7522
7823,10.1626,10.9003,29.2862
7824,10.2204,10.6354,29.7935
7825,10.2451,10.3224,30.2658
7826,10.2355,9.96648,30.6955
7827,10.1912,9.57349,31.0762
7828,10.1122,9.15047,31.4022
7829,9.99924,8.70504,31.6696
7830,9.85392,8.2452,31.8757
7831,9.6783,7.77897,32.0194
7832,9.47503,7.31412,32.101
7833,9.24722,6.85785,32.1221
7834,8.99836,6.41661,32.0855
7835,8.73214,5.99594,31.9948
7836,8.45241,5.60036,31.8544
7837,8.16301,5.23334,31.669
7838,7.8677,4.89734,31.4437
7839,7.5701,4.59387,31.1836
7840,7.27353,4.32356,30.8935
7841,6.98107,4.08634,30.5783
7842,6.69544,3.88153,30.2423
7843,6.41902,3.70799,29.8897
7844,6.15385,3.56424,29.5239
7845,5.9016,3.44855,29.1484
7846,5.66364,3.35909,28.7659
7847,5.441,3.29398,28.379
7848,5.23445,3.25136,27.9899
7849,5.04451,3.22943,27.6004
7850,4.8715,3.22655,27.2122
7851,4.71554,3.24118,26.8267
7852,4.5766,3.27195,26.4452
7853,4.45454,3.31768,26.0688
7854,4.34914,3.37734,25.6983
7855,4.26008,3.45008,25.3349
7856,4.18702,3.53521,24.9792
7857,4.12959,3.63219,24.632
7858,4.08741,3.74063,24.2941
7859,4.06011,3.86026,23.9663
7860,4.04733,3.99094,23.6492
7861,4.04873,4.13262,23.3436
7862,4.06401,4.28536,23.0503
7863,4.09292,4.44928,22.7702
7864,4.13522,4.62455,22.504
7865,4.19073,4.81141,22.2528
7866,4.25931,5.01011,22.0175
7867,4.34086,5.22092,21.7993
7868,4.43531,5.4441,21.5992
7869,4.54261,5.6799,21.4187
7870,4.66276,5.92848,21.259
7871,4.79576,6.18998,21.1217
7872,4.94161,6.4644,21.0084
7873,5.10031,6.75162,20.9209
7874,5.27186,7.05136,20.8609
7875,5.45619,7.36311,20.8306
7876,5.6532,7.68615,20.8319
7877,5.86271,8.01945,20.8671
7878,6.08443,8.36161,20.9383
7879,6.31798,8.71088,21.0478
7880,6.5628,9.06506,21.1978
7881,6.81816,9.42143,21.3904
7882,7.0831,9.77676,21.6275
7883,7.35645,10.1273,21.9108
7884,7.63673,10.4686,22.2414
7885,7.92217,10.7957,22.6202
7886,8.21067,11.1031,23.047
7887,8.49978,11.3849,23.5211
7888,8.7867,11.6346,24.0408
7889,9.06826,11.8458,24.6029
7890,9.34099,12.0117,25.2034
7891,9.60109,12.1259,25.8367
7892,9.84459,12.1827,26.4959
7893,10.0673,12.1769,27.1726
7894,10.2651,12.1047,27.8574
7895,10.4339,11.9636,28.5398
7896,10.5698,11.7528,29.2085
7897,10.6694,11.4738,29.8521
7898,10.7298,11.1296,30.459
7899,10.7488,10.7256,31.0186
7900,10.7248,10.2688,31.521
7901,10.6575,9.76807,31.9579
7902,10.5473,9.23329,32.3229
7903,10.3954,8.67516,32.6116
7904,10.2041,8.10466,32.8217
7905,9.97662,7.53255,32.953
7906,9.71667,6.96893,33.0075
7907,9.4286,6.42287,32.9885
7908,9.11715,5.90214,32.9009
7909,8.78727,5.41303,32.7507
7910,8.44396,4.96029,32.5445
7911,8.09214,4.5472,32.289
7912,7.73649,4.17562,31.9911
7913,7.38136,3.84617,31.6576
7914,7.03069,3.55845,31.2946
7915,6.68799,3.3112,30.908
7916,6.35626,3.10254,30.5028
7917,6.03801,2.93014,30.0837
7918,5.73529,2.79141,29.6545
7919,5.44969,2.68361,29.2187
7920,5.1824,2.604,28.7792
7921,4.93422,2.54991,28.3382
7922,4.70565,2.51882,27.8979
7923,4.49689,2.5084,27.4598
7924,4.30791,2.51657,27.0255
7925,4.13852,2.54145,26.596
7926,3.98836,2.58145,26.1723
7927,3.85697,2.6352,25.7553
7928,3.74382,2.70157,25.3456
7929,3.64832,2.77966,24.9439
7930,3.56989,2.86877,24.5509
7931,3.5079,2.9684,24.1669
7932,3.4618,3.07824,23.7926
7933,3.43102,3.19811,23.4285
7934,3.41506,3.32799,23.0751
7935,3.41346,3.46798,22.733
7936,3.42584,3.61829,22.4028
7937,3.45185,3.77924,22.085
7938,3.49124,3.9512,21.7805
7939,3.54379,4.13465,21.49
7940,3.60937,4.33009,21.2142
7941,3.68792,4.53809,20.9543
7942,3.77941,4.75921,20.7112
7943,3.8839,4.99405,20.486
7944,4.00148,5.24319,20.2801
7945,4.1323,5.50718,20.0949
7946,4.27652,5.78652,19.932
7947,4.43437,6.08163,19.7932
7948,4.60605,6.39281,19.6803
7949,4.79179,6.72021,19.5956
7950,4.9918,7.0638,19.5413
7951,5.20624,7.42327,19.5201
7952,5.43523,7.79805,19.5344
7953,5.6788,8.18717,19.5873
7954,5.93686,8.58924,19.6818
7955,6.20917,9.00233,19.821
7956,6.49531,9.42394,20.008
7957,6.79463,9.85088,20.2459
7958,7.1062,10.2792,20.5377
7959,7.42875,10.7041,20.8861
7960,7.76066,11.12,21.2933
7961,8.09987,11.5204,21.7608
7962,8.44384,11.8978,22.2892
7963,8.78955,12.244,22.8781
7964,9.13345,12.5502,23.5256
7965,9.47146,12.8072,24.2281
7966,9.79899,13.0055,24.9804
7967,10.111,13.1359,25.7749
7968,10.4021,13.1901,26.6022
7969,10.6667,13.1608,27.4507
7970,10.899,13.0426,28.3071
7971,11.0936,12.8324,29.1563
7972,11.2451,12.5297,29.9825
7973,11.3491,12.1373,30.7696
7974,11.4017,11.6608,31.5016
7975,11.4002,11.109,32.164
7976,11.3432,10.4934,32.7441
7977,11.2304,9.82772,33.2319
7978,11.0633,9.12694,33.6204
7979,10.8443,8.40685,33.9059
7980,10.5773,7.68299,34.0879
7981,10.2672,6.96998,34.169
7982,9.91987,6.28085,34.1545
7983,9.54161,5.62662,34.0517
7984,9.13913,5.01597,33.8693
7985,8.71922,4.4552,33.617
7986,8.28849,3.94831,33.3048
7987,7.8532,3.49716,32.9425
7988,7.4191,3.10182,32.5394
7989,6.99134,2.76087,32.1039
7990,6.57438,2.47176,31.6436
7991,6.17195,2.23112,31.1652
7992,5.78711,2.03508,30.6741
7993,5.42223,1.87951,30.1752
7994,5.07905,1.76022,29.6721
7995,4.75877,1.67312,29.168
7996,4.46208,1.61434,28.6653
7997,4.18925,1.58032,28.166
7998,3.94022,1.56781,27.6715
7999,3.71461,1.57395,27.183
