x,y,z
1.01257,1.25988,0.99144
1.04882,1.52386,0.985992
1.10718,1.798,0.984174
1.1868,2.08797,0.986726
1.28743,2.39922,0.99464
1.40934,2.73712,1.0092
1.55332,3.10708,1.03203
1.72057,3.51466,1.06521
1.91275,3.96562,1.11134
2.1319,4.46604,1.17368
2.38046,5.02231,1.25634
2.66128,5.64114,1.36444
2.97757,6.32956,1.50439
3.33294,7.09484,1.68415
3.73132,7.94427,1.91361
4.17699,8.88499,2.20495
4.67446,9.9235,2.57316
5.22836,11.0652,3.03644
5.84333,12.3132,3.61674
6.52372,13.6678,4.34021
7.27325,15.1243,5.23736
8.09457,16.6714,6.34309
8.98853,18.2883,7.69595
9.95341,19.9424,9.33665
10.9838,21.5859,11.3052
12.0695,23.153,13.6365
13.1939,24.5583,16.3536
14.333,25.6974,19.4594
15.4545,26.4512,22.9265
16.5173,26.6955,26.6884
17.4728,26.3161,30.6322
18.2676,25.2285,34.5996
18.8474,23.4,38.3966
19.1633,20.866,41.8152
19.178,17.7367,44.6627
18.8717,14.1876,46.7939
18.2451,10.4355,48.1346
17.3204,6.70432,48.692
16.1379,3.19257,48.5465
14.7506,0.0486226,47.8306
13.2177,-2.63937,46.7013
11.5984,-4.84064,45.3145
9.94674,-6.56995,43.8069
8.30882,-7.87223,42.2858
6.72107,-8.80795,40.8277
5.21049,-9.44175,39.4806
3.79544,-9.83486,38.2698
2.48708,-10.0411,37.2038
1.29079,-10.1053,36.2798
0.207617,-10.0633,35.4876
-0.764511,-9.94325,34.8135
-1.62981,-9.76646,34.2418
-2.39387,-9.54911,33.757
-3.06308,-9.30334,33.3439
-3.64422,-9.03831,32.9888
-4.14419,-8.76101,32.6792
-4.56983,-8.47686,32.4044
-4.92777,-8.19022,32.155
-5.2244,-7.90465,31.923
-5.4658,-7.62315,31.702
-5.65774,-7.3483,31.4867
-5.80567,-7.08234,31.2728
-5.91473,-6.82724,31.0572
-5.98973,-6.58467,30.8375
-6.03517,-6.35606,30.6121
-6.05526,-6.14261,30.38
-6.05389,-5.94526,30.1407
-6.03468,-5.76472,29.8942
-6.00096,-5.60147,29.6409
-5.95576,-5.45582,29.3811
-5.90185,-5.32785,29.1158
-5.84175,-5.21751,28.8457
-5.77771,-5.12461,28.5719
-5.71176,-5.04882,28.2953
-5.64569,-4.98975,28.0172
-5.58107,-4.94692,27.7384
-5.51929,-4.91983,27.4601
-5.46155,-4.90794,27.1834
-5.40888,-4.91069,26.9092
-5.36218,-4.92754,26.6386
-5.32218,-4.95796,26.3725
-5.28953,-5.00146,26.1118
-5.26473,-5.05754,25.8574
-5.24822,-5.12577,25.6103
-5.24034,-5.20573,25.3713
-5.24137,-5.29703,25.1413
-5.25153,-5.39934,24.9212
-5.27098,-5.51231,24.7119
-5.29983,-5.63562,24.5141
-5.33816,-5.76898,24.329
-5.386,-5.91207,24.1572
-5.44337,-6.06458,23.9998
-5.51023,-6.22615,23.8578
-5.58653,-6.39641,23.732
-5.67217,-6.57493,23.6235
-5.76703,-6.76122,23.5333
-5.87095,-6.9547,23.4623
-5.9837,-7.15469,23.4117
-6.10505,-7.36042,23.3824
-6.23466,-7.57096,23.3755
-6.37217,-7.78527,23.3918
-6.51712,-8.00211,23.4323
-6.66898,-8.2201,23.4978
-6.82712,-8.43765,23.589
-6.99082,-8.65301,23.7065
-7.15926,-8.86422,23.8506
-7.33148,-9.06911,24.0217
-7.50641,-9.26537,24.2195
-7.68285,-9.45051,24.4437
-7.85948,-9.62192,24.6936
-8.03483,-9.77689,24.968
-8.20734,-9.9127,25.2654
-8.37532,-10.0266,25.5838
-8.537,-10.1161,25.9207
-8.69051,-10.1786,26.2731
-8.83397,-10.212,26.6377
-8.96548,-10.2145,27.0105
-9.08316,-10.1847,27.3873
-9.18521,-10.1219,27.7636
-9.26996,-10.0258,28.1346
-9.3359,-9.89669,28.4954
-9.38173,-9.73581,28.8411
-9.40642,-9.54486,29.167
-9.40923,-9.32628,29.4686
-9.38975,-9.08306,29.742
-9.34793,-8.81873,29.9836
-9.28407,-8.5372,30.1905
-9.19883,-8.24268,30.3606
-9.09323,-7.93952,30.4922
-8.96859,-7.63209,30.5847
-8.82651,-7.32465,30.6379
-8.66887,-7.02122,30.6525
-8.49769,-6.72552,30.6296
-8.31518,-6.44083,30.571
-8.12359,-6.17001,30.4787
-7.92523,-5.91543,30.3551
-7.72238,-5.67896,30.203
-7.51727,-5.462,30.025
-7.31202,-5.26551,29.8241
-7.10861,-5.09005,29.603
-6.90889,-4.93582,29.3646
-6.71452,-4.8027,29.1113
-6.52699,-4.69037,28.8459
-6.3476,-4.59827,28.5705
-6.17747,-4.52573,28.2875
-6.01754,-4.47196,27.9988
-5.86859,-4.43615,27.7064
-5.73123,-4.41742,27.4118
-5.60596,-4.41494,27.1167
-5.49313,-4.42789,26.8226
-5.39298,-4.45549,26.5307
-5.30567,-4.49702,26.2423
-5.23126,-4.55185,25.9586
-5.16978,-4.61939,25.6806
-5.12116,-4.69912,25.4093
-5.08533,-4.79061,25.1458
-5.06218,-4.89348,24.891
-5.05155,-5.00741,24.6459
-5.05329,-5.13212,24.4114
-5.06726,-5.26738,24.1885
-5.09326,-5.41298,23.978
-5.13114,-5.56875,23.7811
-5.18073,-5.7345,23.5986
-5.24184,-5.91004,23.4317
-5.31431,-6.09516,23.2813
-5.39795,-6.28958,23.1486
-5.49257,-6.493,23.0348
-5.59796,-6.70501,22.9409
-5.7139,-6.92513,22.8682
-5.84011,-7.15273,22.818
-5.97631,-7.38707,22.7914
-6.12214,-7.62722,22.7897
-6.27718,-7.87209,22.8141
-6.44094,-8.12037,22.8658
-6.61286,-8.37052,22.9459
-6.79223,-8.62077,23.0553
-6.97828,-8.8691,23.195
-7.17006,-9.1132,23.3655
-7.36652,-9.35053,23.5673
-7.56643,-9.57829,23.8004
-7.76841,-9.79344,24.0646
-7.97089,-9.99276,24.3591
-8.17218,-10.1729,24.6827
-8.37038,-10.3303,25.0338
-8.56347,-10.4617,25.4099
-8.74928,-10.5636,25.8081
-8.92557,-10.633,26.2247
-9.08998,-10.667,26.6557
-9.24019,-10.6634,27.0961
-9.37385,-10.6203,27.5406
-9.48876,-10.5369,27.9835
-9.58281,-10.4128,28.4189
-9.65417,-10.2487,28.8404
-9.70125,-10.0462,29.2421
-9.72281,-9.80774,29.618
-9.71802,-9.53665,29.9628
-9.68648,-9.23699,30.2716
-9.62822,-8.9135,30.5402
-9.54378,-8.57137,30.7655
-9.43414,-8.21608,30.945
-9.30071,-7.85323,31.0776
-9.14531,-7.48834,31.1628
-8.97009,-7.12667,31.2011
-8.77748,-6.77307,31.1938
-8.57011,-6.43188,31.1431
-8.35077,-6.10683,31.0515
-8.12227,-5.80101,30.9221
-7.88745,-5.51683,30.7581
-7.64905,-5.25607,30.5632
-7.40971,-5.01988,30.3409
-7.17188,-4.80889,30.0946
-6.93783,-4.62323,29.828
-6.7096,-4.46264,29.5441
-6.489,-4.32653,29.246
-6.27759,-4.21409,28.9366
-6.0767,-4.1243,28.6185
-5.88744,-4.05605,28.2939
-5.71069,-4.00818,27.965
-5.54714,-3.9795,27.6337
-5.3973,-3.96885,27.3017
-5.26154,-3.97515,26.9705
-5.14008,-3.99736,26.6416
-5.03302,-4.03455,26.3162
-4.94037,-4.0859,25.9954
-4.86209,-4.15067,25.6804
-4.79804,-4.22825,25.3722
-4.74807,-4.31812,25.0716
-4.71199,-4.41985,24.7797
-4.68957,-4.53311,24.4972
-4.68062,-4.65764,24.2252
-4.68491,-4.79327,23.9645
-4.70222,-4.93986,23.7161
-4.73237,-5.09733,23.4808
-4.77515,-5.26563,23.2596
-4.83041,-5.44472,23.0536
-4.89797,-5.63458,22.8639
-4.97768,-5.83514,22.6914
-5.06941,-6.04633,22.5375
-5.17302,-6.26799,22.4034
-5.28836,-6.49991,22.2903
-5.41527,-6.74176,22.1997
-5.55359,-6.9931,22.133
-5.7031,-7.25333,22.0916
-5.86354,-7.52166,22.0772
-6.03461,-7.7971,22.0911
-6.2159,-8.07842,22.1351
-6.40693,-8.3641,22.2105
-6.60711,-8.65234,22.3189
-6.81571,-8.941,22.4615
-7.03185,-9.22761,22.6396
-7.25448,-9.50932,22.8539
-7.48237,-9.78293,23.1052
-7.71408,-10.0449,23.3937
-7.94795,-10.2914,23.7191
-8.1821,-10.5181,24.0805
-8.41442,-10.7209,24.4764
-8.64259,-10.8952,24.9047
-8.86407,-11.0366,25.3624
-9.07616,-11.1407,25.8454
-9.27601,-11.2036,26.3491
-9.46069,-11.2218,26.8679
-9.62726,-11.1926,27.3955
-9.77281,-11.1139,27.9247
-9.89459,-10.9849,28.4482
-9.99007,-10.8058,28.958
-10.0571,-10.5781,29.4463
-10.0938,-10.3044,29.9053
-10.0988,-9.98884,30.328
-10.0716,-9.63631,30.7077
-10.0118,-9.25282,31.0391
-9.92005,-8.84504,31.3177
-9.7973,-8.42012,31.5404
-9.64526,-7.98535,31.7056
-9.46614,-7.54795,31.8127
-9.26258,-7.11477,31.8625
-9.03764,-6.6921,31.857
-8.79461,-6.28548,31.7989
-8.53699,-5.8996,31.6919
-8.26832,-5.53824,31.54
-7.99214,-5.20424,31.3477
-7.71186,-4.89957,31.1195
-7.43073,-4.62536,30.8601
-7.15174,-4.38204,30.5739
-6.87765,-4.1694,30.2653
-6.61085,-3.98675,29.9381
-6.35347,-3.833,29.596
-6.1073,-3.70679,29.2424
-5.87382,-3.60658,28.88
-5.6542,-3.53072,28.5117
-5.44938,-3.47755,28.1396
-5.26002,-3.44542,27.7657
-5.08658,-3.43278,27.3919
-4.92932,-3.43816,27.0198
-4.78836,-3.46024,26.6505
-4.66367,-3.49782,26.2855
-4.55514,-3.54988,25.9257
-4.46254,-3.61553,25.5722
-4.38564,-3.69403,25.2258
-4.32412,-3.78481,24.8874
-4.27767,-3.88739,24.5579
-4.24595,-4.00145,24.238
-4.22866,-4.12677,23.9284
-4.22548,-4.26324,23.6301
-4.23612,-4.41081,23.3438
-4.26033,-4.56953,23.0703
-4.29789,-4.7395,22.8106
-4.3486,-4.92086,22.5656
-4.4123,-5.11378,22.3363
-4.48886,-5.31844,22.1238
-4.57818,-5.53501,21.9293
-4.6802,-5.76364,21.7539
-4.79485,-6.00442,21.5991
-4.9221,-6.25737,21.4662
-5.06189,-6.52242,21.3569
-5.21418,-6.79936,21.2728
-5.3789,-7.08781,21.2157
-5.55592,-7.38722,21.1873
-5.74509,-7.69677,21.1897
-5.94616,-8.01539,21.2248
-6.15881,-8.34167,21.2946
-6.38256,-8.67384,21.4012
-6.61684,-9.00974,21.5464
-6.86086,-9.34674,21.7322
-7.11365,-9.68174,21.9602
-7.37403,-10.0111,22.2316
-7.64054,-10.3308,22.5476
-7.91145,-10.6361,22.9084
-8.18474,-10.9219,23.314
-8.45806,-11.1828,23.7633
-8.72875,-11.413,24.2544
-8.99386,-11.6065,24.7844
-9.25014,-11.7573,25.3492
-9.4941,-11.8599,25.9436
-9.72205,-11.909,26.5611
-9.93021,-11.9002,27.194
-10.1148,-11.8301,27.8337
-10.2721,-11.6968,28.4705
-10.3986,-11.4996,29.0944
-10.4913,-11.2399,29.6949
-10.5476,-10.9205,30.2617
-10.5654,-10.5462,30.785
-10.5434,-10.1235,31.256
-10.4814,-9.65999,31.6672
-10.3794,-9.16464,32.0126
-10.2389,-8.64699,32.2881
-10.0619,-8.11687,32.4914
-9.85097,-7.58399,32.622
-9.60969,-7.0575,32.6814
-9.34191,-6.5457,32.6724
-9.05192,-6.05581,32.599
-8.74421,-5.59374,32.4666
-8.42335,-5.16411,32.2806
-8.09384,-4.77019,32.0474
-7.76002,-4.41401,31.773
-7.42594,-4.09647,31.4635
-7.0953,-3.81753,31.1247
-6.77142,-3.57631,30.7619
-6.45717,-3.37138,30.3801
-6.155,-3.20082,29.9835
-5.86693,-3.06243,29.576
-5.59457,-2.95385,29.1608
-5.33914,-2.87266,28.7409
-5.10152,-2.8165,28.3187
-4.88228,-2.78308,27.8962
-4.68174,-2.7703,27.4751
-4.49999,-2.77621,27.057
-4.33693,-2.7991,26.6431
-4.19232,-2.83746,26.2344
-4.06583,-2.89,25.8319
-3.95701,-2.95564,25.4364
-3.86539,-3.03351,25.0486
-3.79046,-3.12294,24.6692
-3.73171,-3.22342,24.2988
-3.68864,-3.33463,23.938
-3.66075,-3.45636,23.5875
-3.64762,-3.58856,23.2478
-3.64882,-3.73131,22.9196
-3.66401,-3.88476,22.6035
-3.69288,-4.04917,22.3003
-3.73519,-4.22486,22.0108
-3.79076,-4.41222,21.7358
-3.85945,-4.61168,21.4762
-3.94119,-4.82371,21.2331
-4.03595,-5.04876,21.0075
-4.14377,-5.28731,20.8008
-4.26469,-5.53979,20.6142
-4.39882,-5.8066,20.4492
-4.54629,-6.08804,20.3076
-4.70722,-6.38432,20.1911
-4.88175,-6.69551,20.1017
-5.07001,-7.02149,20.0415
-5.27207,-7.36192,20.0128
-5.48798,-7.71617,20.0181
-5.71768,-8.0833,20.0599
-5.96103,-8.46196,20.141
-6.21774,-8.85034,20.264
-6.48736,-9.24609,20.4319
-6.76923,-9.64627,20.6473
-7.06242,-10.0473,20.9128
-7.36575,-10.4448,21.2307
-7.67767,-10.8338,21.6028
-7.99627,-11.2084,22.0304
-8.31925,-11.562,22.5141
-8.64383,-11.8874,23.0532
-8.96681,-12.1768,23.6462
-9.28452,-12.4219,24.2898
-9.59285,-12.6145,24.9794
-9.88729,-12.7465,25.7084
-10.163,-12.8104,26.4685
-10.4151,-12.7996,27.2498
-10.6383,-12.7093,28.0406
-10.8276,-12.5361,28.8278
-10.9785,-12.2794,29.5974
-11.0865,-11.9408,30.3353
-11.1483,-11.5247,31.0271
-11.1611,-11.0382,31.6596
-11.1233,-10.4906,32.221
-11.0346,-9.89341,32.7017
-10.8956,-9.25956,33.0944
-10.7082,-8.60273,33.3947
-10.4757,-7.93672,33.6009
-10.2019,-7.2748,33.7143
-9.89198,-6.6291,33.7382
-9.55129,-6.01019,33.6784
-9.18578,-5.42674,33.5418
-8.80152,-4.88543,33.3365
-8.40454,-4.39087,33.0712
-8.00066,-3.94579,32.7546
-7.59531,-3.55123,32.3952
-7.19341,-3.20677,32.0008
-6.79934,-2.91083,31.5788
-6.41685,-2.66096,31.1355
-6.0491,-2.45412,30.6766
-5.6986,-2.28688,30.2068
-5.36731,-2.15566,29.7301
-5.05666,-2.05685,29.25
-4.7676,-1.98697,28.769
-4.50065,-1.94274,28.2893
-4.25602,-1.92112,27.8128
-4.0336,-1.91939,27.3408
-3.83304,-1.93516,26.8743
-3.65382,-1.96634,26.4144
-3.49531,-2.01117,25.9617
-3.35674,-2.06817,25.5167
-3.23732,-2.13617,25.08
-3.13623,-2.21424,24.6519
-3.05265,-2.3017,24.2329
-2.98578,-2.39808,23.8233
-2.93487,-2.5031,23.4233
-2.8992,-2.61665,23.0334
-2.87816,-2.73879,22.6538
-2.87116,-2.8697,22.285
-2.87772,-3.00969,21.9273
-2.89743,-3.15917,21.5813
-2.92997,-3.31865,21.2473
-2.9751,-3.48871,20.9261
-3.03265,-3.67002,20.6181
-3.10256,-3.86329,20.3242
-3.18481,-4.06931,20.0451
-3.27949,-4.28888,19.7819
-3.38675,-4.52284,19.5356
-3.50679,-4.77204,19.3073
-3.6399,-5.03735,19.0984
-3.7864,-5.31958,18.9106
-3.94667,-5.61953,18.7455
-4.12112,-5.93791,18.605
-4.31017,-6.27531,18.4915
-4.51429,-6.63219,18.4072
-4.7339,-7.0088,18.3549
-4.9694,-7.40514,18.3376
-5.22115,-7.82085,18.3585
-5.48941,-8.25518,18.4211
-5.77433,-8.70688,18.5293
-6.07588,-9.17405,18.6869
-6.39384,-9.65411,18.898
-6.72772,-10.1436,19.1669
-7.07669,-10.6381,19.4975
-7.43953,-11.1322,19.8938
-7.81458,-11.6192,20.3592
-8.19962,-12.0912,20.8962
-8.59185,-12.5391,21.5065
-8.9878,-12.9526,22.1904
-9.38331,-13.3204,22.9464
-9.77348,-13.6305,23.7707
-10.1527,-13.8704,24.6574
-10.5148,-14.0278,25.5974
-10.853,-14.0915,26.5791
-11.1601,-14.0515,27.5876
-11.4288,-13.9005,28.6057
-11.6521,-13.6342,29.6139
-11.8232,-13.2522,30.5914
-11.9361,-12.7584,31.5169
-11.9862,-12.161,32.3698
-11.9702,-11.4725,33.1316
-11.8865,-10.7089,33.7865
-11.7351,-9.88933,34.3227
-11.5183,-9.0342,34.733
-11.2399,-8.16455,35.0145
-10.9053,-7.30058,35.1691
-10.5214,-6.46065,35.2025
-10.0959,-5.66049,35.1239
-9.63716,-4.91262,34.9446
-9.15384,-4.22619,34.6774
-8.65441,-3.60702,34.3357
-8.14697,-3.05787,33.9326
-7.63895,-2.57886,33.4806
-7.13702,-2.168,32.9909
-6.64691,-1.82167,32.4735
-6.17341,-1.53515,31.9367
-5.72038,-1.30303,31.3877
-5.29078,-1.11958,30.832
-4.88672,-0.979072,30.2742
-4.5096,-0.875934,29.7177
-4.16014,-0.804959,29.1652
-3.83854,-0.761374,28.6186
-3.54455,-0.740897,28.0793
-3.27756,-0.739763,27.5482
-3.03666,-0.754712,27.026
-2.82078,-0.782974,26.5131
-2.62867,-0.822235,26.0097
-2.45904,-0.870597,25.516
-2.31053,-0.92654,25.0319
-2.1818,-0.98888,24.5575
-2.07152,-1.05673,24.0928
-1.97843,-1.12945,23.6376
-1.90134,-1.20665,23.1919
-1.83914,-1.28811,22.7558
-1.79081,-1.3738,22.3291
-1.75545,-1.46381,21.9118
-1.73223,-1.55837,21.504
-1.72046,-1.65782,21.1057
-1.71952,-1.7626,20.7168
-1.72892,-1.87323,20.3376
-1.74826,-1.9903,19.9682
-1.77725,-2.11449,19.6086
-1.81566,-2.24654,19.259
-1.8634,-2.38725,18.9199
-1.92044,-2.53749,18.5913
-1.98685,-2.6982,18.2738
-2.06277,-2.87036,17.9678
-2.14846,-3.05504,17.6737
-2.24421,-3.25335,17.3923
-2.35043,-3.46649,17.1243
-2.46759,-3.6957,16.8706
-2.59625,-3.94228,16.6323
-2.73702,-4.20758,16.4105
-2.8906,-4.49301,16.2067
-3.05777,-4.8,16.0226
-3.23934,-5.12998,15.86
-3.4362,-5.48438,15.7213
-3.64929,-5.86458,15.609
-3.87959,-6.27186,15.526
-4.12808,-6.70736,15.4758
-4.39577,-7.17199,15.4621
-4.68364,-7.66633,15.4894
-4.9926,-8.19053,15.5624
-5.32348,-8.74419,15.6866
-5.67694,-9.32612,15.868
-6.05342,-9.93424,16.113
-6.45309,-10.5653,16.4286
-6.8757,-11.2145,16.8219
-7.32052,-11.8757,17.3003
-7.78617,-12.5405,17.8709
-8.27053,-13.1984,18.5403
-8.77056,-13.8365,19.314
-9.28217,-14.4397,20.1958
-9.8001,-14.9903,21.1868
-10.3178,-15.4685,22.2851
-10.8274,-15.853,23.4846
-11.3196,-16.1219,24.774
-11.7842,-16.254,26.137
-12.2097,-16.2301,27.5509
-12.5842,-16.0348,28.988
-12.8959,-15.6586,30.4156
-13.1331,-15.0992,31.7977
-13.286,-14.3626,33.0974
-13.3461,-13.4639,34.2788
-13.3082,-12.4265,35.3104
-13.1696,-11.2808,36.1667
-12.9313,-10.0622,36.8308
-12.5977,-8.80832,37.2948
-12.1764,-7.55614,37.5603
-11.6775,-6.33954,37.6371
-11.1132,-5.18717,37.5419
-10.4969,-4.12126,37.296
-9.8427,-3.15711,36.9234
-9.16429,-2.30332,36.4486
-8.47465,-1.56251,35.8952
-7.78554,-0.93244,35.2843
-7.10717,-0.407129,34.6346
-6.4481,0.0219219,33.9614
-5.81517,0.364725,33.2769
-5.21359,0.631948,32.5906
-4.64705,0.834266,31.9094
-4.1179,0.981899,31.238
-3.62731,1.08431,30.5798
-3.1755,1.15005,29.9366
-2.7619,1.18666,29.3095
-2.38531,1.20067,28.6987
-2.04409,1.19769,28.1042
-1.73625,1.18241,27.5254
-1.4596,1.15874,26.9619
-1.21179,1.12989,26.4129
-0.990464,1.09845,25.8778
-0.793227,1.06649,25.3558
-0.617758,1.03565,24.8464
-0.461816,1.00718,24.349
-0.323268,0.982058,23.863
-0.200103,0.960998,23.3879
-0.090445,0.944529,22.9235
0.00744874,0.93303,22.4692
0.0951838,0.926766,22.0247
0.174235,0.92592,21.5899
0.24595,0.930621,21.1643
0.31156,0.94096,20.7478
0.372186,0.957016,20.3402
0.42885,0.978864,19.9413
0.482485,1.00659,19.5509
0.533943,1.0403,19.1689
0.584008,1.08014,18.7952
0.633402,1.12628,18.4297
0.6828,1.17894,18.0723
0.732834,1.23837,17.7229
0.784103,1.30491,17.3815
0.837184,1.37893,17.0481
0.892637,1.46087,16.7227
0.951013,1.55122,16.4053
1.01286,1.65058,16.096
1.07874,1.75959,15.7949
1.14922,1.87897,15.5022
1.22489,2.00955,15.2181
1.30636,2.15223,14.9428
1.39429,2.308,14.6767
1.48934,2.47798,14.4203
1.59226,2.66336,14.1739
1.70383,2.86547,13.9384
1.82488,3.08572,13.7143
1.95631,3.32568,13.5027
2.09909,3.58701,13.3047
2.25425,3.87149,13.1216
2.42292,4.18102,12.955
2.60628,4.51761,12.8067
2.80562,4.88334,12.679
3.02229,5.28036,12.5745
3.25773,5.71086,12.4963
3.51343,6.17699,12.4481
3.79097,6.6808,12.434
4.09194,7.22416,12.459
4.41795,7.80862,12.5289
4.77059,8.43526,12.6502
5.15136,9.10446,12.8303
5.56163,9.81569,13.0779
6.0025,10.5671,13.4024
6.47474,11.3553,13.814
6.97861,12.1748,14.3241
7.51371,13.0174,14.9443
8.07876,13.8721,15.6864
8.67137,14.724,16.5618
9.28777,15.5543,17.5805
9.92258,16.3399,18.7499
10.5685,17.0534,20.0736
11.216,17.6632,21.5498
11.8536,18.1353,23.1695
12.4674,18.4339,24.9149
13.0413,18.5249,26.7584
13.5581,18.3784,28.662
13.9992,17.9722,30.578
14.3467,17.2958,32.4514
14.5838,16.3529,34.2227
14.6964,15.163,35.8332
14.6745,13.7614,37.23
14.513,12.1969,38.3711
14.2125,10.5276,39.2291
13.7791,8.81529,39.7938
13.2244,7.12041,40.0715
12.5642,5.49644,40.0833
11.8175,3.98652,39.8615
11.005,2.62137,39.4447
10.1477,1.41913,38.8744
9.2658,0.38648,38.1906
8.37765,-0.479335,37.4297
7.49932,-1.18808,36.6225
6.64415,-1.75418,35.7939
5.82271,-2.19457,34.963
5.0429,-2.52712,34.1436
4.31015,-2.76936,33.3448
3.62777,-2.93771,32.5724
2.99728,-3.04702,31.8294
2.41871,-3.11038,31.1167
1.89093,-3.13904,30.434
1.41193,-3.14255,29.7801
0.979064,-3.12886,29.1534
0.589259,-3.10453,28.5521
0.23916,-3.07487,27.9741
-0.0747204,-3.04418,27.4178
-0.355901,-3.01587,26.8815
-0.607856,-2.99261,26.3636
-0.833953,-2.97652,25.8629
-1.03742,-2.9692,25.3784
-1.2213,-2.97189,24.9091
-1.38846,-2.98553,24.4544
-1.54157,-3.01084,24.0137
-1.6831,-3.04838,23.5866
-1.81535,-3.09857,23.1728
-1.94042,-3.16178,22.7721
-2.06024,-3.23832,22.3846
-2.17661,-3.3285,22.0102
-2.29115,-3.43261,21.6491
-2.40538,-3.55097,21.3016
-2.52071,-3.68395,20.968
-2.63845,-3.83195,20.6488
-2.75981,-3.99539,20.3445
-2.88594,-4.17476,20.0558
-3.01793,-4.3706,19.7835
-3.15681,-4.58348,19.5286
-3.30358,-4.81399,19.2922
-3.4592,-5.06275,19.0754
-3.6246,-5.33038,18.8799
-3.80065,-5.61747,18.7072
-3.98824,-5.92457,18.5593
-4.18819,-6.25215,18.4382
-4.40129,-6.60055,18.3463
-4.62828,-6.96993,18.2863
-4.86983,-7.36024,18.2611
-5.12654,-7.77109,18.2738
-5.39888,-8.20172,18.3281
-5.68719,-8.6509,18.4276
-5.99164,-9.11679,18.5763
-6.31216,-9.59685,18.7784
-6.64842,-10.0877,19.0381
-6.99974,-10.5851,19.3596
-7.36507,-11.0837,19.7469
-7.74286,-11.5768,20.2035
-8.13106,-12.0567,20.7323
-8.52698,-12.5143,21.3353
-8.92729,-12.9394,22.013
-9.32792,-13.3205,22.7643
-9.72408,-13.6455,23.586
-10.1102,-13.9018,24.4724
-10.4802,-14.0767,25.4148
-10.8272,-14.1583,26.402
-11.144,-14.1364,27.4193
-11.4232,-14.0028,28.4497
-11.6575,-13.7525,29.4737
-11.84,-13.3845,30.47
-11.9645,-12.9018,31.4171
-12.026,-12.3121,32.2937
-12.0208,-11.6275,33.0806
-11.947,-10.864,33.761
-11.8045,-10.0404,34.3224
-11.5951,-9.17764,34.7566
-11.3225,-8.29711,35.0601
-10.9921,-7.41965,35.2342
-10.6105,-6.56431,35.2844
-10.1856,-5.74753,35.2193
-9.72576,-4.98254,35.0505
-9.23984,-4.27911,34.791
-8.73647,-3.64357,34.4542
-8.22394,-3.07906,34.0539
-7.70992,-2.58598,33.6026
-7.20129,-2.16249,33.1122
-6.70399,-1.80503,32.5928
-6.223,-1.50886,32.0531
-5.76234,-1.26849,31.5006
-5.32511,-1.07808,30.9411
-4.91355,-0.931754,30.3792
-4.52913,-0.823793,29.8185
-4.17265,-0.748834,29.2618
-3.84436,-0.701955,28.7111
-3.54402,-0.678736,28.1677
-3.27105,-0.675281,27.6327
-3.02454,-0.688217,27.1068
-2.80339,-0.714672,26.5902
-2.60636,-0.752241,26.0833
-2.43211,-0.798949,25.5861
-2.27926,-0.85321,25.0987
-2.14644,-0.913781,24.621
-2.03229,-0.979723,24.1531
-1.93551,-1.05036,23.6947
-1.85486,-1.12526,23.2459
-1.78922,-1.20417,22.8066
-1.73752,-1.28702,22.3767
-1.69882,-1.37389,21.9562
-1.67227,-1.46498,21.5452
-1.65713,-1.5606,21.1434
-1.65277,-1.66116,20.7511
-1.65865,-1.76717,20.3683
-1.67435,-1.87919,19.9951
-1.69953,-1.99787,19.6315
-1.73395,-2.12393,19.2778
-1.77749,-2.25814,18.9341
-1.83008,-2.40135,18.6008
-1.89177,-2.55445,18.2781
-1.96267,-2.71842,17.9665
-2.043,-2.89429,17.6663
-2.13304,-3.08314,17.3783
-2.23316,-3.28615,17.103
-2.3438,-3.50454,16.8412
-2.46549,-3.73958,16.5939
-2.59883,-3.99263,16.3622
-2.74449,-4.26509,16.1474
-2.90321,-4.5584,15.951
-3.07581,-4.87403,15.7747
-3.26316,-5.21347,15.6206
-3.46619,-5.57817,15.491
-3.68589,-5.96953,15.3886
-3.92326,-6.38887,15.3166
-4.17935,-6.8373,15.2785
-4.45519,-7.31572,15.2784
-4.75178,-7.82464,15.3209
-5.07006,-8.36412,15.411
-5.41084,-8.93358,15.5545
-5.77479,-9.53164,15.7578
-6.1623,-10.1559,16.0274
-6.57347,-10.8026,16.3708
-7.00794,-11.4667,16.7954
-7.46482,-12.1411,17.3086
-7.94253,-12.8166,17.918
-8.43869,-13.4821,18.6299
-8.9499,-14.1234,19.4497
-9.47168,-14.7242,20.3806
-9.99826,-15.2656,21.4233
-10.5225,-15.7267,22.5745
-11.036,-16.0853,23.8266
-11.5289,-16.3187,25.1665
-11.9902,-16.4054,26.5754
-12.4079,-16.3266,28.0283
-12.7698,-16.0681,29.4948
-13.0636,-15.6221,30.94
-13.2779,-14.9891,32.326
-13.4028,-14.1782,33.6149
-13.4309,-13.2081,34.7707
-13.3573,-12.1056,35.7628
-13.1807,-10.9043,36.5678
-12.9033,-9.64191,37.1714
-12.5308,-8.35751,37.5693
-12.072,-7.08845,37.7663
-11.5382,-5.86793,37.7757
-10.9426,-4.72317,37.6167
-10.2992,-3.67437,37.3129
-9.62237,-2.73454,36.8896
-8.9261,-1.90996,36.3718
-8.22323,-1.2011,35.7831
-7.52524,-0.603879,35.1445
-6.84194,-0.110836,34.4736
-6.18141,0.287633,33.785
-5.54996,0.602292,33.0899
-4.95226,0.844266,32.3969
-4.39148,1.02445,31.7121
-3.86949,1.15309,31.0396
-3.38705,1.23958,30.3819
-2.94398,1.29227,29.7406
-2.53939,1.31849,29.1163
-2.17184,1.32453,28.509
-1.83944,1.31573,27.9183
-1.54005,1.29656,27.3436
-1.27132,1.27069,26.7843
-1.03083,1.24113,26.2397
-0.816113,1.21029,25.7089
-0.624747,1.1801,25.1913
-0.454373,1.15204,24.6863
-0.302731,1.12728,24.1932
-0.16768,1.1067,23.7116
-0.0472095,1.09095,23.2409
0.0605522,1.08052,22.7808
0.157338,1.07576,22.3309
0.244746,1.07692,21.8908
0.324239,1.08418,21.4604
0.39716,1.09768,21.0394
0.464733,1.11755,20.6275
0.528079,1.14389,20.2246
0.588222,1.17684,19.8306
0.646102,1.21652,19.4452
0.702583,1.26312,19.0684
0.758466,1.31684,18.7002
0.814498,1.37795,18.3404
0.871383,1.44675,17.989
0.929788,1.52361,17.646
0.990358,1.60897,17.3115
1.05372,1.70332,16.9855
1.12048,1.80723,16.668
1.19127,1.92135,16.3593
1.26671,2.0464,16.0595
1.34743,2.18321,15.7689
1.43409,2.33267,15.4877
1.52738,2.49578,15.2164
1.62801,2.67364,14.9555
1.73676,2.86746,14.7055
1.85443,3.07854,14.4671
1.98188,3.30829,14.2413
2.12003,3.55826,14.029
2.26987,3.83007,13.8314
2.43243,4.12547,13.6501
2.60886,4.44629,13.4867
2.80033,4.79446,13.3434
3.00812,5.17194,13.2224
3.23355,5.58074,13.1267
3.47803,6.02285,13.0594
3.74301,6.50017,13.0246
4.02996,7.01445,13.0267
4.3404,7.56716,13.0708
4.6758,8.15936,13.1628
5.03757,8.79152,13.3097
5.42699,9.46332,13.5189
5.84515,10.1733,13.7991
6.29283,10.9188,14.1595
6.77038,11.695,14.6104
7.27757,12.4953,15.1623
7.81344,13.31,15.8262
8.37606,14.1267,16.6126
8.96231,14.9291,17.5311
9.56764,15.6973,18.5895
10.1859,16.4073,19.7922
10.8089,17.0314,21.1394
11.4267,17.5391,22.6253
12.027,17.898,24.2369
12.5959,18.0759,25.9523
13.1176,18.0433,27.7405
13.5753,17.7765,29.5615
13.9522,17.2607,31.3674
14.2318,16.4928,33.105
14.4,15.4837,34.7196
14.4455,14.2587,36.1592
14.3611,12.8562,37.3796
14.1446,11.3253,38.3479
13.7991,9.72135,39.0459
13.3326,8.10101,39.4705
12.7576,6.51739,39.6333
12.0904,5.01603,39.5576
11.3492,3.63228,39.2755
10.5535,2.39013,38.8236
9.72282,1.3025,38.2395
8.8753,0.37257,37.5587
8.0274,-0.404303,36.813
7.19326,-1.03842,36.0293
6.38451,-1.54373,35.2287
5.61023,-1.93602,34.4276
4.87711,-2.23163,33.6376
4.18965,-2.44642,32.8665
3.55048,-2.59517,32.1191
2.96063,-2.69119,31.3979
2.41984,-2.74618,30.7039
1.92686,-2.77022,30.0366
1.47965,-2.77186,29.3952
1.07563,-2.75823,28.7783
0.711846,-2.73521,28.1842
0.385132,-2.70758,27.6115
0.0922015,-2.67921,27.0584
-0.170244,-2.65317,26.5237
-0.40545,-2.63189,26.0061
-0.616556,-2.61726,25.5045
-0.806563,-2.61074,25.0179
-0.978308,-2.61347,24.5457
-1.13445,-2.62631,24.0871
-1.27748,-2.64992,23.6416
-1.40968,-2.68482,23.209
-1.53318,-2.73143,22.7889
-1.64995,-2.7901,22.3812
-1.76179,-2.86115,21.9857
-1.87036,-2.9449,21.6026
-1.97719,-3.04167,21.2318
-2.08371,-3.15183,20.8736
-2.19124,-3.27576,20.5283
-2.30101,-3.41392,20.1962
-2.41419,-3.56679,19.8777
-2.53189,-3.73495,19.5735
-2.65515,-3.91901,19.2842
-2.78499,-4.11964,19.0106
-2.9224,-4.33758,18.7536
-3.06835,-4.57359,18.5143
-3.22377,-4.82848,18.2941
-3.3896,-5.10309,18.0944
-3.56677,-5.39821,17.9169
-3.75619,-5.71466,17.7635
-3.95876,-6.05315,17.6364
-4.17536,-6.41432,17.5382
-4.40683,-6.79863,17.4715
-4.65397,-7.20633,17.4396
-4.91753,-7.63739,17.4459
-5.19814,-8.09137,17.4943
-5.49632,-8.56737,17.5888
-5.81244,-9.06387,17.734
-6.14662,-9.5786,17.9347
-6.49874,-10.1084,18.1958
-6.86834,-10.6491,18.5224
-7.25453,-11.1953,18.9194
-7.65595,-11.7402,19.3915
-8.07063,-12.2757,19.9426
-8.49595,-12.7918,20.576
-8.92853,-13.2773,21.2935
-9.36415,-13.7193,22.0949
-9.79772,-14.104,22.9778
-10.2233,-14.4163,23.9372
-10.6339,-14.6413,24.9646
-11.0221,-14.7644,26.0479
-11.3796,-14.7723,27.1715
-11.6977,-14.6544,28.3161
-11.968,-14.4036,29.4595
-12.1822,-14.017,30.5769
-12.3327,-13.4971,31.6429
-12.4132,-12.8521,32.6321
-12.4192,-12.0955,33.521
-12.348,-11.2458,34.2896
-12.199,-10.3253,34.9224
-11.9742,-9.35886,35.4095
-11.6777,-8.37218,35.747
-11.3155,-7.39011,35.9365
-10.8954,-6.43534,35.985
-10.4266,-5.52721,35.9037
-9.91892,-4.68101,35.7066
-9.38245,-3.90771,35.4095
-8.82725,-3.21404,35.0289
-8.26287,-2.60288,34.581
-7.69801,-2.07382,34.0806
-7.14042,-1.62387,33.5412
-6.59671,-1.24812,32.9744
-6.07233,-0.940405,32.3898
-5.57158,-0.693821,31.7953
-5.09768,-0.501218,31.1971
-4.65288,-0.355523,30.5999
-4.23853,-0.249994,30.0072
-3.85526,-0.178384,29.4215
-3.50306,-0.135041,28.8446
-3.18141,-0.114949,28.2775
-2.88941,-0.113735,27.7209
-2.62584,-0.127651,27.1753
-2.38927,-0.153531,26.6406
-2.17815,-0.188746,26.117
-1.99083,-0.231146,25.6041
-1.82566,-0.27901,25.1019
-1.68096,-0.330991,24.6102
-1.55514,-0.386061,24.1286
-1.44665,-0.443473,23.6569
-1.35403,-0.502713,23.1951
-1.27595,-0.563464,22.7427
-1.21114,-0.62558,22.2997
-1.15848,-0.689048,21.8658
-1.11693,-0.753978,21.4409
-1.0856,-0.820572,21.025
-1.06368,-0.889116,20.6177
-1.05047,-0.959965,20.2191
-1.0454,-1.03354,19.8291
-1.04795,-1.1103,19.4476
-1.05775,-1.19076,19.0745
-1.07447,-1.27549,18.7098
-1.09789,-1.3651,18.3535
-1.12788,-1.46023,18.0056
-1.16435,-1.56159,17.6662
-1.20734,-1.6699,17.3354
-1.25691,-1.78598,17.0132
-1.31321,-1.91066,16.6998
-1.37648,-2.04487,16.3954
-1.447,-2.18957,16.1004
-1.52513,-2.34581,15.8149
-1.61129,-2.51472,15.5395
-1.70599,-2.69749,15.2746
-1.80979,-2.8954,15.0207
-1.92334,-3.10985,14.7788
-2.04735,-3.34229,14.5495
-2.1826,-3.59429,14.334
-2.32999,-3.86752,14.1335
-2.49044,-4.16371,13.9495
-2.665,-4.48471,13.7836
-2.85477,-4.8324,13.6379
-3.06093,-5.20872,13.5148
-3.28475,-5.61564,13.4172
-3.52756,-6.05506,13.3482
-3.79072,-6.52882,13.3118
-4.07565,-7.03857,13.3123
-4.38378,-7.58568,13.3549
-4.71649,-8.17111,13.4453
-5.07513,-8.79521,13.5902
-5.46088,-9.45753,13.797
-5.87474,-10.1566,14.0741
-6.31741,-10.8894,14.4306
-6.78914,-11.6514,14.8761
-7.28964,-12.4357,15.421
-7.81786,-13.233,16.0758
-8.37183,-14.0308,16.8503
-8.9484,-14.8133,17.7538
-9.54306,-15.5611,18.7932
-10.1497,-16.251,19.9728
-10.7604,-16.8562,21.2922
-11.3652,-17.3472,22.7456
-11.9525,-17.6931,24.3199
-12.5085,-17.8631,25.9938
-13.0182,-17.8291,27.7374
-13.4652,-17.5686,29.5121
-13.8334,-17.0676,31.2719
-14.1071,-16.3232,32.9658
-14.2725,-15.3458,34.5414
-14.3187,-14.1593,35.9489
-14.239,-12.8004,37.1456
-14.0311,-11.3157,38.0999
-13.6977,-9.75797,38.7934
-13.2465,-8.18148,39.2226
-12.6893,-6.63726,39.3975
-12.0416,-5.16945,39.34
-11.321,-3.81262,39.0799
-10.5463,-2.59064,38.652
-9.73605,-1.51681,38.0921
-8.9081,-0.595067,37.4346
-8.07845,0.178276,36.7103
-7.26098,0.812508,35.9453
-6.46717,1.32059,35.1607
-5.70605,1.71745,34.3727
-4.98434,2.01869,33.593
-4.30665,2.23959,32.8298
-3.67573,2.39448,32.0882
-3.09277,2.49633,31.3709
-2.5577,2.55663,30.6791
-2.0694,2.5853,30.0128
-1.62603,2.59081,29.3713
-1.22515,2.58023,28.7533
-0.863968,2.55943,28.1574
-0.539432,2.5332,27.5823
-0.248378,2.50541,27.0263
0.0123869,2.47917,26.4883
0.246016,2.45692,25.967
0.455568,2.4406,25.4614
0.643972,2.43168,24.9705
0.814005,2.43131,24.4937
0.968273,2.44039,24.0302
1.10921,2.45958,23.5796
1.23907,2.48942,23.1415
1.35995,2.53032,22.7155
1.47376,2.58265,22.3016
1.58229,2.64674,21.8996
1.68717,2.72288,21.5094
1.78992,2.81141,21.1311
1.89192,2.91267,20.7648
1.99448,3.02706,20.4108
2.09883,3.15501,20.0693
2.20609,3.29704,19.7406
2.31737,3.45369,19.4253
2.4337,3.6256,19.1239
2.55608,3.81346,18.8371
2.68549,4.01802,18.5656
2.8229,4.2401,18.3106
2.96925,4.48056,18.073
3.12548,4.74031,17.8542
3.29253,5.02027,17.6557
3.47134,5.32139,17.4792
3.66285,5.64457,17.3267
3.86799,5.99067,17.2004
4.08769,6.36044,17.103
4.32284,6.7545,17.0373
4.5743,7.17324,17.0066
4.84288,7.61675,17.0146
5.1293,8.08475,17.0652
5.43415,8.57645,17.1629
5.75787,9.09044,17.3124
6.10069,9.62452,17.519
6.46257,10.1756,17.7878
6.8431,10.7393,18.1245
7.24146,11.3103,18.5344
7.65632,11.8814,19.0228
8.08572,12.4441,19.5943
8.52698,12.9881,20.2525
8.97664,13.5013,20.9997
9.43031,13.9701,21.8362
9.88265,14.3792,22.7599
10.3274,14.7127,23.7656
10.7572,14.9541,24.8446
11.1639,15.0874,25.9842
11.5388,15.098,27.1676
11.8726,14.9741,28.3742
12.156,14.7077,29.5797
12.3801,14.2958,30.7575
12.5367,13.741,31.8797
12.619,13.0522,32.9187
12.622,12.2445,33.8491
12.5429,11.3384,34.6493
12.3814,10.3585,35.303
12.1395,9.33217,35.8
11.8218,8.28743,36.1367
11.4352,7.25128,36.3159
10.9882,6.24806,36.3461
10.4906,5.29825,36.24
9.95333,4.41772,36.0138
9.38717,3.6175,35.6849
8.8029,2.90396,35.2715
8.21062,2.27932,34.7909
7.61952,1.7423,34.2592
7.03766,1.28894,33.6905
6.47183,0.913361,33.0967
5.9276,0.608467,32.4878
5.40924,0.366531,31.8716
4.91992,0.179675,31.2543
4.46173,0.0402209,30.6404
4.03588,-0.0590639,30.0332
3.64277,-0.124812,29.4349
3.28219,-0.162974,28.8471
2.95342,-0.178785,28.2706
2.65532,-0.176775,27.7058
2.38649,-0.160805,27.1529
2.1453,-0.134111,26.612
1.93001,-0.0993715,26.0826
1.73882,-0.0587614,25.5647
1.56989,-0.0140185,25.0579
1.42144,0.0334993,24.5619
1.29174,0.0827585,24.0763
1.17911,0.133001,23.6008
1.08201,0.183699,23.1353
0.998985,0.234517,22.6793
0.928693,0.285278,22.2327
0.869915,0.335935,21.7952
0.821549,0.386546,21.3667
0.782604,0.437256,20.9469
0.752205,0.488279,20.5356
0.72958,0.539884,20.1327
0.71406,0.59239,19.7381
0.70507,0.64615,19.3516
0.702129,0.701555,18.9731
0.704836,0.759024,18.6025
0.712873,0.819002,18.2397
0.725992,0.881963,17.8846
0.74402,0.948409,17.5371
0.766844,1.01887,17.1972
0.794419,1.09391,16.8648
0.826755,1.17412,16.54
0.863924,1.26013,16.2226
0.906049,1.35264,15.9129
0.953311,1.45236,15.6107
1.00595,1.56008,15.3162
1.06424,1.67664,15.0295
1.12855,1.80294,14.7507
1.19927,1.93997,14.4802
1.27685,2.08879,14.2182
1.36184,2.25054,13.9649
1.4548,2.42648,13.721
1.5564,2.61794,13.4869
1.66736,2.82638,13.2633
1.78849,3.05338,13.0509
1.92065,3.30062,12.8508
2.06482,3.56992,12.6641
2.22203,3.86321,12.4922
2.39344,4.18254,12.3367
2.58028,4.53008,12.1996
2.78386,4.90809,12.0833
3.00561,5.3189,11.9906
3.24704,5.76486,11.9246
3.50972,6.24831,11.8894
3.79531,6.77149,11.8893
4.10552,7.33642,11.9297
4.44206,7.94479,12.0167
4.80662,8.59779,12.1574
5.20081,9.29582,12.3598
5.62607,10.0383,12.6331
6.0836,10.8232,12.9876
6.57419,11.6468,13.4344
7.0981,12.503,13.9857
7.65486,13.3827,14.6542
8.24301,14.2738,15.4526
8.85988,15.1596,16.3931
9.50128,16.0195,17.4863
10.1612,16.8278,18.7397
10.8315,17.554,20.1566
11.5018,18.1637,21.7339
12.1592,18.6194,23.4603
12.7884,18.8826,25.3146
13.3719,18.9171,27.2646
13.8909,18.692,29.2668
14.3256,18.1863,31.2675
14.6568,17.3922,33.2054
14.8673,16.3184,35.016
14.9431,14.9914,36.6371
14.8748,13.4542,38.0147
14.6588,11.7637,39.1083
14.2976,9.98478,39.8946
13.8001,8.18482,40.3694
13.1801,6.42696,40.5461
12.4561,4.76517,40.4532
11.6493,3.24079,40.1292
10.782,1.88123,39.6181
9.87639,0.700377,38.9648
8.95339,-0.299601,38.2111
8.03156,-1.12569,37.3939
7.12672,-1.79132,36.5435
6.25172,-2.31381,35.6837
5.41642,-2.71226,34.8317
4.62791,-3.00598,33.9998
3.8908,-3.21338,33.1954
3.20759,-3.35131,32.4228
2.57901,-3.43474,31.6837
2.00442,-3.47662,30.9781
1.48208,-3.48795,30.3047
1.00947,-3.47796,29.6618
0.583496,-3.45423,29.0473
0.200731,-3.42295,28.4589
-0.142473,-3.38909,27.8945
-0.449835,-3.35664,27.3522
-0.725055,-3.32871,26.8301
-0.971748,-3.30774,26.3268
-1.19338,-3.29562,25.8409
-1.39326,-3.29378,25.3715
-1.57449,-3.3033,24.9176
-1.73996,-3.32501,24.4786
-1.89236,-3.35952,24.054
-2.03418,-3.4073,23.6435
-2.16771,-3.46872,23.2468
-2.29505,-3.54409,22.864
-2.41814,-3.63368,22.495
-2.53873,-3.73774,22.14
-2.65846,-3.85655,21.7993
-2.77883,-3.9904,21.4732
-2.90122,-4.13959,21.1623
-3.02691,-4.30448,20.8672
-3.15712,-4.48545,20.5885
-3.29294,-4.68289,20.3271
-3.43545,-4.89726,20.0842
-3.58563,-5.12899,19.8607
-3.74442,-5.37852,19.658
-3.91274,-5.64627,19.4777
-4.09141,-5.93262,19.3214
-4.28124,-6.23786,19.1909
-4.48297,-6.56217,19.0886
-4.69729,-6.90559,19.0166
-4.92482,-7.26791,18.9776
-5.16607,-7.6487,18.9743
-5.42146,-8.04716,19.0099
-5.69128,-8.46206,19.0876
-5.97563,-8.89171,19.2108
-6.27443,-9.33377,19.383
-6.58734,-9.78523,19.6079
-6.91374,-10.2423,19.889
-7.25266,-10.7002,20.2297
-7.60272,-11.1533,20.6329
-7.96209,-11.5949,21.101
-8.32841,-12.0173,21.6356
-8.69879,-12.4116,22.2372
-9.0697,-12.7683,22.9048
-9.43703,-13.0769,23.6359
-9.79601,-13.3268,24.4256
-10.1413,-13.5072,25.2671
-10.4672,-13.6077,26.151
-10.7673,-13.6193,27.0654
-11.0354,-13.5345,27.9961
-11.265,-13.3482,28.927
-11.4501,-13.0585,29.8403
-11.585,-12.6667,30.7176
-11.665,-12.1778,31.5405
-11.6865,-11.6006,32.2916
-11.6473,-10.9473,32.9555
-11.5465,-10.2327,33.5198
-11.3851,-9.47383,33.9754
-11.1654,-8.6887,34.3169
-10.8913,-7.89538,34.5431
-10.5681,-7.11101,34.6564
-10.2021,-6.35104,34.6622
-9.80035,-5.62855,34.5688
-9.3703,-4.95392,34.3863
-8.91961,-4.33469,34.1256
-8.45577,-3.77562,33.7984
-7.98587,-3.27894,33.4159
-7.51645,-2.84472,32.9889
-7.05334,-2.47126,32.527
-6.60158,-2.15548,32.0391
-6.16539,-1.89341,31.5323
-5.74819,-1.68046,31.0131
-5.3526,-1.51176,30.4865
-4.98054,-1.38241,29.9567
-4.6333,-1.28765,29.4269
-4.31157,-1.22299,28.8997
-4.01559,-1.1843,28.377
-3.7452,-1.16786,27.8602
-3.49992,-1.17039,27.3503
-3.27902,-1.18905,26.8483
-3.0816,-1.2214,26.3545
-2.90662,-1.26542,25.8695
-2.75298,-1.31945,25.3934
-2.61953,-1.38216,24.9264
-2.50513,-1.45254,24.4688
-2.40865,-1.52983,24.0205
-2.32901,-1.61351,23.5817
-2.26522,-1.70329,23.1524
-2.21633,-1.79905,22.7328
-2.1815,-1.90083,22.3229
-2.15996,-2.00881,21.9228
-2.15106,-2.1233,21.5328
-2.15424,-2.24473,21.1529
-2.16902,-2.3736,20.7835
-2.19505,-2.51053,20.4247
-2.23204,-2.6562,20.0768
-2.27984,-2.81137,19.7403
-2.33834,-2.97687,19.4156
-2.40756,-3.1536,19.1031
-2.48759,-3.34252,18.8035
-2.57862,-3.54464,18.5175
-2.6809,-3.76103,18.2459
-2.79477,-3.9928,17.9897
-2.92065,-4.2411,17.7499
-3.05903,-4.50711,17.5279
-3.21047,-4.79205,17.3251
-3.37557,-5.0971,17.1432
-3.555,-5.42345,16.9841
-3.7495,-5.77223,16.8502
-3.95981,-6.14446,16.7439
-4.18669,-6.54105,16.6681
-4.43093,-6.9627,16.626
-4.69329,-7.40983,16.6213
-4.97447,-7.88252,16.6581
-5.27509,-8.38035,16.7408
-5.59566,-8.90233,16.8743
-5.93649,-9.44669,17.0639
-6.29768,-10.0108,17.3153
-6.67898,-10.5908,17.6342
-7.07976,-11.1817,18.0266
-7.49889,-11.7769,18.4983
-7.93467,-12.3682,19.0546
-8.38465,-12.9454,19.7002
-8.8456,-13.4968,20.4383
-9.31333,-14.0083,21.2706
-9.7827,-14.4646,22.196
-10.2475,-14.8488,23.2109
-10.7004,-15.1433,24.3077
-11.1331,-15.3304,25.4748
-11.5367,-15.3937,26.6961
-11.9012,-15.3192,27.9512
-12.2169,-15.0962,29.2156
-12.4739,-14.7193,30.4615
-12.6631,-14.189,31.6592
-12.7767,-13.5123,32.7788
-12.8086,-12.7033,33.792
-12.7548,-11.7822,34.6739
-12.6141,-10.7744,35.4051
-12.3878,-9.70855,35.9727
-12.08,-8.61503,36.3708
-11.6973,-7.52344,36.6008
-11.2484,-6.4609,36.6704
-10.7435,-5.45061,36.5926
-10.1937,-4.51084,36.3839
-9.61079,-3.65458,36.0633
-9.00623,-2.88963,35.6503
-8.39097,-2.21909,35.164
-7.775,-1.64214,34.6217
-7.16712,-1.15483,34.0392
-6.57481,-0.751026,33.4297
-6.00417,-0.423134,32.8041
-5.45997,-0.162832,32.1709
-4.94571,0.03842,31.5369
-4.46376,0.188969,30.907
-4.01547,0.296691,30.2847
-3.60137,0.36881,29.6724
-3.22127,0.411807,29.0717
-2.87443,0.431386,28.4832
-2.55965,0.43248,27.9076
-2.27546,0.41929,27.3448
-2.0201,0.395345,26.7946
-1.79173,0.363563,26.2569
-1.58839,0.326321,25.7312
-1.40813,0.285526,25.2172
-1.24902,0.242677,24.7143
-1.10918,0.198928,24.2224
-0.98682,0.155141,23.7409
-0.880245,0.111937,23.2696
-0.787877,0.0697352,22.8081
-0.708256,0.0287927,22.3561
-0.640041,-0.0107642,21.9133
-0.582015,-0.048914,21.4796
-0.533074,-0.085717,21.0546
-0.492233,-0.121298,20.6383
-0.458612,-0.155829,20.2302
-0.431434,-0.189522,19.8304
-0.410018,-0.222615,19.4386
-0.39377,-0.255365,19.0546
-0.38218,-0.288049,18.6784
-0.374811,-0.320952,18.3097
-0.371297,-0.354371,17.9484
-0.371335,-0.38861,17.5943
-0.37468,-0.423984,17.2474
-0.381141,-0.460815,16.9076
-0.390575,-0.499437,16.5746
-0.402888,-0.540194,16.2484
-0.418026,-0.583447,15.929
-0.435975,-0.629574,15.6161
-0.45676,-0.678973,15.3098
-0.480444,-0.732067,15.0099
-0.507123,-0.789307,14.7164
-0.53693,-0.851176,14.4292
-0.570034,-0.918194,14.1484
-0.606636,-0.990925,13.8738
-0.646978,-1.06998,13.6055
-0.691335,-1.15602,13.3434
-0.740026,-1.24976,13.0877
-0.793409,-1.352,12.8384
-0.851887,-1.46361,12.5957
-0.915911,-1.58552,12.3596
-0.985984,-1.71876,12.1304
-1.06266,-1.86448,11.9084
-1.14656,-2.0239,11.6938
-1.23837,-2.19839,11.4872
-1.33883,-2.38943,11.289
-1.44878,-2.59863,11.0999
-1.56912,-2.82776,10.9206
-1.70085,-3.07874,10.7521
-1.84508,-3.35363,10.5956
-2.00298,-3.65468,10.4526
-2.17587,-3.98431,10.3246
-2.36516,-4.34507,10.2137
-2.57238,-4.73968,10.1225
-2.79919,-5.171,10.0537
-3.04735,-5.64195,10.0111
-3.31876,-6.15552,9.99867
-3.61538,-6.71465,10.0215
-3.93931,-7.3221,10.0855
-4.29266,-7.98038,10.1975
-4.67756,-8.69145,10.3656
-5.09611,-9.45651,10.5993
-5.55026,-10.2756,10.9093
-6.0417,-11.1473,11.3079
-6.57174,-12.0681,11.8088
-7.14108,-13.0314,12.4269
-7.7496,-14.0277,13.1783
-8.39606,-15.0426,14.0794
-9.07773,-16.057,15.1463
-9.79004,-17.0457,16.3931
-10.5262,-17.9771,17.831
-11.2766,-18.8133,19.4651
-12.0288,-19.5103,21.2928
-12.7671,-20.0202,23.3005
-13.4726,-20.2935,25.4614
-14.1236,-20.2837,27.7336
-14.6965,-19.9521,30.0601
-15.1666,-19.2737,32.3703
-15.5103,-18.2427,34.584
-15.7068,-16.8762,36.6186
-15.7398,-15.2154,38.3966
-15.5999,-13.3233,39.8543
-15.2852,-11.2787,40.949
-14.8021,-9.16848,41.6627
-14.1644,-7.07799,42.0033
-13.3925,-5.0829,42.0009
-12.5113,-3.24314,41.7024
-11.5482,-1.59982,41.164
-10.5308,-0.175157,40.4448
-9.48546,1.02538,39.6009
-8.43596,2.00949,38.6813
-7.40249,2.79411,37.7264
-6.40146,3.40167,36.7674
-5.44544,3.85699,35.8263
-4.54341,4.18505,34.9181
-3.7012,4.40944,34.0514
-2.92192,4.55149,33.2304
-2.20651,4.62983,32.4561
-1.55414,4.6604,31.7271
-0.962712,4.6565,31.0411
-0.42915,4.62911,30.3947
0.0502614,4.58713,29.7844
0.479644,4.53769,29.2068
0.863335,4.48647,28.6586
1.20574,4.43789,28.137
1.5112,4.39541,27.6394
1.78396,4.36164,27.1636
2.02805,4.33858,26.7079
2.2473,4.32769,26.2709
2.44528,4.33004,25.8513
2.62531,4.34638,25.4483
2.79047,4.37723,25.0614
2.94356,4.42293,24.6901
3.08716,4.48369,24.3341
3.22361,4.55963,23.9936
3.35504,4.65081,23.6684
3.48338,4.75727,23.359
3.61037,4.87899,23.0656
3.7376,5.01598,22.7889
3.8665,5.16821,22.5293
3.99835,5.33566,22.2876
4.13433,5.51829,22.0647
4.27548,5.71604,21.8617
4.42274,5.92882,21.6794
4.57696,6.15649,21.5193
4.73888,6.39884,21.3827
4.90915,6.65556,21.271
5.08833,6.92623,21.1859
5.27686,7.21026,21.129
5.4751,7.50687,21.1023
5.68327,7.81505,21.1076
5.90147,8.13352,21.147
6.12964,8.46065,21.2224
6.36757,8.79446,21.336
6.61485,9.13256,21.4896
6.87086,9.47208,21.6852
7.13476,9.80968,21.9243
7.40543,10.1415,22.2084
7.68146,10.4631,22.5382
7.96113,10.7696,22.9143
8.24241,11.0556,23.3362
8.52291,11.3153,23.8028
8.79992,11.5427,24.312
9.07039,11.7315,24.8606
9.33097,11.8755,25.4441
9.57807,11.9691,26.0569
9.80789,12.0067,26.6921
10.0165,11.9842,27.3415
10.2001,11.8981,27.996
10.3549,11.7467,28.6455
10.4774,11.5297,29.2793
10.5644,11.2489,29.8867
10.6135,10.9076,30.4571
10.6227,10.5112,30.9806
10.591,10.0667,31.4483
10.5179,9.58244,31.8528
10.4042,9.06785,32.1884
10.2513,8.53295,32.4512
10.0614,7.98796,32.6395
9.83772,7.44282,32.7534
9.58378,6.90681,32.7947
9.30378,6.38824,32.7668
9.00221,5.8942,32.6744
8.68375,5.43043,32.523
8.35311,5.00127,32.3187
8.01489,4.60968,32.0679
7.67348,4.25736,31.7771
7.33297,3.94489,31.4523
6.99703,3.67189,31.0994
6.66895,3.43723,30.7238
6.35155,3.23919,30.3304
6.0472,3.07565,29.9234
5.75782,2.94423,29.5066
5.48492,2.84243,29.0832
5.22963,2.76772,28.6559
4.99274,2.71767,28.2272
4.77473,2.68994,27.7988
4.57582,2.6824,27.3726
4.39602,2.6931,26.9498
4.23516,2.72033,26.5317
4.09293,2.7626,26.1193
3.96894,2.81865,25.7134
3.86271,2.88743,25.3147
3.77371,2.9681,24.9241
3.70141,3.06004,24.542
3.64526,3.16277,24.1691
3.60474,3.276,23.806
3.57935,3.39959,23.4533
3.56864,3.53351,23.1114
3.5722,3.67788,22.7812
3.58967,3.83289,22.4632
3.62075,3.99884,22.1581
3.66521,4.17609,21.8667
3.72288,4.36506,21.5898
3.79362,4.56623,21.3284
3.87739,4.78009,21.0835
3.97417,5.00716,20.8562
4.08401,5.24793,20.6477
4.20699,5.50289,20.4594
4.34323,5.77247,20.2929
4.49289,6.05702,20.1497
4.65612,6.3568,20.0318
4.83308,6.67192,19.9411
5.02393,7.00229,19.8798
5.22878,7.34763,19.8503
5.44771,7.70736,19.855
5.68069,8.08054,19.8967
5.92762,8.46587,19.9782
6.18823,8.86155,20.1022
6.46211,9.26523,20.2718
6.7486,9.67395,20.4898
7.04683,10.0841,20.7588
7.3556,10.4912,21.0814
7.67339,10.8902,21.4595
7.99826,11.2751,21.8947
8.32789,11.639,22.3874
8.65947,11.9745,22.9374
8.98972,12.2735,23.543
9.31489,12.5275,24.2011
9.63076,12.7278,24.9069
9.93269,12.8659,25.6539
10.2157,12.9341,26.4335
10.4746,12.9253,27.2354
10.7041,12.8343,28.0475
10.8989,12.6577,28.8563
11.0543,12.3946,29.6474
11.1656,12.0466,30.4057
11.2294,11.6184,31.1165
11.2427,11.1172,31.766
11.2039,10.5529,32.3418
11.1125,9.93753,32.834
10.9694,9.2845,33.2351
10.7764,8.60816,33.5405
10.537,7.92295,33.7488
10.2552,7.24266,33.8611
9.93629,6.5799,33.8815
9.58594,5.94558,33.8157
9.21031,5.34862,33.6714
8.81571,4.7958,33.4571
8.40838,4.29175,33.1818
7.99432,3.83913,32.8546
7.57912,3.43881,32.4843
7.16785,3.09019,32.0791
6.76498,2.79148,31.6464
6.37432,2.53999,31.1929
5.99906,2.33246,30.7243
5.64174,2.16523,30.2453
5.30431,2.03453,29.76
4.98817,1.93659,29.2717
4.69423,1.86775,28.7831
4.42297,1.82461,28.2964
4.17455,1.80405,27.8132
3.94878,1.80325,27.3349
3.74527,1.81974,26.8625
3.56345,1.8514,26.3969
3.40261,1.89642,25.9388
3.26194,1.9533,25.4886
3.14059,2.02084,25.0468
3.0377,2.09811,24.6138
2.95239,2.18441,24.1898
2.88383,2.27928,23.7753
2.83122,2.38243,23.3704
2.79384,2.49377,22.9754
2.771,2.61335,22.5908
2.76212,2.74137,22.2168
2.76669,2.87813,21.8537
2.78428,3.02406,21.502
2.81455,3.17968,21.1622
2.85724,3.34559,20.8347
2.91218,3.52246,20.5202
2.97928,3.71105,20.2193
3.05854,3.91213,19.9328
3.15003,4.12657,19.6616
3.25391,4.35522,19.4067
3.37038,4.599,19.1692
3.49974,4.85881,18.9504
3.64232,5.13555,18.7518
3.79852,5.43008,18.575
3.96878,5.74323,18.422
4.15357,6.07571,18.2947
4.35337,6.42812,18.1957
4.56868,6.80088,18.1275
4.79997,7.1942,18.0931
5.04766,7.60797,18.0956
5.31214,8.0417,18.1385
5.59364,8.49444,18.2257
5.89231,8.96467,18.3612
6.20806,9.45018,18.5491
6.54058,9.94794,18.794
6.88927,10.454,19.1001
7.25313,10.9633,19.4718
7.63074,11.4696,19.9128
8.02015,11.9654,20.4267
8.41883,12.4419,21.0157
8.82358,12.8889,21.6811
9.23047,13.2952,22.4225
9.63484,13.6484,23.2374
10.0313,13.9356,24.121
10.4135,14.1436,25.0654
10.7749,14.2599,26.0599
11.108,14.273,27.0908
11.4053,14.1738,28.1411
11.6592,13.9558,29.1914
11.8623,13.6167,30.2204
12.008,13.1581,31.2056
12.0907,12.5866,32.125
12.106,11.9134,32.9577
12.0516,11.1538,33.6857
11.9266,10.3266,34.2946
11.7323,9.45308,34.7746
11.4721,8.55534,35.1209
11.1509,7.65524,35.3336
10.7754,6.77312,35.4171
10.3532,5.92677,35.3799
9.89306,5.13074,35.2333
9.4038,4.39603,34.9903
8.89447,3.72998,34.6652
8.37371,3.13656,34.2719
7.8496,2.61675,33.8239
7.32942,2.16907,33.3336
6.81949,1.79013,32.8119
6.32516,1.47522,32.2682
5.85078,1.21873,31.7102
5.39972,1.01465,31.1442
4.97445,0.856848,30.5754
4.57663,0.739342,30.0076
4.2072,0.656489,29.4436
3.86651,0.60309,28.8857
3.55439,0.574467,28.3353
3.27028,0.566481,27.7934
3.01329,0.575543,27.2607
2.78232,0.598584,26.7377
2.5761,0.633031,26.2246
2.39324,0.676759,25.7214
2.23232,0.728052,25.2281
2.09191,0.785557,24.7447
1.97059,0.848239,24.2712
1.867,0.915343,23.8073
1.77984,0.986353,23.353
1.70791,1.06096,22.9083
1.6501,1.13904,22.4729
1.60538,1.22062,22.0469
1.57286,1.30584,21.6302
1.55173,1.39498,21.2228
1.5413,1.48841,20.8246
1.54097,1.58657,20.4357
1.55027,1.68999,20.0561
1.5688,1.79928,19.6859
1.59629,1.9151,19.3251
1.63252,2.03818,18.9741
1.6774,2.16931,18.6328
1.73091,2.30934,18.3016
1.79312,2.45918,17.9808
1.86419,2.61981,17.6707
1.94434,2.79226,17.3718
2.03389,2.97764,17.0846
2.13323,3.17712,16.8098
2.24284,3.39195,16.548
2.36325,3.62343,16.3003
2.49509,3.87293,16.0677
2.63906,4.1419,15.8513
2.79593,4.43182,15.6528
2.96653,4.74422,15.4737
3.15178,5.08065,15.316
3.35264,5.44266,15.1821
3.57013,5.83177,15.0746
3.80533,6.24939,14.9966
4.05931,6.69682,14.9516
4.33319,7.17511,14.9437
4.62805,7.68501,14.9773
4.94492,8.22682,15.0577
5.28472,8.80023,15.1907
5.64825,9.40418,15.3825
6.03605,10.0366,15.6401
6.44838,10.6942,15.971
6.88508,11.3722,16.3831
7.34547,12.0639,16.8844
7.82819,12.7606,17.4826
8.33108,13.4512,18.1852
8.85099,14.1219,18.9983
9.38363,14.7563,19.9262
9.92343,15.3352,20.9706
10.4634,15.8372,22.1296
10.9951,16.239,23.3966
11.5087,16.5167,24.7597
11.9928,16.647,26.2008
12.4353,16.609,27.6953
12.8232,16.386,29.2125
13.1436,15.9682,30.7165
13.3842,15.3535,32.168
13.5341,14.5496,33.5263
13.5849,13.5741,34.7529
13.5307,12.4537,35.814
13.3694,11.223,36.6832
13.1025,9.9212,37.3437
12.7355,8.58983,37.7889
12.2768,7.26894,38.0229
11.7381,5.99455,38.0584
11.1329,4.79646,37.9154
10.4759,3.69704,37.6185
9.78213,2.71089,37.1943
9.06638,1.84532,36.6698
8.34226,1.1013,36.0702
7.62198,0.474769,35.4177
6.916,-0.0420083,34.7316
6.23293,-0.459159,34.0272
5.57953,-0.788093,33.3167
4.9608,-1.04063,32.6092
4.38013,-1.22835,31.9109
3.83956,-1.36216,31.2262
3.33989,-1.452,30.5579
2.88099,-1.50675,29.9072
2.46193,-1.53416,29.2748
2.08118,-1.54088,28.6606
1.7368,-1.53255,28.0641
1.42652,-1.51388,27.4846
1.14788,-1.48873,26.9212
0.898336,-1.46028,26.3732
0.675301,-1.43106,25.8398
0.476225,-1.40308,25.3201
0.29863,-1.37793,24.8134
0.140141,-1.35684,24.3191
-0.00149479,-1.34075,23.8367
-0.128391,-1.33036,23.3655
-0.242521,-1.3262,22.9053
-0.345711,-1.32866,22.4556
-0.439649,-1.33804,22.0162
-0.525884,-1.35458,21.5867
-0.605842,-1.37847,21.1669
-0.680825,-1.40987,20.7566
-0.752031,-1.44896,20.3558
-0.820561,-1.49593,19.9642
-0.887429,-1.55099,19.5817
-0.953576,-1.61441,19.2084
-1.01988,-1.68648,18.8442
-1.08716,-1.76757,18.4891
-1.15622,-1.85808,18.1431
-1.22778,-1.95852,17.8063
-1.3026,-2.06942,17.479
-1.38139,-2.19145,17.1612
-1.46485,-2.3253,16.8532
-1.55372,-2.47179,16.5553
-1.64871,-2.63182,16.2679
-1.75059,-2.80636,15.9915
-1.86013,-2.99651,15.7267
-1.97814,-3.20344,15.4742
-2.10548,-3.42844,15.2348
-2.24304,-3.67289,15.0095
-2.39178,-3.93825,14.7996
-2.55268,-4.2261,14.6064
-2.72682,-4.53808,14.4317
-2.91532,-4.87588,14.2774
-3.11934,-5.24126,14.1457
-3.34012,-5.63596,14.0395
-3.57894,-6.06169,13.9618
-3.83711,-6.52008,13.9162
-4.11598,-7.01256,13.907
-4.41687,-7.54029,13.9389
-4.74109,-8.10404,14.0175
-5.08985,-8.70401,14.1489
-5.46425,-9.33963,14.34
-5.86518,-10.0093,14.5986
-6.29322,-10.7103,14.9331
-6.74857,-11.438,15.3524
-7.23089,-12.1861,15.866
-7.73913,-12.9457,16.4832
-8.27141,-13.7054,17.2133
-8.82475,-14.4506,18.0645
-9.39495,-15.1635,19.043
-9.9763,-15.8228,20.1526
-10.5615,-16.4042,21.3931
-11.1415,-16.881,22.7592
-11.7055,-17.2249,24.2393
-12.241,-17.4078,25.8146
-12.734,-17.4037,27.4582
-13.1699,-17.1916,29.1359
-13.5334,-16.7576,30.8063
-13.81,-16.0974,32.4235
-13.9869,-15.2183,33.9395
-14.0534,-14.14,35.3083
-14.0025,-12.8936,36.4893
-13.8313,-11.5196,37.4509
-13.5414,-10.0651,38.1734
-13.1388,-8.57949,38.6497
-12.6335,-7.11025,38.8857
-12.0391,-5.6997,38.898
-11.3712,-4.38218,38.7116
-10.6471,-3.1827,38.3568
-9.88412,-2.11673,37.8659
-9.09905,-1.19092,37.2709
-8.30736,-0.404455,36.601
-7.52267,0.249157,35.8819
-6.75646,0.78041,35.1346
-6.01802,1.2022,34.3759
-5.31444,1.52851,33.6184
-4.65081,1.77344,32.8712
-4.03041,1.95048,32.1402
-3.45497,2.07211,31.4292
-2.92495,2.1495,30.7403
-2.43973,2.19246,30.074
-1.99792,2.20945,29.4302
-1.59751,2.2076,28.8082
-1.23603,2.19293,28.2069
-0.91077,2.17035,27.6253
-0.618826,2.1439,27.062
-0.357234,2.11683,26.5159
-0.123035,2.09172,25.9859
0.0866677,2.07064,25.471
0.274669,2.05516,24.9704
0.443629,2.04654,24.4832
0.59606,2.04571,24.009
0.734315,2.05341,23.5471
0.860582,2.0702,23.0971
0.976888,2.09653,22.6587
1.08511,2.13274,22.2317
1.18697,2.17916,21.8157
1.28405,2.23606,21.4107
1.37784,2.30375,21.0167
1.46967,2.38253,20.6336
1.56081,2.47275,20.2614
1.65244,2.57479,19.9003
1.74564,2.6891,19.5506
1.84146,2.81618,19.2123
1.94091,2.95662,18.8859
2.04492,3.11107,18.5718
2.15444,3.28025,18.2705
2.27039,3.46498,17.9825
2.39366,3.66613,17.7088
2.52519,3.88466,17.45
2.66587,4.12161,17.2073
2.81665,4.37804,16.9819
2.97847,4.65511,16.7752
3.1523,4.95399,16.5888
3.33914,5.27586,16.4246
3.53998,5.62189,16.2849
3.75586,5.9932,16.1722
3.98779,6.39082,16.0893
4.2368,6.81559,16.0395
4.50388,7.26815,16.0265
4.78996,7.7488,16.0546
5.09591,8.25741,16.1283
5.42248,8.79325,16.2528
5.77022,9.3549,16.4338
6.13948,9.93999,16.6772
6.53028,10.5451,16.9894
6.94224,11.1653,17.377
7.3745,11.7943,17.8467
7.82559,12.4239,18.4047
8.29328,13.0438,19.0567
8.77452,13.6419,19.8072
9.26523,14.2036,20.659
9.76028,14.7123,21.6125
10.2533,15.1499,22.665
10.7369,15.4967,23.8097
11.2022,15.7332,25.0358
11.6397,15.8401,26.327
12.0387,15.8007,27.6623
12.3884,15.6018,29.0155
12.6778,15.2354,30.3567
12.8966,14.7003,31.6531
13.0358,14.0026,32.8711
13.0879,13.1562,33.9786
13.0482,12.1828,34.9471
12.9146,11.1097,35.7535
12.6881,9.96902,36.3826
12.3727,8.79454,36.8269
11.9752,7.61971,37.0874
11.505,6.47529,37.1723
10.9732,5.38754,37.0961
10.3921,4.37715,36.8776
9.77452,3.45869,36.5381
9.13311,2.64079,36.0996
8.47991,1.92666,35.5834
7.82591,1.31506,35.0092
7.18071,0.801246,34.3941
6.55247,0.378034,33.7528
5.94777,0.0366988,33.0971
5.37171,-0.232242,32.436
4.82799,-0.438421,31.7766
4.31905,-0.591174,31.124
3.84623,-0.699244,30.4815
3.40996,-0.770595,29.8515
3.0099,-0.812321,29.2352
2.64512,-0.830628,28.6333
2.31422,-0.830852,28.046
2.01548,-0.817517,27.4729
1.74694,-0.794401,26.9139
1.5065,-0.764619,26.3685
1.29199,-0.730705,25.836
1.10124,-0.694688,25.316
0.932101,-0.658165,24.8079
0.782509,-0.622376,24.3112
0.650483,-0.588256,23.8255
0.534159,-0.556497,23.3504
0.431792,-0.527589,22.8855
0.341766,-0.501865,22.4303
0.262592,-0.479533,21.9847
0.192908,-0.460708,21.5483
0.131476,-0.445433,21.1209
0.0771714,-0.433703,20.7022
0.0289809,-0.425479,20.2921
-0.0140084,-0.420705,19.8902
-0.0526168,-0.419315,19.4965
-0.0875799,-0.421247,19.1108
-0.119558,-0.426445,18.7328
-0.149144,-0.434867,18.3624
-0.176871,-0.446491,17.9995
-0.20322,-0.461317,17.644
-0.228629,-0.479369,17.2956
-0.253495,-0.500698,16.9543
-0.278187,-0.525388,16.6199
-0.303046,-0.55355,16.2924
-0.328392,-0.58533,15.9716
-0.354533,-0.62091,15.6573
-0.381765,-0.660509,15.3496
-0.410378,-0.704382,15.0484
-0.440662,-0.752829,14.7535
-0.47291,-0.806192,14.4648
-0.50742,-0.864861,14.1825
-0.544504,-0.929276,13.9063
-0.584486,-0.999931,13.6363
-0.627711,-1.07738,13.3726
-0.674546,-1.16224,13.115
-0.725385,-1.25519,12.8637
-0.780654,-1.35699,12.6187
-0.840813,-1.46849,12.3801
-0.906364,-1.59062,12.1482
-0.977853,-1.72439,11.9231
-1.05588,-1.87094,11.7051
-1.14109,-2.03151,11.4946
-1.23421,-2.20747,11.2919
-1.33602,-2.40031,11.0976
-1.44737,-2.61167,10.9123
-1.56921,-2.84334,10.737
-1.70255,-3.09727,10.5725
-1.84854,-3.37556,10.42
-2.00838,-3.68049,10.281
-2.18342,-4.01452,10.1572
-2.37511,-4.38027,10.0508
-2.585,-4.78049,9.96417
-2.81479,-5.21809,9.90045
-3.06628,-5.69606,9.86323
-3.3414,-6.21743,9.8568
-3.64218,-6.78516,9.88631
-3.97071,-7.40208,9.9578
-4.32918,-8.07068,10.0784
-4.71973,-8.79292,10.2564
-5.1445,-9.56993,10.5016
-5.60544,-10.4017,10.825
-6.10426,-11.2865,11.2392
-6.64222,-12.2205,11.7582
-7.22,-13.1969,12.3976
-7.83736,-14.2054,13.1735
-8.49291,-15.231,14.1029
-9.18371,-16.2536,15.2017
-9.90489,-17.2468,16.4844
-10.6492,-18.1778,17.9616
-11.4068,-19.0071,19.6379
-12.1644,-19.6894,21.5092
-12.9058,-20.1756,23.5604
-13.6113,-20.4153,25.7622
-14.2587,-20.362,28.07
-14.8237,-19.9776,30.4236
-15.2813,-19.2393,32.7495
-15.6077,-18.1442,34.9653
-15.7824,-16.7133,36.9871
-15.7898,-14.9923,38.7376
-15.6213,-13.0481,40.1547
-15.2763,-10.963,41.1989
-14.7625,-8.82597,41.8561
-14.0953,-6.72278,42.1385
-13.2961,-4.72819,42.0802
-12.3908,-2.9001,41.7312
-11.4074,-1.2769,41.1498
-10.3739,0.122085,40.3962
-9.31661,1.29405,39.5263
-8.25902,2.24894,38.5887
-7.22098,3.00537,37.6227
-6.2184,3.5869,36.6582
-5.26332,4.01901,35.716
-4.3642,4.32697,34.8099
-3.52638,4.53436,33.9477
-2.75256,4.66236,33.1328
-2.04328,4.72934,32.3654
-1.39743,4.75092,31.6441
-0.812648,4.74009,30.9658
-0.285675,4.70751,30.3272
0.187353,4.6618,29.7246
0.610666,4.60985,29.1545
0.988675,4.55711,28.6137
1.32583,4.50782,28.0992
1.62651,4.46527,27.6085
1.89496,4.43197,27.1395
2.13522,4.40978,26.6904
2.3511,4.40009,26.2598
2.54616,4.40389,25.8466
2.7237,4.42186,25.4499
2.88677,4.45449,25.0693
3.03814,4.50206,24.7042
3.18036,4.56475,24.3546
3.31575,4.64265,24.0204
3.4464,4.73581,23.7018
3.57423,4.8442,23.3989
3.70094,4.96782,23.1122
3.8281,5.10662,22.8423
3.95709,5.26055,22.5898
4.08919,5.42956,22.3553
4.22552,5.61358,22.1399
4.36712,5.81249,21.9445
4.51488,6.02617,21.7702
4.66963,6.25443,21.6183
4.83206,6.49699,21.4901
5.0028,6.75348,21.3871
5.18235,7.02339,21.3109
5.37113,7.30607,21.2632
5.56942,7.60063,21.2458
5.77741,7.90598,21.2606
5.99512,8.22072,21.3095
6.22246,8.54314,21.3945
6.45913,8.87114,21.5176
6.70467,9.20223,21.6804
6.95838,9.53345,21.8848
7.21933,9.86137,22.1322
7.48634,10.1821,22.4237
7.75793,10.4911,22.7599
8.03233,10.7836,23.141
8.30743,11.0542,23.5663
8.58081,11.2972,24.0343
8.84974,11.5068,24.5427
9.11116,11.677,25.0879
9.36176,11.802,25.6653
9.598,11.8764,26.2689
9.81619,11.8953,26.8918
10.0126,11.8549,27.5257
10.1834,11.7525,28.1615
10.3253,11.5868,28.7895
10.4347,11.3582,29.3992
10.5091,11.0686,29.9805
10.546,10.7221,30.5232
10.5439,10.3241,31.0181
10.5019,9.88177,31.4571
10.42,9.40333,31.8334
10.299,8.898,32.142
10.1405,8.37546,32.3798
9.94689,7.84544,32.5453
9.72132,7.31735,32.6392
9.4674,6.79987,32.6634
9.18923,6.30073,32.6215
8.89119,5.82646,32.5182
8.5778,5.38228,32.3588
8.25359,4.97212,32.1492
7.92295,4.59859,31.8956
7.59006,4.26315,31.6041
7.25879,3.9662,31.2805
6.93264,3.70729,30.9305
6.61468,3.48525,30.559
6.30757,3.29841,30.1706
6.01352,3.14473,29.7695
5.73434,3.02192,29.3592
5.47144,2.92761,28.9427
5.22587,2.85943,28.5226
4.99834,2.81505,28.1013
4.78931,2.7923,27.6806
4.59897,2.78916,27.262
4.42732,2.80382,26.847
4.27419,2.83467,26.4368
4.1393,2.88033,26.0322
4.02226,2.93962,25.6342
3.92262,3.01157,25.2436
3.83988,3.09541,24.861
3.77355,3.19056,24.4871
3.72312,3.29661,24.1225
3.68809,3.4133,23.7678
3.66801,3.5405,23.4237
3.66246,3.67823,23.0908
3.67105,3.82658,22.7698
3.69346,3.98579,22.4612
3.72943,4.15612,22.166
3.77874,4.33794,21.8849
3.84123,4.53165,21.6188
3.9168,4.7377,21.3686
4.0054,4.95653,21.1355
4.10703,5.18862,20.9207
4.22174,5.43441,20.7253
4.3496,5.69429,20.551
4.49072,5.96862,20.3992
4.64522,6.25764,20.2717
4.81325,6.56148,20.1704
4.99491,6.88009,20.0972
5.19031,7.21323,20.0545
5.3995,7.5604,20.0446
5.62247,7.92079,20.0701
5.85911,8.29324,20.1334
6.1092,8.67614,20.2375
6.37234,9.06739,20.3849
6.64798,9.46432,20.5786
6.9353,9.86364,20.821
7.23324,10.2614,21.1146
7.54041,10.6528,21.4615
7.85507,11.0324,21.8631
8.1751,11.3941,22.3203
8.49794,11.7308,22.8331
8.82059,12.035,23.4001
9.1396,12.2988,24.0191
9.45106,12.514,24.6859
9.75067,12.6723,25.3949
10.0338,12.7661,26.1386
10.2955,12.7884,26.9078
10.5307,12.7336,27.6916
10.7344,12.5977,28.4777
10.9018,12.3788,29.2524
11.0284,12.0776,30.0018
11.1105,11.6973,30.7116
11.1449,11.2435,31.3682
11.1297,10.7248,31.9592
11.0638,10.1516,32.4739
10.9475,9.53609,32.9042
10.7822,8.89163,33.2443
10.5704,8.23194,33.4914
10.3159,7.57046,33.6453
10.023,6.9198,33.7087
9.69706,6.29118,33.686
9.34378,5.69407,33.5837
8.96914,5.13601,33.4094
8.57916,4.6225,33.1715
8.17973,4.15709,32.8786
7.77642,3.74156,32.5392
7.37438,3.37612,32.1616
6.97821,3.05972,31.7531
6.59192,2.79031,31.3206
6.21892,2.56512,30.87
5.86199,2.38091,30.4064
5.52334,2.23418,29.9342
5.20463,2.12137,29.4569
4.907,2.03895,28.9776
4.63119,1.98356,28.4987
4.37753,1.95209,28.022
4.14606,1.9417,27.5491
3.93655,1.94986,27.0814
3.74855,1.97434,26.6197
3.58149,2.01327,26.1649
3.43466,2.06505,25.7175
3.3073,2.12838,25.2782
3.19861,2.20222,24.8473
3.10775,2.28579,24.4253
3.03395,2.37854,24.0125
2.97642,2.48009,23.6092
2.93445,2.59028,23.2159
2.90738,2.70908,22.8327
2.89461,2.83663,22.4602
2.89562,2.97317,22.0987
2.90999,3.11906,21.7486
2.93733,3.27479,21.4104
2.9774,3.44088,21.0847
3.02998,3.61798,20.7722
3.09497,3.80677,20.4734
3.17234,4.00799,20.1891
3.26213,4.22245,19.9204
3.36446,4.45096,19.6682
3.4795,4.69435,19.4336
3.60752,4.95349,19.218
3.74881,5.22918,19.0228
3.90372,5.52224,18.8497
4.07265,5.83337,18.7006
4.25601,6.16322,18.5776
4.45423,6.51228,18.4829
4.66776,6.88087,18.4193
4.89699,7.26905,18.3895
5.14228,7.6766,18.3967
5.40393,8.1029,18.4443
5.68211,8.54685,18.536
5.97686,9.00681,18.6755
6.28801,9.48044,18.867
6.61516,9.96459,19.1145
6.9576,10.4552,19.4221
7.31426,10.9472,19.7937
7.68362,11.4345,20.2328
8.06367,11.9095,20.7424
8.45182,12.3637,21.3243
8.84485,12.7872,21.9793
9.23887,13.1692,22.7065
9.62926,13.4979,23.5031
10.0107,13.7611,24.3637
10.3772,13.9467,25.2806
10.7223,14.0429,26.243
11.039,14.0395,27.2373
11.32,13.9282,28.2473
11.5583,13.7037,29.2543
11.7469,13.3642,30.238
11.8798,12.9121,31.1775
11.9519,12.354,32.052
11.9592,11.7008,32.8424
11.8997,10.9672,33.5319
11.7729,10.1712,34.1076
11.5802,9.3326,34.5603
11.3247,8.47211,34.8859
11.0115,7.61015,35.0846
10.6468,6.76565,35.1606
10.2379,5.95515,35.1219
9.79302,5.19227,34.979
9.32061,4.48728,34.744
8.82916,3.84714,34.4301
8.32686,3.27567,34.0505
7.82135,2.77394,33.6177
7.31954,2.3407,33.1433
6.82745,1.97294,32.6378
6.35018,1.66635,32.11
5.89191,1.41582,31.5673
5.4559,1.21578,31.0159
5.04456,1.06052,30.4608
4.65953,0.944476,29.9056
4.30177,0.862345,29.3534
3.97168,0.809234,28.8063
3.66918,0.780722,28.2659
3.39378,0.772887,27.7332
3.1447,0.782315,27.2092
2.92093,0.806083,26.6942
2.72132,0.84173,26.1886
2.54458,0.887227,25.6925
2.3894,0.94093,25.2061
2.25444,1.00155,24.7292
2.13839,1.06809,24.262
2.03997,1.13985,23.8044
1.95798,1.21635,23.3564
1.89128,1.29731,22.9178
1.83885,1.38264,22.4887
1.79974,1.47239,22.0691
1.77312,1.56675,21.6589
1.75824,1.66604,21.2583
1.75449,1.77066,20.8672
1.76132,1.88109,20.4858
1.77832,1.99794,20.1141
1.80515,2.12184,19.7523
1.84159,2.25352,19.4007
1.88751,2.39377,19.0594
1.94285,2.54345,18.7288
2.00766,2.70347,18.4092
2.08207,2.87482,18.1011
2.16629,3.05853,17.8051
2.26063,3.25573,17.5217
2.36545,3.46757,17.2517
2.48122,3.69529,16.996
2.60845,3.94017,16.7556
2.74777,4.20355,16.5317
2.89985,4.48681,16.3258
3.06542,4.79135,16.1395
3.24531,5.1186,15.9747
3.44038,5.46996,15.8335
3.65154,5.84679,15.7186
3.87975,6.25034,15.6328
4.12599,6.68175,15.5795
4.39123,7.1419,15.5624
4.67643,7.63137,15.5857
4.9825,8.15033,15.6544
5.31025,8.69837,15.7736
5.66032,9.27435,15.9493
6.03316,9.87624,16.1877
6.42893,10.5009,16.4958
6.8474,11.1436,16.8805
7.28785,11.7984,17.3491
7.74895,12.4571,17.9085
8.22865,13.1095,18.5653
8.72397,13.743,19.3249
9.23095,14.3429,20.1911
9.74444,14.8917,21.1652
10.2581,15.3703,22.2455
10.7641,15.7578,23.4261
11.2536,16.0326,24.6964
11.7163,16.1739,26.0405
12.1413,16.1625,27.4366
12.5166,15.9831,28.8578
12.8307,15.6259,30.2721
13.0721,15.0879,31.6446
13.2307,14.3745,32.9388
13.2984,13.4996,34.1194
13.2695,12.4856,35.1548
13.1413,11.3619,36.0195
12.9144,10.1627,36.6959
12.5929,8.925,37.1753
12.1837,7.68523,37.4583
11.6968,6.47708,37.5538
11.144,5.32933,37.4776
10.5384,4.26455,37.25
9.89383,3.29858,36.8944
9.22383,2.44061,36.4349
8.54132,1.69392,35.8947
7.85803,1.05685,35.2951
7.18424,0.523951,34.6547
6.52858,0.087169,33.9889
5.898,-0.26317,33.3102
5.29786,-0.537483,32.6282
4.73197,-0.746276,31.9501
4.20283,-0.899666,31.281
3.71174,-1.00707,30.6241
3.25903,-1.07701,29.9818
2.84426,-1.11706,29.3549
2.46632,-1.13378,28.7441
2.12365,-1.13281,28.1492
1.81435,-1.1189,27.5698
1.53626,-1.09602,27.0056
1.28712,-1.0674,26.4557
1.06457,-1.0357,25.9196
0.866286,-1.00302,25.3967
0.689957,-0.971025,24.8862
0.533366,-0.941008,24.3876
0.394396,-0.913955,23.9005
0.271052,-0.890602,23.4243
0.161466,-0.871489,22.9586
0.0639066,-0.856998,22.503
-0.0232248,-0.847396,22.0572
-0.101395,-0.842859,21.621
-0.171944,-0.843506,21.194
-0.236095,-0.849416,20.7761
-0.294961,-0.860646,20.3669
-0.349553,-0.87725,19.9664
-0.400793,-0.899287,19.5743
-0.449519,-0.926833,19.1906
-0.4965,-0.959989,18.815
-0.542443,-0.998891,18.4475
-0.588,-1.04371,18.0879
-0.633781,-1.09466,17.7362
-0.680362,-1.15201,17.3923
-0.72829,-1.21608,17.0562
-0.778093,-1.28723,16.7278
-0.830288,-1.36591,16.4071
-0.885387,-1.4526,16.0942
-0.943903,-1.54788,15.7891
-1.00636,-1.65239,15.4919
-1.07329,-1.76684,15.2027
-1.14526,-1.89203,14.9218
-1.22285,-2.02887,14.6493
-1.30667,-2.17832,14.3855
-1.3974,-2.34147,14.1309
-1.49573,-2.51952,13.8859
-1.60242,-2.71375,13.6511
-1.71828,-2.92559,13.4271
-1.84419,-3.15658,13.2148
-1.98108,-3.40837,13.0153
-2.12999,-3.68275,12.8297
-2.29201,-3.98162,12.6595
-2.46832,-4.30702,12.5065
-2.66019,-4.66107,12.3726
-2.86896,-5.04598,12.2604
-3.09609,-5.46403,12.1728
-3.34307,-5.91751,12.1131
-3.61151,-6.40863,12.0854
-3.90305,-6.93952,12.0943
-4.21937,-7.51203,12.1453
-4.56214,-8.12763,12.2446
-4.933,-8.78722,12.3996
-5.33347,-9.49088,12.6185
-5.76488,-10.2376,12.9106
-6.22829,-11.0248,13.2861
-6.7243,-11.8481,13.7563
-7.25294,-12.7007,14.3333
-7.81344,-13.5727,15.0295
-8.40401,-14.451,15.8571
-9.02157,-15.3182,16.8277
-9.66149,-16.1525,17.9506
-10.3173,-16.9274,19.2322
-10.9803,-17.6121,20.6737
-11.6396,-18.172,22.2699
-12.2819,-18.5701,24.007
-12.8917,-18.7693,25.8615
-13.4513,-18.7355,27.7986
-13.9421,-18.4411,29.773
-14.3448,-17.8687,31.7303
-14.641,-17.015,33.6093
-14.8147,-15.8931,35.3475
-14.8532,-14.5329,36.8859
-14.749,-12.9803,38.1748
-14.4998,-11.2927,39.1787
-14.1099,-9.53458,39.8795
-13.589,-7.77079,40.2772
-12.9519,-6.06102,40.3884
-12.2175,-4.45514,40.2435
-11.4067,-2.99039,39.8813
-10.5416,-1.69048,39.3451
-9.6435,-0.566369,38.6779
-8.73246,0.381826,37.9197
-7.82609,1.16232,37.1049
-6.93925,1.78905,36.2619
-6.08392,2.27928,35.4124
-5.26919,2.6517,34.5725
-4.50148,2.92498,33.753
-3.7849,3.11679,32.9607
-3.12154,3.24323,32.1994
-2.51186,3.31853,31.4704
-1.95499,3.35499,30.7736
-1.4491,3.36306,30.1078
-0.991603,3.35145,29.4712
-0.579398,3.32736,28.8618
-0.209074,3.29664,28.2775
0.122958,3.26399,27.7162
0.420348,3.23317,27.1763
0.686715,3.20712,26.6559
0.925582,3.18816,26.1536
1.14033,3.17805,25.6684
1.33416,3.17817,25.1991
1.5101,3.18952,24.745
1.67095,3.21291,24.3054
1.81933,3.24891,23.88
1.95764,3.29798,23.4684
2.0881,3.36048,23.0704
2.21276,3.43674,22.6859
2.3335,3.52702,22.3151
2.45202,3.63161,21.958
2.56992,3.75079,21.6149
2.68866,3.88488,21.2863
2.8096,4.03423,20.9726
2.93399,4.19922,20.6743
3.06302,4.38026,20.3923
3.1978,4.57782,20.1273
3.33937,4.79238,19.8803
3.48872,5.02444,19.6525
3.64682,5.2745,19.4452
3.81456,5.54306,19.26
3.9928,5.83057,19.0983
4.18238,6.13741,18.9623
4.38406,6.46387,18.854
4.59857,6.81008,18.7757
4.82657,7.17598,18.7302
5.06863,7.56123,18.7202
5.32523,7.96519,18.749
5.59671,8.38677,18.8198
5.88327,8.82442,18.9362
6.1849,9.27595,19.1019
6.50136,9.73849,19.3208
6.8321,10.2083,19.5966
7.17625,10.6809,19.933
7.53252,11.1505,20.3333
7.89917,11.6104,20.8003
8.27392,12.0529,21.336
8.65391,12.469,21.9414
9.03566,12.8487,22.6161
9.41502,13.1812,23.3577
9.7872,13.4554,24.162
10.1467,13.6596,25.0224
10.4877,13.7829,25.9296
10.8036,13.8151,26.8718
11.0877,13.7479,27.8345
11.3334,13.5753,28.8012
11.534,13.2944,29.7532
11.6836,12.9059,30.6712
11.7769,12.4143,31.5357
11.8099,11.8283,32.3279
11.7799,11.1602,33.0312
11.6859,10.4254,33.6319
11.5283,9.6416,34.1198
11.3096,8.82796,34.4888
11.0336,8.00366,34.7371
10.7056,7.18708,34.8669
10.3322,6.3948,34.8837
9.92067,5.64095,34.7962
9.47891,4.93676,34.6149
9.01492,4.29039,34.3516
8.53659,3.70703,34.0185
8.05142,3.1891,33.6277
7.56631,2.73671,33.1905
7.08742,2.34803,32.7174
6.62006,2.01977,32.2175
6.1687,1.74767,31.6986
5.73691,1.52681,31.1672
5.32747,1.35199,30.6287
4.94236,1.21796,30.0873
4.58292,1.11965,29.5465
4.24986,1.05228,29.0088
3.9434,1.01147,28.4762
3.66335,0.99326,27.95
3.40916,0.994186,27.4312
3.18005,1.01123,26.9207
2.97504,1.04182,26.4188
2.79302,1.08382,25.926
2.6328,1.13548,25.4424
2.49315,1.19537,24.9681
2.37284,1.26243,24.5033
2.27067,1.33584,24.0479
2.1855,1.41504,23.6021
2.11623,1.49969,23.1657
2.06187,1.58964,22.7389
2.0215,1.68488,22.3217
1.99429,1.78558,21.9142
1.97953,1.89202,21.5164
1.9766,2.00458,21.1285
1.98497,2.12375,20.7506
2.00423,2.25011,20.3828
2.03406,2.38431,20.0255
2.07422,2.52709,19.6789
2.1246,2.67924,19.3433
2.18515,2.84164,19.0192
2.25593,3.01522,18.7069
2.33707,3.20097,18.4071
2.4288,3.39995,18.1205
2.53142,3.61326,17.8478
2.64531,3.84207,17.5898
2.77094,4.08759,17.3478
2.90883,4.35107,17.1229
3.0596,4.63379,16.9165
3.2239,4.93704,16.7304
3.40248,5.26212,16.5663
3.5961,5.61027,16.4266
3.80559,5.98267,16.3137
4.0318,6.38041,16.2304
4.2756,6.80438,16.1801
4.53784,7.25524,16.1664
4.81935,7.7333,16.1934
5.12087,8.23845,16.2656
5.44305,8.76999,16.3883
5.78638,9.32651,16.5667
6.15112,9.90567,16.807
6.53722,10.504,17.1152
6.94427,11.1169,17.4978
7.37135,11.7379,17.9614
7.81697,12.3591,18.5118
8.27891,12.9705,19.1548
8.75411,13.5599,19.8945
9.23856,14.1133,20.7336
9.72719,14.6146,21.6725
10.2138,15.0458,22.7084
10.6909,15.3882,23.8348
11.1502,15.6223,25.0409
11.582,15.7297,26.311
11.9762,15.694,27.6244
12.322,15.5022,28.9559
12.6088,15.1467,30.2762
12.8264,14.626,31.5536
12.966,13.9458,32.7552
13.0203,13.1197,33.8497
12.9846,12.1681,34.8091
12.8568,11.1178,35.6109
12.6376,9.99951,36.2396
12.3309,8.84628,36.6875
11.9433,7.69068,36.9551
11.4837,6.56284,37.05
10.963,5.48867,36.9858
10.393,4.48872,36.7806
9.78632,3.57767,36.4547
9.15535,2.76439,36.0298
8.51193,2.05248,35.5265
7.86687,1.44112,34.9642
7.22972,0.926025,34.3599
6.60858,0.500422,33.7281
6.01004,0.155969,33.0804
5.43924,-0.11649,32.4263
4.89993,-0.326321,31.7727
4.39464,-0.482652,31.1248
3.92479,-0.594066,30.4863
3.4909,-0.668414,29.8594
3.09273,-0.712711,29.2456
2.72944,-0.733112,28.6456
2.39972,-0.734924,28.0597
2.10192,-0.722657,27.4879
1.83415,-0.700087,26.9297
1.59438,-0.670333,26.3849
1.3805,-0.635936,25.8528
1.19039,-0.598933,25.333
1.02195,-0.560934,24.825
0.873147,-0.523183,24.3284
0.74205,-0.486623,23.8426
0.626821,-0.451946,23.3673
0.525746,-0.419641,22.9022
0.437236,-0.390035,22.4467
0.359826,-0.363327,22.0008
0.29218,-0.339615,21.564
0.233082,-0.318923,21.1362
0.181432,-0.301222,20.717
0.136239,-0.286444,20.3063
0.0966156,-0.274497,19.9039
0.0617671,-0.265274,19.5096
0.0309851,-0.258666,19.1231
0.00363913,-0.254565,18.7444
-0.0208314,-0.252869,18.3733
-0.0429246,-0.253491,18.0095
-0.0630835,-0.256354,17.6531
-0.0817026,-0.261402,17.3037
-0.0991343,-0.268595,16.9613
-0.115694,-0.277913,16.6257
-0.131668,-0.28936,16.2969
-0.147315,-0.302957,15.9746
-0.162873,-0.31875,15.6587
-0.178562,-0.33681,15.3492
-0.194589,-0.357228,15.0459
-0.211154,-0.380123,14.7487
-0.228446,-0.405639,14.4576
-0.246655,-0.433947,14.1723
-0.265967,-0.465245,13.8928
-0.286575,-0.499765,13.619
-0.308672,-0.537767,13.3509
-0.332463,-0.57955,13.0883
-0.358163,-0.625446,12.8312
-0.385998,-0.675831,12.5795
-0.416213,-0.731123,12.3332
-0.449071,-0.791787,12.0922
-0.484855,-0.858344,11.8566
-0.523876,-0.931367,11.6263
-0.566471,-1.0115,11.4013
-0.61301,-1.09944,11.1817
-0.663898,-1.19598,10.9675
-0.719581,-1.30198,10.7589
-0.780549,-1.4184,10.556
-0.84734,-1.5463,10.3589
-0.920548,-1.68684,10.1679
-1.00083,-1.84132,9.98336
-1.0889,-2.01114,9.80559
-1.18555,-2.19788,9.63511
-1.29167,-2.40323,9.47252
-1.4082,-2.62909,9.31857
-1.53622,-2.87751,9.17416
-1.67687,-3.15073,9.04042
-1.83143,-3.4512,8.91871
-2.00131,-3.78155,8.81069
-2.18801,-4.14462,8.71838
-2.3932,-4.54347,8.64422
-2.61869,-4.9813,8.59116
-2.8664,-5.4615,8.56276
-3.13842,-5.98754,8.56331
-3.43698,-6.56292,8.59793
-3.76441,-7.19109,8.67275
-4.12314,-7.87522,8.79506
-4.51566,-8.61809,8.97347
-4.94444,-9.42173,9.21808
-5.41188,-10.2871,9.54066
-5.92016,-11.2134,9.95472
-6.47106,-12.198,10.4756
-7.06584,-13.235,11.1203
-7.70485,-14.3148,11.9075
-8.38732,-15.4228,12.8565
-9.11085,-16.5387,13.9867
-9.87102,-17.6351,15.3162
-10.6609,-18.677,16.8596
-11.4703,-19.6212,18.6257
-12.2859,-20.4171,20.6138
-13.0901,-21.0082,22.8112
-13.8618,-21.3357,25.1888
-14.5761,-21.3431,27.6997
-15.2057,-20.9828,30.2777
-15.722,-20.2239,32.8396
-16.0972,-19.0585,35.2903
-16.3069,-17.5076,37.5312
-16.3323,-15.6216,39.4706
-16.1626,-13.478,41.0344
-15.7965,-11.173,42.1753
-15.2423,-8.81115,42.8774
-14.5175,-6.49336,43.1563
-13.6468,-4.30649,43.0542
-12.6599,-2.31648,42.6319
-11.5889,-0.565442,41.9595
-10.4656,0.927454,41.1076
-9.31967,2.1624,40.1412
-8.17719,3.154,39.1153
-7.0599,3.92621,38.0732
-5.98491,4.50781,37.0468
-4.96487,4.92894,36.0574
-4.0084,5.21866,35.1182
-3.12065,5.40356,34.2356
-2.3039,5.50699,33.4115
-1.55815,5.54885,32.6446
-0.881683,5.54576,31.9315
-0.271495,5.51133,31.268
0.276287,5.45654,30.6492
0.766104,5.39015,30.0706
1.20271,5.31904,29.5276
1.591,5.24859,29.0162
1.93584,5.18293,28.5329
2.24198,5.1252,28.0746
2.51397,5.07775,27.6389
2.75613,5.04229,27.2237
2.9725,5.02003,26.8274
3.16683,5.01182,26.4487
3.3426,5.01818,26.0867
3.50296,5.03944,25.7406
3.65081,5.07571,25.41
3.78877,5.12702,25.0947
3.91921,5.19328,24.7947
4.04426,5.27434,24.5101
4.16583,5.37001,24.241
4.28563,5.48004,23.988
4.40519,5.6042,23.7514
4.52585,5.74218,23.5319
4.64883,5.89369,23.3301
4.77515,6.05837,23.1469
4.90575,6.23587,22.9832
5.04142,6.42573,22.8398
5.18282,6.62747,22.7178
5.33052,6.8405,22.6184
5.48495,7.06414,22.5428
5.64645,7.29758,22.4921
5.81523,7.53985,22.4676
5.99138,7.78981,22.4707
6.17488,8.04613,22.5027
6.36555,8.30724,22.5647
6.56309,8.57131,22.6581
6.76701,8.83626,22.7838
6.97669,9.0997,22.9429
7.19131,9.35896,23.136
7.40985,9.61105,23.3636
7.63111,9.85271,23.6257
7.85366,10.0804,23.9221
8.07588,10.2903,24.2518
8.29591,10.4786,24.6135
8.51171,10.6413,25.0051
8.72105,10.7743,25.4238
8.92155,10.8739,25.8661
9.11067,10.9365,26.3279
9.28584,10.9589,26.804
9.44442,10.9387,27.289
9.58385,10.874,27.7765
9.70166,10.7639,28.2599
9.79558,10.6085,28.7323
9.86362,10.4088,29.1866
9.90413,10.1671,29.616
9.91588,9.88663,30.0138
9.89811,9.57157,30.3742
9.85058,9.227,30.6921
9.77359,8.85866,30.9632
9.66797,8.47273,31.1843
9.53508,8.07564,31.3536
9.37677,7.6738,31.4701
9.19531,7.2734,31.5342
8.99331,6.88022,31.547
8.77369,6.49944,31.5106
8.53952,6.13558,31.4281
8.29397,5.79237,31.3026
8.04026,5.47275,31.1381
7.7815,5.17889,30.9385
7.52071,4.91221,30.7079
7.26071,4.67348,30.4504
7.00409,4.46288,30.1698
6.7532,4.2801,29.87
6.51011,4.12443,29.5542
6.27661,3.99487,29.2258
6.05422,3.89022,28.8876
5.84419,3.80913,28.5422
5.64751,3.75019,28.1919
5.46495,3.71199,27.8387
5.29707,3.69313,27.4846
5.14426,3.6923,27.1311
5.00673,3.70829,26.7797
4.88458,3.73998,26.4317
4.77779,3.7864,26.0882
4.68625,3.84668,25.7503
4.60981,3.9201,25.419
4.54823,4.00605,25.0952
4.50129,4.10407,24.7799
4.4687,4.21376,24.4738
4.45021,4.33487,24.1778
4.44555,4.46721,23.8928
4.45446,4.61068,23.6196
4.47671,4.76524,23.3591
4.5121,4.9309,23.1122
4.56042,5.10773,22.8799
4.62151,5.29577,22.6632
4.69523,5.49511,22.4632
4.78145,5.70581,22.2811
4.88006,5.92789,22.118
4.99098,6.16132,21.9754
5.1141,6.40599,21.8545
5.24932,6.66168,21.7569
5.39653,6.92805,21.6842
5.55557,7.20459,21.6379
5.72626,7.49059,21.6197
5.90834,7.78512,21.6315
6.10149,8.08698,21.675
6.30528,8.39466,21.752
6.51916,8.70633,21.8641
6.74246,9.01975,22.0131
6.97431,9.33232,22.2004
7.21368,9.64099,22.4272
7.45932,9.94228,22.6945
7.70974,10.2323,23.0027
7.9632,10.5067,23.352
8.21772,10.7608,23.7417
8.47102,10.9896,24.1703
8.72056,11.1881,24.6358
8.96355,11.3509,25.135
9.19699,11.473,25.6638
9.41766,11.5496,26.2169
9.62226,11.5766,26.7883
9.8074,11.5503,27.3707
9.96974,11.4683,27.9562
10.1061,11.3294,28.5362
10.2135,11.1336,29.1017
10.2893,10.8825,29.6434
10.3315,10.5791,30.1525
10.3384,10.2279,30.6206
10.3092,9.83482,31.0401
10.2436,9.40686,31.4049
10.1421,8.95185,31.7098
10.0061,8.47817,31.9514
9.83732,7.99438,32.128
9.63843,7.50885,32.2393
9.41251,7.02952,32.2866
9.16307,6.56357,32.2722
8.89392,6.11723,32.1999
8.60908,5.6957,32.0739
8.3126,5.30303,31.8993
8.00848,4.94217,31.6814
7.70059,4.61501,31.4254
7.39253,4.32248,31.1369
7.08763,4.06469,30.8207
6.78888,3.84105,30.4817
6.49888,3.65045,30.1243
6.21987,3.49136,29.7525
5.95374,3.36199,29.3697
5.70197,3.26036,28.979
5.46575,3.18446,28.5832
5.24595,3.13226,28.1845
5.04317,3.10182,27.785
4.85777,3.09132,27.3865
4.68991,3.09907,26.9904
4.53958,3.12357,26.598
4.40664,3.16348,26.2104
4.29085,3.21767,25.8287
4.19188,3.28517,25.4537
4.10938,3.36521,25.0862
4.04291,3.45717,24.727
3.99209,3.56059,24.3769
3.95648,3.67515,24.0365
3.93569,3.80067,23.7065
3.92936,3.93709,23.3876
3.93713,4.08443,23.0806
3.95872,4.24282,22.7863
3.99387,4.41244,22.5054
4.04238,4.59356,22.2388
4.10406,4.78645,21.9875
4.17882,4.99145,21.7526
4.26657,5.20887,21.535
4.36727,5.43904,21.3361
4.48093,5.68224,21.1571
4.60755,5.93871,20.9995
4.74717,6.20861,20.8649
4.89985,6.49197,20.755
5.06561,6.7887,20.6715
5.24447,7.09853,20.6166
5.4364,7.42097,20.5922
5.64134,7.75525,20.6005
5.85912,8.10031,20.6439
6.08947,8.4547,20.7248
6.33201,8.81656,20.8454
6.58617,9.18356,21.0082
6.8512,9.55282,21.2155
7.12612,9.9209,21.4692
7.40969,10.2837,21.7712
7.70036,10.6366,22.1227
7.99626,10.9743,22.5245
8.29516,11.2907,22.9767
8.59444,11.5796,23.4782
8.89113,11.8341,24.0271
9.18185,12.047,24.6202
9.46287,12.2115,25.2528
9.73018,12.3206,25.9189
9.97949,12.3681,26.6109
10.2064,12.3489,27.3198
10.4065,12.2589,28.0352
10.5755,12.0959,28.7459
10.7093,11.8595,29.4397
10.8044,11.5513,30.1043
10.8578,11.1754,30.7277
10.8673,10.7379,31.2984
10.8317,10.2467,31.8065
10.7504,9.7118,32.2435
10.6243,9.14393,32.6031
10.4551,8.55475,32.8814
10.2453,7.95602,33.0765
9.99851,7.3591,33.1891
9.71892,6.7745,33.2217
9.41129,6.21148,33.1787
9.08071,5.67783,33.0658
8.73248,5.17967,32.8896
8.3719,4.72148,32.6573
8.00407,4.30614,32.3763
7.63386,3.93504,32.054
7.26572,3.60835,31.6972
6.90364,3.32517,31.3125
6.5511,3.0838,30.9057
6.21108,2.88194,30.4819
5.88601,2.71691,30.0458
5.57783,2.58579,29.6011
5.28802,2.48558,29.1512
5.01762,2.41336,28.6988
4.76733,2.36628,28.2461
4.53748,2.34172,27.7951
4.32816,2.33728,27.3473
4.13923,2.35081,26.9039
3.97035,2.38042,26.4661
3.82107,2.42451,26.0346
3.69084,2.48172,25.6102
3.57903,2.55096,25.1936
3.485,2.63134,24.7852
3.40808,2.72221,24.3857
3.34761,2.82313,23.9955
3.30298,2.9338,23.6151
3.27359,3.0541,23.2449
3.25891,3.18407,22.8854
3.25847,3.32385,22.5372
3.27186,3.47371,22.2007
3.29874,3.634,21.8766
3.33884,3.80518,21.5656
3.39196,3.98775,21.2684
3.45797,4.18229,20.9857
3.53681,4.38942,20.7185
3.6285,4.60979,20.4678
3.7331,4.84406,20.2347
3.85074,5.0929,20.0205
3.9816,5.35695,19.8266
4.12589,5.63681,19.6546
4.28387,5.93302,19.5062
4.45581,6.246,19.3834
4.642,6.57605,19.2882
4.84271,6.92328,19.2232
5.05819,7.28757,19.1908
5.28865,7.66852,19.1937
5.53419,8.06534,19.2352
5.79486,8.47686,19.3181
6.07053,8.90135,19.446
6.36089,9.3365,19.6221
6.66543,9.7793,19.85
6.98335,10.226,20.1329
7.31352,10.6719,20.4739
7.65445,11.1114,20.8757
8.00418,11.5379,21.3405
8.3603,11.944,21.8694
8.71984,12.3211,22.4626
9.07929,12.6601,23.119
9.43454,12.9509,23.8355
9.78091,13.1834,24.6073
10.1132,13.3476,25.4274
10.4258,13.4338,26.2865
10.7128,13.4337,27.1729
10.968,13.3405,28.0729
11.1853,13.1499,28.9709
11.359,12.8603,29.8499
11.4839,12.4735,30.6926
11.5556,11.9947,31.4815
11.5708,11.4324,32.2003
11.5275,10.7984,32.8347
11.4251,10.1069,33.3731
11.2645,9.3741,33.807
11.0481,8.61693,34.1317
10.7797,7.85248,34.346
10.4645,7.09688,34.4521
10.1084,6.36469,34.4554
9.71808,5.66823,34.3635
9.30081,5.01733,34.1859
8.8638,4.41915,33.933
8.41421,3.87828,33.6156
7.9588,3.39694,33.2445
7.50382,2.9753,32.8298
7.05484,2.61186,32.3808
6.61671,2.30385,31.9057
6.19349,2.04758,31.4116
5.7885,1.83881,30.9047
5.40429,1.673,30.3898
5.04276,1.54552,29.8711
4.70518,1.45191,29.3518
4.39227,1.38791,28.8344
4.10433,1.34961,28.3209
3.84124,1.33346,27.8128
3.60259,1.33634,27.3112
3.38774,1.35553,26.8169
3.19585,1.38869,26.3305
3.02597,1.43387,25.8525
2.87708,1.4895,25.3833
2.7481,1.55428,24.923
2.63796,1.62725,24.4718
2.54561,1.70768,24.03
2.47005,1.79509,23.5976
2.41032,1.8892,23.1748
2.36554,1.9899,22.7618
2.33494,2.09727,22.3586
2.31779,2.21149,21.9654
2.31349,2.3329,21.5825
2.32152,2.46193,21.2101
2.34145,2.59911,20.8485
2.37296,2.74507,20.498
2.41581,2.90049,20.159
2.46986,3.06617,19.832
2.53507,3.24294,19.5174
2.61146,3.4317,19.2159
2.69917,3.63342,18.9283
2.79839,3.8491,18.6552
2.90942,4.0798,18.3978
3.0326,4.32661,18.1571
3.16837,4.59063,17.9344
3.31723,4.873,17.7312
3.47972,5.17482,17.5491
3.65646,5.49719,17.39
3.84809,5.84111,17.2562
4.05529,6.20751,17.1502
4.27877,6.59717,17.0747
4.5192,7.01065,17.0329
4.77727,7.44825,17.0283
5.05359,7.90989,17.0648
5.34869,8.39503,17.1466
5.66297,8.90253,17.2785
5.99664,9.43052,17.4655
6.34969,9.97627,17.7127
6.72179,10.536,18.0257
7.11221,11.1045,18.4099
7.51976,11.6756,18.8706
7.94268,12.2411,19.4126
8.37851,12.7914,20.0398
8.82405,13.3151,20.7551
9.27521,13.7991,21.5595
9.72699,14.2288,22.4516
10.1734,14.5885,23.4276
10.6075,14.8619,24.4797
11.0215,15.0328,25.5969
11.4068,15.0862,26.7638
11.7543,15.0093,27.961
12.0547,14.7928,29.1656
12.299,14.4317,30.3518
12.4786,13.9269,31.4921
12.5864,13.2849,32.5588
12.6168,12.5189,33.5257
12.566,11.6473,34.3698
12.433,10.6935,35.0729
12.219,9.68387,35.6229
11.9277,8.64628,36.0137
11.5651,7.60813,36.2462
11.1392,6.59469,36.3267
10.6595,5.62777,36.2668
10.1364,4.72478,36.0813
9.58083,3.89839,35.7873
9.0035,3.15652,35.4027
8.41476,2.50277,34.9453
7.82411,1.93702,34.4314
7.23996,1.4562,33.8757
6.66955,1.05506,33.2911
6.11884,0.726913,32.688
5.59254,0.464238,32.075
5.09417,0.259218,31.4589
4.62619,0.10412,30.8445
4.19011,-0.00842647,30.2358
3.78659,-0.0852417,29.6351
3.41564,-0.132491,29.0444
3.0767,-0.155636,28.4646
2.76878,-0.159433,27.8963
2.49057,-0.147955,27.3399
2.24053,-0.124639,26.7953
2.01696,-0.0923422,26.2624
1.81807,-0.0533999,25.741
1.64206,-0.00969062,25.2308
1.48713,0.0373061,24.7314
1.35152,0.0864532,24.2425
1.23357,0.136905,23.7639
1.13168,0.188062,23.2952
1.04437,0.239528,22.8363
0.970273,0.291078,22.3867
0.908133,0.342626,21.9464
0.856812,0.394201,21.515
0.81529,0.445924,21.0925
0.782655,0.497992,20.6785
0.758108,0.550663,20.2731
0.74095,0.604246,19.8759
0.730583,0.659092,19.4869
0.726498,0.715588,19.106
0.728275,0.774154,18.7331
0.735574,0.835237,18.368
0.748132,0.899314,18.0106
0.765758,0.966892,17.661
0.788329,1.0385,17.319
0.815784,1.11472,16.9846
0.848127,1.19614,16.6578
0.885417,1.28341,16.3386
0.927774,1.37721,16.027
0.975373,1.47829,15.7231
1.02844,1.58741,15.4269
1.08727,1.70544,15.1387
1.1522,1.8333,14.8585
1.22363,1.97195,14.5867
1.30203,2.12249,14.3234
1.38791,2.28605,14.0691
1.48186,2.46389,13.8243
1.58455,2.65737,13.5894
1.69668,2.86794,13.3652
1.81908,3.09717,13.1524
1.95261,3.34676,12.9521
2.09824,3.61851,12.7655
2.25703,3.91436,12.5939
2.4301,4.23637,12.439
2.6187,4.58667,12.3029
2.82415,4.96751,12.188
3.04786,5.3812,12.097
3.29133,5.83006,12.0333
3.55615,6.31639,12.0009
3.84394,6.84234,12.0042
4.15639,7.40988,12.0486
4.4952,8.0206,12.1404
4.86201,8.67554,12.2866
5.2584,9.37499,12.4954
5.68576,10.1182,12.776
6.1452,10.9028,13.1386
6.63744,11.7249,13.5944
7.16263,12.5781,14.1554
7.72018,13.453,14.8342
8.30848,14.337,15.6433
8.92469,15.2133,16.5946
9.56445,16.0607,17.698
10.2215,16.8533,18.9606
10.8877,17.5607,20.3847
11.5522,18.1483,21.9665
12.2021,18.5791,23.6935
12.8221,18.8153,25.5436
13.3947,18.8216,27.4838
13.901,18.5687,29.47
14.3218,18.0371,31.4481
14.6381,17.221,33.3574
14.8332,16.1307,35.1344
14.8938,14.794,36.7183
14.8113,13.2549,38.057
14.5826,11.5704,39.1123
14.2109,9.80481,39.8631
13.7053,8.02424,40.3067
13.0802,6.29022,40.4578
12.354,4.65486,40.3455
11.5477,3.15774,40.0081
10.6834,1.82473,39.4893
9.78308,0.668555,38.8328
8.86702,-0.309373,38.0796
7.95342,-1.11645,37.2656
7.0577,-1.76618,36.4201
6.19231,-2.27578,35.5661
5.36679,-2.66409,34.7203
4.58798,-2.95006,33.8944
3.86028,-3.15174,33.0957
3.18605,-3.28564,32.3281
2.56591,-3.36637,31.5934
1.99916,-3.40662,30.8914
1.48402,-3.41713,30.221
1.01798,-3.40692,29.5805
0.597952,-3.3834,28.9677
0.220528,-3.35263,28.3806
-0.117901,-3.31948,27.8171
-0.421014,-3.28782,27.2752
-0.69247,-3.26072,26.7532
-0.935833,-3.24057,26.2497
-1.15453,-3.22921,25.7635
-1.35182,-3.22804,25.2934
-1.53076,-3.23813,24.8388
-1.69421,-3.26029,24.3988
-1.84483,-3.29512,23.9732
-1.98505,-3.3431,23.5614
-2.11716,-3.40459,23.1634
-2.2432,-3.4799,22.779
-2.3651,-3.56932,22.4084
-2.4846,-3.6731,22.0516
-2.60332,-3.79154,21.709
-2.72272,-3.92493,21.3808
-2.8442,-4.0736,21.0676
-2.96901,-4.23792,20.77
-3.09836,-4.4183,20.4887
-3.23336,-4.61516,20.2246
-3.37506,-4.82897,19.9786
-3.52447,-5.0602,19.7518
-3.68252,-5.30933,19.5456
-3.85012,-5.57683,19.3615
-4.02814,-5.86311,19.2012
-4.21738,-6.16852,19.0665
-4.41861,-6.49331,18.9596
-4.63255,-6.83758,18.8828
-4.85982,-7.20121,18.8387
-5.10099,-7.58383,18.8302
-5.35652,-7.98474,18.8603
-5.62672,-8.40283,18.9323
-5.91176,-8.83648,19.0498
-6.21162,-9.28349,19.2163
-6.526,-9.74093,19.4357
-6.85436,-10.2051,19.7115
-7.19579,-10.6714,20.0473
-7.54897,-11.1341,20.4464
-7.91215,-11.5867,20.9113
-8.28303,-12.0214,21.4439
-8.65877,-12.4293,22.045
-9.03587,-12.8006,22.7141
-9.41024,-13.1249,23.4487
-9.77712,-13.391,24.2445
-10.1311,-13.5878,25.0948
-10.4664,-13.7045,25.9904
-10.7766,-13.7313,26.9195
-11.0551,-13.6604,27.868
-11.2954,-13.4859,28.8194
-11.4912,-13.2052,29.7556
-11.6364,-12.8192,30.6576
-11.7262,-12.3326,31.5064
-11.7566,-11.7537,32.2838
-11.725,-11.0948,32.9737
-11.6305,-10.371,33.5627
-11.4736,-9.5995,34.041
-11.2567,-8.79902,34.4026
-10.9836,-7.98825,34.6459
-10.6596,-7.18507,34.7729
-10.291,-6.40566,34.7891
-9.88502,-5.66377,34.7029
-9.44935,-4.97039,34.5244
-8.99184,-4.33351,34.2652
-8.52022,-3.75825,33.9371
-8.04182,-3.24705,33.5519
-7.56341,-2.80007,33.1208
-7.09103,-2.41559,32.6539
-6.62992,-2.0905,32.16
-6.18447,-1.82067,31.647
-5.75821,-1.60134,31.1213
-5.35388,-1.42747,30.5882
-4.97347,-1.29397,30.0519
-4.61832,-1.19588,29.5158
-4.28914,-1.12855,28.9825
-3.9862,-1.08767,28.4539
-3.70932,-1.0694,27.9314
-3.45801,-1.07031,27.4162
-3.2315,-1.08745,26.909
-3.02886,-1.1183,26.4103
-2.84901,-1.16075,25.9204
-2.69081,-1.21307,25.4397
-2.55307,-1.27387,24.9682
-2.43458,-1.34209,24.506
-2.33419,-1.41693,24.0533
-2.25077,-1.49785,23.6101
-2.18326,-1.58451,23.1763
-2.1307,-1.67677,22.7522
-2.0922,-1.77464,22.3377
-2.06694,-1.87828,21.933
-2.05425,-1.98799,21.5381
-2.05351,-2.10416,21.1532
-2.06423,-2.22729,20.7785
-2.086,-2.35796,20.4141
-2.11853,-2.49685,20.0604
-2.16161,-2.64469,19.7176
-2.21513,-2.8023,19.3861
-2.27906,-2.97056,19.0664
-2.35347,-3.15042,18.7591
-2.43851,-3.34287,18.4646
-2.53443,-3.54897,18.1838
-2.64154,-3.76984,17.9174
-2.76023,-4.00663,17.6666
-2.89099,-4.26056,17.4324
-3.03434,-4.53285,17.2161
-3.1909,-4.82476,17.0194
-3.36135,-5.13754,16.8439
-3.54639,-5.47241,16.6917
-3.74681,-5.83054,16.5652
-3.96341,-6.21301,16.467
-4.19701,-6.62076,16.4001
-4.44843,-7.05449,16.3679
-4.71848,-7.51464,16.3743
-5.0079,-8.00125,16.4236
-5.31735,-8.51383,16.5204
-5.64734,-9.05129,16.67
-5.99821,-9.6117,16.8779
-6.37001,-10.1922,17.15
-6.76248,-10.7886,17.4924
-7.17492,-11.3955,17.9115
-7.60608,-12.0057,18.4132
-8.0541,-12.6104,19.003
-8.51633,-13.1988,19.6857
-8.98926,-13.758,20.4645
-9.4684,-14.2732,21.3406
-9.94818,-14.7278,22.3128
-10.4219,-15.104,23.3762
-10.8818,-15.3833,24.5224
-11.3191,-15.5473,25.7382
-11.7241,-15.5791,27.0058
-12.0866,-15.4647,28.3027
-12.3963,-15.1942,29.6025
-12.643,-14.7631,30.8754
-12.8174,-14.1738,32.0899
-12.9119,-13.4356,33.215
-12.9206,-12.565,34.2219
-12.8401,-11.5851,35.0858
-12.6699,-10.5236,35.7885
-12.4121,-9.41162,36.3185
-12.0719,-8.28091,36.6721
-11.6568,-7.16196,36.8533
-11.1764,-6.08205,36.8721
-10.6418,-5.06386,36.7437
-10.0649,-4.12462,36.4867
-9.45779,-3.27597,36.1214
-8.83237,-2.52415,35.6682
-8.19968,-1.87073,35.1468
-7.56969,-1.3134,34.5747
-6.95107,-0.84697,33.9673
-6.35104,-0.464227,33.3376
-5.7754,-0.156772,32.6959
-5.22857,0.0843276,32.0502
-4.71367,0.268023,31.4068
-4.23272,0.402913,30.7699
-3.78674,0.496998,30.1427
-3.37592,0.557533,29.5271
-2.99979,0.590961,28.9242
-2.65736,0.602901,28.3347
-2.34722,0.598173,27.7588
-2.06768,0.580855,27.1962
-1.81686,0.554345,26.6468
-1.59276,0.521434,26.1101
-1.39334,0.484385,25.5856
-1.21654,0.444997,25.073
-1.06037,0.404679,24.5717
-0.922903,0.364509,24.0814
-0.802297,0.325286,23.6016
-0.696831,0.287585,23.132
-0.6049,0.251794,22.6722
-0.52502,0.218153,22.222
-0.455833,0.186784,21.781
-0.396105,0.157718,21.349
-0.344716,0.130917,20.9257
-0.300662,0.10629,20.511
-0.263043,0.0837107,20.1045
-0.23106,0.0630253,19.7063
-0.204005,0.0440651,19.3159
-0.181252,0.0266522,18.9334
-0.162254,0.0106048,18.5585
-0.146532,-0.00425828,18.191
-0.13367,-0.0181152,17.8308
-0.12331,-0.031139,17.4777
-0.115141,-0.0434968,17.1317
-0.1089,-0.0553491,16.7925
-0.104363,-0.0668499,16.4601
-0.10134,-0.0781471,16.1342
-0.0996767,-0.0893832,15.8148
-0.0992433,-0.100696,15.5018
-0.0999369,-0.112221,15.1949
-0.101677,-0.12409,14.8941
-0.104403,-0.136434,14.5994
-0.108072,-0.149387,14.3104
-0.11266,-0.163081,14.0272
-0.118155,-0.177655,13.7497
-0.124563,-0.193251,13.4776
-0.131901,-0.21002,13.211
-0.140199,-0.228119,12.9497
-0.149501,-0.247717,12.6936
-0.159863,-0.268994,12.4427
-0.171352,-0.292145,12.1967
-0.184051,-0.317383,11.9558
-0.198053,-0.344937,11.7197
-0.213466,-0.375059,11.4883
-0.230415,-0.408026,11.2617
-0.249037,-0.444139,11.0397
-0.26949,-0.483734,10.8223
-0.291948,-0.527178,10.6094
-0.316605,-0.574876,10.401
-0.343678,-0.627276,10.197
-0.373409,-0.684873,9.99742
-0.406065,-0.748217,9.80222
-0.441943,-0.817911,9.61141
-0.481374,-0.894628,9.425
-0.524722,-0.979109,9.24304
-0.572393,-1.07218,9.06558
-0.624836,-1.17474,8.89273
-0.682549,-1.28781,8.7246
-0.746083,-1.41251,8.56139
-0.816048,-1.55005,8.40331
-0.89312,-1.70182,8.25066
-0.97805,-1.86931,8.10382
-1.07166,-2.0542,7.96325
-1.17488,-2.25833,7.82954
-1.28871,-2.4837,7.7034
-1.41427,-2.73256,7.58575
-1.5528,-3.00733,7.47767
-1.70565,-3.31068,7.38053
-1.87432,-3.64551,7.296
-2.06046,-4.01497,7.2261
-2.26585,-4.42245,7.17332
-2.49246,-4.87157,7.14069
-2.74241,-5.36615,7.13188
-3.018,-5.91018,7.15137
-3.32169,-6.50773,7.20454
-3.6561,-7.16288,7.29789
-4.02398,-7.8795,7.43922
-4.42816,-8.66108,7.63784
-4.87152,-9.51039,7.90475
-5.35685,-10.4291,8.2529
-5.88679,-11.4171,8.69735
-6.46359,-12.4721,9.25533
-7.08891,-13.5883,9.94623
-7.76353,-14.7557,10.7914
-8.48693,-15.9589,11.8134
-9.25683,-17.1753,13.0352
-10.0686,-18.3742,14.4785
-10.9149,-19.5157,16.1613
-11.7845,-20.5501,18.0945
-12.6622,-21.4182,20.2788
-13.5283,-22.0541,22.6996
-14.3585,-22.3882,25.3231
-15.1241,-22.3542,28.0933
-15.7936,-21.8974,30.931
-16.3339,-20.9835,33.7367
-16.7134,-19.6077,36.3974
-16.9046,-17.8008,38.7974
-16.8874,-15.6293,40.8321
-16.6514,-13.1911,42.4213
-16.1976,-10.6041,43.5194
-15.5387,-7.99217,44.1201
-14.6974,-5.47008,44.2542
-13.7045,-3.13195,43.9818
-12.5952,-1.04424,43.3813
-11.4066,0.755847,42.5379
-10.1742,2.25748,41.5333
-8.93026,3.47063,40.4389
-7.70228,4.41952,39.3127
-6.51236,5.13648,38.1976
-5.37723,5.65694,37.1236
-4.30868,6.01586,36.1088
-3.31415,6.24556,35.1627
-2.39749,6.37452,34.2885
-1.55966,6.42699,33.4845
-0.799444,6.42312,32.7469
-0.113984,6.37931,32.07
0.500686,6.3087,31.4475
1.04928,6.22167,30.8732
1.53692,6.12635,30.3412
1.96895,6.02901,29.8462
2.3507,5.93446,29.3833
2.68742,5.84632,28.9486
2.98412,5.76731,28.5386
3.2456,5.69939,28.1504
3.47632,5.64394,27.7818
3.68045,5.60193,27.431
3.86184,5.57394,27.0965
4.02399,5.5603,26.7774
4.17012,5.56114,26.4727
4.30312,5.57643,26.1821
4.42561,5.606,25.9053
4.53993,5.64962,25.6421
4.6482,5.70699,25.3926
4.75228,5.77775,25.157
4.85381,5.86151,24.9356
4.95427,5.95785,24.7288
5.05493,6.06633,24.537
5.1569,6.18647,24.3608
5.26114,6.31777,24.2008
5.36847,6.45969,24.0578
5.47959,6.61165,23.9323
5.59505,6.77302,23.8253
5.71531,6.9431,23.7375
5.84071,7.12112,23.6697
5.97145,7.30621,23.6228
6.10768,7.49741,23.5977
6.24939,7.69364,23.595
6.39648,7.89368,23.6157
6.54874,8.09617,23.6605
6.70583,8.29959,23.7299
6.86732,8.50228,23.8245
7.03261,8.70239,23.9448
7.20102,8.89791,24.0908
7.37169,9.08669,24.2626
7.54367,9.26641,24.4598
7.71585,9.43465,24.682
7.887,9.58889,24.9281
8.05576,9.72658,25.1969
8.22065,9.84513,25.4867
8.38011,9.94208,25.7953
8.53248,10.015,26.1203
8.67605,10.0619,26.4585
8.80907,10.0807,26.8067
8.9298,10.0701,27.161
9.03657,10.0289,27.5173
9.12775,9.95665,27.8713
9.20188,9.85336,28.2186
9.25765,9.71967,28.5545
9.29396,9.55683,28.8745
9.30998,9.36669,29.1745
9.30517,9.1517,29.4504
9.27926,8.9148,29.6985
9.23236,8.65937,29.916
9.16486,8.38912,30.1001
9.07751,8.10798,30.2491
8.97135,7.81998,30.3619
8.84772,7.52912,30.4377
8.7082,7.23929,30.4768
8.55457,6.95414,30.4798
8.38878,6.67699,30.4479
8.21291,6.41082,30.3827
8.02908,6.15817,30.2863
7.83945,5.92115,30.1609
7.64612,5.70142,30.0091
7.45118,5.50023,29.8333
7.25657,5.31843,29.6363
7.06414,5.15649,29.4206
6.87558,5.0146,29.1888
6.69243,4.89265,28.9434
6.51605,4.79033,28.6867
6.34766,4.70716,28.421
6.18827,4.64253,28.1481
6.03877,4.59573,27.8702
5.89988,4.56603,27.589
5.77217,4.55266,27.306
5.65611,4.55485,27.0228
5.55202,4.57187,26.7408
5.46014,4.60301,26.4612
5.38063,4.64764,26.1854
5.31356,4.70515,25.9143
5.25894,4.77501,25.6492
5.21675,4.85676,25.3909
5.18692,4.94997,25.1406
5.16933,5.05428,24.8991
5.16386,5.16937,24.6675
5.17038,5.29498,24.4466
5.18873,5.43084,24.2375
5.21875,5.57674,24.041
5.26027,5.73245,23.8582
5.31313,5.89775,23.6901
5.37714,6.07239,23.5377
5.45211,6.25609,23.402
5.53786,6.44853,23.2841
5.63417,6.64929,23.1852
5.74081,6.85791,23.1064
5.8575,7.07378,23.0488
5.98396,7.29621,23.0135
6.11983,7.52433,23.0018
6.26471,7.75711,23.0148
6.41814,7.99337,23.0535
6.57956,8.23169,23.119
6.74833,8.47045,23.2122
6.92372,8.70781,23.334
7.10485,8.94169,23.4849
7.29073,9.16976,23.6653
7.48025,9.38947,23.8753
7.67213,9.59809,24.1148
7.86494,9.79266,24.3832
8.05712,9.9701,24.6795
8.24694,10.1273,25.0021
8.43255,10.261,25.349
8.61195,10.3681,25.7177
8.78307,10.4458,26.1049
8.94377,10.4913,26.5071
9.09185,10.5023,26.9198
9.22515,10.4772,27.3383
9.34156,10.4146,27.7575
9.43911,10.3141,28.1719
9.516,10.1761,28.5759
9.57065,10.0015,28.9637
9.6018,9.79234,29.3299
9.60851,9.55129,29.6693
9.59024,9.28178,29.9772
9.54684,8.98787,30.2493
9.47861,8.67414,30.4823
9.38626,8.34549,30.6736
9.2709,8.00703,30.8216
9.13404,7.66387,30.9253
8.97753,7.32098,30.9848
8.80348,6.98304,31.0008
8.61426,6.65432,30.9748
8.41235,6.3386,30.909
8.20038,6.03909,30.8058
7.98097,5.75842,30.6682
7.75673,5.4986,30.4993
7.53017,5.26111,30.3024
7.30369,5.04686,30.0807
7.07952,4.85632,29.8374
6.8597,4.68952,29.5758
6.64606,4.54619,29.2987
6.44022,4.42574,29.009
6.24359,4.32742,28.7093
6.05735,4.25031,28.4018
5.88248,4.1934,28.0888
5.71977,4.15564,27.7722
5.56983,4.13599,27.4538
5.43313,4.13343,27.1353
5.30998,4.14697,26.818
5.20058,4.17572,26.5034
5.10502,4.21886,26.1926
5.02334,4.27565,25.8868
4.95546,4.34545,25.5871
4.90129,4.42772,25.2943
4.86069,4.52198,25.0096
4.83349,4.62787,24.7339
4.8195,4.74507,24.468
4.81854,4.87335,24.2128
4.8304,5.01252,23.9694
4.8549,5.16245,23.7386
4.89185,5.32301,23.5214
4.94108,5.49413,23.3189
5.00241,5.67569,23.132
5.07568,5.86761,22.9618
5.16074,6.06973,22.8095
5.25743,6.28187,22.6763
5.36557,6.50377,22.5634
5.485,6.73506,22.4722
5.61551,6.97529,22.4038
5.75687,7.22383,22.3599
5.9088,7.47991,22.3417
6.07097,7.74256,22.3506
6.24297,8.01057,22.3882
6.42431,8.28251,22.4557
6.61439,8.55666,22.5546
6.8125,8.83102,22.6859
7.01779,9.10326,22.8507
7.22923,9.37075,23.0498
7.44567,9.63053,23.2837
7.66572,9.87933,23.5525
7.88784,10.1136,23.856
8.11025,10.3295,24.1934
8.331,10.5231,24.5632
8.54792,10.6903,24.9634
8.75866,10.8271,25.3912
8.96074,10.9295,25.8431
9.15152,10.9939,26.3147
9.32831,11.0171,26.8009
9.48837,10.9965,27.296
9.62906,10.9303,27.7936
9.7478,10.8175,28.2869
9.84225,10.6582,28.7687
9.91036,10.4536,29.2318
9.9504,10.2059,29.6691
9.96112,9.91863,30.0739
9.94173,9.59602,30.4402
9.89199,9.24339,30.7627
9.81221,8.86665,31.0372
9.70326,8.47221,31.2604
9.56656,8.0667,31.4305
9.404,7.6567,31.5465
9.21794,7.24859,31.609
9.01109,6.84826,31.6191
8.78641,6.46103,31.5793
8.54709,6.09145,31.4924
8.29638,5.74332,31.3621
8.03756,5.41957,31.1923
7.77383,5.12235,30.987
7.50826,4.85305,30.7506
7.24371,4.61237,30.4871
6.98282,4.40042,30.2006
6.72797,4.21683,29.8949
6.48124,4.0608,29.5734
6.24444,3.93126,29.2394
6.01907,3.82694,28.8957
5.80638,3.74641,28.545
5.60736,3.68822,28.1897
5.42277,3.65089,27.8317
5.25314,3.63299,27.473
5.09883,3.63317,27.115
4.96005,3.65018,26.7593
4.83686,3.68289,26.4071
4.72922,3.7303,26.0597
4.63702,3.79154,25.7179
4.56006,3.86589,25.3829
4.4981,3.95273,25.0555
4.45089,4.05159,24.7365
4.41815,4.1621,24.4269
4.39959,4.284,24.1275
4.39494,4.41712,23.8391
4.40394,4.56138,23.5625
4.42635,4.71675,23.2986
4.46195,4.88326,23.0484
4.51055,5.06099,22.8128
4.57199,5.25002,22.5928
4.64612,5.45045,22.3895
4.73282,5.66237,22.2041
4.832,5.88583,22.0378
4.94356,6.12083,21.8919
5.06742,6.36729,21.7678
5.2035,6.62503,21.667
5.35169,6.89374,21.5911
5.51186,7.17294,21.5418
5.68384,7.46196,21.5207
5.8674,7.7599,21.5298
6.06222,8.06559,21.5708
6.26792,8.37755,21.6455
6.48395,8.69396,21.7557
6.70967,9.01262,21.9032
6.94424,9.33092,22.0895
7.18663,9.64579,22.316
7.43562,9.95374,22.5836
7.68972,10.2508,22.893
7.94722,10.5326,23.2443
8.20609,10.7944,23.637
8.46407,11.0311,24.0699
8.71859,11.2373,24.5407
8.96682,11.4077,25.0465
9.20571,11.5371,25.5831
9.43198,11.6204,26.1454
9.64223,11.6531,26.7271
9.833,11.6317,27.321
10.0008,11.5533,27.9189
10.1424,11.4166,28.5121
10.2547,11.2213,29.0911
10.3349,10.9691,29.6467
10.3809,10.6629,30.1696
10.3909,10.3072,30.651
10.3639,9.908,31.0831
10.2997,9.47251,31.4594
10.1988,9.00875,31.7745
10.0622,8.52536,32.025
9.89214,8.03118,32.2088
9.69102,7.53489,32.3257
9.46205,7.0447,32.3769
9.20881,6.56805,32.3649
8.93524,6.11142,32.2933
8.64544,5.68017,32.1669
8.34358,5.27853,31.9906
8.03378,4.90951,31.7699
7.72001,4.57507,31.5105
7.40599,4.27615,31.2177
7.09513,4.01284,30.8969
6.79049,3.78451,30.5528
6.49476,3.58998,30.1902
6.21023,3.42763,29.8128
5.93881,3.2956,29.4245
5.68204,3.19183,29.0283
5.44111,3.1142,28.6269
5.2169,3.06063,28.2228
5.01001,3.02908,27.818
4.8208,3.01768,27.4142
4.64941,3.02467,27.0128
4.49582,3.04849,26.6153
4.35987,3.08778,26.2227
4.2413,3.14135,25.8359
4.13976,3.20822,25.456
4.05485,3.28758,25.0836
3.98616,3.3788,24.7195
3.93323,3.48141,24.3644
3.89565,3.59508,24.019
3.87299,3.71963,23.684
3.86485,3.855,23.36
3.8709,4.00122,23.0478
3.89082,4.15842,22.7481
3.92434,4.32682,22.4617
3.97125,4.50667,22.1895
4.03138,4.69829,21.9324
4.1046,4.90203,21.6914
4.19085,5.11826,21.4676
4.29008,5.34731,21.2621
4.4023,5.58953,21.0763
4.52754,5.84521,20.9117
4.66585,6.11454,20.7697
4.8173,6.39764,20.6521
4.98194,6.6945,20.5606
5.15982,7.0049,20.4974
5.35095,7.32847,20.4644
5.5553,7.66453,20.4638
5.77275,8.01211,20.4982
6.00308,8.3699,20.5698
6.24597,8.73614,20.6811
6.50092,9.10862,20.8347
6.76725,9.48459,21.0328
7.04405,9.86069,21.2777
7.33014,10.233,21.5715
7.62407,10.5968,21.9155
7.92403,10.9469,22.3109
8.22787,11.2774,22.7579
8.53303,11.5818,23.256
8.83657,11.853,23.8035
9.13514,12.0839,24.3975
9.42502,12.2671,25.0337
9.70215,12.3954,25.7063
9.96219,12.4622,26.4079
10.2006,12.4616,27.1298
10.4129,12.3892,27.8614
10.5944,12.242,28.5914
10.741,12.0191,29.3075
10.8488,11.7215,29.9968
10.9146,11.3529,30.6468
10.9358,10.919,31.2454
10.9109,10.4277,31.7818
10.8391,9.88872,32.2469
10.7211,9.31316,32.6336
10.5582,8.71298,32.9373
10.3531,8.10038,33.1557
10.109,7.48731,33.2888
9.83023,6.88489,33.339
9.5216,6.30301,33.3105
9.1883,5.75006,33.209
8.83578,5.23271,33.0412
8.4695,4.7559,32.8146
8.0948,4.32286,32.5368
7.71674,3.93528,32.2154
7.33999,3.59347,31.8579
6.96876,3.29664,31.4708
6.60671,3.04311,31.0604
6.25699,2.83053,30.6322
5.92219,2.65613,30.1908
5.60438,2.51688,29.7404
5.30514,2.40967,29.2844
5.0256,2.3314,28.8256
4.76648,2.2791,28.3664
4.5282,2.25,27.9088
4.31084,2.24156,27.4543
4.11426,2.25151,27.0042
3.93815,2.27785,26.5597
3.78202,2.31887,26.1215
3.64531,2.37312,25.6905
3.52736,2.43943,25.2671
3.42749,2.51685,24.852
3.345,2.60468,24.4457
3.2792,2.70241,24.0486
3.22943,2.8097,23.6612
3.19506,2.92643,23.2838
3.17552,3.05257,22.917
3.17031,3.18826,22.5611
3.17898,3.33376,22.2169
3.20115,3.48941,21.8846
3.23654,3.65566,21.5651
3.28491,3.83302,21.2589
3.34612,4.02208,20.9668
3.42009,4.22348,20.6897
3.50681,4.43788,20.4285
3.60634,4.66599,20.1842
3.71879,4.90853,19.9581
3.84435,5.16618,19.7514
3.98324,5.43963,19.5657
4.13572,5.7295,19.4027
4.3021,6.03633,19.2642
4.48268,6.36054,19.1522
4.67777,6.70241,19.0691
4.8877,7.062,19.0174
5.11272,7.43914,18.9997
5.35304,7.83331,19.0191
5.60879,8.2436,19.0787
5.87998,8.66864,19.1818
6.16644,9.10649,19.332
6.46783,9.55454,19.5328
6.78354,10.0094,19.7878
7.11265,10.4669,20.1004
7.45391,10.9219,20.4738
7.80562,11.3683,20.9105
8.16564,11.7988,21.4126
8.53126,12.2052,21.981
8.89924,12.5785,22.6155
9.26572,12.9086,23.3143
9.62622,13.1851,24.0735
9.97571,13.3973,24.8874
10.3086,13.5348,25.7478
10.6189,13.5879,26.6441
10.9003,13.5485,27.5631
11.1464,13.4105,28.4898
11.3511,13.1705,29.4072
11.5085,12.8282,30.2974
11.6135,12.3869,31.1419
11.662,11.8536,31.9231
11.6511,11.2388,32.6246
11.5793,10.5562,33.2328
11.4467,9.8215,33.737
11.2551,9.0523,34.1301
11.0075,8.26653,34.4091
10.7086,7.48168,34.5745
10.3642,6.71392,34.6303
9.9809,5.97735,34.5837
9.56597,5.28357,34.4435
9.12694,4.64138,34.2204
8.67133,4.05682,33.9257
8.20639,3.53329,33.5707
7.73887,3.07185,33.1663
7.27491,2.67164,32.7227
6.81988,2.33026,32.249
6.37838,2.04416,31.7531
5.95416,1.80909,31.2417
5.55023,1.62034,30.7205
5.16882,1.47307,30.1941
4.8115,1.36249,29.6661
4.47925,1.28401,29.1394
4.17253,1.23337,28.6162
3.89136,1.2067,28.0982
3.63544,1.20052,27.5866
3.40414,1.21181,27.0823
3.19667,1.23797,26.5859
3.01206,1.27679,26.0981
2.84925,1.32646,25.619
2.70712,1.3855,25.149
2.58455,1.45277,24.6881
2.4804,1.52739,24.2366
2.39359,1.60875,23.7945
2.3231,1.69645,23.3619
2.26796,1.79028,22.9389
2.22729,1.89023,22.5255
2.2003,1.99641,22.1221
2.18629,2.10907,21.7286
2.18467,2.22859,21.3452
2.19492,2.35544,20.9722
2.21665,2.49019,20.6098
2.24955,2.6335,20.2583
2.29339,2.78608,19.9181
2.34806,2.94875,19.5895
2.41353,3.12237,19.2732
2.48986,3.30787,18.9695
2.5772,3.50625,18.6794
2.67576,3.71853,18.4034
2.78587,3.94581,18.1425
2.90789,4.18923,17.8979
3.0423,4.44993,17.6707
3.1896,4.72912,17.4624
3.3504,5.02796,17.2745
3.52534,5.34764,17.109
3.7151,5.68927,16.9679
3.92042,6.05389,16.8538
4.14205,6.44242,16.7694
4.38075,6.8556,16.7178
4.63726,7.29391,16.7026
4.9123,7.75749,16.7276
5.2065,8.24604,16.7972
5.52036,8.75872,16.916
5.85425,9.29397,17.0893
6.2083,9.84935,17.3225
6.58235,10.4214,17.6213
6.97587,11.0055,17.9915
7.38785,11.5954,18.439
7.81675,12.1834,18.969
8.26032,12.7601,19.5863
8.71556,13.3141,20.2946
9.17857,13.8323,21.0957
9.64451,14.2997,21.9894
10.1075,14.7,22.9728
10.5605,15.0161,24.0393
10.9958,15.2305,25.1786
11.4044,15.3267,26.376
11.777,15.29,27.6123
12.1037,15.1091,28.8645
12.3749,14.7771,30.1059
12.5813,14.293,31.3077
12.7147,13.6618,32.4403
12.7688,12.8957,33.4751
12.739,12.0128,34.3867
12.6233,11.0369,35.1543
12.4224,9.9955,35.7632
12.1395,8.91821,36.2057
11.7805,7.83452,36.4811
11.3533,6.77199,36.5953
10.8677,5.7547,36.5596
10.3344,4.80211,36.3894
9.76505,3.92858,36.1028
9.17092,3.14328,35.719
8.56307,2.45065,35.2568
7.95166,1.85096,34.734
7.34575,1.34123,34.1667
6.75313,0.916014,33.5686
6.18025,0.56824,32.9512
5.63222,0.289899,32.3235
5.11286,0.0726176,31.6929
4.62488,-0.0919031,31.0648
4.1699,-0.211579,30.4429
3.7487,-0.293738,29.8301
3.36131,-0.345,29.2282
3.00717,-0.371229,28.6381
2.68522,-0.377527,28.0604
2.39411,-0.368263,27.4954
2.13217,-0.347122,26.9429
1.89763,-0.317168,26.4028
1.68857,-0.280911,25.8747
1.50309,-0.240374,25.3582
1.33925,-0.197156,24.853
1.1952,-0.152497,24.3587
1.06913,-0.10733,23.8749
0.959355,-0.0623323,23.4013
0.864281,-0.0179708,22.9375
0.782433,0.0254629,22.4834
0.712456,0.0678179,22.0385
0.653114,0.109056,21.6027
0.603292,0.14923,21.1757
0.561987,0.188463,20.7574
0.528308,0.226933,20.3475
0.501467,0.264861,19.9458
0.480773,0.302503,19.5523
0.465628,0.340137,19.1666
0.455517,0.378064,18.7887
0.450004,0.416601,18.4185
0.448727,0.456079,18.0557
0.451387,0.496842,17.7003
0.457749,0.539246,17.3521
0.467636,0.583664,17.0111
0.480922,0.630481,16.6771
0.49753,0.6801,16.3501
0.517433,0.732948,16.0298
0.540646,0.78947,15.7164
0.567224,0.850143,15.4097
0.597269,0.915472,15.1097
0.630918,0.986,14.8163
0.668352,1.06231,14.5295
0.70979,1.14503,14.2493
0.755495,1.23485,13.9758
0.80577,1.3325,13.7089
0.860964,1.43879,13.4489
0.921474,1.55459,13.1958
0.987744,1.68086,12.9498
1.06027,1.81865,12.7111
1.13961,1.96909,12.48
1.22638,2.13344,12.2569
1.32126,2.31304,12.0422
1.425,2.50938,11.8366
1.53843,2.72407,11.6405
1.66245,2.95886,11.4551
1.79806,3.21565,11.2811
1.94634,3.49649,11.1199
2.1085,3.80357,10.9729
2.28581,4.13925,10.842
2.47967,4.50604,10.7293
2.6916,4.90654,10.6373
2.92322,5.3435,10.569
3.17625,5.8197,10.5282
3.45253,6.33792,10.5192
3.75398,6.90088,10.5469
4.08258,7.51106,10.6176
4.44035,8.17059,10.738
4.82929,8.88102,10.9166
5.25131,9.64304,11.1625
5.70817,10.4561,11.4866
6.20132,11.3181,11.901
6.73177,12.2246,12.419
7.29988,13.1684,13.0551
7.90513,14.1389,13.8245
8.54584,15.121,14.7426
9.21882,16.0948,15.8238
9.91901,17.0346,17.0808
10.6391,17.9087,18.522
11.3692,18.6798,20.1502
12.0965,19.3052,21.96
12.8052,19.7394,23.9349
13.4766,19.9366,26.0459
14.0898,19.8545,28.2498
14.6218,19.46,30.4896
15.0498,18.7337,32.6965
15.3517,17.675,34.7944
15.5088,16.3048,36.7064
15.5072,14.6662,38.3619
15.3393,12.8213,39.7048
15.0048,10.8457,40.6988
14.5111,8.82073,41.3313
13.8726,6.82526,41.6127
13.1091,4.9281,41.5734
12.2448,3.1831,41.2586
11.3056,1.62664,40.721
10.3176,0.277865,40.0156
9.30554,-0.859232,39.194
8.29153,-1.79252,38.3017
7.29443,-2.53812,37.3757
6.3295,-3.11709,36.4445
5.40842,-3.55263,35.5289
4.53955,-3.86806,34.6427
3.72825,-4.08541,33.794
2.9774,-4.22465,32.9871
2.28781,-4.30331,32.2229
1.65867,-4.3364,31.5007
1.08794,-4.33653,30.8182
0.572677,-4.31412,30.1726
0.109318,-4.27767,29.5608
-0.30608,-4.23401,28.9798
-0.677671,-4.1886,28.4266
-1.00967,-4.14572,27.8987
-1.30626,-4.10871,27.3937
-1.57149,-4.08013,26.9097
-1.80925,-4.06193,26.4451
-2.02321,-4.05557,25.9985
-2.21683,-4.06211,25.5689
-2.39329,-4.08233,25.1556
-2.55558,-4.11677,24.758
-2.7064,-4.1658,24.3756
-2.84825,-4.2297,24.0084
-2.98341,-4.30864,23.6562
-3.11396,-4.40275,23.3193
-3.24177,-4.51213,22.9978
-3.36857,-4.63686,22.6921
-3.49592,-4.77702,22.4027
-3.62524,-4.9327,22.1302
-3.75783,-5.10399,21.8754
-3.89485,-5.29096,21.6391
-4.03739,-5.49369,21.4223
-4.18642,-5.71223,21.2262
-4.34283,-5.9466,21.052
-4.50743,-6.19675,20.9011
-4.68092,-6.46256,20.7751
-4.86395,-6.74378,20.6757
-5.05705,-7.04003,20.6048
-5.26067,-7.35071,20.5642
-5.47515,-7.67504,20.5563
-5.7007,-8.0119,20.5832
-5.93739,-8.35988,20.6472
-6.18514,-8.71715,20.7508
-6.44367,-9.08145,20.8963
-6.71249,-9.44998,21.0861
-6.99088,-9.81943,21.3222
-7.27782,-10.1858,21.6067
-7.57199,-10.5447,21.941
-7.87174,-10.8907,22.3262
-8.17504,-11.2181,22.7625
-8.47947,-11.5204,23.2495
-8.78223,-11.791,23.7856
-9.08008,-12.0224,24.368
-9.36944,-12.2077,24.9925
-9.64636,-12.3396,25.6537
-9.90663,-12.4115,26.3444
-10.1458,-12.4176,27.0559
-10.3595,-12.3534,27.7783
-10.5432,-12.2157,28.5004
-10.6927,-12.0035,29.21
-10.8041,-11.7176,29.8948
-10.8744,-11.3611,30.5421
-10.9008,-10.9396,31.1402
-10.8817,-10.4606,31.6782
-10.8165,-9.93332,32.1469
-10.7054,-9.3686,32.5391
-10.5498,-8.77807,32.8499
-10.352,-8.17372,33.0768
-10.1153,-7.56734,33.2195
-9.84385,-6.96997,33.2799
-9.5422,-6.39152,33.2621
-9.21547,-5.84046,33.1712
-8.869,-5.32359,33.014
-8.50818,-4.84603,32.7975
-8.1383,-4.4112,32.5292
-7.76438,-4.02099,32.2168
-7.3911,-3.67594,31.8673
-7.02267,-3.37543,31.4876
-6.6628,-3.11795,31.0838
-6.31467,-2.90131,30.6614
-5.98093,-2.72286,30.2253
-5.66369,-2.57967,29.7794
-5.36459,-2.46869,29.3274
-5.08483,-2.38688,28.8721
-4.8252,-2.33131,28.416
-4.58615,-2.29923,27.961
-4.36783,-2.2881,27.5089
-4.17014,-2.29565,27.0609
-3.99281,-2.31988,26.6183
-3.83539,-2.35906,26.1818
-3.69734,-2.41173,25.7522
-3.57805,-2.47669,25.3302
-3.47685,-2.55297,24.9164
-3.39305,-2.63984,24.5112
-3.32598,-2.73678,24.1152
-3.275,-2.84344,23.7288
-3.23947,-2.95964,23.3525
-3.21885,-3.08537,22.9866
-3.21262,-3.22074,22.6318
-3.22034,-3.36597,22.2885
-3.24163,-3.52141,21.9573
-3.2762,-3.68747,21.6387
-3.32382,-3.86465,21.3336
-3.38433,-4.05353,21.0425
-3.45765,-4.25472,20.7665
-3.54375,-4.46888,20.5064
-3.6427,-4.69668,20.2634
-3.75459,-4.93882,20.0385
-3.87961,-5.19597,19.8332
-4.01794,-5.46879,19.6489
-4.16986,-5.75787,19.4873
-4.33564,-6.06372,19.3502
-4.51558,-6.38675,19.2398
-4.70997,-6.72719,19.1582
-4.91911,-7.08507,19.108
-5.14324,-7.46017,19.0919
-5.38255,-7.85195,19.1127
-5.63714,-8.25947,19.1737
-5.90698,-8.6813,19.2781
-6.19191,-9.11548,19.4294
-6.49153,-9.55937,19.631
-6.80522,-10.0096,19.8864
-7.13204,-10.4619,20.1989
-7.4707,-10.9112,20.5716
-7.8195,-11.3514,21.0071
-8.17627,-11.7753,21.5071
-8.53832,-12.1748,22.0725
-8.90238,-12.5409,22.7028
-9.26463,-12.8637,23.3963
-9.62063,-13.1331,24.1489
-9.96538,-13.3386,24.955
-10.2934,-13.47,25.8061
-10.5987,-13.5179,26.6918
-10.8751,-13.4746,27.5992
-11.1165,-13.3341,28.5133
-11.3167,-13.0932,29.4175
-11.47,-12.7519,30.294
-11.5715,-12.3137,31.1251
-11.6173,-11.7853,31.8932
-11.6045,-11.1774,32.5827
-11.5317,-10.5031,33.18
-11.399,-9.77814,33.675
-11.2083,-9.01959,34.0606
-10.9626,-8.245,34.334
-10.6665,-7.47148,34.4958
-10.3257,-6.71479,34.5499
-9.94663,-5.98875,34.5032
-9.53652,-5.30467,34.3644
-9.10274,-4.67119,34.1439
-8.65265,-4.09425,33.8528
-8.19336,-3.57719,33.502
-7.73153,-3.12113,33.1023
-7.27317,-2.72525,32.6637
-6.82358,-2.38725,32.195
-6.38728,-2.10372,31.7041
-5.96798,-1.87052,31.1976
-5.56865,-1.68308,30.6811
-5.1915,-1.53667,30.1592
-4.8381,-1.42662,29.6354
-4.50944,-1.34845,29.1126
-4.20599,-1.29797,28.5931
-3.92779,-1.27139,28.0786
-3.67456,-1.26531,27.5702
-3.44571,-1.27675,27.069
-3.24047,-1.30315,26.5757
-3.05792,-1.34234,26.0906
-2.897,-1.39254,25.6142
-2.75666,-1.45229,25.1468
-2.63576,-1.52047,24.6885
-2.53324,-1.59621,24.2394
-2.44801,-1.67891,23.7998
-2.37909,-1.76818,23.3697
-2.32553,-1.86383,22.9492
-2.28648,-1.96583,22.5385
-2.26116,-2.07433,22.1376
-2.2489,-2.18957,21.7468
-2.24912,-2.31194,21.3663
-2.26132,-2.44191,20.9962
-2.28512,-2.58006,20.637
-2.32023,-2.72705,20.2888
-2.36643,-2.88361,19.9521
-2.42364,-3.05055,19.6274
-2.49183,-3.22875,19.3151
-2.57106,-3.41912,19.0159
-2.6615,-3.62268,18.7305
-2.76339,-3.84044,18.4598
-2.87703,-4.0735,18.2047
-3.00282,-4.32297,17.9664
-3.14123,-4.59001,17.7462
-3.29277,-4.87575,17.5455
-3.45803,-5.18136,17.366
-3.63765,-5.50794,17.2099
-3.83232,-5.85655,17.0792
-4.04274,-6.22815,16.9765
-4.26964,-6.62353,16.9047
-4.51376,-7.04329,16.867
-4.77578,-7.48774,16.8671
-5.05635,-7.9568,16.909
-5.35603,-8.44993,16.9969
-5.67524,-8.96595,17.1359
-6.01422,-9.50296,17.331
-6.37294,-10.0581,17.5876
-6.75108,-10.6274,17.9113
-7.14789,-11.2058,18.3079
-7.56215,-11.7864,18.7827
-7.99202,-12.361,19.3407
-8.43498,-12.9196,19.9861
-8.88769,-13.4503,20.7215
-9.34594,-13.9396,21.548
-9.80453,-14.3723,22.4642
-10.2573,-14.7321,23.4657
-10.6969,-15.0022,24.5445
-11.1155,-15.1659,25.6888
-11.504,-15.2078,26.8824
-11.8531,-15.1151,28.1051
-12.1532,-14.8783,29.3329
-12.3951,-14.493,30.5388
-12.5701,-13.9605,31.6945
-12.671,-13.2886,32.7714
-12.6921,-12.4913,33.7428
-12.6301,-11.5885,34.5855
-12.4839,-10.6049,35.2816
-12.2552,-9.56793,35.8193
-11.9482,-8.50659,36.1935
-11.5694,-7.44892,36.4059
-11.1272,-6.42057,36.4643
-10.6316,-5.44338,36.381
-10.0933,-4.53454,36.1722
-9.52357,-3.70623,35.8557
-8.93345,-2.96579,35.4501
-8.3334,-2.31612,34.9734
-7.73301,-1.75641,34.4425
-7.14069,-1.28296,33.872
-6.56363,-0.889946,33.2746
-6.00769,-0.570196,32.6609
-5.47746,-0.315816,32.0392
-4.9763,-0.118695,31.4158
-4.50653,0.0291116,30.7957
-4.06948,0.135114,30.1823
-3.66567,0.206218,29.5781
-3.29495,0.248631,28.9845
-2.95664,0.267824,28.4025
-2.64963,0.268539,27.8327
-2.37249,0.254822,27.275
-2.12359,0.230074,26.7295
-1.90115,0.197108,26.196
-1.70332,0.158222,25.6741
-1.52822,0.115252,25.1635
-1.37401,0.0696421,24.6639
-1.2389,0.0224997,24.1749
-1.12118,-0.025355,23.6962
-1.01922,-0.0733404,23.2275
-0.931519,-0.121073,22.7685
-0.856686,-0.168334,22.319
-0.793444,-0.215034,21.8786
-0.740638,-0.261195,21.4472
-0.697228,-0.306924,21.0245
-0.662287,-0.352395,20.6104
-0.634995,-0.397841,20.2047
-0.614634,-0.443536,19.8072
-0.600584,-0.48979,19.4178
-0.592313,-0.536944,19.0363
-0.589375,-0.585363,18.6627
-0.5914,-0.635433,18.2967
-0.598094,-0.687564,17.9383
-0.609229,-0.742186,17.5874
-0.624641,-0.799749,17.2438
-0.644226,-0.860728,16.9076
-0.667935,-0.925626,16.5786
-0.695775,-0.994973,16.2568
-0.727802,-1.06933,15.9421
-0.764125,-1.14931,15.6347
-0.804899,-1.23554,15.3343
-0.85033,-1.32873,15.0412
-0.900672,-1.42961,14.7553
-0.956228,-1.539,14.4768
-1.01735,-1.65776,14.2057
-1.08445,-1.78684,13.9423
-1.15799,-1.92728,13.6869
-1.23849,-2.08018,13.4396
-1.32654,-2.24676,13.201
-1.42277,-2.42833,12.9714
-1.5279,-2.62633,12.7514
-1.64273,-2.84231,12.5418
-1.76812,-3.07794,12.3434
-1.90502,-3.33503,12.1573
-2.05448,-3.61552,11.9847
-2.21762,-3.92149,11.827
-2.39568,-4.25516,11.6862
-2.58998,-4.61884,11.5642
-2.80194,-5.01497,11.4638
-3.03311,-5.44606,11.3878
-3.28509,-5.91462,11.3399
-3.5596,-6.42318,11.3243
-3.85841,-6.9741,11.346
-4.18335,-7.56951,11.4108
-4.53625,-8.21117,11.5253
-4.91892,-8.90021,11.6975
-5.33305,-9.6369,11.9362
-5.78015,-10.4203,12.2515
-6.26142,-11.2479,12.6547
-6.7776,-12.1151,13.1581
-7.32882,-13.0145,13.7751
-7.91433,-13.9357,14.5194
-8.53226,-14.864,15.4047
-9.17932,-15.7806,16.4437
-9.85051,-16.6611,17.647
-10.5387,-17.4763,19.0217
-11.2344,-18.1917,20.5691
-11.9257,-18.7687,22.2829
-12.5977,-19.166,24.1472
-13.2332,-19.3427,26.1348
-13.8128,-19.2614,28.2058
-14.3159,-18.8926,30.3084
-14.7213,-18.2195,32.3807
-15.0092,-17.2414,34.3541
-15.1626,-15.9767,36.1595
-15.1686,-14.4631,37.733
-15.0202,-12.7554,39.0232
-14.7166,-10.9203,39.9957
-14.2641,-9.03071,40.6364
-13.6751,-7.15764,40.9519
-12.9672,-5.36448,40.9667
-12.1621,-3.70202,40.7189
-11.2833,-2.20598,40.2546
-10.3546,-0.896833,39.6228
-9.39907,0.218764,38.8705
-8.43754,1.14529,38.0398
-7.48799,1.89532,37.1662
-6.56527,2.4866,36.2774
-5.68095,2.93946,35.3944
-4.84353,3.27491,34.5316
-4.05874,3.51322,33.6982
-3.32989,3.67312,32.8996
-2.65828,3.77126,32.138
-2.04365,3.82215,31.4134
-1.48444,3.83809,30.7246
-0.978195,3.82939,30.0697
-0.521796,3.80455,29.4461
-0.111689,3.77046,28.8513
0.255929,3.73269,28.2828
0.584974,3.69566,27.7383
0.879363,3.66286,27.2159
1.14293,3.63699,26.7136
1.37938,3.62013,26.23
1.59222,3.61387,25.7639
1.78478,3.6194,25.3142
1.96014,3.63761,24.8803
2.12119,3.66914,24.4615
2.27058,3.71448,24.0574
2.41075,3.77399,23.6678
2.54394,3.84796,23.2926
2.67221,3.93661,22.9319
2.79742,4.04016,22.5858
2.9213,4.15879,22.2546
3.04542,4.29273,21.9388
3.17122,4.4422,21.6387
3.30004,4.60743,21.3552
3.43309,4.7887,21.0889
3.57152,4.98628,20.8408
3.71638,5.20046,20.6118
3.86865,5.43151,20.4033
4.02925,5.67969,20.2164
4.19901,5.94522,20.0528
4.37874,6.22822,19.9142
4.56914,6.52876,19.8024
4.77087,6.84671,19.7194
4.98448,7.1818,19.6677
5.21047,7.53351,19.6495
5.44919,7.901,19.6677
5.70089,8.28312,19.7249
5.96564,8.67824,19.8241
6.24334,9.08424,19.9683
6.53367,9.49843,20.1607
6.83605,9.91742,20.4041
7.1496,10.3371,20.7013
7.47308,10.7526,21.0549
7.80488,11.158,21.4668
8.14294,11.5469,21.9383
8.48474,11.9117,22.4697
8.82723,12.2443,23.0603
9.16687,12.5359,23.708
9.49959,12.7774,24.4087
9.82083,12.9596,25.157
10.1256,13.0737,25.945
10.4086,13.1118,26.7632
10.6644,13.067,27.5998
10.8873,12.9345,28.4415
11.0721,12.7117,29.2735
11.2137,12.3988,30.0802
11.3078,11.9988,30.8458
11.3509,11.5178,31.5551
11.3405,10.9648,32.194
11.2755,10.3515,32.7506
11.156,9.69125,33.2157
10.9833,8.999,33.5827
10.7603,8.29005,33.8486
10.4908,7.57944,34.0133
10.1798,6.88122,34.0798
9.83307,6.20784,34.0533
9.4569,5.56973,33.9412
9.05785,4.97508,33.7521
8.64254,4.42977,33.4956
8.2174,3.93744,33.1812
7.7885,3.49973,32.8186
7.3614,3.11657,32.4165
6.94107,2.78647,31.9833
6.5318,2.50687,31.5263
6.13717,2.27448,31.0517
5.76012,2.08549,30.565
5.4029,1.93591,30.0707
5.06718,1.82167,29.5725
4.75409,1.73883,29.0733
4.46428,1.68364,28.5756
4.19799,1.65267,28.0812
3.95513,1.64279,27.5915
3.73536,1.65126,27.1078
3.53809,1.67568,26.6308
3.36261,1.71401,26.1613
3.20808,1.76454,25.6998
3.0736,1.82589,25.2467
2.95823,1.89696,24.8023
2.86103,1.97691,24.3669
2.7811,2.06514,23.9408
2.71756,2.16129,23.5242
2.66959,2.26515,23.1174
2.63643,2.37669,22.7206
2.61743,2.49605,22.334
2.61198,2.62349,21.958
2.61958,2.75936,21.5928
2.63981,2.90415,21.239
2.67235,3.05844,20.8968
2.71696,3.22286,20.5667
2.7735,3.39815,20.2494
2.84189,3.5851,19.9455
2.92216,3.78454,19.6556
3.01441,3.99738,19.3807
3.11883,4.22455,19.1217
3.23565,4.46701,18.8798
3.36521,4.72574,18.6561
3.50789,5.00171,18.4521
3.66413,5.29588,18.2695
3.83441,5.60916,18.1101
4.01926,5.9424,17.976
4.21923,6.29632,17.8695
4.43487,6.67149,17.7934
4.66673,7.06826,17.7506
4.91534,7.48672,17.7443
5.18115,7.92657,17.7781
5.46452,8.38708,17.8559
5.76571,8.86695,17.9819
6.08476,9.36418,18.1606
6.42149,9.87599,18.3966
6.77544,10.3986,18.6947
7.14577,10.9271,19.0595
7.53121,11.4555,19.4954
7.92994,11.9763,20.0063
8.33957,12.4806,20.5954
8.757,12.958,21.2646
9.17837,13.397,22.0141
9.59903,13.7845,22.8423
10.0135,14.1068,23.7449
10.4155,14.3498,24.7147
10.7979,14.4996,25.7414
11.1532,14.5436,26.8112
11.4732,14.4708,27.9069
11.75,14.2735,29.0083
11.9754,13.9478,30.093
12.1421,13.4943,31.1371
12.2439,12.9189,32.1166
12.2757,12.2323,33.0087
12.2345,11.4505,33.7933
12.1189,10.5929,34.4541
11.9299,9.68209,34.9797
11.6707,8.74193,35.364
11.3462,7.79616,35.6063
10.9632,6.867,35.7111
10.5298,5.97404,35.6871
10.0552,5.13338,35.5462
9.5487,4.35721,35.3025
9.02004,3.65374,34.9713
8.47845,3.02741,34.5678
7.93259,2.47938,34.1066
7.39025,2.00808,33.6011
6.85825,1.60984,33.063
6.3423,1.2795,32.5025
5.84706,1.01099,31.9277
5.37612,0.797747,31.3456
4.9321,0.63311,30.7612
4.51677,0.510604,30.1787
4.13108,0.424124,29.601
3.77539,0.368064,29.0303
3.44947,0.337385,28.468
3.1527,0.327647,27.9151
2.88409,0.334997,27.3722
2.64244,0.356155,26.8396
2.42635,0.388364,26.3175
2.23433,0.429353,25.8058
2.06483,0.477284,25.3044
1.91631,0.530701,24.8132
1.78721,0.588484,24.3321
1.67608,0.649803,23.8609
1.5815,0.71408,23.3994
1.50217,0.780948,22.9475
1.43687,0.850221,22.505
1.38449,0.921869,22.0717
1.34403,0.99599,21.6476
1.31461,1.07279,21.2325
1.29543,1.15258,20.8265
1.28583,1.23574,20.4293
1.28524,1.32272,20.0411
1.29319,1.41405,19.6617
1.3093,1.5103,19.2912
1.33331,1.61211,18.9296
1.36502,1.72017,18.577
1.40432,1.83522,18.2335
1.4512,1.95805,17.8993
1.50572,2.08951,17.5744
1.56802,2.23053,17.2593
1.63831,2.38207,16.9541
1.71688,2.54518,16.6593
1.8041,2.72096,16.3753
1.90041,2.91061,16.1027
2.00633,3.11538,15.8421
2.12243,3.33662,15.5943
2.2494,3.57574,15.3603
2.38796,3.83425,15.1412
2.53894,4.11372,14.9382
2.70323,4.41579,14.7531
2.88179,4.74216,14.5875
3.07566,5.09457,14.4437
3.28595,5.47474,14.324
3.51381,5.8844,14.2315
3.76047,6.32518,14.1695
4.02717,6.79854,14.1419
4.31517,7.30575,14.153
4.6257,7.8477,14.2081
4.95995,8.42478,14.3127
5.319,9.03674,14.4735
5.70377,9.68244,14.6976
6.11491,10.3596,14.9929
6.55274,11.0645,15.3678
7.01711,11.7917,15.8313
7.50728,12.5335,16.3925
8.02171,13.28,17.0603
8.55794,14.0182,17.8432
9.11235,14.7322,18.748
9.68002,15.4028,19.7793
10.2545,16.0078,20.9386
10.8277,16.5222,22.2229
11.3899,16.9193,23.6237
11.9295,17.1717,25.1259
12.4338,17.2533,26.7069
12.8886,17.1414,28.3368
13.2794,16.8192,29.9786
13.5919,16.2783,31.5898
13.8125,15.5203,33.1246
13.93,14.5586,34.5374
13.936,13.4179,35.7861
13.8255,12.1333,36.8356
13.5981,10.7473,37.6612
13.2573,9.30678,38.2498
12.8112,7.85884,38.6007
12.2712,6.44713,38.7247
11.6515,5.10894,38.642
10.9682,3.8732,38.3792
10.2382,2.75971,37.9669
9.478,1.7794,37.4359
8.70348,0.93529,36.8162
7.92881,0.224043,36.1344
7.16628,-0.362426,35.4133
6.42611,-0.83533,34.6714
5.71633,-1.20763,33.9232
5.043,-1.4929,33.1794
4.41025,-1.70453,32.4475
3.82063,-1.85514,31.7324
3.27527,-1.95627,31.0371
2.77416,-2.01816,30.3631
2.31637,-2.04978,29.7106
1.90029,-2.05876,29.0795
1.52378,-2.05159,28.4689
1.18434,-2.03365,27.8778
0.879246,-2.00936,27.3052
0.605657,-1.98232,26.7499
0.360691,-1.95543,26.2109
0.141493,-1.93098,25.6871
-0.0547122,-1.91079,25.1777
-0.230589,-1.89627,24.6818
-0.388665,-1.88849,24.1989
-0.531319,-1.88829,23.7284
-0.660772,-1.8963,23.2697
-0.779086,-1.91302,22.8225
-0.888168,-1.93883,22.3865
-0.98978,-1.97405,21.9614
-1.08554,-2.01898,21.5471
-1.17694,-2.07386,21.1434
-1.26536,-2.13899,20.7502
-1.35208,-2.21466,20.3675
-1.43826,-2.30121,19.9954
-1.52502,-2.39903,19.6339
-1.6134,-2.50856,19.2832
-1.70438,-2.63031,18.9436
-1.7989,-2.76487,18.6153
-1.89787,-2.91289,18.2986
-2.00219,-3.07511,17.9941
-2.11275,-3.25235,17.7022
-2.23041,-3.44551,17.4236
-2.35606,-3.65558,17.1592
-2.49061,-3.8836,16.9099
-2.63497,-4.13072,16.6767
-2.79008,-4.39813,16.461
-2.95691,-4.68708,16.2642
-3.13645,-4.99885,16.0882
-3.32973,-5.33475,15.935
-3.53781,-5.69604,15.8069
-3.76174,-6.08395,15.7067
-4.00261,-6.49959,15.6375
-4.26149,-6.94388,15.6028
-4.53943,-7.4175,15.6066
-4.83742,-7.92074,15.6535
-5.15638,-8.45343,15.7486
-5.49706,-9.01473,15.8973
-5.86007,-9.60301,16.1059
-6.24571,-10.2156,16.3808
-6.65397,-10.8486,16.7291
-7.08439,-11.4965,17.1578
-7.53594,-12.1521,17.674
-8.00693,-12.8063,18.2845
-8.49483,-13.4476,18.9952
-8.99615,-14.0623,19.8106
-9.50633,-14.6341,20.7333
-10.0196,-15.1447,21.763
-10.5288,-15.5741,22.8957
-11.0256,-15.9009,24.1231
-11.5004,-16.104,25.4317
-11.9426,-16.1633,26.8026
-12.3407,-16.0617,28.2111
-12.6829,-15.7867,29.6277
-12.9577,-15.3322,31.0187
-13.1544,-14.6996,32.3482
-13.264,-13.899,33.5804
-13.2796,-12.9489,34.6817
-13.197,-11.8753,35.6238
-13.0155,-10.7106,36.3854
-12.7374,-9.49062,36.9537
-12.3686,-8.25204,37.3252
-11.9174,-7.02995,37.5051
-11.395,-5.85542,37.5059
-10.8139,-4.75385,37.3462
-10.1876,-3.74412,37.048
-9.52975,-2.83838,36.6352
-8.85361,-2.04253,36.1313
-8.17142,-1.35708,35.5586
-7.49413,-0.778239,34.9369
-6.83109,-0.299083,34.2829
-6.19002,0.0893598,33.6105
-5.57697,0.397185,32.9306
-4.99644,0.63486,32.2513
-4.45152,0.812673,31.5787
-3.94403,0.940341,30.9169
-3.47474,1.02678,30.2686
-3.04356,1.07996,29.6352
-2.64967,1.10689,29.0176
-2.29172,1.1136,28.4158
-1.96797,1.10524,27.8298
-1.67637,1.0861,27.259
-1.41471,1.05974,26.7028
-1.1807,1.02907,26.1606
-0.971983,0.996422,25.6319
-0.786255,0.963654,25.1158
-0.621266,0.932219,24.6119
-0.474858,0.903234,24.1196
-0.344987,0.877542,23.6384
-0.229735,0.855765,23.1678
-0.127315,0.838349,22.7076
-0.0360741,0.825607,22.2573
0.045506,0.81775,21.8166
0.118817,0.814917,21.3853
0.185129,0.817195,20.9631
0.245597,0.824645,20.5497
0.301272,0.837312,20.1451
0.353108,0.855245,19.7489
0.401975,0.878501,19.3611
0.448665,0.907158,18.9815
0.493905,0.941325,18.6099
0.538363,0.981141,18.2463
0.58266,1.02679,17.8906
0.627377,1.0785,17.5427
0.673062,1.13653,17.2024
0.720243,1.20123,16.8698
0.769428,1.27298,16.5449
0.821119,1.35221,16.2276
0.875813,1.43944,15.918
0.934013,1.53526,15.6162
0.996235,1.6403,15.3221
1.06301,1.75531,15.036
1.13488,1.8811,14.7581
1.21245,2.01857,14.4885
1.29632,2.16872,14.2276
1.38716,2.33265,13.9757
1.48566,2.51156,13.7334
1.5926,2.70678,13.5012
1.70878,2.91974,13.2799
1.83509,3.15199,13.0701
1.97249,3.40523,12.8731
2.122,3.68127,12.69
2.28473,3.98203,12.5223
2.46187,4.30958,12.3717
2.65471,4.66607,12.2404
2.86461,5.05376,12.1307
3.09304,5.47496,12.0457
3.34152,5.93198,11.9888
3.61168,6.4271,11.9641
3.90517,6.96245,11.9762
4.2237,7.53994,12.0308
4.56898,8.16105,12.1342
4.94266,8.82671,12.2938
5.34628,9.53698,12.518
5.78121,10.2908,12.8162
6.24849,11.0856,13.1989
6.74875,11.9169,13.6775
7.28201,12.7777,14.2644
7.84747,13.6579,14.9721
8.44329,14.544,15.8132
9.06632,15.4183,16.7992
9.7118,16.2585,17.9397
10.3731,17.0374,19.241
11.0413,17.7236,20.7041
11.7054,18.2818,22.3234
12.3517,18.6742,24.0846
12.9643,18.8633,25.9632
13.5253,18.8144,27.9233
14.0156,18.5001,29.9184
14.4157,17.9033,31.8923
14.7072,17.0217,33.7831
14.8737,15.8695,35.5269
14.9029,14.4786,37.0642
14.7873,12.8964,38.3454
14.5252,11.1824,39.3357
14.1213,9.4021,40.018
13.5858,7.6215,40.3938
12.9343,5.90062,40.4817
12.186,4.28916,40.3133
11.3623,2.82376,39.9289
10.4857,1.52724,39.3727
9.57768,0.409549,38.6884
8.65837,-0.530206,37.9162
7.74538,-1.30114,37.0904
6.8535,-1.91792,36.2392
5.99454,-2.3984,35.3841
5.17742,-2.76166,34.5406
4.4084,-3.02661,33.7193
3.69137,-3.21106,32.9266
3.02825,-3.33117,32.1658
2.41934,-3.40116,31.4383
1.86364,-3.43328,30.7434
1.35916,-3.43791,30.08
0.903232,-3.42367,29.4461
0.492661,-3.39769,28.8396
0.123965,-3.36571,28.2583
-0.206504,-3.33239,27.7002
-0.502441,-3.30139,27.1635
-0.767497,-3.27562,26.6464
-1.00522,-3.25731,26.1475
-1.21902,-3.24822,25.6656
-1.4121,-3.24964,25.1997
-1.5875,-3.2626,24.7491
-1.74803,-3.28782,24.3132
-1.8963,-3.3259,23.8914
-2.03472,-3.37726,23.4836
-2.16551,-3.44225,23.0895
-2.29072,-3.52118,22.7091
-2.4122,-3.61432,22.3425
-2.53169,-3.72193,21.9899
-2.65075,-3.84429,21.6515
-2.77086,-3.98171,21.3278
-2.89336,-4.13453,21.0192
-3.0195,-4.30311,20.7265
-3.15046,-4.48786,20.4503
-3.28733,-4.6892,20.1916
-3.43117,-4.90761,19.9513
-3.58294,-5.14354,19.7307
-3.74359,-5.39746,19.5311
-3.914,-5.66981,19.3541
-4.09502,-5.96098,19.2014
-4.28745,-6.27128,19.075
-4.49203,-6.60091,18.9769
-4.70944,-6.94988,18.9098
-4.94031,-7.318,18.8761
-5.18514,-7.7048,18.8788
-5.44435,-8.10946,18.921
-5.71822,-8.5307,19.0061
-6.00685,-8.96673,19.1376
-6.31013,-9.41515,19.3191
-6.62769,-9.87281,19.5543
-6.95887,-10.3357,19.8468
-7.30265,-10.799,20.2
-7.6576,-11.2568,20.6169
-8.02178,-11.7021,21.1
-8.39276,-12.127,21.6507
-8.76751,-12.5222,22.2694
-9.14237,-12.8779,22.955
-9.51308,-13.1835,23.7046
-9.87471,-13.4278,24.5131
-10.2218,-13.5999,25.3731
-10.5483,-13.6895,26.2747
-10.8479,-13.6873,27.2056
-11.114,-13.5861,28.1508
-11.3401,-13.381,29.0935
-11.5202,-13.0705,30.0156
-11.6485,-12.6565,30.8981
-11.7204,-12.1448,31.7222
-11.7324,-11.5448,32.4705
-11.6824,-10.8697,33.1277
-11.57,-10.135,33.6815
-11.3961,-9.35839,34.1234
-11.1636,-8.5584,34.4487
-10.8767,-7.75342,34.6568
-10.541,-6.96076,34.7507
-10.163,-6.19578,34.7368
-9.75006,-5.47136,34.6238
-9.30986,-4.79755,34.4225
-8.85018,-4.18145,34.1442
-8.37858,-3.62737,33.8008
-7.90222,-3.13707,33.4037
-7.42761,-2.71016,32.9638
-6.96052,-2.34453,32.4908
-6.50592,-2.03679,31.9932
-6.06793,-1.78267,31.4783
-5.64984,-1.57736,30.9523
-5.25415,-1.41584,30.42
-4.88266,-1.2931,29.8854
-4.53652,-1.2043,29.3517
-4.21633,-1.14492,28.8213
-3.92221,-1.11083,28.2959
-3.65391,-1.09833,27.777
-3.41086,-1.10415,27.2654
-3.19227,-1.12549,26.7619
-2.99716,-1.15996,26.2669
-2.82445,-1.20558,25.7808
-2.673,-1.26073,25.3038
-2.54161,-1.32413,24.8361
-2.42911,-1.39479,24.3777
-2.33437,-1.47201,23.9288
-2.25629,-1.5553,23.4893
-2.19384,-1.64439,23.0594
-2.1461,-1.73919,22.6391
-2.11219,-1.83975,22.2285
-2.09137,-1.94629,21.8277
-2.08297,-2.05912,21.4369
-2.08643,-2.17868,21.0561
-2.10129,-2.3055,20.6856
-2.12717,-2.44018,20.3257
-2.16382,-2.58343,19.9765
-2.21105,-2.73601,19.6385
-2.2688,-2.89875,19.3121
-2.33706,-3.07257,18.9978
-2.41594,-3.25841,18.696
-2.50563,-3.45731,18.4076
-2.60638,-3.67033,18.1333
-2.71855,-3.89861,17.8739
-2.84255,-4.14332,17.6307
-2.97888,-4.40566,17.4047
-3.1281,-4.68686,17.1975
-3.29085,-4.98816,17.0106
-3.4678,-5.31079,16.846
-3.6597,-5.65593,16.7059
-3.86731,-6.02469,16.5926
-4.09144,-6.41806,16.5091
-4.33291,-6.83685,16.4586
-4.5925,-7.28162,16.4445
-4.87097,-7.75259,16.471
-5.16903,-8.24955,16.5425
-5.48725,-8.77171,16.6639
-5.82603,-9.31756,16.8404
-6.18557,-9.88471,17.0779
-6.56577,-10.4697,17.3822
-6.96612,-11.0678,17.7595
-7.38569,-11.6727,18.2158
-7.82291,-12.2767,18.7569
-8.27556,-12.8698,19.3878
-8.7406,-13.4404,20.1126
-9.21405,-13.9749,20.9333
-9.69094,-14.4577,21.8501
-10.1652,-14.8718,22.8599
-10.6297,-15.1992,23.9564
-11.0762,-15.4215,25.1286
-11.4956,-15.5212,26.3616
-11.878,-15.4831,27.6353
-12.2132,-15.2949,28.9256
-12.491,-14.9496,30.2045
-12.7018,-14.4459,31.4417
-12.8372,-13.7894,32.6063
-12.8903,-12.9929,33.6683
-12.8566,-12.0758,34.6011
-12.734,-11.0632,35.3831
-12.5232,-9.98441,35.9995
-12.2279,-8.87047,36.4426
-11.8542,-7.75239,36.7123
-11.4107,-6.65892,36.8154
-10.9075,-5.61495,36.7643
-10.3561,-4.64043,36.5758
-9.76838,-3.7498,36.2691
-9.15629,-2.95205,35.8644
-8.5312,-2.25115,35.3816
-7.90358,-1.64684,34.8391
-7.28272,-1.13546,34.2534
-6.67654,-0.710938,33.6386
-6.09154,-0.365563,33.0063
-5.53282,-0.090773,32.3656
-5.00418,0.122284,31.7237
-4.5082,0.282303,31.0859
-4.04643,0.397519,30.4559
-3.61949,0.475504,29.8362
-3.22728,0.523063,29.2284
-2.8691,0.546194,28.6335
-2.54377,0.55009,28.0518
-2.24978,0.539182,27.4834
-1.98536,0.517192,26.9281
-1.74861,0.487205,26.3856
-1.53753,0.451741,25.8555
-1.35008,0.412826,25.3373
-1.18428,0.372058,24.8307
-1.03818,0.330677,24.3352
-0.909908,0.289616,23.8503
-0.797706,0.249558,23.3758
-0.699926,0.210977,22.9112
-0.615037,0.174181,22.4563
-0.541635,0.13934,22.0107
-0.478435,0.106521,21.5742
-0.424276,0.0757065,21.1466
-0.378109,0.0468174,20.7277
-0.338996,0.0197273,20.3171
-0.306102,-0.00572412,19.9148
-0.278689,-0.0297204,19.5205
-0.256106,-0.0524608,19.1341
-0.237784,-0.074154,18.7553
-0.223227,-0.0950138,18.3842
-0.212009,-0.115256,18.0203
-0.203764,-0.135096,17.6638
-0.198181,-0.154748,17.3143
-0.194999,-0.174426,16.9718
-0.194002,-0.19434,16.6361
-0.195014,-0.214701,16.307
-0.197899,-0.235722,15.9846
-0.202549,-0.257615,15.6686
-0.208892,-0.280597,15.3588
-0.216879,-0.304891,15.0553
-0.226491,-0.330726,14.7579
-0.237732,-0.358343,14.4665
-0.250626,-0.387993,14.1809
-0.265225,-0.419943,13.9012
-0.281597,-0.454479,13.6271
-0.299835,-0.491907,13.3586
-0.320053,-0.532556,13.0957
-0.342385,-0.576783,12.8382
-0.366989,-0.624979,12.5861
-0.394047,-0.677566,12.3393
-0.423766,-0.73501,12.0978
-0.456378,-0.79782,11.8616
-0.492146,-0.866553,11.6306
-0.531363,-0.941826,11.4049
-0.574354,-1.02431,11.1845
-0.621482,-1.11476,10.9693
-0.673151,-1.21399,10.7596
-0.729807,-1.32291,10.5553
-0.791944,-1.44251,10.3567
-0.860111,-1.57389,10.164
-0.934912,-1.71827,9.97734
-1.01702,-1.87698,9.79714
-1.10716,-2.0515,9.62378
-1.20617,-2.24343,9.4578
-1.31493,-2.45455,9.29983
-1.43444,-2.6868,9.15065
-1.56578,-2.94232,9.01124
-1.71016,-3.22341,8.88278
-1.86889,-3.53259,8.76671
-2.0434,-3.87259,8.66479
-2.23527,-4.24634,8.57916
-2.44621,-4.65696,8.51241
-2.67806,-5.10774,8.46765
-2.93284,-5.60215,8.44865
-3.21266,-6.14371,8.45996
-3.51982,-6.73596,8.50698
-3.8567,-7.38233,8.59622
-4.22579,-8.08598,8.73535
-4.62958,-8.84954,8.93347
-5.0706,-9.67482,9.20123
-5.55119,-10.5624,9.55099
-6.07349,-11.5111,9.9969
-6.63919,-12.5173,10.555
-7.24933,-13.5743,11.243
-7.90402,-14.6709,12.0799
-8.60206,-15.7911,13.0856
-9.34053,-16.9123,14.2795
-10.1143,-18.0048,15.6791
-10.9155,-19.0306,17.298
-11.733,-19.9439,19.1425
-12.5521,-20.6914,21.209
-13.354,-21.2149,23.4801
-14.1161,-21.4548,25.9213
-14.8126,-21.3556,28.4793
-15.4151,-20.8736,31.0816
-15.8947,-19.9836,33.6397
-16.2242,-18.6861,36.0551
-16.3803,-17.0114,38.2288
-16.3462,-15.0197,40.0723
-16.1138,-12.7962,41.5181
-15.6849,-10.4426,42.528
-15.0708,-8.06486,43.0963
-14.2917,-5.7617,43.2481
-13.3746,-3.61497,43.0332
-12.3506,-1.68379,42.5173
-11.2522,-0.00301622,41.7726
-10.111,1.41489,40.8696
-8.95603,2.57555,39.871
-7.81226,3.49752,38.8287
-6.7001,4.20718,37.7827
-5.6353,4.73452,36.7614
-4.62923,5.10991,35.7834
-3.68936,5.36209,34.8594
-2.81984,5.51687,33.9941
-2.02212,5.59669,33.1881
-1.29556,5.62051,32.4392
-0.637944,5.60403,31.7435
-0.0458975,5.56001,31.0963
0.484711,5.49871,30.4929
0.958493,5.42826,29.9284
1.38031,5.35504,29.3984
1.75508,5.28399,28.899
2.08769,5.2189,28.4269
2.38286,5.16261,27.979
2.6451,5.11725,27.553
2.87866,5.08434,27.147
3.08751,5.06496,26.7594
3.27533,5.05984,26.3891
3.44549,5.0694,26.0351
3.60109,5.0939,25.6968
3.74494,5.13341,25.374
3.87959,5.18789,25.0663
4.00733,5.25723,24.7739
4.13022,5.34124,24.4968
4.25011,5.4397,24.2353
4.36866,5.55236,23.9899
4.48731,5.67893,23.7611
4.60738,5.8191,23.5494
4.73001,5.97255,23.3556
4.8562,6.13889,23.1804
4.98682,6.31772,23.0249
5.12261,6.50857,22.8899
5.2642,6.7109,22.7765
5.4121,6.92408,22.6858
5.56671,7.14738,22.6189
5.72831,7.37992,22.5772
5.89707,7.62068,22.5617
6.07303,7.86847,22.5739
6.2561,8.12186,22.6149
6.44608,8.37924,22.6859
6.64259,8.63871,22.7881
6.8451,8.89812,22.9224
7.05293,9.15503,23.0896
7.2652,9.40671,23.2903
7.48085,9.65018,23.5248
7.69861,9.88214,23.7931
7.91703,10.0991,24.0944
8.13443,10.2973,24.4279
8.34895,10.473,24.7919
8.55852,10.6222,25.1842
8.76092,10.7413,25.6017
8.95378,10.8265,26.0408
9.13462,10.8746,26.4972
9.30092,10.8827,26.9658
9.45014,10.8487,27.441
9.57982,10.771,27.9165
9.68764,10.6492,28.3858
9.77147,10.4836,28.8421
9.82951,10.2756,29.2787
9.86027,10.0277,29.6889
9.86272,9.7433,30.0667
9.83628,9.42676,30.4064
9.78088,9.08317,30.7035
9.69697,8.71822,30.954
9.58554,8.33796,31.1554
9.44803,7.94862,31.3059
9.28636,7.55632,31.4051
9.10285,7.16696,31.4535
8.90011,6.78598,31.4524
8.68101,6.41822,31.4042
8.44857,6.06785,31.3116
8.2059,5.73831,31.1782
7.95608,5.43225,31.0075
7.70212,5.15162,30.8036
7.44691,4.89766,30.5703
7.19313,4.67097,30.3115
6.94326,4.47164,30.031
6.69951,4.29931,29.7324
6.46383,4.15325,29.4188
6.23791,4.03246,29.0935
6.02317,3.93576,28.7591
5.82077,3.86186,28.418
5.63166,3.80941,28.0726
5.45653,3.77705,27.7248
5.2959,3.76347,27.3764
5.15013,3.76743,27.0289
5.01941,3.78778,26.6837
4.90381,3.82349,26.3422
4.80332,3.87362,26.0054
4.71783,3.93739,25.6744
4.64717,4.0141,25.3502
4.59114,4.10321,25.0338
4.5495,4.20427,24.7259
4.52201,4.31694,24.4276
4.5084,4.44096,24.1396
4.50844,4.57616,23.8627
4.52187,4.72246,23.598
4.54849,4.87982,23.3462
4.58807,5.04823,23.1084
4.64046,5.22773,22.8854
4.70548,5.41837,22.6785
4.78299,5.62018,22.4886
4.87288,5.83318,22.317
4.97502,6.05735,22.1648
5.08931,6.29259,22.0335
5.21564,6.53873,21.9245
5.35388,6.79545,21.8391
5.5039,7.06233,21.7791
5.6655,7.33875,21.7459
5.83846,7.62389,21.7414
6.02248,7.91669,21.7671
6.21716,8.21582,21.8248
6.42202,8.51962,21.9162
6.63645,8.8261,22.043
6.85967,9.13291,22.2065
7.09075,9.43729,22.4081
7.32857,9.73606,22.6488
7.57177,10.0256,22.9293
7.81878,10.302,23.2498
8.06777,10.5609,23.6101
8.31667,10.7976,24.009
8.56313,11.0071,24.445
8.80456,11.1846,24.9153
9.03816,11.325,25.4166
9.26089,11.4235,25.9441
9.46961,11.4759,26.4926
9.66106,11.4784,27.0556
9.832,11.428,27.6257
9.97924,11.323,28.195
10.0998,11.1627,28.7549
10.191,10.9477,29.2967
10.2505,10.6804,29.8115
10.2764,10.3642,30.2911
10.2677,10.0041,30.7276
10.2236,9.6062,31.1143
10.1444,9.17767,31.4456
10.0307,8.72627,31.7173
9.88408,8.26014,31.9269
9.7067,7.7875,32.073
9.50123,7.31625,32.1561
9.27083,6.85375,32.1778
9.01904,6.40659,32.1409
8.74963,5.98039,32.0492
8.4665,5.57976,31.907
8.17358,5.20822,31.7194
7.87469,4.86824,31.4914
7.57347,4.56134,31.2282
7.27335,4.28813,30.9348
6.97741,4.04851,30.6161
6.68843,3.84176,30.2766
6.40882,3.66668,29.9202
6.14063,3.52174,29.5509
5.88555,3.40516,29.1718
5.64495,3.31506,28.7857
5.41987,3.24951,28.3954
5.21109,3.20659,28.0028
5.01911,3.18449,27.61
4.84423,3.1815,27.2186
4.68657,3.19607,26.83
4.5461,3.22681,26.4454
4.42265,3.27251,26.0659
4.31597,3.33212,25.6925
4.22576,3.40479,25.3261
4.15165,3.48981,24.9675
4.09326,3.58664,24.6174
4.0502,3.69488,24.2767
4.02207,3.81428,23.9459
4.00852,3.94468,23.6259
4.0092,4.08606,23.3174
4.0238,4.23847,23.0211
4.05205,4.40203,22.7379
4.09372,4.57695,22.4686
4.14864,4.76346,22.2142
4.21665,4.96184,21.9756
4.29765,5.17237,21.754
4.39157,5.39534,21.5505
4.49839,5.63102,21.3663
4.6181,5.8796,21.2029
4.7507,6.14125,21.0618
4.89622,6.41601,20.9445
5.05466,6.70379,20.8529
5.22604,7.00435,20.7887
5.41031,7.31724,20.7541
5.60738,7.64178,20.7511
5.81712,7.97698,20.7818
6.03925,8.32152,20.8486
6.27342,8.67369,20.9537
6.51911,9.03133,21.0995
6.7756,9.39179,21.288
7.042,9.75189,21.5213
7.31715,10.1079,21.8011
7.59962,10.4553,22.1288
7.88766,10.7894,22.5053
8.17921,11.1044,22.9306
8.47184,11.3945,23.4042
8.76275,11.653,23.9244
9.04879,11.8734,24.4883
9.32645,12.0489,25.092
9.59195,12.1727,25.7301
9.84123,12.2389,26.3955
10.0701,12.2421,27.0802
10.2742,12.1782,27.7745
10.4495,12.0443,28.4679
10.5919,11.8395,29.149
10.6979,11.5647,29.8061
10.7644,11.2231,30.4273
10.789,10.8198,31.0016
10.7701,10.3617,31.5188
10.7072,9.85773,31.9702
10.6005,9.31788,32.349
10.4513,8.75306,32.6505
10.2618,8.1745,32.8721
10.035,7.59326,33.0135
9.77478,7.01975,33.0764
9.48552,6.46337,33.0642
9.172,5.9322,32.9819
8.83926,5.43279,32.8353
8.49241,4.97013,32.6312
8.13645,4.54768,32.3766
7.7762,4.16743,32.0785
7.41612,3.83007,31.7438
7.06027,3.53525,31.3789
6.71224,3.28171,30.9897
6.37512,3.06754,30.5815
6.0515,2.89036,30.159
5.74351,2.74751,29.7262
5.45278,2.63617,29.2866
5.18053,2.55354,28.8431
4.9276,2.49685,28.3982
4.6945,2.46352,27.9539
4.48143,2.45115,27.5119
4.2884,2.45756,27.0735
4.11517,2.48086,26.6401
3.96139,2.51936,26.2124
3.82659,2.57167,25.7914
3.71021,2.63661,25.3778
3.61167,2.71324,24.9722
3.53032,2.80085,24.5751
3.46557,2.8989,24.1871
3.41679,3.00706,23.8087
3.38344,3.12514,23.4404
3.36497,3.25311,23.0827
3.36092,3.39106,22.7362
3.37087,3.5392,22.4014
3.39448,3.69783,22.079
3.43146,3.86736,21.7695
3.4816,4.04824,21.4739
3.54475,4.24101,21.1928
3.62083,4.44622,20.9271
3.70983,4.66448,20.678
3.81179,4.8964,20.4465
3.9268,5.1426,20.2339
4.055,5.40366,20.0415
4.1966,5.68013,19.871
4.35179,5.97249,19.724
4.52082,6.28109,19.6025
4.70392,6.60618,19.5086
4.90134,6.94781,19.4445
5.11328,7.3058,19.4127
5.33989,7.67967,19.416
5.58125,8.06861,19.4572
5.83733,8.47139,19.5394
6.10798,8.88626,19.6657
6.39284,9.31089,19.8394
6.69136,9.74231,20.0637
7.0027,10.1768,20.3417
7.32573,10.6097,20.6762
7.65892,11.0356,21.0698
8.00035,11.4483,21.5244
8.34762,11.8402,22.0408
8.69782,12.2035,22.6193
9.04752,12.5291,23.2582
9.39273,12.8077,23.9548
9.72893,13.0297,24.7041
10.0511,13.1853,25.4993
10.3539,13.2658,26.3313
10.6316,13.2632,27.189
10.8783,13.1712,28.0592
11.0883,12.986,28.9271
11.2561,12.706,29.7765
11.3767,12.333,30.5908
11.4461,11.872,31.3536
11.4611,11.3311,32.0495
11.4197,10.7213,32.6648
11.3214,10.0561,33.1884
11.1671,9.35064,33.6121
10.9591,8.62107,33.9313
10.7009,7.88349,34.1445
10.3974,7.15327,34.2538
10.0541,6.44428,34.2639
9.67763,5.76841,34.1818
9.27461,5.13518,34.0162
8.85205,4.55168,33.7771
8.41678,4.02253,33.4744
7.97531,3.55014,33.1185
7.53366,3.13495,32.7191
7.09726,2.77578,32.285
6.67082,2.47022,31.8242
6.25835,2.21494,31.3437
5.86311,2.00603,30.8495
5.48768,1.83925,30.3465
5.13396,1.71027,29.8387
4.80329,1.61485,29.3295
4.49646,1.54895,28.8214
4.21384,1.50881,28.3165
3.95539,1.49103,27.8164
3.72081,1.49257,27.3222
3.50952,1.5108,26.8348
3.32079,1.54344,26.355
3.15375,1.58861,25.8833
3.00744,1.64472,25.42
2.88087,1.71053,24.9655
2.77304,1.78507,24.52
2.68295,1.86763,24.0838
2.60966,1.95773,23.6569
2.55228,2.05509,23.2397
2.50996,2.15962,22.8323
2.48197,2.27136,22.4349
2.46763,2.39052,22.0478
2.46637,2.51743,21.6711
2.4777,2.65253,21.3052
2.50122,2.79633,20.9504
2.53664,2.94947,20.6072
2.58373,3.11264,20.2759
2.64239,3.28662,19.9572
2.71258,3.47224,19.6516
2.79436,3.6704,19.3598
2.88785,3.88204,19.0826
2.99328,4.10814,18.821
3.11093,4.34972,18.5761
3.24117,4.60784,18.349
3.38442,4.88352,18.1413
3.54116,5.17783,17.9545
3.71194,5.49175,17.7905
3.89732,5.82623,17.6513
4.09793,6.18213,17.5394
4.31437,6.56013,17.4574
4.54728,6.96075,17.4082
4.79726,7.38422,17.3953
5.06485,7.83043,17.4222
5.35051,8.29884,17.493
5.6546,8.78834,17.612
5.97728,9.29715,17.784
6.31851,9.82266,18.0138
6.67794,10.3613,18.3064
7.05488,10.9083,18.667
7.44817,11.4577,19.1005
7.85614,12.0021,19.6112
8.27649,12.5325,20.2029
8.70621,13.0384,20.8782
9.14151,13.5076,21.6381
9.57772,13.9267,22.4815
10.0093,14.2811,23.4049
10.4298,14.5558,24.4014
10.832,14.7357,25.4611
11.2078,14.8067,26.5701
11.5489,14.7565,27.7109
11.8464,14.5759,28.8626
12.0919,14.2596,30.0016
12.2774,13.8074,31.1024
12.3958,13.2243,32.1393
12.4415,12.5212,33.0874
12.4108,11.7142,33.9247
12.302,10.8239,34.6329
12.1158,9.87414,35.1991
11.8551,8.89061,35.6162
11.525,7.89893,35.883
11.1325,6.92327,36.0039
10.6862,5.98494,35.988
10.1956,5.10151,35.8482
9.67077,4.28627,35.5997
9.12203,3.54815,35.2588
8.5592,2.89197,34.8421
7.99152,2.31892,34.3652
7.42728,1.82722,33.8426
6.87373,1.41282,33.2868
6.33693,1.07007,32.7086
5.8218,0.792326,32.1168
5.33212,0.572471,31.5183
4.87062,0.403299,30.9187
4.43911,0.277825,30.322
4.03857,0.189492,29.7313
3.66929,0.132299,29.1486
3.33099,0.10087,28.5754
3.02295,0.0904807,28.0125
2.74409,0.0970451,27.4605
2.49307,0.117088,26.9195
2.26837,0.147698,26.3895
2.06838,0.186477,25.8705
1.89143,0.231482,25.3624
1.73584,0.281173,24.8647
1.59996,0.33436,24.3774
1.4822,0.390153,23.9003
1.38106,0.447917,23.4329
1.29512,0.507236,22.9752
1.22306,0.567874,22.527
1.1637,0.62975,22.088
1.11593,0.692909,21.6581
1.07879,0.757501,21.2371
1.0514,0.823766,20.8249
1.03303,0.89202,20.4214
1.023,0.96264,20.0264
1.02079,1.03606,19.64
1.02592,1.11276,19.262
1.03805,1.19328,18.8923
1.05689,1.27818,18.531
1.08226,1.36808,18.1781
1.11403,1.46364,17.8335
1.15218,1.56557,17.4974
1.19673,1.67461,17.1698
1.2478,1.79157,16.8507
1.30556,1.91731,16.5405
1.37024,2.05276,16.2393
1.44217,2.1989,15.9473
1.52173,2.35679,15.6649
1.60935,2.52757,15.3926
1.70555,2.71245,15.1308
1.81094,2.91275,14.8801
1.92615,3.12987,14.6413
2.05194,3.36529,14.4153
2.1891,3.62061,14.2032
2.33855,3.89751,14.0062
2.50123,4.19777,13.8258
2.67822,4.52324,13.6638
2.87063,4.87586,13.5223
3.07968,5.25759,13.4037
3.30665,5.6704,13.311
3.55289,6.11624,13.2475
3.81979,6.59695,13.2171
4.1088,7.11416,13.2244
4.42134,7.66925,13.2746
4.75884,8.26311,13.3737
5.12263,8.89604,13.5285
5.51389,9.56748,13.7467
5.93362,10.2757,14.0367
6.38247,11.0177,14.4079
6.86065,11.7884,14.8702
7.36778,12.5807,15.4341
7.9027,13.3847,16.1102
8.46328,14.1873,16.9085
9.04618,14.9722,17.838
9.64663,15.7191,18.9056
10.2582,16.4038,20.115
10.8727,16.999,21.4653
11.4797,17.4744,22.9495
12.0672,17.7985,24.5532
12.621,17.9403,26.2538
13.1257,17.872,28.0195
13.5647,17.5719,29.8099
13.9217,17.0272,31.5774
14.1809,16.2371,33.2699
14.3289,15.2144,34.8343
14.3552,13.9854,36.2211
14.2536,12.5892,37.3885
14.0227,11.0747,38.3066
13.666,9.49572,38.9593
13.1922,7.90723,39.3456
12.6139,6.35999,39.4781
11.9472,4.8972,39.3805
11.2102,3.55199,39.0845
10.4219,2.34655,38.6257
9.60126,1.29247,38.0405
8.76582,0.392103,37.3631
7.93145,-0.359566,36.624
7.11174,-0.972848,35.8488
6.31783,-1.46142,35.0577
5.55838,-1.84068,34.2662
4.83977,-2.12645,33.4854
4.16624,-2.33408,32.7229
3.54024,-2.47784,31.9832
2.9627,-2.57058,31.2686
2.4333,-2.62361,30.5802
1.95075,-2.64667,29.9175
1.51304,-2.64801,29.2798
1.11763,-2.63453,28.6657
0.761604,-2.61191,28.0738
0.441864,-2.5848,27.5025
0.155194,-2.55693,26.9504
-0.10163,-2.53128,26.4161
-0.331778,-2.51022,25.8985
-0.538318,-2.49556,25.3965
-0.724177,-2.48875,24.9093
-0.892126,-2.49087,24.436
-1.04476,-2.50277,23.9761
-1.1845,-2.52509,23.5291
-1.3136,-2.55833,23.0946
-1.43411,-2.60292,22.6724
-1.54797,-2.65919,22.2624
-1.65692,-2.72747,21.8643
-1.7626,-2.80808,21.4782
-1.8665,-2.90133,21.1042
-1.97001,-3.0076,20.7424
-2.07443,-3.12727,20.3931
-2.18097,-3.26081,20.0565
-2.29077,-3.40873,19.7332
-2.40491,-3.57159,19.4236
-2.52444,-3.75003,19.1283
-2.65036,-3.94476,18.848
-2.78364,-4.15652,18.5838
-2.92525,-4.38613,18.3365
-3.07613,-4.63445,18.1073
-3.23723,-4.90237,17.8978
-3.40947,-5.19077,17.7094
-3.5938,-5.50055,17.544
-3.79113,-5.83257,17.4037
-4.00239,-6.18758,17.291
-4.22846,-6.56624,17.2084
-4.47022,-6.96901,17.159
-4.72848,-7.39611,17.1463
-5.00398,-7.84742,17.1739
-5.29736,-8.32237,17.2461
-5.60912,-8.81984,17.3674
-5.93957,-9.33803,17.5425
-6.28879,-9.8743,17.7767
-6.65654,-10.425,18.0752
-7.0422,-10.9853,18.4433
-7.44471,-11.549,18.8863
-7.86241,-12.1084,19.4089
-8.29303,-12.6544,20.0152
-8.73354,-13.1758,20.7079
-9.18005,-13.6601,21.4884
-9.6278,-14.0932,22.3557
-10.0711,-14.4598,23.3062
-10.5032,-14.7441,24.3331
-10.9166,-14.93,25.4259
-11.303,-15.0028,26.5703
-11.6535,-14.9493,27.7479
-11.9591,-14.7599,28.9368
-12.2108,-14.429,30.112
-12.4001,-13.9564,31.247
-12.5198,-13.3475,32.3144
-12.564,-12.614,33.2882
-12.5289,-11.773,34.1454
-12.4127,-10.8466,34.8671
-12.2163,-9.8602,35.44
-11.9429,-8.84078,35.8573
-11.5981,-7.81541,36.1183
-11.1892,-6.80933,36.2281
-10.7253,-5.84465,36.1971
-10.2165,-4.93937,36.0391
-9.67347,-4.10692,35.7705
-9.10675,-3.35606,35.4087
-8.52665,-2.69123,34.9711
-7.94269,-2.11311,34.474
-7.36339,-1.61932,33.9324
-6.79613,-1.2052,33.3592
-6.24705,-0.864506,32.7652
-5.72106,-0.590054,32.1592
-5.22191,-0.374247,31.5483
-4.75225,-0.209486,30.9379
-4.31377,-0.0884615,30.3319
-3.90734,-0.00436104,29.733
-3.53312,0.0490122,29.1434
-3.1907,0.077178,28.5642
-2.8792,0.0849651,27.9961
-2.59741,0.0765288,27.4395
-2.34389,0.05539,26.8945
-2.117,0.0244864,26.3611
-1.91501,-0.0137689,25.839
-1.73616,-0.0574283,25.3279
-1.57868,-0.10495,24.8277
-1.44085,-0.155145,24.3381
-1.321,-0.207122,23.8586
-1.21756,-0.260244,23.3891
-1.12906,-0.314088,22.9293
-1.05413,-0.368409,22.4789
-0.991519,-0.423107,22.0378
-0.940089,-0.478204,21.6057
-0.898821,-0.533821,21.1825
-0.866806,-0.590161,20.768
-0.843244,-0.647492,20.362
-0.827441,-0.706141,19.9644
-0.818802,-0.76648,19.5751
-0.816825,-0.828923,19.1939
-0.821098,-0.893918,18.8208
-0.831293,-0.961951,18.4557
-0.84716,-1.03354,18.0986
-0.868523,-1.10923,17.7493
-0.895278,-1.18961,17.4079
-0.927389,-1.27531,17.0743
-0.964882,-1.36698,16.7485
-1.00785,-1.46534,16.4307
-1.05644,-1.57114,16.1209
-1.11087,-1.68519,15.8191
-1.17141,-1.80836,15.5256
-1.23838,-1.9416,15.2405
-1.31219,-2.0859,14.9642
-1.39329,-2.24237,14.6968
-1.48219,-2.41217,14.4389
-1.57949,-2.59656,14.191
-1.68584,-2.79693,13.9536
-1.80196,-3.01473,13.7274
-1.92867,-3.25155,13.5134
-2.06685,-3.50908,13.3127
-2.21745,-3.78912,13.1264
-2.38154,-4.09358,12.9562
-2.56026,-4.42449,12.8038
-2.75481,-4.78393,12.6714
-2.96653,-5.17409,12.5615
-3.1968,-5.59716,12.477
-3.44711,-6.05535,12.4215
-3.71897,-6.55075,12.3991
-4.014,-7.08533,12.4145
-4.33378,-7.66074,12.4733
-4.67991,-8.27822,12.5818
-5.05393,-8.93836,12.7474
-5.45724,-9.6409,12.9783
-5.89101,-10.3844,13.2838
-6.35613,-11.1658,13.674
-6.85299,-11.9802,14.1601
-7.38137,-12.8201,14.7536
-7.94024,-13.6753,15.4665
-8.52749,-14.5318,16.3104
-9.13971,-15.3717,17.2957
-9.77193,-16.1729,18.4307
-10.4173,-16.9089,19.7201
-11.0669,-17.549,21.1636
-11.7096,-18.0593,22.7541
-12.332,-18.4044,24.4761
-12.9186,-18.5491,26.3042
-13.4521,-18.462,28.2028
-13.9144,-18.1187,30.1264
-14.287,-17.5054,32.0209
-14.5526,-16.6222,33.8274
-14.6965,-15.4849,35.4862
-14.7073,-14.1253,36.9423
-14.5788,-12.5895,38.1504
-14.3101,-10.934,39.0794
-13.9062,-9.22083,39.7147
-13.3774,-7.51137,40.0589
-12.7387,-5.86147,40.1302
-12.0085,-4.31711,39.9587
-11.2074,-2.91215,39.5822
-10.3565,-1.66768,39.0421
-9.4763,-0.592902,38.3792
-8.5858,0.313005,37.631
-7.70168,1.05847,36.83
-6.83798,1.65713,36.0026
-6.00594,2.12561,35.1691
-5.21407,2.48178,34.3446
-4.46838,2.74342,33.5393
-3.77264,2.92732,32.7595
-3.12874,3.0488,32.0088
-2.53701,3.1214,31.2885
-1.99658,3.15684,30.5986
-1.50559,3.16507,29.9381
-1.06151,3.15442,29.3052
-0.661336,3.13176,28.6982
-0.30175,3.1027,28.1152
0.0207279,3.07174,27.5543
0.30963,3.04251,27.0138
0.568458,3.01784,26.4921
0.800621,2.99995,25.988
1.00939,2.99056,25.5003
1.19786,2.99098,25.0281
1.36895,3.00223,24.5706
1.52539,3.02505,24.1273
1.66969,3.06004,23.6977
1.8042,3.10766,23.2815
1.93107,3.16827,22.8785
2.05227,3.24219,22.4887
2.16963,3.32974,22.1121
2.28483,3.43119,21.7488
2.3994,3.54688,21.399
2.51478,3.67714,21.0631
2.6323,3.82237,20.7416
2.7532,3.98297,20.4349
2.87863,4.15944,20.1438
3.00971,4.35227,19.8689
3.14748,4.56203,19.6113
3.29295,4.78929,19.372
3.44707,5.03467,19.1523
3.61077,5.29877,18.9535
3.78496,5.58218,18.7774
3.9705,5.88544,18.6257
4.16822,6.20903,18.5005
4.37892,6.55328,18.4041
4.60333,6.91839,18.3391
4.84214,7.3043,18.3085
5.09595,7.71069,18.3153
5.36523,8.13684,18.3629
5.65036,8.58158,18.4551
5.9515,9.04316,18.5958
6.26864,9.51916,18.7891
6.60146,10.0064,19.0391
6.94935,10.5006,19.35
7.3113,10.9967,19.7258
7.68585,11.4882,20.1701
8.07102,11.9678,20.6858
8.46423,12.4264,21.275
8.86226,12.8541,21.9384
9.26118,13.2398,22.6752
9.65632,13.5715,23.4824
10.0423,13.8367,24.3547
10.4131,14.0228,25.2841
10.7619,14.118,26.2596
11.0819,14.1118,27.2673
11.3655,13.9958,28.2906
11.6055,13.7646,29.3104
11.7951,13.4165,30.306
11.9279,12.9539,31.256
11.9988,12.3837,32.1392
12.0039,11.7174,32.936
11.941,10.97,33.6297
11.8099,10.16,34.207
11.6119,9.30778,34.659
11.3505,8.43448,34.9817
11.0306,7.56093,35.1754
10.6589,6.70634,35.2449
10.2428,5.88746,35.1985
9.79067,5.11794,35.047
9.31116,4.40804,34.8031
8.81289,3.7646,34.4803
8.30419,3.19127,34.0919
7.79277,2.68888,33.6508
7.28559,2.25597,33.1686
6.78871,1.8893,32.656
6.30725,1.58436,32.1217
5.84536,1.33582,31.5732
5.40627,1.13796,31.0167
4.99235,0.984947,30.457
4.6052,0.871085,29.8979
4.24573,0.790996,29.3421
3.91428,0.739724,28.7919
3.6107,0.7128,28.2488
3.33447,0.706271,27.7138
3.08474,0.716704,27.1875
2.86048,0.741165,26.6706
2.66046,0.77719,26.1632
2.48338,0.822748,25.6654
2.32788,0.876201,25.1774
2.19259,0.93626,24.6991
2.07617,1.00195,24.2305
1.97732,1.07255,23.7715
1.89482,1.1476,23.322
1.82751,1.22682,22.8821
1.77434,1.31011,22.4516
1.73436,1.39755,22.0305
1.70671,1.48931,21.6188
1.69065,1.5857,21.2166
1.68553,1.68711,20.8238
1.69081,1.79405,20.4405
1.70605,1.90707,20.0669
1.73091,2.02682,19.703
1.76516,2.15401,19.349
1.80865,2.28941,19.0052
1.86131,2.43388,18.6717
1.92319,2.58831,18.349
1.99439,2.75366,18.0375
2.07512,2.93097,17.7375
2.16567,3.12133,17.4498
2.26639,3.3259,17.175
2.37773,3.54591,16.9139
2.50021,3.78262,16.6674
2.63442,4.03739,16.4367
2.78104,4.3116,16.2231
2.94079,4.60668,16.0281
3.11449,4.92409,15.8536
3.30301,5.26528,15.7015
3.50726,5.63169,15.5742
3.72823,6.0247,15.4745
3.9669,6.44555,15.4056
4.2243,6.89533,15.3709
4.50144,7.37484,15.3747
4.79929,7.88454,15.4215
5.11877,8.42439,15.5165
5.46065,8.99371,15.6653
5.82555,9.59097,15.8743
6.21381,10.2136,16.1501
6.62545,10.8578,16.5
7.06006,11.5182,16.9314
7.51666,12.1876,17.4516
7.99357,12.8568,18.0678
8.48832,13.5141,18.7862
8.9974,14.1456,19.6119
9.51622,14.7347,20.5478
10.0389,15.2626,21.5939
10.5583,15.7085,22.7465
11.0659,16.0503,23.9975
11.5517,16.266,25.3334
12.0049,16.3345,26.7348
12.4136,16.2377,28.1765
12.7657,15.9624,29.6281
13.0491,15.5018,31.0547
13.2527,14.8571,32.419
13.3671,14.0383,33.6836
13.385,13.0646,34.8137
13.3021,11.9632,35.7797
13.1175,10.7677,36.5593
12.8336,9.51519,37.1394
12.4563,8.24419,37.5164
11.9946,6.99113,37.6959
11.4597,5.78826,37.6913
10.8648,4.66182,37.5221
10.2239,3.63117,37.2115
9.55098,2.70861,36.7845
8.85981,1.8999,36.2656
8.16299,1.20521,35.6778
7.47174,0.620287,35.0415
6.79561,0.137659,34.3741
6.14247,-0.252192,33.6894
5.51845,-0.559876,32.9987
4.92806,-0.796327,32.31
4.37436,-0.972227,31.6294
3.85914,-1.09763,30.9609
3.38308,-1.1817,30.3069
2.94599,-1.23264,29.669
2.54695,-1.2576,29.0476
2.18451,-1.26274,28.4429
1.85683,-1.25329,27.8546
1.56175,-1.2336,27.282
1.29697,-1.20727,26.7245
1.06009,-1.17724,26.1815
0.848696,-1.14587,25.6521
0.660391,-1.11502,25.1357
0.492855,-1.08617,24.6317
0.343865,-1.06043,24.1396
0.211317,-1.03865,23.6587
0.0932358,-1.02148,23.1887
-0.0122165,-1.00938,22.7291
-0.106741,-1.00268,22.2796
-0.191903,-1.00161,21.84
-0.269139,-1.00634,21.4098
-0.33976,-1.01699,20.9889
-0.404965,-1.03367,20.5771
-0.465848,-1.05647,20.1741
-0.523407,-1.08549,19.7799
-0.578556,-1.12085,19.3943
-0.632135,-1.16271,19.0171
-0.684919,-1.21124,18.6483
-0.73763,-1.26667,18.2877
-0.790946,-1.32929,17.9354
-0.845507,-1.39941,17.5913
-0.901928,-1.47745,17.2554
-0.960807,-1.56385,16.9278
-1.02273,-1.65912,16.6084
-1.08828,-1.76388,16.2974
-1.15805,-1.8788,15.995
-1.23263,-2.00462,15.7012
-1.31266,-2.1422,15.4164
-1.39876,-2.29247,15.1409
-1.49163,-2.45645,14.8751
-1.59197,-2.63528,14.6194
-1.70055,-2.83021,14.3744
-1.81818,-3.04257,14.1409
-1.94573,-3.27383,13.9197
-2.08412,-3.52556,13.7119
-2.23436,-3.79946,13.5186
-2.39751,-4.09732,13.3415
-2.57472,-4.42104,13.1821
-2.7672,-4.77261,13.0426
-2.97624,-5.15409,12.9254
-3.20323,-5.56754,12.8334
-3.4496,-6.01506,12.77
-3.71683,-6.49864,12.739
-4.00647,-7.02012,12.7451
-4.32008,-7.58107,12.7936
-4.65918,-8.18265,12.8906
-5.02525,-8.82543,13.043
-5.41963,-9.50915,13.2586
-5.84349,-10.2324,13.5464
-6.29764,-10.9925,13.916
-6.7825,-11.7846,14.3779
-7.29788,-12.6019,14.9433
-7.84283,-13.4345,15.6233
-8.41539,-14.2696,16.4292
-9.01238,-15.0904,17.3709
-9.62916,-15.876,18.4566
-10.2593,-16.6018,19.6911
-10.8945,-17.2387,21.0745
-11.5243,-17.7549,22.601
-12.1361,-18.1166,24.2567
-12.7152,-18.2902,26.0188
-13.2454,-18.2452,27.8548
-13.7093,-17.957,29.7224
-14.0891,-17.4108,31.5715
-14.3682,-16.604,33.3465
-14.5318,-15.5489,34.9903
-14.5685,-14.273,36.4491
-14.4712,-12.8175,37.6777
-14.238,-11.2344,38.6432
-13.8726,-9.58194,39.328
-13.3837,-7.9191,39.7308
-12.7848,-6.30064,39.8653
-12.093,-4.77293,39.7575
-11.3275,-3.37132,39.4418
-10.5086,-2.11916,38.9568
-9.65613,-1.02828,38.3418
-8.78892,-0.100517,37.6334
-7.92363,0.670158,36.864
-7.07448,1.29536,36.0606
-6.25308,1.79015,35.2445
-5.4684,2.17127,34.4314
-4.72693,2.45574,33.6328
-4.03295,2.65994,32.8559
-3.38885,2.799,32.105
-2.79541,2.88642,31.3823
-2.25214,2.93402,30.6883
-1.75754,2.95192,30.0223
-1.3094,2.94866,29.3832
-0.904944,2.93131,28.7692
-0.54107,2.9057,28.1788
-0.214465,2.87654,27.6101
0.0782687,2.84762,27.0615
0.340529,2.82194,26.5316
0.575643,2.80187,26.019
0.786821,2.78925,25.5227
0.977119,2.78548,25.0417
1.14942,2.79167,24.5753
1.30644,2.80862,24.1227
1.45067,2.83699,23.6836
1.58444,2.87726,23.2576
1.70992,2.92985,22.8444
1.82906,2.99509,22.444
1.9437,3.07329,22.0562
2.05552,3.16478,21.6812
2.16605,3.26988,21.3192
2.27674,3.38893,20.9702
2.38892,3.52234,20.6348
2.50383,3.67054,20.3133
2.62264,3.83402,20.0063
2.74646,4.01334,19.7144
2.87636,4.20909,19.4384
3.01334,4.4219,19.1793
3.15839,4.65247,18.9381
3.31247,4.90151,18.7161
3.47651,5.16974,18.5147
3.65142,5.45786,18.3356
3.83809,5.76657,18.1805
4.0374,6.09648,18.0518
4.25018,6.44809,17.9516
4.47724,6.82176,17.8828
4.71932,7.21761,17.8482
4.97711,7.63549,17.8512
5.25117,8.07488,17.8955
5.54198,8.53479,17.9848
5.8498,9.01363,18.1235
6.17473,9.50914,18.3159
6.51657,10.0182,18.5667
6.87482,10.5367,18.8805
7.24857,11.0594,19.2617
7.63644,11.5799,19.7146
8.03652,12.0904,20.2428
8.44626,12.5816,20.8489
8.86239,13.043,21.5344
9.28091,13.4626,22.299
9.69699,13.8275,23.1401
10.105,14.1239,24.0529
10.4985,14.3381,25.0293
10.8704,14.4567,26.058
11.2131,14.4675,27.1245
11.5186,14.3608,28.2111
11.7789,14.13,29.2972
11.9864,13.7725,30.3602
12.134,13.2903,31.3765
12.2159,12.6905,32.3228
12.2277,11.9852,33.1773
12.1669,11.1909,33.9211
12.0327,10.3278,34.5394
11.8267,9.41836,35.0225
11.5525,8.48619,35.3657
11.2156,7.55426,35.5697
10.8229,6.64382,35.6399
10.3827,5.77325,35.5859
9.90408,4.95745,35.4198
9.39651,4.20739,35.156
8.86935,3.53024,34.8093
8.3316,2.92954,34.3947
7.79158,2.40578,33.9262
7.25676,1.9569,33.4165
6.73359,1.57894,32.877
6.22745,1.26661,32.317
5.74269,1.01381,31.7444
5.28262,0.814093,31.1655
4.84963,0.660945,30.5852
4.44527,0.54809,30.0073
4.07036,0.469643,29.4344
3.72511,0.420223,28.8687
3.40921,0.395013,28.3114
3.12198,0.38978,27.7634
2.86239,0.400866,27.2253
2.62923,0.425164,26.6974
2.4211,0.460075,26.1798
2.23652,0.503463,25.6725
2.07398,0.553609,25.1754
1.93194,0.609161,24.6884
1.80893,0.669089,24.2113
1.70351,0.73264,23.7441
1.61432,0.799302,23.2865
1.5401,0.868765,22.8384
1.47968,0.940897,22.3996
1.43201,1.01571,21.9702
1.39613,1.09334,21.5499
1.37119,1.17404,21.1387
1.35647,1.25815,20.7365
1.35133,1.34609,20.3434
1.35526,1.43834,19.9592
1.36782,1.53546,19.584
1.3887,1.63808,19.2178
1.41764,1.74685,18.8608
1.4545,1.86251,18.513
1.49923,1.98585,18.1745
1.55185,2.1177,17.8456
1.61245,2.25897,17.5265
1.68122,2.41061,17.2175
1.75843,2.57366,16.919
1.8444,2.74922,16.6314
1.93954,2.93844,16.3554
2.04435,3.14258,16.0914
2.15939,3.36295,15.8405
2.28529,3.60094,15.6034
2.42277,3.85803,15.3813
2.57262,4.13575,15.1756
2.7357,4.4357,14.9877
2.91294,4.75955,14.8194
3.10536,5.10896,14.6729
3.31403,5.48564,14.5507
3.54007,5.89122,14.4555
3.78466,6.32728,14.3907
4.049,6.79524,14.3602
4.33431,7.29627,14.3682
4.64178,7.83121,14.4197
4.97256,8.4004,14.5204
5.32767,9.00354,14.6765
5.70799,9.63944,14.8951
6.11412,10.3058,15.1838
6.54635,10.999,15.5508
7.00451,11.7137,16.0048
7.48781,12.4423,16.5545
7.99476,13.1751,17.2087
8.52291,13.8996,17.9753
9.06872,14.6003,18.8609
9.62738,15.2585,19.87
10.1926,15.8529,21.0039
10.7565,16.3592,22.2597
11.3097,16.7518,23.6292
11.841,17.0041,25.0977
12.338,17.091,26.6438
12.787,16.9904,28.2385
13.1739,16.6859,29.8465
13.4848,16.1689,31.4267
13.7066,15.4405,32.9351
13.8283,14.5131,34.3276
13.8413,13.4098,35.5631
13.741,12.1638,36.6072
13.5263,10.8156,37.4351
13.2006,9.41036,38.0331
12.7713,7.99347,38.3996
12.2492,6.60756,38.5437
11.6479,5.28932,38.484
10.9829,4.06764,38.2457
10.2704,2.96269,37.8577
9.52665,1.98606,37.3499
8.76718,1.14165,36.7514
8.00594,0.427024,36.0882
7.25514,-0.165,35.3831
6.52496,-0.644844,34.6545
5.82355,-1.02479,33.917
5.15703,-1.31788,33.1815
4.52972,-1.5371,32.4559
3.94431,-1.69478,31.7454
3.40213,-1.80225,31.0532
2.90332,-1.86966,30.381
2.44715,-1.90587,29.7294
2.03213,-1.91853,29.0984
1.65628,-1.91411,28.4873
1.31721,-1.89803,27.8952
1.01233,-1.87473,27.3211
0.738873,-1.84787,26.764
0.494047,-1.82038,26.2229
0.275069,-1.7946,25.6968
0.0792241,-1.77236,25.1849
-0.0960984,-1.75511,24.6864
-0.253382,-1.74395,24.2006
-0.394966,-1.73973,23.727
-0.523038,-1.7431,23.2651
-0.639629,-1.75454,22.8145
-0.746622,-1.77446,22.3749
-0.84575,-1.80315,21.946
-0.938611,-1.84088,21.5275
-1.02667,-1.88792,21.1194
-1.11129,-1.94449,20.7215
-1.19371,-2.01089,20.3337
-1.2751,-2.08741,19.9561
-1.35652,-2.1744,19.5887
-1.439,-2.27227,19.2316
-1.52349,-2.38148,18.8849
-1.6109,-2.50257,18.5489
-1.70211,-2.63614,18.2237
-1.79799,-2.78289,17.9098
-1.89937,-2.9436,17.6075
-2.00711,-3.11911,17.3175
-2.12206,-3.31036,17.0403
-2.24507,-3.5184,16.7766
-2.37702,-3.74432,16.5275
-2.51883,-3.98933,16.2939
-2.67144,-4.25468,16.0772
-2.83581,-4.54171,15.8787
-3.01296,-4.85179,15.7002
-3.20393,-5.18632,15.5438
-3.4098,-5.5467,15.4116
-3.63168,-5.9343,15.3065
-3.87071,-6.35039,15.2315
-4.128,-6.7961,15.1901
-4.40469,-7.2723,15.1864
-4.70187,-7.77957,15.2249
-5.02056,-8.31799,15.3108
-5.36164,-8.88705,15.4497
-5.72585,-9.48546,15.648
-6.11367,-10.1109,15.9124
-6.52528,-10.7598,16.2503
-6.96041,-11.4271,16.6692
-7.41826,-12.106,17.1768
-7.89734,-12.7874,17.7806
-8.39536,-13.4602,18.4874
-8.90904,-14.1104,19.3028
-9.43397,-14.7218,20.2303
-9.96448,-15.2753,21.271
-10.4935,-15.75,22.4221
-11.0127,-16.1233,23.6763
-11.5122,-16.3722,25.0211
-11.9809,-16.4746,26.4379
-12.4068,-16.4111,27.9019
-12.7775,-16.1667,29.3829
-13.0806,-15.7328,30.8457
-13.3043,-15.1089,32.252
-13.4384,-14.3037,33.563
-13.4751,-13.3352,34.7422
-13.4093,-12.2302,35.7577
-13.2393,-11.0223,36.5852
-12.9671,-9.74968,37.2094
-12.5982,-8.45206,37.6252
-12.1413,-7.16763,37.837
-11.6076,-5.9305,37.8578
-11.0105,-4.76874,37.7069
-10.3642,-3.70334,37.408
-9.68318,-2.7479,36.9868
-8.98169,-1.90912,36.4691
-8.27283,-1.18776,35.8787
-7.56831,-0.579799,35.237
-6.87818,-0.0777802,34.5624
-6.21069,0.328011,33.8696
-5.57231,0.648505,33.1703
-4.96786,0.895017,32.473
-4.40059,1.07864,31.7841
-3.87245,1.20984,31.1078
-3.38423,1.29817,30.4468
-2.93579,1.35215,29.8024
-2.52624,1.37927,29.1754
-2.15412,1.38593,28.5657
-1.81754,1.37758,27.9729
-1.51433,1.35877,27.3964
-1.24211,1.33325,26.8356
-0.998428,1.30409,26.2896
-0.780782,1.27375,25.7577
-0.586711,1.24418,25.2392
-0.413821,1.21692,24.7334
-0.259818,1.19315,24.2396
-0.122525,1.17377,23.7574
9.89835e-005,1.15947,23.2863
0.109959,1.15073,22.8258
0.208818,1.14794,22.3757
0.298301,1.15134,21.9355
0.379902,1.16115,21.505
0.454986,1.17751,21.084
0.524805,1.20058,20.6723
0.590504,1.23046,20.2697
0.653131,1.26731,19.876
0.713648,1.31129,19.4912
0.772944,1.3626,19.1151
0.831845,1.42148,18.7476
0.891121,1.48821,18.3888
0.951499,1.56314,18.0386
1.01367,1.64666,17.697
1.07832,1.73925,17.3641
1.14608,1.84144,17.04
1.2176,1.95386,16.7248
1.29354,2.07719,16.4187
1.37455,2.21221,16.1219
1.4613,2.35979,15.8347
1.55449,2.52089,15.5576
1.65483,2.69657,15.291
1.76309,2.88799,15.0354
1.88008,3.09641,14.7916
2.00665,3.32319,14.5605
2.1437,3.56982,14.3429
2.29221,3.83787,14.1402
2.45319,4.12903,13.9538
2.62775,4.44506,13.7853
2.81705,4.78781,13.6367
3.02232,5.15918,13.5104
3.24487,5.56111,13.4091
3.48603,5.9955,13.3361
3.74723,6.46417,13.2951
4.0299,6.96879,13.2903
4.33549,7.51077,13.3269
4.66543,8.09113,13.4105
5.02107,8.71031,13.5478
5.40366,9.36798,13.7459
5.81424,10.0628,14.0132
6.25356,10.792,14.3587
6.72197,11.5513,14.792
7.21925,12.3341,15.3234
7.74449,13.1314,15.9634
8.29586,13.9313,16.7221
8.87038,14.7183,17.6088
9.46375,15.4734,18.631
10.0701,16.1739,19.7932
10.6817,16.7935,21.096
11.2889,17.3028,22.5343
11.8803,17.671,24.096
12.4423,17.8669,25.761
12.96,17.8619,27.5005
13.4172,17.6325,29.2768
13.7976,17.1632,31.0448
14.0852,16.4496,32.7538
14.2661,15.5001,34.3511
14.3288,14.3372,35.7862
14.266,12.9958,37.0152
14.0747,11.5217,38.0044
13.7569,9.9673,38.7339
13.3199,8.38707,39.1981
12.7749,6.83289,39.4053
12.137,5.3501,39.3761
11.4236,3.97473,39.1398
10.6535,2.73211,38.7306
9.84552,1.6369,38.1847
9.01756,0.694145,37.5367
8.18596,-0.0989994,36.8181
7.36492,-0.751259,36.0559
6.56625,-1.27527,35.2717
5.79933,-1.68586,34.4824
5.07118,-1.99865,33.7003
4.38666,-2.22905,32.9339
3.74874,-2.39157,32.1887
3.15881,-2.49943,31.4677
2.61692,-2.56431,30.7723
2.12209,-2.59637,30.1025
1.67253,-2.60426,29.4577
1.26586,-2.59525,28.8367
0.899327,-2.57535,28.238
0.569889,-2.5495,27.6603
0.274384,-2.52168,27.1021
0.00961149,-2.49508,26.562
-0.227598,-2.47224,26.0387
-0.440325,-2.45515,25.5313
-0.631522,-2.44533,25.0388
-0.803992,-2.44399,24.5604
-0.96037,-2.45202,24.0955
-1.10311,-2.47015,23.6436
-1.23451,-2.4989,23.2042
-1.35667,-2.53871,22.777
-1.47154,-2.58995,22.3619
-1.58092,-2.65295,21.9587
-1.68647,-2.72801,21.5674
-1.78972,-2.81547,21.1881
-1.89208,-2.91566,20.8207
-1.99486,-3.02896,20.4657
-2.09929,-3.15583,20.1231
-2.20654,-3.29674,19.7934
-2.31769,-3.45226,19.477
-2.43379,-3.62299,19.1745
-2.55586,-3.80962,18.8866
-2.68487,-4.01291,18.6141
-2.82179,-4.23364,18.3579
-2.96756,-4.47269,18.1191
-3.12312,-4.73093,17.899
-3.28943,-5.00931,17.6992
-3.46741,-5.30873,17.5212
-3.65801,-5.63011,17.3672
-3.86214,-5.9743,17.2392
-4.08074,-6.34205,17.14
-4.3147,-6.73397,17.0723
-4.56487,-7.15046,17.0393
-4.83207,-7.59162,17.0448
-5.11701,-8.05719,17.0926
-5.42028,-8.5464,17.1872
-5.74235,-9.05786,17.3332
-6.08342,-9.58943,17.5358
-6.44348,-10.138,17.8003
-6.82214,-10.6995,18.1321
-7.21861,-11.2684,18.5367
-7.63157,-11.8378,19.0192
-8.05911,-12.3993,19.5842
-8.4986,-12.9426,20.2354
-8.94663,-13.456,20.9751
-9.39888,-13.9257,21.8039
-9.85009,-14.337,22.7196
-10.294,-14.6738,23.7173
-10.7235,-14.9198,24.7885
-11.1305,-15.059,25.9208
-11.5062,-15.077,27.0978
-11.8415,-14.9617,28.299
-12.1272,-14.7049,29.5007
-12.3542,-14.3034,30.6764
-12.5145,-13.7594,31.7985
-12.6012,-13.0813,32.8394
-12.6091,-12.2839,33.7737
-12.5355,-11.3871,34.5798
-12.3797,-10.4153,35.2408
-12.1437,-9.39531,35.7464
-11.8319,-8.3552,36.0926
-11.4509,-7.32185,36.2817
-11.0092,-6.31969,36.3217
-10.5164,-5.36933,36.2251
-9.98335,-4.4869,36.0076
-9.42078,-3.68371,35.6867
-8.83944,-2.96643,35.2802
-8.24942,-2.33753,34.8055
-7.65996,-1.79601,34.2787
-7.07913,-1.3381,33.7139
-6.51383,-0.9581,33.1232
-5.96965,-0.649029,32.5168
-5.45096,-0.403246,31.9024
-4.96099,-0.212927,31.2864
-4.50191,-0.0704172,30.6734
-4.07497,0.0315098,30.0667
-3.68066,0.0994974,29.4688
-3.31879,0.139515,28.8811
-2.98869,0.156825,28.3045
-2.68927,0.155986,27.7396
-2.41914,0.14089,27.1866
-2.17671,0.114804,26.6453
-1.96025,0.0804322,26.1157
-1.76797,0.0399771,25.5974
-1.59806,-0.00480097,25.0903
-1.44873,-0.0525237,24.5939
-1.31825,-0.102141,24.1079
-1.20497,-0.152879,23.6321
-1.10733,-0.204201,23.1662
-1.02388,-0.255761,22.7099
-0.953281,-0.307376,22.263
-0.894312,-0.358995,21.8252
-0.845869,-0.410674,21.3963
-0.806963,-0.462559,20.9762
-0.776714,-0.514863,20.5647
-0.754353,-0.567863,20.1616
-0.73921,-0.621879,19.7668
-0.730712,-0.677274,19.3801
-0.728376,-0.734445,19.0014
-0.731807,-0.793819,18.6307
-0.740686,-0.855856,18.2678
-0.754772,-0.921039,17.9126
-0.773894,-0.989885,17.5652
-0.797947,-1.06294,17.2253
-0.826889,-1.14078,16.8931
-0.860741,-1.22402,16.5685
-0.89958,-1.31331,16.2514
-0.943542,-1.40937,15.9421
-0.992818,-1.51293,15.6404
-1.04766,-1.6248,15.3465
-1.10836,-1.74586,15.0606
-1.17529,-1.87704,14.7829
-1.24886,-2.01935,14.5135
-1.32955,-2.17389,14.2529
-1.41792,-2.34183,14.0014
-1.51455,-2.52447,13.7594
-1.62014,-2.72319,13.5277
-1.73542,-2.93947,13.3068
-1.86124,-3.17493,13.0977
-1.99848,-3.4313,12.9015
-2.14814,-3.71042,12.7193
-2.31131,-4.01427,12.5527
-2.48914,-4.34492,12.4034
-2.6829,-4.70456,12.2736
-2.89394,-5.09544,12.1658
-3.12369,-5.51989,12.083
-3.3737,-5.98021,12.0286
-3.64554,-6.47867,12.0068
-3.94088,-7.01738,12.0224
-4.2614,-7.5982,12.081
-4.6088,-8.22256,12.1891
-4.98469,-8.89129,12.354
-5.39059,-9.60436,12.5843
-5.82783,-10.3606,12.8894
-6.29741,-11.1572,13.28
-6.79988,-11.9894,13.7674
-7.33517,-12.8501,14.364
-7.9024,-13.7289,15.0822
-8.49961,-14.6118,15.9345
-9.1235,-15.4809,16.9323
-9.76915,-16.3134,18.0847
-10.4297,-17.082,19.3974
-11.0962,-17.7549,20.8711
-11.7573,-18.2967,22.4993
-12.3991,-18.6698,24.2668
-13.0057,-18.837,26.1481
-13.5591,-18.7644,28.1066
-14.0403,-18.4255,30.0949
-14.4298,-17.8047,32.0567
-14.7095,-16.9011,33.9298
-14.8634,-15.7304,35.651
-14.8796,-14.3259,37.1617
-14.7513,-12.7358,38.4139
-14.4772,-11.0201,39.3744
-14.0625,-9.24428,40.0278
-13.5181,-7.47347,40.3772
-12.8596,-5.76664,40.4421
-12.1064,-4.17218,40.2551
-11.2801,-2.72536,39.8565
-10.4028,-1.44779,39.2905
-9.49605,-0.348412,38.6001
-8.57953,0.574398,37.8249
-7.67059,1.33021,36.9987
-6.78371,1.93391,36.1489
-5.93042,2.40338,35.2964
-5.11938,2.75762,34.4561
-4.35662,3.01536,33.6384
-3.64587,3.19421,32.8494
-2.98891,3.31008,32.0922
-2.38591,3.37697,31.3679
-1.8358,3.40694,30.676
-1.33655,3.41018,30.0152
-0.88545,3.39517,29.3835
-0.479302,3.36887,28.779
-0.114619,3.33695,28.1994
0.212237,3.30394,27.6427
0.504943,3.27345,27.1071
0.767133,3.24832,26.591
1.00233,3.23074,26.0929
1.21391,3.22243,25.6117
1.40507,3.22465,25.1464
1.57879,3.23841,24.6962
1.73788,3.26442,24.2606
1.88493,3.30325,23.8391
2.02231,3.35534,23.4315
2.15223,3.42103,23.0376
2.27671,3.50062,22.6573
2.39761,3.59439,22.2907
2.51661,3.7026,21.9381
2.6353,3.82554,21.5997
2.75512,3.96353,21.2759
2.87742,4.11691,20.9672
3.00342,4.28605,20.6743
3.13432,4.47137,20.398
3.27119,4.67332,20.139
3.41508,4.89236,19.8985
3.56696,5.12898,19.6777
3.72778,5.38365,19.4778
3.89843,5.65683,19.3005
4.07974,5.94892,19.1475
4.27252,6.26026,19.0207
4.47753,6.59105,18.9223
4.69545,6.94133,18.8549
4.9269,7.31093,18.8209
5.17241,7.69939,18.8235
5.43241,8.1059,18.8656
5.70718,8.52922,18.9507
5.99683,8.96755,19.0823
6.30125,9.4185,19.2642
6.62011,9.87894,19.5
6.95274,10.3449,19.7934
7.29813,10.8114,20.1478
7.65484,11.2726,20.5664
8.02096,11.7215,21.0517
8.39404,12.15,21.6051
8.77103,12.5489,22.2271
9.14828,12.9082,22.9167
9.52147,13.2171,23.6709
9.88565,13.4645,24.4847
10.2353,13.6392,25.3507
10.5643,13.7307,26.2589
10.8664,13.7296,27.1969
11.1348,13.6285,28.1495
11.363,13.4226,29.0999
11.5447,13.1101,30.0296
11.6743,12.693,30.9194
11.747,12.1772,31.7503
11.7594,11.5722,32.5047
11.7092,10.8912,33.167
11.5959,10.1501,33.725
11.4207,9.36668,34.1698
11.1863,8.5598,34.4968
10.897,7.74807,34.7054
10.5585,6.94902,34.7988
10.1775,6.17817,34.7835
9.76124,5.44854,34.6684
9.31758,4.77024,34.4642
8.85437,4.1504,34.1828
8.37928,3.59332,33.8359
7.89949,3.10071,33.4353
7.42159,2.67212,32.9918
6.9514,2.30535,32.5153
6.49391,1.99692,32.0144
6.05324,1.74247,31.4963
5.63271,1.5371,30.9673
5.23483,1.37573,30.4323
4.86138,1.25326,29.8952
4.51349,1.16481,29.3592
4.19175,1.10581,28.8267
3.89627,1.07207,28.2994
3.62676,1.05987,27.7786
3.38265,1.06591,27.2654
3.16311,1.08738,26.7603
2.96715,1.12186,26.2639
2.79367,1.16736,25.7764
2.64149,1.22227,25.2981
2.50942,1.28528,24.8291
2.39627,1.35542,24.3695
2.30088,1.43197,23.9193
2.22213,1.51444,23.4786
2.15901,1.60256,23.0475
2.11054,1.69624,22.6259
2.07587,1.79553,22.2141
2.05423,1.90063,21.812
2.04495,2.01187,21.4197
2.04744,2.12968,21.0375
2.06125,2.25458,20.6655
2.086,2.38717,20.3039
2.12141,2.52816,19.953
2.16731,2.67829,19.6132
2.2236,2.83842,19.2847
2.29029,3.00942,18.9682
2.36747,3.19227,18.6641
2.45532,3.38797,18.373
2.5541,3.59762,18.0958
2.66415,3.82233,17.8333
2.78589,4.06329,17.5865
2.9198,4.3217,17.3566
3.06646,4.5988,17.1451
3.22649,4.89586,16.9534
3.40058,5.21413,16.7835
3.58946,5.55483,16.6375
3.79392,5.91911,16.5177
4.01477,6.30804,16.4269
4.25285,6.72249,16.3682
4.50897,7.16313,16.3452
4.78394,7.6303,16.3617
5.07847,8.12395,16.4223
5.39322,8.64346,16.5317
5.72865,9.18754,16.6952
6.08505,9.75406,16.9185
6.4624,10.3398,17.2076
6.86035,10.9405,17.5687
7.27807,11.5501,18.008
7.71418,12.1611,18.5315
8.16664,12.7642,19.1447
8.63261,13.3481,19.8518
9.10832,13.8993,20.6558
9.58903,14.4025,21.5574
10.0689,14.8409,22.5544
10.5409,15.1962,23.6413
10.9971,15.4497,24.8084
11.4283,15.5833,26.0414
11.8247,15.5806,27.3214
12.176,15.4284,28.6247
12.4717,15.1179,29.9238
12.702,14.6463,31.1882
12.8578,14.0176,32.3864
12.9318,13.2429,33.4875
12.9187,12.3407,34.4633
12.8158,11.3352,35.2907
12.6231,10.2555,35.9527
12.3437,9.13305,36.4398
11.9833,7.99968,36.7505
11.5501,6.88536,36.89
11.054,5.81641,36.8701
10.5065,4.81427,36.7071
9.91963,3.89484,36.4202
9.30555,3.06837,36.0299
8.67598,2.33987,35.5567
8.04177,1.70983,35.0198
7.4126,1.17509,34.4363
6.79681,0.729834,33.8211
6.20126,0.366445,33.1863
5.63143,0.0762897,32.5419
5.09138,-0.14965,31.8954
4.58397,-0.320303,31.2525
4.11094,-0.444165,30.6171
3.67308,-0.529085,29.992
3.27039,-0.582141,29.379
2.90227,-0.609584,28.779
2.56758,-0.616841,28.1925
2.26484,-0.608553,27.6196
1.99228,-0.588626,27.0601
1.74799,-0.560307,26.5136
1.52994,-0.526251,25.9798
1.33607,-0.488602,25.4582
1.16433,-0.449058,24.9483
1.01274,-0.40894,24.4496
0.879374,-0.369255,23.9618
0.762426,-0.330743,23.4845
0.660194,-0.293929,23.0173
0.571096,-0.259165,22.5599
0.493677,-0.226659,22.1119
0.426606,-0.196513,21.6731
0.36867,-0.16874,21.2432
0.318778,-0.143292,20.822
0.275947,-0.120072,20.4093
0.239299,-0.098951,20.0049
0.208053,-0.079776,19.6086
0.181517,-0.0623819,19.2202
0.159083,-0.0465968,18.8395
0.140215,-0.0322468,18.4664
0.124445,-0.0191604,18.1007
0.111368,-0.00717071,17.7423
0.100629,0.0038827,17.3909
0.0919247,0.0141527,17.0466
0.0849942,0.0237843,16.7091
0.0796145,0.0329146,16.3782
0.0755966,0.0416731,16.0539
0.0727815,0.0501825,15.7361
0.0710368,0.058559,15.4245
0.0702533,0.0669139,15.1191
0.0703427,0.0753542,14.8198
0.0712352,0.0839836,14.5264
0.0728772,0.0929041,14.2388
0.07523,0.102217,13.957
0.0782682,0.112023,13.6807
0.0819785,0.122426,13.4099
0.0863588,0.133532,13.1444
0.0914176,0.145451,12.8843
0.0971732,0.158299,12.6293
0.103654,0.1722,12.3794
0.110896,0.187283,12.1345
0.118948,0.203692,11.8944
0.127866,0.221577,11.6591
0.137714,0.241107,11.4286
0.148571,0.262461,11.2026
0.160523,0.285839,10.9812
0.173669,0.311458,10.7643
0.18812,0.33956,10.5517
0.204001,0.370407,10.3435
0.22145,0.404293,10.1395
0.240624,0.441539,9.93965
0.261694,0.482502,9.74398
0.284853,0.527577,9.5524
0.310314,0.577201,9.36488
0.338313,0.631857,9.18138
0.369115,0.692083,9.0019
0.403009,0.758474,8.82642
0.440321,0.831688,8.65496
0.481408,0.912457,8.48756
0.52667,1.00159,8.32427
0.576548,1.09999,8.16517
0.631531,1.20866,8.01039
0.692163,1.32869,7.86008
0.759047,1.46131,7.71446
0.832851,1.60789,7.57379
0.914315,1.76992,7.43842
1.00426,1.94907,7.30878
1.1036,2.14717,7.18542
1.21333,2.36625,7.06901
1.33457,2.60855,6.96039
1.46855,2.87652,6.8606
1.61664,3.17284,6.77092
1.78032,3.50048,6.69293
1.96124,3.86261,6.62856
2.16122,4.26271,6.58017
2.38223,4.7045,6.55067
2.62642,5.19192,6.54358
2.89614,5.72915,6.56323
3.19389,6.32046,6.61482
3.52238,6.97022,6.70468
3.88443,7.68264,6.84044
4.28302,8.46165,7.03124
4.72117,9.31056,7.28797
5.20189,10.2317,7.62351
5.72805,11.2258,8.05292
6.30222,12.2914,8.59363
6.92645,13.4239,9.26542
7.60194,14.6144,10.0903
8.3287,15.8487,11.0919
9.10505,17.1055,12.2947
9.92704,18.3551,13.7226
10.7878,19.5582,15.3962
11.677,20.6649,17.33
12.5798,21.6151,19.5283
13.4767,22.34,21.9806
14.3434,22.7659,24.6567
15.1508,22.8207,27.5031
15.866,22.4419,30.4413
16.4543,21.5875,33.3695
16.8817,20.245,36.1694
17.1178,18.4393,38.7172
17.1398,16.235,40.8982
16.9344,13.7313,42.6216
16.5009,11.052,43.8326
15.8505,8.32921,44.5185
15.0059,5.68773,44.7079
13.9985,3.23115,44.4621
12.8653,1.03364,43.8638
11.6452,-0.862363,43.004
10.376,-2.4434,41.9708
9.092,-3.71899,40.8416
7.82262,-4.7145,39.6791
6.59149,-5.46426,38.5298
5.41652,-6.0061,37.4259
4.31035,-6.37733,36.3869
3.28096,-6.61238,35.4226
2.3325,-6.74147,34.5361
1.46609,-6.79025,33.7255
0.680502,-6.77991,32.9861
-0.0271948,-6.72762,32.3115
-0.661105,-6.64706,31.6949
-1.2261,-6.54898,31.1294
-1.7275,-6.44178,30.6083
-2.17081,-6.33191,30.1257
-2.56155,-6.22427,29.6765
-2.90512,-6.12259,29.2562
-3.20673,-6.02962,28.8609
-3.47129,-5.94735,28.4875
-3.70343,-5.87721,28.1335
-3.90742,-5.82017,27.7969
-4.08724,-5.77684,27.476
-4.24649,-5.74754,27.1697
-4.38849,-5.73241,26.8771
-4.51622,-5.73141,26.5976
-4.63238,-5.74438,26.3308
-4.73939,-5.77107,26.0766
-4.8394,-5.81116,25.8348
-4.93434,-5.86428,25.6057
-5.02592,-5.93002,25.3894
-5.11563,-6.00795,25.1863
-5.20479,-6.09758,24.9968
-5.29454,-6.19845,24.8213
-5.38588,-6.31003,24.6605
-5.47963,-6.43179,24.5148
-5.57652,-6.56315,24.385
-5.67713,-6.7035,24.2716
-5.78193,-6.85218,24.1755
-5.89128,-7.00847,24.0972
-6.00544,-7.17158,24.0376
-6.12454,-7.34065,23.9973
-6.24866,-7.51472,23.9771
-6.37772,-7.69274,23.9776
-6.51159,-7.87353,23.9995
-6.65001,-8.05582,24.0432
-6.79262,-8.23818,24.1093
-6.93895,-8.41908,24.1981
-7.08843,-8.59685,24.3098
-7.24038,-8.76968,24.4444
-7.39401,-8.93567,24.6018
-7.5484,-9.0928,24.7816
-7.70253,-9.23898,24.983
-7.85529,-9.37207,25.2052
-8.00546,-9.48991,25.4467
-8.15173,-9.59037,25.7061
-8.29272,-9.67142,25.9813
-8.42699,-9.73114,26.2701
-8.55306,-9.76783,26.5697
-8.66945,-9.78002,26.8771
-8.77469,-9.7666,27.1892
-8.86737,-9.72679,27.5023
-8.94615,-9.66028,27.8129
-9.00981,-9.56719,28.117
-9.0573,-9.44814,28.4109
-9.08772,-9.30425,28.6908
-9.10042,-9.13711,28.9532
-9.09496,-8.94877,29.1947
-9.07117,-8.74171,29.4122
-9.02914,-8.51871,29.6033
-8.96925,-8.28286,29.7658
-8.89212,-8.0374,29.8981
-8.79864,-7.78567,29.999
-8.68994,-7.53101,30.0681
-8.56733,-7.27668,30.1052
-8.43233,-7.02575,30.1109
-8.28658,-6.78107,30.086
-8.13182,-6.54521,30.0318
-7.96987,-6.32041,29.9498
-7.80255,-6.10858,29.8419
-7.63168,-5.91127,29.7101
-7.45905,-5.72969,29.5565
-7.28636,-5.56472,29.3833
-7.11524,-5.41695,29.1928
-6.94719,-5.2867,28.9872
-6.78358,-5.17404,28.7686
-6.62567,-5.07887,28.5391
-6.47457,-5.00091,28.3007
-6.33124,-4.93976,28.0553
-6.19653,-4.89494,27.8046
-6.07114,-4.86589,27.5503
-5.95566,-4.85203,27.2939
-5.85055,-4.85276,27.0369
-5.75621,-4.86747,26.7807
-5.67289,-4.8956,26.5265
-5.6008,-4.93657,26.2754
-5.54007,-4.98988,26.0288
-5.49078,-5.05503,25.7875
-5.45292,-5.1316,25.5527
-5.4265,-5.21917,25.3254
-5.41143,-5.31737,25.1065
-5.40765,-5.42587,24.8969
-5.41504,-5.54436,24.6977
-5.43347,-5.67253,24.5098
-5.4628,-5.81009,24.3341
-5.50287,-5.95675,24.1715
-5.55352,-6.11219,24.0231
-5.61454,-6.2761,23.8898
-5.68576,-6.44807,23.7726
-5.76693,-6.6277,23.6725
-5.85782,-6.81447,23.5905
-5.95816,-7.0078,23.5276
-6.06764,-7.20701,23.4848
-6.18591,-7.41131,23.4631
-6.31258,-7.61975,23.4635
-6.44719,-7.83127,23.4869
-6.58921,-8.04462,23.5341
-6.73806,-8.25841,23.6059
-6.89304,-8.47105,23.703
-7.05338,-8.68077,23.8257
-7.2182,-8.88561,23.9746
-7.38651,-9.08344,24.1495
-7.5572,-9.27198,24.3504
-7.72904,-9.44879,24.5767
-7.90068,-9.61133,24.8276
-8.07066,-9.75698,25.1018
-8.2374,-9.88312,25.3978
-8.39923,-9.98718,25.7134
-8.5544,-10.0667,26.046
-8.70108,-10.1194,26.3927
-8.83745,-10.1434,26.7501
-8.96167,-10.137,27.1142
-9.07194,-10.0991,27.481
-9.16656,-10.0291,27.8458
-9.24395,-9.92691,28.2042
-9.30272,-9.79312,28.5514
-9.34168,-9.62898,28.8827
-9.35992,-9.43636,29.1936
-9.35681,-9.21773,29.4801
-9.33206,-8.97612,29.7382
-9.28569,-8.71501,29.9649
-9.21811,-8.43824,30.1574
-9.13002,-8.1499,30.3137
-9.02248,-7.85416,30.4327
-8.89685,-7.55522,30.5136
-8.75474,-7.25711,30.5566
-8.59797,-6.96365,30.5624
-8.42856,-6.67832,30.5321
-8.24865,-6.40421,30.4675
-8.06042,-6.14397,30.3706
-7.8661,-5.89981,30.2439
-7.66788,-5.67346,30.0899
-7.46791,-5.46619,29.9113
-7.2682,-5.27889,29.7108
-7.07066,-5.11203,29.4911
-6.87703,-4.96578,29.2549
-6.68891,-4.84003,29.0048
-6.5077,-4.73442,28.743
-6.33463,-4.64843,28.472
-6.17078,-4.58142,28.1937
-6.01703,-4.53264,27.9103
-5.87412,-4.50129,27.6234
-5.74264,-4.48659,27.3347
-5.62304,-4.48771,27.0458
-5.51567,-4.50389,26.758
-5.42075,-4.53441,26.4727
-5.33843,-4.57857,26.1911
-5.26879,-4.63578,25.9143
-5.21183,-4.70547,25.6434
-5.1675,-4.78716,25.3794
-5.13573,-4.88044,25.1233
-5.1164,-4.98492,24.876
-5.10938,-5.10031,24.6386
-5.11453,-5.22632,24.412
-5.13169,-5.36273,24.1971
-5.16068,-5.50931,23.9948
-5.20136,-5.66586,23.8063
-5.25353,-5.83218,23.6323
-5.31703,-6.00805,23.4741
-5.39167,-6.19322,23.3326
-5.47727,-6.38738,23.209
-5.57362,-6.59017,23.1044
-5.6805,-6.80114,23.0198
-5.79766,-7.01974,22.9566
-5.92482,-7.24529,22.9159
-6.06164,-7.47698,22.8989
-6.20775,-7.71381,22.9068
-6.36269,-7.95462,22.9407
-6.52594,-8.19803,23.0018
-6.69688,-8.44245,23.091
-6.87479,-8.68603,23.2092
-7.05883,-8.92671,23.3571
-7.24802,-9.16215,23.5353
-7.44126,-9.38978,23.7439
-7.63728,-9.6068,23.9829
-7.83466,-9.81021,24.2517
-8.03184,-9.99684,24.5496
-8.22706,-10.1634,24.8751
-8.41846,-10.3067,25.2262
-8.60401,-10.4233,25.6004
-8.78158,-10.5101,25.9946
-8.94897,-10.5644,26.4052
-9.1039,-10.5835,26.8277
-9.24414,-10.5656,27.2574
-9.36747,-10.5091,27.689
-9.4718,-10.4135,28.1168
-9.55521,-10.2789,28.535
-9.61602,-10.1062,28.9378
-9.65283,-9.89719,29.3193
-9.66461,-9.65458,29.674
-9.65068,-9.3818,29.9969
-9.61083,-9.083,30.2835
-9.54526,-8.76285,30.5303
-9.45464,-8.42643,30.7344
-9.34005,-8.07905,30.8939
-9.203,-7.72604,31.0077
-9.04534,-7.37264,31.0757
-8.86923,-7.02376,31.0988
-8.67708,-6.68392,31.0783
-8.47148,-6.35711,31.0164
-8.25511,-6.04675,30.9156
-8.03072,-5.75562,30.7791
-7.80099,-5.48589,30.61
-7.56855,-5.23911,30.4118
-7.3359,-5.01628,30.1877
-7.10537,-4.81789,29.9413
-6.87908,-4.644,29.6758
-6.65896,-4.49429,29.3942
-6.44668,-4.36819,29.0995
-6.24371,-4.26487,28.7943
-6.05128,-4.18336,28.4811
-5.87043,-4.12261,28.1621
-5.70196,-4.08151,27.8393
-5.54652,-4.05894,27.5145
-5.40458,-4.05383,27.1895
-5.27646,-4.06514,26.8656
-5.16236,-4.09193,26.5443
-5.06239,-4.13333,26.2267
-4.97654,-4.18857,25.9141
-4.90476,-4.25697,25.6074
-4.84694,-4.33796,25.3077
-4.80291,-4.43105,25.0159
-4.7725,-4.53587,24.733
-4.75552,-4.65208,24.4598
-4.75175,-4.77946,24.1974
-4.76099,-4.91782,23.9465
-4.78305,-5.06704,23.7081
-4.81773,-5.22703,23.4832
-4.86485,-5.3977,23.2727
-4.92424,-5.579,23.0778
-4.99575,-5.77085,22.8995
-5.07921,-5.97316,22.7388
-5.17449,-6.18579,22.5971
-5.28142,-6.40851,22.4755
-5.39985,-6.64104,22.3754
-5.5296,-6.88297,22.2982
-5.67045,-7.13375,22.2452
-5.82217,-7.39268,22.2179
-5.98444,-7.65885,22.2178
-6.15691,-7.93115,22.2464
-6.33912,-8.20822,22.305
-6.53053,-8.48841,22.3953
-6.73046,-8.76979,22.5183
-6.9381,-9.05009,22.6754
-7.15251,-9.32672,22.8674
-7.37254,-9.59674,23.0951
-7.59687,-9.85688,23.3587
-7.824,-10.1035,23.6582
-8.05217,-10.3329,23.9931
-8.27945,-10.5408,24.362
-8.50368,-10.723,24.7633
-8.72251,-10.8754,25.1942
-8.93339,-10.9936,25.6515
-9.13364,-11.0739,26.1308
-9.32049,-11.1125,26.6273
-9.4911,-11.1066,27.1352
-9.64267,-11.0539,27.648
-9.77248,-10.9531,28.1587
-9.878,-10.8039,28.6599
-9.95696,-10.6072,29.1442
-10.0075,-10.3648,29.604
-10.028,-10.0801,30.0322
-10.0176,-9.75724,30.4223
-9.97589,-9.40152,30.7684
-9.90291,-9.01897,31.0659
-9.79944,-8.61618,31.3111
-9.66679,-8.20004,31.5016
-9.50679,-7.7775,31.6362
-9.32178,-7.35531,31.7151
-9.11447,-6.93978,31.7395
-8.8879,-6.53664,31.7115
-8.64533,-6.15083,31.6341
-8.39014,-5.7865,31.5109
-8.12573,-5.4469,31.346
-7.85547,-5.13444,31.1437
-7.58257,-4.85071,30.9084
-7.31007,-4.59653,30.6444
-7.04075,-4.37212,30.356
-6.77714,-4.17713,30.0471
-6.52144,-4.01078,29.7215
-6.27559,-3.87197,29.3825
-6.04121,-3.75935,29.0331
-5.81962,-3.67144,28.6762
-5.61188,-3.60669,28.3142
-5.41881,-3.56353,27.9491
-5.24099,-3.54043,27.583
-5.0788,-3.53596,27.2175
-4.93247,-3.54878,26.8539
-4.80207,-3.57766,26.4938
-4.68756,-3.62155,26.1382
-4.58881,-3.67949,25.7881
-4.50562,-3.75071,25.4446
-4.43774,-3.83455,25.1086
-4.38488,-3.93049,24.7809
-4.34676,-4.03814,24.4624
-4.32306,-4.1572,24.1537
-4.31349,-4.2875,23.8559
-4.31777,-4.42894,23.5697
-4.33564,-4.58151,23.2959
-4.36687,-4.74524,23.0354
-4.41125,-4.92023,22.7892
-4.46861,-5.1066,22.5583
-4.53881,-5.30449,22.3436
-4.62171,-5.51402,22.1464
-4.71724,-5.73531,21.9679
-4.8253,-5.96842,21.8093
-4.94584,-6.21337,21.672
-5.07879,-6.47006,21.5575
-5.22407,-6.73828,21.4674
-5.38159,-7.01768,21.4034
-5.55124,-7.30772,21.3672
-5.73282,-7.60763,21.3607
-5.92611,-7.91642,21.3857
-6.13076,-8.23276,21.4442
-6.34634,-8.555,21.538
-6.57227,-8.88111,21.6691
-6.80783,-9.20866,21.8392
-7.0521,-9.53473,22.0498
-7.30395,-9.85598,22.3024
-7.56201,-10.1686,22.5977
-7.82467,-10.4681,22.9364
-8.09002,-10.7499,23.3183
-8.35587,-11.0089,23.7426
-8.61974,-11.2394,24.2077
-8.87883,-11.4359,24.7109
-9.1301,-11.5929,25.2486
-9.37025,-11.7047,25.8161
-9.59581,-11.7665,26.4073
-9.80317,-11.7737,27.0154
-9.98872,-11.7231,27.6323
-10.1489,-11.6122,28.249
-10.2803,-11.4402,28.8561
-10.3799,-11.2079,29.4436
-10.4451,-10.9174,30.0018
-10.4738,-10.5729,30.5212
-10.4646,-10.18,30.993
-10.4168,-9.74546,31.4097
-10.3305,-9.27754,31.7652
-10.2066,-8.78504,32.0547
-10.0469,-8.27725,32.2756
-9.85361,-7.76342,32.4269
-9.62993,-7.25244,32.509
-9.37938,-6.75253,32.5243
-9.10594,-6.27094,32.4761
-8.81382,-5.81378,32.3689
-8.50739,-5.38595,32.208
-8.19097,-4.99109,31.9989
-7.86879,-4.63165,31.7476
-7.54483,-4.30895,31.4598
-7.22278,-4.02337,31.1412
-6.90599,-3.77445,30.7971
-6.59739,-3.56109,30.4322
-6.29951,-3.3817,30.0511
-6.01447,-3.23435,29.6575
-5.74399,-3.1169,29.2549
-5.48944,-3.0271,28.8463
-5.25181,-2.96271,28.4342
-5.03181,-2.92154,28.0207
-4.82986,-2.90153,27.6079
-4.64617,-2.90078,27.1972
-4.48076,-2.91757,26.79
-4.33346,-2.95039,26.3874
-4.20403,-2.99792,25.9905
-4.09211,-3.05905,25.6001
-3.99728,-3.13288,25.2171
-3.91908,-3.21866,24.8422
-3.85704,-3.31586,24.4759
-3.81069,-3.42409,24.1191
-3.77957,-3.5431,23.7723
-3.76325,-3.67279,23.4363
-3.76135,-3.81316,23.1116
-3.77351,-3.96432,22.7989
-3.79942,-4.12648,22.499
-3.83884,-4.2999,22.2128
-3.89158,-4.48492,21.941
-3.95747,-4.68192,21.6845
-4.03644,-4.89129,21.4445
-4.12843,-5.11345,21.222
-4.23345,-5.3488,21.0183
-4.35152,-5.59773,20.8346
-4.48272,-5.86055,20.6726
-4.62712,-6.13752,20.5337
-4.78483,-6.42877,20.4198
-4.95594,-6.73431,20.3328
-5.14053,-7.05396,20.2747
-5.33863,-7.3873,20.2478
-5.55024,-7.73366,20.2544
-5.77527,-8.09203,20.2969
-6.01351,-8.46103,20.378
-6.26463,-8.83881,20.5003
-6.52815,-9.22304,20.6663
-6.80334,-9.61078,20.8786
-7.08928,-9.99851,21.1396
-7.38473,-10.382,21.4513
-7.68816,-10.7563,21.8154
-7.99767,-11.1158,22.2329
-8.31096,-11.4543,22.704
-8.62535,-11.7646,23.2282
-8.93771,-12.0396,23.8036
-9.24448,-12.2714,24.4269
-9.54171,-12.4522,25.0935
-9.82509,-12.5745,25.7971
-10.09,-12.6314,26.5296
-10.3318,-12.6169,27.2814
-10.5454,-12.5263,28.0415
-10.7264,-12.357,28.7974
-10.8702,-12.1083,29.536
-10.9728,-11.7819,30.2438
-11.031,-11.382,30.9075
-11.0423,-10.9154,31.5147
-11.0053,-10.3908,32.0542
-10.9195,-9.81906,32.5169
-10.7856,-9.21219,32.896
-10.6056,-8.58302,33.1873
-10.3823,-7.94452,33.389
-10.1195,-7.30916,33.502
-9.82185,-6.68839,33.5296
-9.49459,-6.09225,33.4767
-9.14329,-5.52904,33.3497
-8.77367,-5.00522,33.1564
-8.39148,-4.52535,32.9045
-8.00224,-4.09224,32.6024
-7.61114,-3.70708,32.258
-7.22293,-3.36968,31.8788
-6.84181,-3.07877,31.4718
-6.47144,-2.83222,31.0431
-6.11489,-2.62727,30.5983
-5.77466,-2.46082,30.142
-5.45269,-2.32955,29.678
-5.15043,-2.23012,29.2099
-4.86889,-2.15926,28.7402
-4.60865,-2.11386,28.2712
-4.36996,-2.09107,27.8047
-4.15282,-2.08829,27.3422
-3.95694,-2.10322,26.8848
-3.7819,-2.13386,26.4335
-3.62712,-2.17851,25.9891
-3.49194,-2.23574,25.5522
-3.37564,-2.30441,25.1233
-3.27745,-2.3836,24.703
-3.19662,-2.47266,24.2916
-3.13241,-2.57111,23.8895
-3.08413,-2.67869,23.4972
-3.05112,-2.79527,23.115
-3.03277,-2.92091,22.7433
-3.02858,-3.05578,22.3826
-3.03808,-3.20017,22.0333
-3.06088,-3.35447,21.6959
-3.09671,-3.51918,21.371
-3.14532,-3.69485,21.0592
-3.20658,-3.88212,20.7613
-3.28042,-4.08167,20.478
-3.36684,-4.29424,20.2103
-3.46593,-4.52058,19.9591
-3.57783,-4.76147,19.7257
-3.70274,-5.01768,19.5113
-3.84091,-5.28999,19.3174
-3.99266,-5.5791,19.1455
-4.15832,-5.88567,18.9977
-4.33825,-6.21024,18.8758
-4.53284,-6.55323,18.7823
-4.74245,-6.91486,18.7195
-4.96743,-7.29513,18.6903
-5.20808,-7.6937,18.6977
-5.46461,-8.10989,18.7449
-5.73715,-8.54254,18.8355
-6.02565,-8.98993,18.973
-6.32989,-9.4497,19.1612
-6.64941,-9.91873,19.4041
-6.98345,-10.393,19.7054
-7.33089,-10.8675,20.0686
-7.69019,-11.3363,20.497
-8.05936,-11.7922,20.993
-8.43582,-12.227,21.5584
-8.81643,-12.6312,22.1935
-9.19741,-12.9946,22.8972
-9.57429,-13.3062,23.6666
-9.94198,-13.5545,24.4964
-10.2948,-13.728,25.3789
-10.6265,-13.8161,26.3039
-10.9305,-13.8093,27.2583
-11.2,-13.7,28.2269
-11.4283,-13.4834,29.1919
-11.609,-13.158,30.1345
-11.7363,-12.7261,31.035
-11.8055,-12.1939,31.8739
-11.813,-11.5715,32.6334
-11.7568,-10.8728,33.2978
-11.6364,-10.1143,33.8546
-11.4531,-9.3144,34.2953
-11.2099,-8.49247,34.6156
-10.9114,-7.66756,34.8153
-10.5633,-6.85747,34.8981
-10.1726,-6.0779,34.8709
-9.74697,-5.34186,34.7433
-9.2943,-4.65935,34.5265
-8.82264,-4.03731,34.2325
-8.33976,-3.47975,33.8736
-7.85296,-2.9881,33.4618
-7.36887,-2.5616,33.0079
-6.89331,-2.19774,32.5221
-6.43127,-1.89278,32.0127
-5.98684,-1.64211,31.4872
-5.56327,-1.44065,30.9517
-5.163,-1.28312,30.4109
-4.78775,-1.16433,29.8689
-4.43857,-1.07927,29.3285
-4.11597,-1.02333,28.7922
-3.81998,-0.992262,28.2616
-3.55026,-0.98232,27.7379
-3.30614,-0.990207,27.222
-3.08675,-1.01309,26.7146
-2.89104,-1.04857,26.2161
-2.71785,-1.09467,25.7267
-2.56599,-1.14977,25.2466
-2.4342,-1.2126,24.7759
-2.32127,-1.2822,24.3146
-2.226,-1.35786,23.8628
-2.14727,-1.43911,23.4205
-2.08403,-1.52569,22.9878
-2.0353,-1.61751,22.5646
-2.00019,-1.71464,22.1511
-1.97794,-1.81728,21.7472
-1.96785,-1.92577,21.3531
-1.96935,-2.04053,20.9689
-1.98195,-2.16208,20.5948
-2.00526,-2.29104,20.2309
-2.03902,-2.42808,19.8775
-2.08303,-2.57398,19.5349
-2.1372,-2.72955,19.2035
-2.20152,-2.89569,18.8836
-2.27607,-3.07336,18.5758
-2.36104,-3.26358,18.2807
-2.45668,-3.46741,17.999
-2.56332,-3.686,17.7314
-2.68137,-3.92053,17.479
-2.81132,-4.17222,17.2429
-2.95375,-4.44234,17.0244
-3.10926,-4.73219,16.8249
-3.27857,-5.04306,16.6463
-3.46242,-5.37624,16.4904
-3.66161,-5.73296,16.3598
-3.87697,-6.11438,16.2568
-4.10938,-6.52154,16.1847
-4.3597,-6.95527,16.1466
-4.62877,-7.41611,16.1466
-4.91742,-7.90427,16.1888
-5.22637,-8.41944,16.2781
-5.55621,-8.96072,16.4196
-5.90737,-9.52638,16.619
-6.28002,-10.1137,16.8824
-6.674,-10.719,17.2162
-7.08874,-11.3368,17.6267
-7.52315,-11.9603,18.1204
-7.97548,-12.5809,18.7034
-8.44325,-13.1877,19.3806
-8.92308,-13.768,20.1561
-9.4106,-14.3069,21.0317
-9.90032,-14.7875,22.0068
-10.3856,-15.1915,23.0775
-10.8587,-15.4996,24.2358
-11.3107,-15.6927,25.4692
-11.7317,-15.7526,26.7603
-12.1113,-15.6639,28.0866
-12.4386,-15.4154,29.4214
-12.7032,-15.0012,30.7341
-12.8951,-14.4223,31.9923
-13.0061,-13.6872,33.1632
-13.0296,-12.8121,34.2164
-12.9617,-11.8197,35.1254
-12.8013,-10.7388,35.8699
-12.5503,-9.60111,36.4371
-12.2136,-8.44003,36.8221
-11.7985,-7.28763,37.0281
-11.3149,-6.17286,37.065
-10.7741,-5.11995,36.9483
-10.1883,-4.14747,36.6972
-9.57013,-3.26805,36.3327
-8.9319,-2.48863,35.8764
-8.28517,-1.81114,35.3488
-7.64036,-1.23337,34.7684
-7.00655,-0.750017,34.1515
-6.39133,-0.353603,33.5115
-5.80079,-0.0353686,32.8594
-5.23956,0.214024,32.2037
-4.71096,0.403944,31.5506
-4.2171,0.543394,30.9049
-3.75907,0.640746,30.2695
-3.33709,0.703589,29.6464
-2.95067,0.738659,29.0369
-2.5988,0.751821,28.4414
-2.28001,0.74811,27.8601
-1.99255,0.731777,27.2928
-1.73447,0.706364,26.7391
-1.50368,0.674784,26.1986
-1.29806,0.639396,25.6707
-1.11548,0.602081,25.155
-0.953865,0.564315,24.6509
-0.811194,0.527231,24.158
-0.685561,0.491681,23.6759
-0.575167,0.458281,23.2041
-0.478334,0.427463,22.7424
-0.393512,0.399506,22.2903
-0.319277,0.374574,21.8475
-0.25433,0.35274,21.4139
-0.19749,0.334012,20.9891
-0.147693,0.318349,20.5729
-0.10398,0.305679,20.1652
-0.0654907,0.29591,19.7656
-0.031458,0.288941,19.3741
-0.0011957,0.284671,18.9904
0.0259069,0.283001,18.6144
0.0503939,0.283847,18.2459
0.0727497,0.287134,17.8848
0.0934066,0.292806,17.5309
0.112751,0.300826,17.1841
0.131131,0.311178,16.8442
0.14886,0.323866,16.5111
0.166223,0.338919,16.1847
0.183483,0.356389,15.8648
0.200883,0.376353,15.5513
0.218651,0.398915,15.2442
0.237007,0.424205,14.9433
0.25616,0.452379,14.6484
0.276319,0.483627,14.3596
0.297691,0.518167,14.0767
0.320485,0.55625,13.7996
0.344917,0.598164,13.5283
0.371211,0.644233,13.2626
0.399602,0.694822,13.0025
0.430341,0.750341,12.748
0.463695,0.811247,12.499
0.499951,0.878049,12.2556
0.539422,0.951314,12.0176
0.582447,1.03167,11.7851
0.629395,1.11981,11.5582
0.680671,1.21651,11.3369
0.736718,1.32262,11.1214
0.798021,1.43908,10.9116
0.865117,1.56694,10.7079
0.938591,1.70734,10.5105
1.01909,1.86155,10.3197
1.10733,2.03095,10.1358
1.20409,2.21709,9.9594
1.31023,2.42165,9.79105
1.4267,2.64646,9.63149
1.55455,2.89355,9.48164
1.6949,3.16511,9.3426
1.84902,3.46352,9.21572
2.01828,3.79138,9.10265
2.20416,4.15146,9.00538
2.4083,4.54672,8.92633
2.63246,4.9803,8.86839
2.87853,5.45549,8.83508
3.14855,5.97566,8.83059
3.44469,6.54422,8.85998
3.76923,7.16448,8.92923
4.12454,7.83954,9.04548
4.51304,8.57205,9.21714
4.93714,9.36395,9.45406
5.39915,10.2161,9.76769
5.90119,11.1279,10.1712
6.44499,12.0964,10.6795
7.03175,13.1161,11.309
7.66182,14.1776,12.0779
8.33442,15.2669,13.0048
9.04724,16.3642,14.1086
9.79601,17.4432,15.4069
10.574,18.47,16.9138
11.3714,19.4031,18.638
12.1753,20.1938,20.5793
12.9689,20.7874,22.7258
13.7316,21.127,25.0502
14.4395,21.1576,27.5079
15.066,20.8324,30.036
15.5835,20.1202,32.5548
15.9647,19.0116,34.9728
16.1855,17.5244,37.1945
16.2273,15.705,39.1299
16.0788,13.6262,40.7053
15.7376,11.3797,41.872
15.2111,9.06635,42.6112
14.5154,6.78471,42.9344
13.6738,4.6209,42.8798
12.7149,2.64153,42.5042
11.6697,0.89046,41.8745
10.5693,-0.61079,41.0595
9.44296,-1.8599,40.123
8.31671,-2.86917,39.1198
7.21232,-3.6606,38.0936
6.14716,-4.26153,37.0771
5.13422,-4.70107,36.0926
4.18249,-5.00769,35.1541
3.2975,-5.20764,34.2691
2.48192,-5.32419,33.4401
1.73607,-5.37731,32.6665
1.05852,-5.38375,31.9456
0.446519,-5.3573,31.2733
-0.103593,-5.30917,30.6453
-0.596094,-5.24829,30.057
-1.03561,-5.18176,29.5042
-1.42693,-5.11512,28.983
-1.77484,-5.05265,28.4898
-2.08403,-4.99762,28.0218
-2.35902,-4.95249,27.5765
-2.60411,-4.91907,27.1518
-2.82331,-4.89865,26.7461
-3.02038,-4.89214,26.3582
-3.19877,-4.90014,25.9871
-3.36166,-4.923,25.632
-3.51196,-4.96092,25.2927
-3.65229,-5.01395,24.9687
-3.78504,-5.08204,24.6602
-3.91237,-5.16509,24.3671
-4.0362,-5.26295,24.0897
-4.15826,-5.37542,23.8285
-4.28011,-5.50229,23.5838
-4.40313,-5.64332,23.3564
-4.52854,-5.79826,23.1468
-4.65741,-5.96681,22.9559
-4.79071,-6.14865,22.7847
-4.92926,-6.34341,22.634
-5.07376,-6.55063,22.5051
-5.22481,-6.7698,22.3989
-5.3829,-7.0003,22.3169
-5.5484,-7.24135,22.2604
-5.72156,-7.49205,22.2306
-5.90252,-7.75132,22.2289
-6.0913,-8.01783,22.2569
-6.28776,-8.29006,22.3159
-6.49164,-8.56619,22.4072
-6.7025,-8.84411,22.5322
-6.91973,-9.1214,22.6918
-7.14253,-9.39533,22.8871
-7.36992,-9.66279,23.1186
-7.60067,-9.92039,23.3867
-7.83334,-10.1644,23.6911
-8.06628,-10.3908,24.0311
-8.29758,-10.5954,24.4056
-8.5251,-10.7739,24.8125
-8.74653,-10.922,25.249
-8.95933,-11.0353,25.7118
-9.16082,-11.11,26.1964
-9.34823,-11.1425,26.6976
-9.51873,-11.1298,27.2096
-9.66952,-11.0698,27.7258
-9.79791,-10.9612,28.2389
-9.90139,-10.8039,28.7416
-9.97773,-10.5988,29.2262
-10.0251,-10.3482,29.6851
-10.042,-10.0553,30.1113
-10.0275,-9.72468,30.4981
-9.98137,-9.36175,30.8399
-9.90376,-8.97269,31.132
-9.79553,-8.56423,31.3709
-9.65806,-8.14336,31.5545
-9.49332,-7.71709,31.6816
-9.3037,-7.29219,31.7527
-9.09201,-6.87497,31.769
-8.86137,-6.4711,31.733
-8.61509,-6.08545,31.6477
-8.35659,-5.72207,31.517
-8.08932,-5.38412,31.3448
-7.81665,-5.07387,31.1357
-7.54181,-4.79278,30.8941
-7.26782,-4.54161,30.6243
-6.99745,-4.32042,30.3306
-6.7332,-4.1288,30.017
-6.47725,-3.96588,29.6871
-6.2315,-3.83049,29.3444
-5.99753,-3.72123,28.9917
-5.77663,-3.63659,28.6319
-5.56982,-3.57496,28.2673
-5.37787,-3.53478,27.9001
-5.20135,-3.51451,27.5321
-5.0406,-3.5127,27.1649
-4.89581,-3.52802,26.8001
-4.76704,-3.55926,26.4388
-4.65422,-3.60535,26.0822
-4.5572,-3.66538,25.7314
-4.47577,-3.73857,25.3874
-4.40967,-3.82429,25.0509
-4.3586,-3.92203,24.7229
-4.32225,-4.03142,24.4041
-4.30033,-4.15218,24.0955
-4.29252,-4.28415,23.7977
-4.29856,-4.42725,23.5116
-4.31818,-4.58148,23.2381
-4.35115,-4.7469,22.9781
-4.39727,-4.92361,22.7324
-4.45637,-5.11173,22.5021
-4.5283,-5.31143,22.2883
-4.61296,-5.52283,22.092
-4.71025,-5.74607,21.9146
-4.8201,-5.98121,21.7572
-4.94245,-6.22825,21.6214
-5.07724,-6.48711,21.5085
-5.2244,-6.75759,21.4203
-5.38384,-7.03931,21.3584
-5.55544,-7.33173,21.3246
-5.73903,-7.63408,21.3207
-5.93436,-7.94532,21.3486
-6.14109,-8.2641,21.4104
-6.35879,-8.58876,21.5079
-6.58687,-8.91722,21.643
-6.82458,-9.24697,21.8174
-7.071,-9.57508,22.0329
-7.32498,-9.89812,22.2906
-7.58512,-10.2122,22.5916
-7.84979,-10.5128,22.9362
-8.11703,-10.7952,23.3244
-8.38463,-11.0541,23.7553
-8.65004,-11.284,24.2272
-8.91044,-11.4792,24.7373
-9.16272,-11.634,25.2819
-9.40355,-11.7429,25.8562
-9.62939,-11.8008,26.454
-9.83659,-11.8033,27.0681
-10.0215,-11.7471,27.6904
-10.1805,-11.6299,28.3118
-10.3103,-11.451,28.9226
-10.4077,-11.2112,29.5128
-10.4702,-10.913,30.0725
-10.4957,-10.5606,30.5921
-10.4828,-10.1598,31.0629
-10.431,-9.71784,31.4774
-10.3404,-9.24294,31.8294
-10.212,-8.74414,32.1145
-10.0476,-8.23086,32.3301
-9.8496,-7.71246,32.4753
-9.62127,-7.1979,32.5509
-9.36622,-6.69538,32.5593
-9.0885,-6.21214,32.5042
-8.79241,-5.75423,32.39
-8.48234,-5.32646,32.2223
-8.16268,-4.93237,32.0067
-7.83766,-4.57428,31.7492
-7.51129,-4.25342,31.4557
-7.18726,-3.97002,31.1318
-6.86888,-3.72353,30.7828
-6.55909,-3.51276,30.4136
-6.26038,-3.33603,30.0285
-5.97485,-3.19135,29.6313
-5.70418,-3.07651,29.2256
-5.44969,-2.98923,28.8142
-5.21236,-2.92723,28.3996
-4.99284,-2.88831,27.984
-4.79155,-2.8704,27.5692
-4.60864,-2.87158,27.1568
-4.4441,-2.89015,26.7481
-4.29777,-2.92458,26.3441
-4.16935,-2.97359,25.946
-4.05848,-3.03606,25.5545
-3.96472,-3.1111,25.1705
-3.8876,-3.19799,24.7946
-3.82663,-3.29621,24.4276
-3.78135,-3.40538,24.07
-3.75129,-3.52527,23.7225
-3.73601,-3.65578,23.3858
-3.73512,-3.79695,23.0605
-3.74827,-3.94889,22.7473
-3.77515,-4.11183,22.4469
-3.81553,-4.28604,22.1601
-3.8692,-4.47188,21.8878
-3.93603,-4.66972,21.631
-4.01592,-4.88,21.3906
-4.10884,-5.10313,21.1677
-4.21478,-5.33953,20.9636
-4.33381,-5.58959,20.7797
-4.46597,-5.85366,20.6174
-4.61138,-6.132,20.4784
-4.77013,-6.42475,20.3645
-4.94233,-6.73193,20.2775
-5.12807,-7.05337,20.2195
-5.3274,-7.38866,20.1929
-5.54031,-7.73715,20.1999
-5.76673,-8.09783,20.243
-6.00645,-8.46931,20.325
-6.25916,-8.84974,20.4483
-6.52437,-9.23678,20.6158
-6.80137,-9.62747,20.8298
-7.08923,-10.0183,21.0929
-7.38672,-10.4049,21.4072
-7.69229,-10.7824,21.7743
-8.00404,-11.145,22.1953
-8.31965,-11.4865,22.6705
-8.63642,-11.7997,23.1993
-8.95117,-12.0771,23.7799
-9.26034,-12.311,24.4089
-9.5599,-12.4934,25.0817
-9.84552,-12.6166,25.7919
-10.1125,-12.6736,26.5314
-10.3561,-12.6583,27.2904
-10.5714,-12.5661,28.0576
-10.7535,-12.3942,28.8206
-10.8981,-12.142,29.5659
-11.001,-11.8111,30.2798
-11.0591,-11.406,30.949
-11.0698,-10.9334,31.5607
-11.0315,-10.4024,32.1037
-10.944,-9.82386,32.5689
-10.8079,-9.21013,32.9493
-10.6252,-8.57422,33.2408
-10.3989,-7.92929,33.4417
-10.1328,-7.28796,33.553
-9.8316,-6.66183,33.5779
-9.50066,-6.06102,33.5218
-9.1456,-5.49388,33.3912
-8.77226,-4.96687,33.1937
-8.38643,-4.48454,32.9376
-7.9937,-4.04963,32.6311
-7.5993,-3.66328,32.2824
-7.208,-3.32521,31.899
-6.82406,-3.03407,31.488
-6.45113,-2.78763,31.0556
-6.09228,-2.58306,30.6072
-5.75002,-2.41719,30.1475
-5.42628,-2.28662,29.6804
-5.12249,-2.18796,29.2094
-4.83963,-2.11788,28.737
-4.57827,-2.07325,28.2656
-4.33865,-2.05118,27.7968
-4.12072,-2.04904,27.3321
-3.92419,-2.06452,26.8727
-3.7486,-2.0956,26.4195
-3.59337,-2.14058,25.9733
-3.4578,-2.19802,25.5346
-3.34116,-2.26677,25.1041
-3.24267,-2.34594,24.6821
-3.16156,-2.43485,24.269
-3.09708,-2.53303,23.8654
-3.04852,-2.64023,23.4715
-3.01521,-2.75633,23.0876
-2.99655,-2.88138,22.7143
-2.99201,-3.01556,22.3519
-3.00112,-3.15917,22.0008
-3.02351,-3.31261,21.6616
-3.05886,-3.47638,21.3349
-3.10695,-3.65104,21.0211
-3.16764,-3.83724,20.7211
-3.24086,-4.03567,20.4357
-3.32662,-4.24708,20.1656
-3.42499,-4.47223,19.912
-3.53612,-4.71192,19.6759
-3.66023,-4.96696,19.4586
-3.79757,-5.23811,19.2617
-3.94845,-5.52612,19.0866
-4.11322,-5.83168,18.9352
-4.29227,-6.15537,18.8096
-4.48597,-6.49765,18.712
-4.69473,-6.85879,18.645
-4.9189,-7.23883,18.6112
-5.15881,-7.63752,18.6137
-5.41471,-8.05424,18.6558
-5.68675,-8.48792,18.7409
-5.97492,-8.93692,18.8728
-6.27905,-9.39899,19.0553
-6.59873,-9.87109,19.2922
-6.93323,-10.3493,19.5876
-7.28153,-10.8288,19.945
-7.64213,-11.3036,20.3678
-8.01309,-11.7667,20.8587
-8.39192,-12.2098,21.4197
-8.77554,-12.6237,22.0512
-9.16019,-12.9978,22.7526
-9.54148,-13.3212,23.5211
-9.91434,-13.5822,24.3518
-10.2731,-13.7691,25.2373
-10.6114,-13.8709,26.1675
-10.9227,-13.8776,27.1297
-11.2001,-13.7812,28.1084
-11.4367,-13.5764,29.0862
-11.6259,-13.2611,30.0438
-11.7618,-12.8372,30.9612
-11.8395,-12.3105,31.8186
-11.855,-11.6907,32.5975
-11.8061,-10.9916,33.2817
-11.6922,-10.2297,33.8579
-11.5143,-9.42368,34.3171
-11.2753,-8.59312,34.6545
-10.9796,-7.75757,34.8693
-10.633,-6.93535,34.9649
-10.2425,-6.1427,34.9483
-9.81572,-5.39316,34.8289
-9.36074,-4.6972,34.6179
-8.88572,-4.06217,34.3277
-8.39861,-3.4924,33.9708
-7.90687,-2.98953,33.5594
-7.41728,-2.55292,33.1048
-6.93585,-2.18013,32.6171
-6.4677,-1.86741,32.1053
-6.01705,-1.61008,31.5768
-5.58728,-1.40299,31.0378
-5.18091,-1.24076,30.4935
-4.79973,-1.11805,29.9478
-4.44485,-1.02977,29.4038
-4.1168,-0.971142,28.8639
-3.81566,-0.937846,28.3297
-3.54107,-0.926012,27.8026
-3.29239,-0.932254,27.2835
-3.06872,-0.953654,26.7728
-2.869,-0.987746,26.2712
-2.69206,-1.03248,25.7787
-2.53666,-1.0862,25.2957
-2.40155,-1.14757,24.822
-2.28546,-1.2156,24.3579
-2.18718,-1.28953,23.9033
-2.10555,-1.36888,23.4582
-2.0395,-1.45335,23.0226
-1.988,-1.54283,22.5966
-1.95017,-1.63737,22.1801
-1.92519,-1.73716,21.7733
-1.91235,-1.8425,21.3761
-1.91104,-1.95381,20.9887
-1.92075,-2.07159,20.6113
-1.94109,-2.19643,20.2439
-1.97173,-2.329,19.8869
-2.01249,-2.47005,19.5404
-2.06322,-2.62038,19.2048
-2.12392,-2.78087,18.8805
-2.19465,-2.95247,18.5679
-2.27555,-3.13617,18.2675
-2.36686,-3.33304,17.9801
-2.46891,-3.54421,17.7064
-2.58207,-3.77084,17.4472
-2.70683,-4.01417,17.2036
-2.84373,-4.27547,16.9768
-2.99339,-4.55604,16.7682
-3.1565,-4.85722,16.5794
-3.3338,-5.18032,16.4123
-3.52608,-5.52666,16.2691
-3.7342,-5.89747,16.1522
-3.95903,-6.29391,16.0645
-4.20147,-6.71695,16.0091
-4.46242,-7.16736,15.9898
-4.74274,-7.64558,16.0106
-5.04325,-8.15162,16.0762
-5.36463,-8.68496,16.1916
-5.70746,-9.24433,16.3623
-6.07208,-9.82763,16.5944
-6.45854,-10.4316,16.8942
-6.86652,-11.0518,17.2683
-7.29524,-11.6821,17.7234
-7.74332,-12.3146,18.2659
-8.20868,-12.9396,18.9017
-8.68839,-13.5452,19.6356
-9.17857,-14.1171,20.4707
-9.67426,-14.6393,21.4081
-10.1693,-15.0935,22.4456
-10.6564,-15.4605,23.5775
-11.1271,-15.7202,24.7934
-11.5717,-15.8534,26.0782
-11.9799,-15.8426,27.4116
-12.3406,-15.6736,28.7684
-12.6428,-15.3374,30.1189
-12.8761,-14.8314,31.4306
-13.031,-14.1602,32.6698
-13.0997,-13.3367,33.8037
-13.077,-12.3809,34.8027
-12.9601,-11.3197,35.6427
-12.7496,-10.1846,36.3067
-12.4488,-9.00936,36.7859
-12.0643,-7.82797,37.0796
-11.6049,-6.67196,37.195
-11.0816,-5.56865,37.1457
-10.5065,-4.53988,36.9501
-9.89258,-3.60139,36.629
-9.25251,-2.76284,36.2048
-8.59858,-2.02836,35.6991
-7.94201,-1.39737,35.132
-7.29272,-0.865634,34.5213
-6.65915,-0.426261,33.882
-6.04818,-0.0706724,33.2264
-5.46519,0.210592,32.5643
-4.91412,0.427233,31.9029
-4.39761,0.588717,31.2477
-3.91719,0.703951,30.6023
-3.47342,0.781084,29.9691
-3.0661,0.827396,29.3496
-2.69435,0.849274,28.7445
-2.35686,0.852222,28.154
-2.05193,0.840917,27.5781
-1.77761,0.819275,27.0163
-1.53183,0.790531,26.4681
-1.31241,0.75732,25.9331
-1.11716,0.72176,25.4107
-0.943916,0.685524,24.9004
-0.790587,0.649912,24.4016
-0.655166,0.615913,23.9139
-0.535759,0.58426,23.4369
-0.430592,0.555479,22.9701
-0.338018,0.52993,22.5132
-0.256519,0.507846,22.0658
-0.184703,0.48936,21.6278
-0.121304,0.47453,21.1988
-0.0651723,0.463365,20.7786
-0.0152683,0.455837,20.367
0.0293444,0.4519,19.9638
0.0695084,0.451497,19.5687
0.105981,0.454574,19.1816
0.139442,0.461084,18.8023
0.170502,0.470995,18.4307
0.199714,0.484295,18.0666
0.227576,0.500994,17.7099
0.254542,0.521128,17.3605
0.281026,0.544763,17.0181
0.307412,0.571994,16.6828
0.334058,0.602953,16.3543
0.361301,0.637803,16.0326
0.389464,0.676747,15.7176
0.418861,0.720027,15.4091
0.4498,0.767925,15.1072
